method,true_params,bivpois_eta,bivpois_estimated_ha,bivpois_bias,bivpois_mse,pc_eta,pc_bias,pc_mse,lm_eta,lm_bias,lm_mse,team_strength_correlation,mu
bivnorm,0,-0.0014261946289997839,-0.007250847436266916,-0.007250847436266916,5.257478854401851e-5,-0.003583784937406656,-0.003583784937406656,1.2843514477582827e-5,-0.32748538011696776,-0.32748538011696776,0.10724667419035486,-0.8,NA
