method,true_params,bivpois_eta,bivpois_estimated_ha,bivpois_bias,bivpois_mse,pc_eta,pc_bias,pc_mse,lm_eta,lm_bias,lm_mse,team_strength_correlation,mu
bivnorm,0.25,0.03441906905399915,0.16870480774774155,-0.08129519225225845,0.006608908283331663,0.16875098873853805,-0.08124901126146195,0.00660140183096517,0.7602339181286636,0.5102339181286636,0.2603386512089278,0,NA
