method,true_params,bivpois_eta,bivpois_estimated_ha,bivpois_bias,bivpois_mse,pc_eta,pc_bias,pc_mse,lm_eta,lm_bias,lm_mse,team_strength_correlation,mu
bivnorm,0,0.02829842595376165,0.1436774856010059,0.1436774856010059,0.020643219868627258,0.14934836770254709,0.14934836770254709,0.02230493493541521,0.055555555555549904,0.055555555555549904,0.0030864197530857916,0,NA
