method,true_params,bivpois_eta,bivpois_estimated_ha,bivpois_bias,bivpois_mse,pc_eta,pc_bias,pc_mse,lm_eta,lm_bias,lm_mse,team_strength_correlation,mu
bivnorm,0.5,0.08600775911830916,0.45508261294264685,-0.04491738705735315,0.0020175716600600766,0.4556052391285818,-0.04439476087141819,0.0019708947928304037,0.7192982456140365,0.21929824561403655,0.0480917205293943,0,NA
