method,true_params,bivpois_eta,bivpois_estimated_ha,bivpois_bias,bivpois_mse,pc_eta,pc_bias,pc_mse,lm_eta,lm_bias,lm_mse,team_strength_correlation,mu
bivnorm,0.5,0.1031494504341755,0.5279283944211501,0.027928394421150138,7.799952149433302e-4,0.5276834431784793,0.02768344317847926,7.663730262160899e-4,1.0292397660818682,0.5292397660818682,0.28009473000239055,-0.4,NA
