method,true_params,bivpois_eta,bivpois_estimated_ha,bivpois_bias,bivpois_mse,pc_eta,pc_bias,pc_mse,lm_eta,lm_bias,lm_mse,team_strength_correlation,mu
bivnorm,0,-0.014650424596941415,-0.07268764796942584,-0.07268764796942584,0.005283494167327176,-0.0739874536898065,-0.0739874536898065,0.005474143303501261,-0.4736842105263198,-0.4736842105263198,0.22437673130194288,0,NA
