method,true_params,bivpois_eta,bivpois_estimated_ha,bivpois_bias,bivpois_mse,pc_eta,pc_bias,pc_mse,lm_eta,lm_bias,lm_mse,team_strength_correlation,mu
bivnorm,0.25,0.07028459437417808,0.33923716730256803,0.08923716730256803,0.007963272028186518,0.3288016965819832,0.07880169658198322,0.006209707384198945,-0.6432748538011712,-0.8932748538011712,0.7979399644335038,0,NA
