method,true_params,bivpois_eta,bivpois_estimated_ha,bivpois_bias,bivpois_mse,pc_eta,pc_bias,pc_mse,lm_eta,lm_bias,lm_mse,team_strength_correlation,mu
bivnorm,0,0.01262115013220226,0.06301245657044419,0.06301245657044419,0.003970569683042114,0.06552898629231362,0.06552898629231362,0.004294048044498225,-0.017543859649122584,-0.017543859649122584,3.077870113881116e-4,-0.8,NA
