method,true_params,bivpois_eta,bivpois_estimated_ha,bivpois_bias,bivpois_mse,pc_eta,pc_bias,pc_mse,lm_eta,lm_bias,lm_mse,team_strength_correlation,mu
bivnorm,0.25,0.06431746895919067,0.32903387990476407,0.07903387990476407,0.00624635417280067,0.3261732326992449,0.07617323269924492,0.005802361379853315,1.192982456140366,0.9429824561403659,0.8892159125885171,-0.8,NA
