method,true_params,bivpois_eta,bivpois_estimated_ha,bivpois_bias,bivpois_mse,pc_eta,pc_bias,pc_mse,lm_eta,lm_bias,lm_mse,team_strength_correlation,mu
bivnorm,0.5,0.08646103585169722,0.44614963435262833,-0.05385036564737167,0.0028998618803556266,0.44708668597393014,-0.05291331402606986,0.002799818801221481,1.0029239766081812,0.5029239766081812,0.25293252624738644,-0.8,NA
