method,true_params,bivpois_eta,bivpois_estimated_ha,bivpois_bias,bivpois_mse,pc_eta,pc_bias,pc_mse,lm_eta,lm_bias,lm_mse,team_strength_correlation,mu
bivnorm,0.25,0.0353943832241677,0.1850880666027619,-0.06491193339723811,0.0042135590973674765,0.1769733221684184,-0.0730266778315816,0.005332895675117611,0.13450292397660105,-0.11549707602339895,0.013339574569954797,-0.8,NA
