method,true_params,bivpois_eta,bivpois_estimated_ha,bivpois_bias,bivpois_mse,pc_eta,pc_bias,pc_mse,lm_eta,lm_bias,lm_mse,team_strength_correlation,mu
bivnorm,0,-0.014113445450137109,-0.06899297300461527,-0.06899297300461527,0.004760030324015571,-0.06226206499392386,-0.06226206499392386,0.003876564737307599,0.4590643274853752,0.4590643274853752,0.21074005676959978,0,NA
