method,true_params,bivpois_eta,bivpois_estimated_ha,bivpois_bias,bivpois_mse,pc_eta,pc_bias,pc_mse,lm_eta,lm_bias,lm_mse,team_strength_correlation,mu
bivnorm,0,-0.016718267159622165,-0.0806562529940722,-0.0806562529940722,0.006505431147043781,-0.07645341755493322,-0.07645341755493322,0.005845125055828971,0.2485380116959074,0.2485380116959074,0.061771143257755,-0.4,NA
