method,true_params,bivpois_eta,bivpois_estimated_ha,bivpois_bias,bivpois_mse,pc_eta,pc_bias,pc_mse,lm_eta,lm_bias,lm_mse,team_strength_correlation,mu
bivnorm,0.25,0.061761126371627666,0.3178208624497989,0.0678208624497989,0.004599669383434543,0.3227274987809162,0.07272749878091622,0.00528928907892817,-0.13450292397661032,-0.38450292397661034,0.147842498546563,-0.8,NA
