method,true_params,bivpois_eta,bivpois_estimated_ha,bivpois_bias,bivpois_mse,pc_eta,pc_bias,pc_mse,lm_eta,lm_bias,lm_mse,team_strength_correlation,mu
bivnorm,0,0.009207813587352957,0.04804953705281623,0.04804953705281623,0.0023087580109899595,0.05555038262447154,0.05555038262447154,0.0030858450097251897,-0.8918128654970725,-0.8918128654970725,0.7953301870660995,0,NA
