method,true_params,bivpois_eta,bivpois_estimated_ha,bivpois_bias,bivpois_mse,pc_eta,pc_bias,pc_mse,lm_eta,lm_bias,lm_mse,team_strength_correlation,mu
bivnorm,0,-0.021177009356077445,-0.1042983695870312,-0.1042983695870312,0.010878149898512955,-0.11429736082337591,-0.11429736082337591,0.013063886691188987,-0.043859649122804004,-0.043859649122804004,0.001923668821175482,-0.4,NA
