method,true_params,bivpois_eta,bivpois_estimated_ha,bivpois_bias,bivpois_mse,pc_eta,pc_bias,pc_mse,lm_eta,lm_bias,lm_mse,team_strength_correlation,mu
bivnorm,0,-0.015668697129201953,-0.07815424522853842,-0.07815424522853842,0.00610808604724252,-0.080698580641845,-0.080698580641845,0.006512260917608361,0.3654970760233939,0.3654970760233939,0.13358811258165057,0,NA
