method,true_params,bivpois_eta,bivpois_estimated_ha,bivpois_bias,bivpois_mse,pc_eta,pc_bias,pc_mse,lm_eta,lm_bias,lm_mse,team_strength_correlation,mu
bivnorm,0,-0.003674451192248571,-0.018129482339846348,-0.018129482339846348,3.286781299108006e-4,-0.01311617830032509,-0.01311617830032509,1.720341332059188e-4,-0.3187134502923895,-0.3187134502923895,0.10157826339727943,-0.4,NA
