method,true_params,bivpois_eta,bivpois_estimated_ha,bivpois_bias,bivpois_mse,pc_eta,pc_bias,pc_mse,lm_eta,lm_bias,lm_mse,team_strength_correlation,mu
bivnorm,0,-0.00870160532066443,-0.04472188579747005,-0.04472188579747005,0.0020000470692819535,-0.048442306565376764,-0.048442306565376764,0.002346657065373945,-0.6725146198830511,-0.6725146198830511,0.4522759139564447,-0.8,NA
