method,true_params,bivpois_eta,bivpois_estimated_ha,bivpois_bias,bivpois_mse,pc_eta,pc_bias,pc_mse,lm_eta,lm_bias,lm_mse,team_strength_correlation,mu
bivnorm,0,0.018981980947722462,0.0933409762850399,0.0933409762850399,0.008712537853844382,0.09112456688004725,0.09112456688004725,0.008303686689076203,-0.04678362573100475,-0.04678362573100475,0.00218870763653873,-0.4,NA
