method,true_params,bivpois_eta,bivpois_estimated_ha,bivpois_bias,bivpois_mse,pc_eta,pc_bias,pc_mse,lm_eta,lm_bias,lm_mse,team_strength_correlation,mu
bivnorm,0.25,0.06964600647988463,0.34933762655406575,0.09933762655406575,0.00986796404939503,0.35329121031767075,0.10329121031767075,0.010669074128889292,1.052631578947346,0.8026315789473459,0.6442174515235096,-0.8,NA
