method,true_params,bivpois_eta,bivpois_estimated_ha,bivpois_bias,bivpois_mse,pc_eta,pc_bias,pc_mse,lm_eta,lm_bias,lm_mse,team_strength_correlation,mu
bivnorm,0,0.023337771773456778,0.11558887322818823,0.11558887322818823,0.01336078761416217,0.11466873568186539,0.11466873568186539,0.01314891894287751,-0.07017543859649017,-0.07017543859649017,0.004924592182209762,0,NA
