method,true_params,bivpois_eta,bivpois_estimated_ha,bivpois_bias,bivpois_mse,pc_eta,pc_bias,pc_mse,lm_eta,lm_bias,lm_mse,team_strength_correlation,mu
bivnorm,0.5,0.09009452677435055,0.4662323401880606,-0.03376765981193941,0.0011402548491748678,0.4635842617004475,-0.036415738299552525,0.0013261059959014966,1.096491228070179,0.5964912280701791,0.35580178516467037,-0.8,NA
