method,true_params,bivpois_eta,bivpois_estimated_ha,bivpois_bias,bivpois_mse,pc_eta,pc_bias,pc_mse,lm_eta,lm_bias,lm_mse,team_strength_correlation,mu
bivnorm,0,-0.005581126824803626,-0.027996152807008734,-0.027996152807008734,7.83784571993383e-4,-0.03374431360042816,-0.03374431360042816,0.0011386787003640406,-0.020467836257299216,-0.020467836257299216,4.189323210556124e-4,0,NA
