method,true_params,bivpois_eta,bivpois_estimated_ha,bivpois_bias,bivpois_mse,pc_eta,pc_bias,pc_mse,lm_eta,lm_bias,lm_mse,team_strength_correlation,mu
bivnorm,0.25,0.04386225560971055,0.22300225829980302,-0.026997741700196976,7.288780569105547e-4,0.2299311227275313,-0.0200688772724687,4.027598349774107e-4,0.41228070175439124,0.16228070175439124,0.02633502616189768,0,NA
