method,true_params,bivpois_eta,bivpois_estimated_ha,bivpois_bias,bivpois_mse,pc_eta,pc_bias,pc_mse,lm_eta,lm_bias,lm_mse,team_strength_correlation,mu
bivnorm,0,-0.00985744804828254,-0.04917072060672556,-0.04917072060672556,0.0024177597649846657,-0.04683686770578458,-0.04683686770578458,0.0021936921764891667,0.16081871345029258,0.16081871345029258,0.025862658595807317,-0.4,NA
