method,true_params,bivpois_eta,bivpois_estimated_ha,bivpois_bias,bivpois_mse,pc_eta,pc_bias,pc_mse,lm_eta,lm_bias,lm_mse,team_strength_correlation,mu
bivnorm,0,0.013947390722317914,0.06954133797080164,0.06954133797080164,0.0048359976867692585,0.06802587618237058,0.06802587618237058,0.0046275198303792125,-0.6900584795321877,-0.6900584795321877,0.4761807051742747,-0.4,NA
