method,true_params,bivpois_eta,bivpois_estimated_ha,bivpois_bias,bivpois_mse,pc_eta,pc_bias,pc_mse,lm_eta,lm_bias,lm_mse,team_strength_correlation,mu
bivnorm,0.5,0.0655810098409819,0.34933640317713,-0.15066359682287,0.022699519407604323,0.34405988993999653,-0.15594011006000347,0.024317317925525994,0.5643274853801308,0.06432748538013078,0.004138025375330939,-0.4,NA
