method,true_params,bivpois_eta,bivpois_estimated_ha,bivpois_bias,bivpois_mse,pc_eta,pc_bias,pc_mse,lm_eta,lm_bias,lm_mse,team_strength_correlation,mu
bivnorm,0,-0.016082812109516925,-0.08093739955662915,-0.08093739955662915,0.006550862646989433,-0.07907708050381242,-0.07907708050381242,0.0062531846610064295,0.08771929824561152,0.08771929824561152,0.007694675284702544,0,NA
