method,true_params,bivpois_eta,bivpois_estimated_ha,bivpois_bias,bivpois_mse,pc_eta,pc_bias,pc_mse,lm_eta,lm_bias,lm_mse,team_strength_correlation,mu
bivnorm,0,-0.02921285653189619,-0.14195924226708456,-0.14195924226708456,0.02015242646504481,-0.14196325145142047,-0.14196325145142047,0.020153564762659237,-0.11988304093565795,-0.11988304093565795,0.01437194350398064,-0.8,NA
