method,true_params,bivpois_eta,bivpois_estimated_ha,bivpois_bias,bivpois_mse,pc_eta,pc_bias,pc_mse,lm_eta,lm_bias,lm_mse,team_strength_correlation,mu
bivnorm,0.25,0.05499813478407596,0.2781723471974171,0.028172347197417125,7.936811466118165e-4,0.2802193458141918,0.030219345814191778,9.132088614377101e-4,0.02631578947368608,-0.22368421052631393,0.05003462603878033,-0.4,NA
