method,true_params,bivpois_eta,bivpois_estimated_ha,bivpois_bias,bivpois_mse,pc_eta,pc_bias,pc_mse,lm_eta,lm_bias,lm_mse,team_strength_correlation,mu
bivnorm,0.25,0.040988285314418296,0.20701068450193283,-0.04298931549806717,0.0018480812469923583,0.2061117478021741,-0.04388825219782591,0.001926178680979971,-0.27777777777777707,-0.527777777777777,0.27854938271604857,-0.8,NA
