method,true_params,bivpois_eta,bivpois_estimated_ha,bivpois_bias,bivpois_mse,pc_eta,pc_bias,pc_mse,lm_eta,lm_bias,lm_mse,team_strength_correlation,mu
bivnorm,0.5,0.05547734190061885,0.29589005811243574,-0.20410994188756426,0.04166086837734486,0.2981627450329035,-0.20183725496709648,0.040738277492652714,0.16959064327485662,-0.3304093567251434,0.10917034301152305,-0.8,NA
