method,true_params,bivpois_eta,bivpois_estimated_ha,bivpois_bias,bivpois_mse,pc_eta,pc_bias,pc_mse,lm_eta,lm_bias,lm_mse,team_strength_correlation,mu
bivnorm,0.25,0.05117911464560904,0.2642253239982617,0.014225323998261707,2.0235984285552045e-4,0.2686233260526191,0.018623326052619127,3.4682827326216234e-4,0.25730994152047115,0.007309941520471153,5.3435245032708105e-5,-0.8,NA
