method,true_params,bivpois_eta,bivpois_estimated_ha,bivpois_bias,bivpois_mse,pc_eta,pc_bias,pc_mse,lm_eta,lm_bias,lm_mse,team_strength_correlation,mu
bivnorm,0.5,0.10096268208526106,0.5341613595542078,0.03416135955420785,0.001166998486591868,0.5265926430070238,0.026592643007023797,7.071686620990117e-4,0.6900584795321637,0.1900584795321637,0.03612222564207789,-0.4,NA
