method,true_params,bivpois_eta,bivpois_estimated_ha,bivpois_bias,bivpois_mse,pc_eta,pc_bias,pc_mse,lm_eta,lm_bias,lm_mse,team_strength_correlation,mu
bivnorm,0.25,0.024486349150817453,0.1237721825226128,-0.1262278174773872,0.015933461905104578,0.1307631896496783,-0.11923681035032169,0.01421741694251858,0.1900584795321689,-0.059941520467831105,0.0035929858759954155,-0.4,NA
