method,true_params,bivpois_eta,bivpois_estimated_ha,bivpois_bias,bivpois_mse,pc_eta,pc_bias,pc_mse,lm_eta,lm_bias,lm_mse,team_strength_correlation,mu
bivnorm,0.25,0.049508119584329706,0.25031417249872234,3.1417249872234265e-4,9.87043589534404e-8,0.2533962750318849,0.0033962750318848878,1.1534684092204696e-5,0.7748538011695865,0.5248538011695865,0.2754715126021638,0,NA
