method,true_params,bivpois_eta,bivpois_estimated_ha,bivpois_bias,bivpois_mse,pc_eta,pc_bias,pc_mse,lm_eta,lm_bias,lm_mse,team_strength_correlation,mu
bivnorm,0.25,0.04531518226549957,0.22800573626624843,-0.021994263733751573,4.837476371898197e-4,0.22453293458524712,-0.025467065414752882,6.485714208393023e-4,-0.1374269005848014,-0.3874269005848014,0.15009960329674557,0,NA
