method,true_params,bivpois_eta,bivpois_estimated_ha,bivpois_bias,bivpois_mse,pc_eta,pc_bias,pc_mse,lm_eta,lm_bias,lm_mse,team_strength_correlation,mu
bivnorm,0.25,0.02507028841865811,0.12788156456980904,-0.12211843543019096,0.01491291227191772,0.1300387130587402,-0.11996128694125979,0.014390710364603267,-0.08771929824561439,-0.3377192982456144,0.11405432440751026,-0.8,NA
