method,true_params,bivpois_eta,bivpois_estimated_ha,bivpois_bias,bivpois_mse,pc_eta,pc_bias,pc_mse,lm_eta,lm_bias,lm_mse,team_strength_correlation,mu
bivnorm,0,7.259627749032522e-4,0.0035974998113879053,0.0035974998113879053,1.2942004892936014e-5,1.5823350741731073e-4,1.5823350741731073e-4,2.503784286958413e-8,-0.6111111111111082,-0.6111111111111082,0.3734567901234532,-0.8,NA
