method,true_params,bivpois_eta,bivpois_estimated_ha,bivpois_bias,bivpois_mse,pc_eta,pc_bias,pc_mse,lm_eta,lm_bias,lm_mse,team_strength_correlation,mu
bivnorm,0,0.007763914826422472,0.03989999346504103,0.03989999346504103,0.0015920094785103168,0.048896885806239,0.048896885806239,0.002390905441548377,1.2807017543859576,1.2807017543859576,1.6401969836872696,0,NA
