method,true_params,bivpois_eta,bivpois_estimated_ha,bivpois_bias,bivpois_mse,pc_eta,pc_bias,pc_mse,lm_eta,lm_bias,lm_mse,team_strength_correlation,mu
bivnorm,0.25,0.05035996024171712,0.25487614686679816,0.004876146866798159,2.37768082665855e-5,0.26006072920101153,0.010060729201011531,1.0121827205608612e-4,0.32456140350877116,0.07456140350877116,0.005559402893197792,-0.8,NA
