method,true_params,bivpois_eta,bivpois_estimated_ha,bivpois_bias,bivpois_mse,pc_eta,pc_bias,pc_mse,lm_eta,lm_bias,lm_mse,team_strength_correlation,mu
bivnorm,0.5,0.10142271803763471,0.5381727917240342,0.038172791724034205,0.0014571620280064944,0.5348744688435163,0.034874468843516304,0.0012162285771173894,1.239766081871344,0.7397660818713441,0.5472538558872801,-0.8,NA
