method,true_params,bivpois_eta,bivpois_estimated_ha,bivpois_bias,bivpois_mse,pc_eta,pc_bias,pc_mse,lm_eta,lm_bias,lm_mse,team_strength_correlation,mu
bivnorm,0,-0.010613176592921304,-0.05286618153211187,-0.05286618153211187,0.0027948331497862056,-0.05597537182793518,-0.05597537182793518,0.0031332422512755998,-1.21637426900584,-1.21637426900584,1.4795663622994915,-0.8,NA
