method,true_params,bivpois_eta,bivpois_estimated_ha,bivpois_bias,bivpois_mse,pc_eta,pc_bias,pc_mse,lm_eta,lm_bias,lm_mse,team_strength_correlation,mu
bivnorm,0.5,0.09365470927282332,0.48161066916603534,-0.018389330833964657,3.381674885210033e-4,0.48588106722955005,-0.014118932770449955,1.9934426257648563e-4,1.4561403508771917,0.9561403508771917,0.9142043705755594,-0.4,NA
