method,true_params,bivpois_eta,bivpois_estimated_ha,bivpois_bias,bivpois_mse,pc_eta,pc_bias,pc_mse,lm_eta,lm_bias,lm_mse,team_strength_correlation,mu
bivnorm,0,-0.016592096493944754,-0.08428281668507154,-0.08428281668507154,0.007103593188369373,-0.09238616540248146,-0.09238616540248146,0.008535203557774661,-0.008771929824569884,-0.008771929824569884,7.694675284717863e-5,-0.4,NA
