method,true_params,bivpois_eta,bivpois_estimated_ha,bivpois_bias,bivpois_mse,pc_eta,pc_bias,pc_mse,lm_eta,lm_bias,lm_mse,team_strength_correlation,mu
bivnorm,0.25,0.04539069162090879,0.2359035558051037,-0.014096444194896307,1.987097389398258e-4,0.23662542256437438,-0.013374577435625618,1.7887932158154593e-4,0.397660818713443,0.147660818713443,0.02180371738312428,-0.4,NA
