method,true_params,bivpois_eta,bivpois_estimated_ha,bivpois_bias,bivpois_mse,pc_eta,pc_bias,pc_mse,lm_eta,lm_bias,lm_mse,team_strength_correlation,mu
bivnorm,0,-0.020570798643070234,-0.10176198616581722,-0.10176198616581722,0.010355501828411976,-0.10217663564906493,-0.10217663564906493,0.010440064872561767,0.5000000000000044,0.5000000000000044,0.25000000000000444,-0.4,NA
