method,true_params,bivpois_eta,bivpois_estimated_ha,bivpois_bias,bivpois_mse,pc_eta,pc_bias,pc_mse,lm_eta,lm_bias,lm_mse,team_strength_correlation,mu
bivnorm,0,-0.020258106982799985,-0.10114414377595082,-0.10114414377595082,0.010230137820170212,-0.09876260257877953,-0.09876260257877953,0.009754051668133949,0.052631578947373886,0.052631578947373886,0.00277008310249365,0,NA
