method,true_params,bivpois_eta,bivpois_estimated_ha,bivpois_bias,bivpois_mse,pc_eta,pc_bias,pc_mse,lm_eta,lm_bias,lm_mse,team_strength_correlation,mu
bivnorm,0.5,0.0732870469553749,0.3929947003078462,-0.10700529969215378,0.011450134162207646,0.38552080099984654,-0.11447919900015346,0.013105487003716738,0.4619883040935575,-0.03801169590644249,0.0014448890256838567,-0.4,NA
