method,true_params,bivpois_eta,bivpois_estimated_ha,bivpois_bias,bivpois_mse,pc_eta,pc_bias,pc_mse,lm_eta,lm_bias,lm_mse,team_strength_correlation,mu
bivnorm,0.5,0.11186834111322712,0.5804522610297127,0.0804522610297127,0.006472566304793029,0.5737942050202728,0.07379420502027279,0.0054455846945740535,1.6374269005847983,1.1374269005847983,1.2937399541739407,0,NA
