method,true_params,bivpois_eta,bivpois_estimated_ha,bivpois_bias,bivpois_mse,pc_eta,pc_bias,pc_mse,lm_eta,lm_bias,lm_mse,team_strength_correlation,mu
bivnorm,0.5,0.09441919481902822,0.5108171370862609,0.010817137086260864,1.1701045474296017e-4,0.5084025838623453,0.00840258386234527,7.060341556374515e-5,0.6549707602339193,0.1549707602339193,0.024015936527478906,-0.4,NA
