method,true_params,bivpois_eta,bivpois_estimated_ha,bivpois_bias,bivpois_mse,pc_eta,pc_bias,pc_mse,lm_eta,lm_bias,lm_mse,team_strength_correlation,mu
bivnorm,0,0.019948172178269587,0.1009715764751018,0.1009715764751018,0.01019525925586733,0.09624226466395608,0.09624226466395608,0.00926257350764697,0.6666666666666736,0.6666666666666736,0.44444444444445375,0,NA
