method,true_params,bivpois_eta,bivpois_estimated_ha,bivpois_bias,bivpois_mse,pc_eta,pc_bias,pc_mse,lm_eta,lm_bias,lm_mse,team_strength_correlation,mu
bivnorm,0.25,0.055834579413235455,0.2845268634412905,0.03452686344129052,0.001192104299093524,0.2849539041857715,0.03495390418577149,0.0012217754178280936,-1.0350877192982442,-1.2850877192982442,1.6514504462911628,0,NA
