method,true_params,bivpois_eta,bivpois_estimated_ha,bivpois_bias,bivpois_mse,pc_eta,pc_bias,pc_mse,lm_eta,lm_bias,lm_mse,team_strength_correlation,mu
bivnorm,0.25,0.08774710872100347,0.4450297392599474,0.19502973925994738,0.03803659919580306,0.44603069018887914,0.19603069018887914,0.038428031495928314,0.16666666666666957,-0.08333333333333043,0.00694444444444396,-0.8,NA
