method,true_params,bivpois_eta,bivpois_estimated_ha,bivpois_bias,bivpois_mse,pc_eta,pc_bias,pc_mse,lm_eta,lm_bias,lm_mse,team_strength_correlation,mu
bivnorm,0,-0.012560869324737857,-0.06294041239929893,-0.06294041239929893,0.0039614955129938225,-0.06375381440753898,-0.06375381440753898,0.0040645488515109246,0.23099415204679957,0.23099415204679957,0.05335829827981996,-0.4,NA
