method,true_params,bivpois_eta,bivpois_estimated_ha,bivpois_bias,bivpois_mse,pc_eta,pc_bias,pc_mse,lm_eta,lm_bias,lm_mse,team_strength_correlation,mu
bivnorm,0,0.016163198789545183,0.07925704534083611,0.07925704534083611,0.006281679236159351,0.0732902182375993,0.0732902182375993,0.005371456089314934,-0.08187134502923953,-0.08187134502923953,0.006702917136896784,-0.8,NA
