method,true_params,bivpois_eta,bivpois_estimated_ha,bivpois_bias,bivpois_mse,pc_eta,pc_bias,pc_mse,lm_eta,lm_bias,lm_mse,team_strength_correlation,mu
bivnorm,0.25,0.06084946649413111,0.308114667635361,0.058114667635360995,0.0033773145943684748,0.3053120604217458,0.0553120604217458,0.003059424028098858,-0.22514619883040807,-0.4751461988304081,0.2257639102629857,-0.4,NA
