method,true_params,bivpois_eta,bivpois_estimated_ha,bivpois_bias,bivpois_mse,pc_eta,pc_bias,pc_mse,lm_eta,lm_bias,lm_mse,team_strength_correlation,mu
bivnorm,0.5,0.12086361632532781,0.636547210784852,0.136547210784852,0.0186451407731228,0.635043737468873,0.135043737468873,0.018236811029561893,0.6257309941520562,0.12573099415205624,0.0158082828904644,0,NA
