method,true_params,bivpois_eta,bivpois_estimated_ha,bivpois_bias,bivpois_mse,pc_eta,pc_bias,pc_mse,lm_eta,lm_bias,lm_mse,team_strength_correlation,mu
bivnorm,0,0.014221453723291201,0.0723537856673877,0.0723537856673877,0.005235070300402278,0.07381340074400104,0.07381340074400104,0.005448418129394493,-0.02923976608187691,-0.02923976608187691,8.549639205228793e-4,0,NA
