method,true_params,bivpois_eta,bivpois_estimated_ha,bivpois_bias,bivpois_mse,pc_eta,pc_bias,pc_mse,lm_eta,lm_bias,lm_mse,team_strength_correlation,mu
bivnorm,0,-0.013911465577661377,-0.06875254422387034,-0.06875254422387034,0.004726912337255247,-0.07624012156153046,-0.07624012156153046,0.005812556135716941,-0.8070175438596479,-0.8070175438596479,0.6512773160972587,-0.4,NA
