method,true_params,bivpois_eta,bivpois_estimated_ha,bivpois_bias,bivpois_mse,pc_eta,pc_bias,pc_mse,lm_eta,lm_bias,lm_mse,team_strength_correlation,mu
bivnorm,0.5,0.09187542264921646,0.4732832001831344,-0.02671679981686559,7.137873924544691e-4,0.4802456927316978,-0.019754307268302185,3.9023265565049653e-4,0.6315789473684074,0.13157894736840736,0.017313019390578114,0,NA
