method,true_params,bivpois_eta,bivpois_estimated_ha,bivpois_bias,bivpois_mse,pc_eta,pc_bias,pc_mse,lm_eta,lm_bias,lm_mse,team_strength_correlation,mu
bivnorm,0,-0.00599643599634893,-0.029840747839173787,-0.029840747839173787,8.90470231601155e-4,-0.029546396898463174,-0.029546396898463174,8.729895696815143e-4,0.36549707602340004,0.36549707602340004,0.13358811258165507,-0.4,NA
