method,true_params,bivpois_eta,bivpois_estimated_ha,bivpois_bias,bivpois_mse,pc_eta,pc_bias,pc_mse,lm_eta,lm_bias,lm_mse,team_strength_correlation,mu
bivnorm,0.25,0.05415977495653083,0.2758794121670096,0.02587941216700962,6.697439741099655e-4,0.28109378619447317,0.031093786194473172,9.668235399076104e-4,0.5204678362573195,0.2704678362573195,0.0731528504497162,-0.8,NA
