method,true_params,bivpois_eta,bivpois_estimated_ha,bivpois_bias,bivpois_mse,pc_eta,pc_bias,pc_mse,lm_eta,lm_bias,lm_mse,team_strength_correlation,mu
bivnorm,0.5,0.07165389240323748,0.37347377973959617,-0.12652622026040383,0.016008884413384224,0.3761652846350898,-0.1238347153649102,0.015335036729508325,1.029239766081869,0.5292397660818691,0.2800947300023915,-0.4,NA
