method,true_params,bivpois_eta,bivpois_estimated_ha,bivpois_bias,bivpois_mse,pc_eta,pc_bias,pc_mse,lm_eta,lm_bias,lm_mse,team_strength_correlation,mu
bivnorm,0,0.006430847458497507,0.031996389728955243,0.031996389728955243,0.0010237689556871926,0.026784221921825814,0.026784221921825814,7.173945439576145e-4,-0.3070175438596337,-0.3070175438596337,0.09425977223760211,0,NA
