method,true_params,bivpois_eta,bivpois_estimated_ha,bivpois_bias,bivpois_mse,pc_eta,pc_bias,pc_mse,lm_eta,lm_bias,lm_mse,team_strength_correlation,mu
bivnorm,0.25,0.04958291975514525,0.25818458822987544,0.008184588229875445,6.698748449261566e-5,0.2565979859891545,0.006597985989154509,4.35334191130792e-5,-0.39473684210526094,-0.6447368421052609,0.41568559556786416,0,NA
