method,true_params,bivpois_eta,bivpois_estimated_ha,bivpois_bias,bivpois_mse,pc_eta,pc_bias,pc_mse,lm_eta,lm_bias,lm_mse,team_strength_correlation,mu
bivnorm,0.5,0.10390924018299648,0.5475915710649808,0.0475915710649808,0.0022649576364331173,0.5449313701806514,0.04493137018065141,0.002018828026310731,0.5029239766081994,0.00292397660819943,8.549639205297444e-6,-0.8,NA
