method,true_params,bivpois_eta,bivpois_estimated_ha,bivpois_bias,bivpois_mse,pc_eta,pc_bias,pc_mse,lm_eta,lm_bias,lm_mse,team_strength_correlation,mu
bivnorm,0.25,0.06452500087917987,0.331118859323019,0.08111885932301899,0.006580269337867745,0.3408098035988214,0.0908098035988214,0.008246420429656516,0.5087719298245476,0.25877192982454755,0.06696291166512057,-0.8,NA
