method,true_params,bivpois_eta,bivpois_estimated_ha,bivpois_bias,bivpois_mse,pc_eta,pc_bias,pc_mse,lm_eta,lm_bias,lm_mse,team_strength_correlation,mu
bivnorm,0.5,0.10773635588186938,0.5654608764590874,0.06546087645908738,0.0042851263467919,0.5759130126085845,0.07591301260858452,0.005762785483311112,0.029239766081873366,-0.47076023391812666,0.22161519783864933,-0.8,NA
