method,true_params,bivpois_eta,bivpois_estimated_ha,bivpois_bias,bivpois_mse,pc_eta,pc_bias,pc_mse,lm_eta,lm_bias,lm_mse,team_strength_correlation,mu
bivnorm,0.25,0.03963965125986799,0.20122950296646813,-0.04877049703353187,0.002378561380897741,0.19892692837417955,-0.05107307162582045,0.002608458645296186,0.38596491228070245,0.13596491228070245,0.018486457371499114,-0.4,NA
