method,true_params,bivpois_eta,bivpois_estimated_ha,bivpois_bias,bivpois_mse,pc_eta,pc_bias,pc_mse,lm_eta,lm_bias,lm_mse,team_strength_correlation,mu
bivnorm,0.5,0.11662189186081057,0.5958969201048463,0.0958969201048463,0.009196219285595273,0.5938302969072572,0.0938302969072572,0.008804124617704039,0.7807017543859676,0.28070175438596756,0.07879347491536005,-0.8,NA
