method,true_params,bivpois_eta,bivpois_estimated_ha,bivpois_bias,bivpois_mse,pc_eta,pc_bias,pc_mse,lm_eta,lm_bias,lm_mse,team_strength_correlation,mu
bivnorm,0.25,0.054303727444859874,0.27443989355123133,0.02443989355123133,5.973083967955187e-4,0.26693205961206423,0.016932059612064232,2.8669464270649674e-4,0.47660818713448944,0.22660818713448944,0.05135127047637978,-0.8,NA
