method,true_params,bivpois_eta,bivpois_estimated_ha,bivpois_bias,bivpois_mse,pc_eta,pc_bias,pc_mse,lm_eta,lm_bias,lm_mse,team_strength_correlation,mu
bivnorm,0,-8.695319267538655e-4,-0.004345027105988386,-0.004345027105988386,1.887926055177381e-5,0.001891397569473149,0.001891397569473149,3.577384765808935e-6,0.9444444444444412,0.9444444444444412,0.8919753086419692,-0.4,NA
