method,true_params,bivpois_eta,bivpois_estimated_ha,bivpois_bias,bivpois_mse,pc_eta,pc_bias,pc_mse,lm_eta,lm_bias,lm_mse,team_strength_correlation,mu
bivnorm,0,0.002055979190940376,0.010094112674562616,0.010094112674562616,1.0189111068676565e-4,0.008440728183323353,0.008440728183323353,7.124589226474915e-5,-0.17543859649123902,-0.17543859649123902,0.030778701138815784,0,NA
