method,true_params,bivpois_eta,bivpois_estimated_ha,bivpois_bias,bivpois_mse,pc_eta,pc_bias,pc_mse,lm_eta,lm_bias,lm_mse,team_strength_correlation,mu
bivnorm,0,-0.009352351096123375,-0.04637206274678807,-0.04637206274678807,0.00215036820339205,-0.04664829458549137,-0.04664829458549137,0.0021760633877347837,0.7748538011695973,0.7748538011695973,0.6003984131869738,-0.4,NA
