method,true_params,bivpois_eta,bivpois_estimated_ha,bivpois_bias,bivpois_mse,pc_eta,pc_bias,pc_mse,lm_eta,lm_bias,lm_mse,team_strength_correlation,mu
bivnorm,0,0.012207732347372623,0.060157918846579506,0.060157918846579506,0.0036189751999516455,0.05299542451819677,0.05299542451819677,0.0028085150198638915,0.44152046783625176,0.44152046783625176,0.19494032351834262,-0.8,NA
