method,true_params,bivpois_eta,bivpois_estimated_ha,bivpois_bias,bivpois_mse,pc_eta,pc_bias,pc_mse,lm_eta,lm_bias,lm_mse,team_strength_correlation,mu
bivnorm,0.5,0.09192625948525328,0.4870553266616149,-0.012944673338385115,1.6756456783749844e-4,0.4845799115022997,-0.015420088497700324,2.3777912927690984e-4,-0.040935672514630504,-0.5409356725146305,0.29261140179885553,0,NA
