method,true_params,bivpois_eta,bivpois_estimated_ha,bivpois_bias,bivpois_mse,pc_eta,pc_bias,pc_mse,lm_eta,lm_bias,lm_mse,team_strength_correlation,mu
bivnorm,0.25,0.0567848326158419,0.30253225200913825,0.05253225200913825,0.0027596375011516095,0.3054097812877911,0.055409781287791116,0.0030702438623608466,1.1081871345029204,0.8581871345029204,0.7364851578263336,-0.4,NA
