method,true_params,bivpois_eta,bivpois_estimated_ha,bivpois_bias,bivpois_mse,pc_eta,pc_bias,pc_mse,lm_eta,lm_bias,lm_mse,team_strength_correlation,mu
bivnorm,0,-0.030526753892262944,-0.14880998143698676,-0.14880998143698676,0.022144410575276344,-0.15235968247467202,-0.15235968247467202,0.02321347284378288,0.3918128654970698,0.3918128654970698,0.1535173215690249,-0.4,NA
