method,true_params,bivpois_eta,bivpois_estimated_ha,bivpois_bias,bivpois_mse,pc_eta,pc_bias,pc_mse,lm_eta,lm_bias,lm_mse,team_strength_correlation,mu
bivnorm,0,0.007929298860766196,0.040222245806360135,0.040222245806360135,0.0016178290577072555,0.03912779941466265,0.03912779941466265,0.0015309846870340748,0.23391812865497622,0.23391812865497622,0.054717690913446006,-0.4,NA
