method,true_params,bivpois_eta,bivpois_estimated_ha,bivpois_bias,bivpois_mse,pc_eta,pc_bias,pc_mse,lm_eta,lm_bias,lm_mse,team_strength_correlation,mu
bivnorm,0.5,0.08570161153342952,0.4343553863650955,-0.06564461363490448,0.004309215299275887,0.4316576210356387,-0.0683423789643613,0.004670680762508373,-0.09356725146199057,-0.5935672514619905,0.3523220820081419,0,NA
