method,true_params,bivpois_eta,bivpois_estimated_ha,bivpois_bias,bivpois_mse,pc_eta,pc_bias,pc_mse,lm_eta,lm_bias,lm_mse,team_strength_correlation,mu
bivnorm,0,-0.008472688565294479,-0.042982703768889685,-0.042982703768889685,0.0018475128232841235,-0.03622386844732607,-0.03622386844732607,0.0013121686452891854,-0.1257309941520509,-0.1257309941520509,0.01580828289046306,-0.8,NA
