method,true_params,bivpois_eta,bivpois_estimated_ha,bivpois_bias,bivpois_mse,pc_eta,pc_bias,pc_mse,lm_eta,lm_bias,lm_mse,team_strength_correlation,mu
bivnorm,0.25,0.027034710694891495,0.1409265550539507,-0.10907344494604931,0.011897016392398851,0.1418346804080292,-0.10816531959197079,0.01169973636243318,0.3976608187134481,0.1476608187134481,0.021803717383125785,-0.4,NA
