method,true_params,bivpois_eta,bivpois_estimated_ha,bivpois_bias,bivpois_mse,pc_eta,pc_bias,pc_mse,lm_eta,lm_bias,lm_mse,team_strength_correlation,mu
bivnorm,0,0.005418472620977856,0.02688122049538233,0.02688122049538233,7.22600015321363e-4,0.02755052689108983,0.02755052689108983,7.590315319766639e-4,-0.08771929824561164,-0.08771929824561164,0.007694675284702566,-0.8,NA
