method,true_params,bivpois_eta,bivpois_estimated_ha,bivpois_bias,bivpois_mse,pc_eta,pc_bias,pc_mse,lm_eta,lm_bias,lm_mse,team_strength_correlation,mu
bivnorm,0.25,0.05934709404577562,0.3054868697629818,0.05548686976298178,0.003078792716094102,0.30411841744086077,0.05411841744086077,0.002928803106303263,0.6052631578947261,0.35526315789472607,0.12621191135733306,-0.4,NA
