method,true_params,bivpois_eta,bivpois_estimated_ha,bivpois_bias,bivpois_mse,pc_eta,pc_bias,pc_mse,lm_eta,lm_bias,lm_mse,team_strength_correlation,mu
bivnorm,0.25,0.05200385041293211,0.2685496030581067,0.018549603058106712,3.4408777361332187e-4,0.2621512058446261,0.01215120584462609,1.4765180347847524e-4,0.3742690058479469,0.12426900584794692,0.015442785814437067,-0.8,NA
