method,true_params,bivpois_eta,bivpois_estimated_ha,bivpois_bias,bivpois_mse,pc_eta,pc_bias,pc_mse,lm_eta,lm_bias,lm_mse,team_strength_correlation,mu
bivnorm,0.25,0.0490440067135508,0.2443605413998018,-0.0056394586001982105,3.180349330334956e-5,0.23949923890306415,-0.010500761096935846,1.102659836149213e-4,0.17836257309941433,-0.07163742690058567,0.005131920932936755,-0.4,NA
