method,true_params,bivpois_eta,bivpois_estimated_ha,bivpois_bias,bivpois_mse,pc_eta,pc_bias,pc_mse,lm_eta,lm_bias,lm_mse,team_strength_correlation,mu
bivnorm,0,0.0013212320510741905,0.006583891795018282,0.006583891795018282,4.3347631168509056e-5,0.005436829634275024,0.005436829634275024,2.955911647213109e-5,0.21929824561403238,0.21929824561403238,0.04809172052939247,-0.4,NA
