method,true_params,bivpois_eta,bivpois_estimated_ha,bivpois_bias,bivpois_mse,pc_eta,pc_bias,pc_mse,lm_eta,lm_bias,lm_mse,team_strength_correlation,mu
bivnorm,0,0.008501307313016659,0.04284922380387801,0.04284922380387801,0.001836055980594826,0.046145438886756665,0.046145438886756665,0.0021294015300513942,-0.6052631578947382,-0.6052631578947382,0.36634349030471075,0,NA
