method,true_params,bivpois_eta,bivpois_estimated_ha,bivpois_bias,bivpois_mse,pc_eta,pc_bias,pc_mse,lm_eta,lm_bias,lm_mse,team_strength_correlation,mu
bivnorm,0.25,0.06750355070267357,0.3389738184249076,0.08897381842490759,0.007916340365108425,0.33958968625141855,0.08958968625141855,0.008026311882627615,0.5672514619883009,0.3172514619883009,0.10064849013371432,-0.4,NA
