method,true_params,bivpois_eta,bivpois_estimated_ha,bivpois_bias,bivpois_mse,pc_eta,pc_bias,pc_mse,lm_eta,lm_bias,lm_mse,team_strength_correlation,mu
bivnorm,0.5,0.08802180246278589,0.45805043081964847,-0.04194956918035153,0.001759766354417099,0.46127583568221847,-0.03872416431778153,0.001499560902110544,0.4883040935672696,-0.011695906432730385,1.36794227283184e-4,-0.4,NA
