method,true_params,bivpois_eta,bivpois_estimated_ha,bivpois_bias,bivpois_mse,pc_eta,pc_bias,pc_mse,lm_eta,lm_bias,lm_mse,team_strength_correlation,mu
bivnorm,0.25,0.055319284875599575,0.2819581916404861,0.03195819164048608,0.0010213260129300341,0.2789318634470222,0.0289318634470222,8.370527225171392e-4,-0.19590643274853667,-0.4459064327485367,0.1988325467665253,0,NA
