method,true_params,bivpois_eta,bivpois_estimated_ha,bivpois_bias,bivpois_mse,pc_eta,pc_bias,pc_mse,lm_eta,lm_bias,lm_mse,team_strength_correlation,mu
bivnorm,0.25,0.05683850929441966,0.2901248149700315,0.04012481497003151,0.0016100007763792646,0.29156377415142765,0.041563774151427646,0.001727547321710885,0.6169590643274836,0.3669590643274836,0.13465895489210225,-0.8,NA
