method,true_params,bivpois_eta,bivpois_estimated_ha,bivpois_bias,bivpois_mse,pc_eta,pc_bias,pc_mse,lm_eta,lm_bias,lm_mse,team_strength_correlation,mu
bivnorm,0.25,0.03722872600879847,0.19184600695077147,-0.058153993049228525,0.0033818869075697196,0.19666224201601745,-0.05333775798398255,0.002844916426757894,-0.2719298245613986,-0.5219298245613986,0.2724107417666923,-0.4,NA
