method,true_params,bivpois_eta,bivpois_estimated_ha,bivpois_bias,bivpois_mse,pc_eta,pc_bias,pc_mse,lm_eta,lm_bias,lm_mse,team_strength_correlation,mu
bivnorm,0.25,0.06195664651315399,0.31416104172123394,0.06416104172123394,0.004116639274753922,0.3152568035650045,0.06525680356500452,0.004258450411521586,0.37134502923976753,0.12134502923976753,0.014724616121200037,0,NA
