method,true_params,bivpois_eta,bivpois_estimated_ha,bivpois_bias,bivpois_mse,pc_eta,pc_bias,pc_mse,lm_eta,lm_bias,lm_mse,team_strength_correlation,mu
bivnorm,0,-0.010006606914303344,-0.04972841793392657,-0.04972841793392657,0.0024729155502112698,-0.057517995845833426,-0.057517995845833426,0.003308319846121311,-0.7163742690058519,-0.7163742690058519,0.5131920932936687,-0.4,NA
