method,true_params,bivpois_eta,bivpois_estimated_ha,bivpois_bias,bivpois_mse,pc_eta,pc_bias,pc_mse,lm_eta,lm_bias,lm_mse,team_strength_correlation,mu
bivnorm,0.25,0.021944583375468635,0.11345918779480169,-0.13654081220519831,0.018643393397655233,0.10808516471016677,-0.14191483528983323,0.020139820475340495,-0.11988304093566145,-0.36988304093566143,0.13681346397181218,-0.8,NA
