method,true_params,bivpois_eta,bivpois_estimated_ha,bivpois_bias,bivpois_mse,pc_eta,pc_bias,pc_mse,lm_eta,lm_bias,lm_mse,team_strength_correlation,mu
bivnorm,0.5,0.10427430319566267,0.5371230892009216,0.037123089200921555,0.0013781237518195786,0.5392263085200607,0.039226308520060704,0.001538703280110987,-0.21052631578948128,-0.7105263157894812,0.5048476454293735,-0.8,NA
