method,true_params,bivpois_eta,bivpois_estimated_ha,bivpois_bias,bivpois_mse,pc_eta,pc_bias,pc_mse,lm_eta,lm_bias,lm_mse,team_strength_correlation,mu
bivnorm,0.5,0.10264366098652873,0.5334691209075784,0.033469120907578365,0.0011201820543260991,0.5330879114457124,0.03308791144571244,0.0010948098838393081,0.2953216374269007,-0.2046783625730993,0.0418932321056051,-0.4,NA
