method,true_params,bivpois_eta,bivpois_estimated_ha,bivpois_bias,bivpois_mse,pc_eta,pc_bias,pc_mse,lm_eta,lm_bias,lm_mse,team_strength_correlation,mu
bivnorm,0.25,0.04501492506865291,0.22467686633436124,-0.025323133665638764,6.412610986478073e-4,0.23249855277323883,-0.01750144722676117,3.063006550311062e-4,-0.14619883040935977,-0.39619883040935977,0.15697351321774464,-0.4,NA
