method,true_params,bivpois_eta,bivpois_estimated_ha,bivpois_bias,bivpois_mse,pc_eta,pc_bias,pc_mse,lm_eta,lm_bias,lm_mse,team_strength_correlation,mu
bivnorm,0.25,0.052935930221798294,0.2682475100936994,0.018247510093699404,3.3297162461966165e-4,0.2652539650702175,0.015253965070217479,2.3268345036341493e-4,0.3187134502923901,0.06871345029239012,0.004721538251084768,-0.8,NA
