method,true_params,bivpois_eta,bivpois_estimated_ha,bivpois_bias,bivpois_mse,pc_eta,pc_bias,pc_mse,lm_eta,lm_bias,lm_mse,team_strength_correlation,mu
bivnorm,0.5,0.10376223864366155,0.5545107296654086,0.0545107296654086,0.002971419648655257,0.5472291375211584,0.047229137521158426,0.002230591430992495,0.33333333333334225,-0.16666666666665775,0.027777777777774806,-0.8,NA
