method,true_params,bivpois_eta,bivpois_estimated_ha,bivpois_bias,bivpois_mse,pc_eta,pc_bias,pc_mse,lm_eta,lm_bias,lm_mse,team_strength_correlation,mu
bivnorm,0.25,0.041258355576717906,0.21310805643911213,-0.036891943560887874,0.0013610154996997364,0.2131540748985416,-0.0368459251014584,0.001357622196582282,0.5964912280701674,0.3464912280701674,0.12005617112957277,-0.8,NA
