method,true_params,bivpois_eta,bivpois_estimated_ha,bivpois_bias,bivpois_mse,pc_eta,pc_bias,pc_mse,lm_eta,lm_bias,lm_mse,team_strength_correlation,mu
bivnorm,0.25,0.05930971313966294,0.3008407703457303,0.05084077034573031,0.0025847839293472907,0.2979638132531459,0.047963813253145915,0.0023005273817826555,0.8362573099415305,0.5862573099415305,0.3436976334598797,0,NA
