method,true_params,bivpois_eta,bivpois_estimated_ha,bivpois_bias,bivpois_mse,pc_eta,pc_bias,pc_mse,lm_eta,lm_bias,lm_mse,team_strength_correlation,mu
bivnorm,0,0.013120231369570799,0.06477080054226025,0.06477080054226025,0.004195256602885261,0.06308937383258453,0.06308937383258453,0.003980269090587602,-0.4561403508772054,-0.4561403508772054,0.20806401969838004,0,NA
