method,true_params,bivpois_eta,bivpois_estimated_ha,bivpois_bias,bivpois_mse,pc_eta,pc_bias,pc_mse,lm_eta,lm_bias,lm_mse,team_strength_correlation,mu
bivnorm,0.5,0.1161994337308938,0.6083743467353839,0.10837434673538393,0.011744999030321222,0.6060348034930334,0.1060348034930334,0.011243379551806208,1.4912280701754426,0.9912280701754426,0.9825330871037321,-0.8,NA
