method,true_params,bivpois_eta,bivpois_estimated_ha,bivpois_bias,bivpois_mse,pc_eta,pc_bias,pc_mse,lm_eta,lm_bias,lm_mse,team_strength_correlation,mu
bivnorm,0.5,0.09390184038263506,0.49309292500755575,-0.006907074992444251,4.770768495124875e-5,0.49397459253741616,-0.006025407462583843,3.630553509016106e-5,0.9473684210526306,0.44736842105263064,0.20013850415512383,-0.8,NA
