method,true_params,bivpois_eta,bivpois_estimated_ha,bivpois_bias,bivpois_mse,pc_eta,pc_bias,pc_mse,lm_eta,lm_bias,lm_mse,team_strength_correlation,mu
bivnorm,0.5,0.0894517525938905,0.47609178071883207,-0.02390821928116793,5.7160294919641e-4,0.4735182166060544,-0.02648178339394558,7.012848517238519e-4,0.6374269005848033,0.13742690058480334,0.01888615300434542,-0.4,NA
