method,true_params,bivpois_eta,bivpois_estimated_ha,bivpois_bias,bivpois_mse,pc_eta,pc_bias,pc_mse,lm_eta,lm_bias,lm_mse,team_strength_correlation,mu
bivnorm,0,-0.01903429312028337,-0.09612857817969722,-0.09612857817969722,0.00924070354285016,-0.0904557921090413,-0.0904557921090413,0.008182250326074099,-1.28947368421053,-1.28947368421053,1.662742382271478,-0.4,NA
