method,true_params,bivpois_eta,bivpois_estimated_ha,bivpois_bias,bivpois_mse,pc_eta,pc_bias,pc_mse,lm_eta,lm_bias,lm_mse,team_strength_correlation,mu
bivnorm,0,0.022545061113285615,0.1148024284609761,0.1148024284609761,0.013179597580537536,0.10966557886223298,0.10966557886223298,0.01202653918718864,0.32163742690057096,0.32163742690057096,0.10345063438322012,0,NA
