method,true_params,bivpois_eta,bivpois_estimated_ha,bivpois_bias,bivpois_mse,pc_eta,pc_bias,pc_mse,lm_eta,lm_bias,lm_mse,team_strength_correlation,mu
bivnorm,0.25,0.02839721533967103,0.14174968819931344,-0.10825031180068656,0.01171813000494586,0.13629922386264645,-0.11370077613735355,0.012927866494236585,1.2368421052631589,0.9868421052631589,0.9738573407202235,-0.8,NA
