method,true_params,bivpois_eta,bivpois_estimated_ha,bivpois_bias,bivpois_mse,pc_eta,pc_bias,pc_mse,lm_eta,lm_bias,lm_mse,team_strength_correlation,mu
bivnorm,0.25,0.04310011763968991,0.21972634663329682,-0.03027365336670318,9.164940881672988e-4,0.21244957517152593,-0.037550424828474066,0.0014100344047988816,0.37719298245613375,0.12719298245613375,0.01617805478608635,-0.4,NA
