method,true_params,bivpois_eta,bivpois_estimated_ha,bivpois_bias,bivpois_mse,pc_eta,pc_bias,pc_mse,lm_eta,lm_bias,lm_mse,team_strength_correlation,mu
bivnorm,0.5,0.07758256006772755,0.3977708961335713,-0.1022291038664287,0.010450789677333067,0.3953575853864201,-0.10464241461357993,0.010950034936160365,0.23099415204678403,-0.26900584795321597,0.07236414623302875,-0.4,NA
