method,true_params,bivpois_eta,bivpois_estimated_ha,bivpois_bias,bivpois_mse,pc_eta,pc_bias,pc_mse,lm_eta,lm_bias,lm_mse,team_strength_correlation,mu
bivnorm,0.25,0.05761336107029594,0.29669127187411526,0.04669127187411526,0.0021800748692225465,0.2946722515338648,0.04467225153386478,0.0019956100571048843,-0.2748538011695876,-0.5248538011695876,0.27547151260216496,-0.4,NA
