method,true_params,bivpois_eta,bivpois_estimated_ha,bivpois_bias,bivpois_mse,pc_eta,pc_bias,pc_mse,lm_eta,lm_bias,lm_mse,team_strength_correlation,mu
bivnorm,0.5,0.09245852812102953,0.4861072289489856,-0.013892771051014385,1.9300908747590335e-4,0.4838301242450531,-0.016169875754946883,2.6146488193041904e-4,1.184210526315782,0.684210526315782,0.4681440443213195,0,NA
