method,true_params,bivpois_eta,bivpois_estimated_ha,bivpois_bias,bivpois_mse,pc_eta,pc_bias,pc_mse,lm_eta,lm_bias,lm_mse,team_strength_correlation,mu
bivnorm,0,0.03844824448493582,0.19480307468437985,0.19480307468437985,0.037948237906488075,0.19508619654680276,0.19508619654680276,0.03805862408309776,0.166666666666674,0.166666666666674,0.027777777777780226,-0.8,NA
