method,true_params,bivpois_eta,bivpois_estimated_ha,bivpois_bias,bivpois_mse,pc_eta,pc_bias,pc_mse,lm_eta,lm_bias,lm_mse,team_strength_correlation,mu
bivnorm,0,-0.0189201319350384,-0.0943075610319628,-0.0943075610319628,0.00889391606779739,-0.10050737250578713,-0.10050737250578713,0.010101731928017055,0.611111111111105,0.611111111111105,0.3734567901234494,-0.8,NA
