method,true_params,bivpois_eta,bivpois_estimated_ha,bivpois_bias,bivpois_mse,pc_eta,pc_bias,pc_mse,lm_eta,lm_bias,lm_mse,team_strength_correlation,mu
bivnorm,0.25,0.046089042340207456,0.24279372105865615,-0.007206278941343847,5.193045618045579e-5,0.24311697643345928,-0.006883023566540719,4.7376013417554924e-5,0.6783625730994052,0.4283625730994052,0.18349449403234325,-0.4,NA
