method,true_params,bivpois_eta,bivpois_estimated_ha,bivpois_bias,bivpois_mse,pc_eta,pc_bias,pc_mse,lm_eta,lm_bias,lm_mse,team_strength_correlation,mu
bivnorm,0,0.017446381833933062,0.08845263133564085,0.08845263133564085,0.007823867990198794,0.08632540689978473,0.08632540689978473,0.0074520758764134,-0.15497076023392237,-0.15497076023392237,0.024015936527479853,-0.8,NA
