method,true_params,bivpois_eta,bivpois_estimated_ha,bivpois_bias,bivpois_mse,pc_eta,pc_bias,pc_mse,lm_eta,lm_bias,lm_mse,team_strength_correlation,mu
bivnorm,0.5,0.08841977943613843,0.4675604079086586,-0.032439592091341396,0.0010523271350526193,0.4617974440061283,-0.03820255599387168,0.0014594352844649009,1.0409356725146233,0.5409356725146233,0.29261140179884776,-0.8,NA
