method,true_params,bivpois_eta,bivpois_estimated_ha,bivpois_bias,bivpois_mse,pc_eta,pc_bias,pc_mse,lm_eta,lm_bias,lm_mse,team_strength_correlation,mu
bivnorm,0.25,0.0504128060735648,0.25822067785526404,0.008220677855264036,6.757954440002851e-5,0.26016537294506054,0.010165372945060536,1.0333480711216871e-4,0.7690058479532114,0.5190058479532114,0.26936707020963196,-0.8,NA
