method,true_params,bivpois_eta,bivpois_estimated_ha,bivpois_bias,bivpois_mse,pc_eta,pc_bias,pc_mse,lm_eta,lm_bias,lm_mse,team_strength_correlation,mu
bivnorm,0.5,0.09170881202205133,0.4672834851539962,-0.0327165148460038,0.0010703703436687867,0.4636464612534292,-0.036353538746570824,0.0013215797793984262,0.3713450292397696,-0.1286549707602304,0.016552101501315742,0,NA
