method,true_params,bivpois_eta,bivpois_estimated_ha,bivpois_bias,bivpois_mse,pc_eta,pc_bias,pc_mse,lm_eta,lm_bias,lm_mse,team_strength_correlation,mu
bivnorm,0.5,0.08779076536032132,0.447846686892281,-0.05215331310771898,0.0027199680681117724,0.4494545512213705,-0.05054544877862949,0.002554842392233057,0.28070175438596356,-0.21929824561403644,0.04809172052939425,0,NA
