method,true_params,bivpois_eta,bivpois_estimated_ha,bivpois_bias,bivpois_mse,pc_eta,pc_bias,pc_mse,lm_eta,lm_bias,lm_mse,team_strength_correlation,mu
bivnorm,0.5,0.09865194058919055,0.5154382483999385,0.015438248399938459,2.3833951365820238e-4,0.5112902562652392,0.011290256265239162,1.2746988653477217e-4,0.8771929824561255,0.37719298245612554,0.14227454601414702,-0.4,NA
