method,true_params,bivpois_eta,bivpois_estimated_ha,bivpois_bias,bivpois_mse,pc_eta,pc_bias,pc_mse,lm_eta,lm_bias,lm_mse,team_strength_correlation,mu
bivnorm,0.5,0.11449608521252029,0.5762658752368317,0.0762658752368317,0.005816483725639979,0.565883067647211,0.06588306764721097,0.004340578602606977,-0.2426900584795376,-0.7426900584795376,0.551588522964339,0,NA
