method,true_params,bivpois_eta,bivpois_estimated_ha,bivpois_bias,bivpois_mse,pc_eta,pc_bias,pc_mse,lm_eta,lm_bias,lm_mse,team_strength_correlation,mu
bivnorm,0.25,0.06043890830010866,0.31493884642735637,0.06493884642735637,0.004217053775315774,0.31030653287896914,0.060306532878969143,0.0036368779078821863,-0.5146198830409361,-0.7646198830409361,0.5846435655415347,-0.4,NA
