method,true_params,bivpois_eta,bivpois_estimated_ha,bivpois_bias,bivpois_mse,pc_eta,pc_bias,pc_mse,lm_eta,lm_bias,lm_mse,team_strength_correlation,mu
bivnorm,0,-0.007347528825974442,-0.036048007125989656,-0.036048007125989656,0.001299458817755401,-0.04117753352623299,-0.04117753352623299,0.001695589267304042,-0.40058479532164776,-0.40058479532164776,0.16046817824288642,-0.4,NA
