method,true_params,bivpois_eta,bivpois_estimated_ha,bivpois_bias,bivpois_mse,pc_eta,pc_bias,pc_mse,lm_eta,lm_bias,lm_mse,team_strength_correlation,mu
bivnorm,0.25,0.05014137016125687,0.2580069459123582,0.008006945912358177,6.411118284342932e-5,0.26483229789467794,0.014832297894677937,2.1999706083646758e-4,0.9824561403508848,0.7324561403508848,0.536491997537715,-0.8,NA
