method,true_params,bivpois_eta,bivpois_estimated_ha,bivpois_bias,bivpois_mse,pc_eta,pc_bias,pc_mse,lm_eta,lm_bias,lm_mse,team_strength_correlation,mu
bivnorm,0.25,0.029924800263311485,0.15522771629937626,-0.09477228370062374,0.008981785757831512,0.1545236748020861,-0.09547632519791391,0.00911572867329781,0.16081871345028773,-0.08918128654971227,0.007953301870661891,0,NA
