method,true_params,bivpois_eta,bivpois_estimated_ha,bivpois_bias,bivpois_mse,pc_eta,pc_bias,pc_mse,lm_eta,lm_bias,lm_mse,team_strength_correlation,mu
bivnorm,0.5,0.11138116679680615,0.5645044325418382,0.06450443254183824,0.00416082181754456,0.5672873306526882,0.06728733065268822,0.004527584866364195,0.926900584795326,0.426900584795326,0.18224410929859133,0,NA
