method,true_params,bivpois_eta,bivpois_estimated_ha,bivpois_bias,bivpois_mse,pc_eta,pc_bias,pc_mse,lm_eta,lm_bias,lm_mse,team_strength_correlation,mu
bivnorm,0.5,0.10001031330153204,0.516348249358245,0.01634824935824497,2.672652570793571e-4,0.5178882354394255,0.017888235439425526,3.199889671363193e-4,0.0935672514619911,-0.4064327485380089,0.1651875790841604,-0.8,NA
