method,true_params,bivpois_eta,bivpois_estimated_ha,bivpois_bias,bivpois_mse,pc_eta,pc_bias,pc_mse,lm_eta,lm_bias,lm_mse,team_strength_correlation,mu
bivnorm,0,0.01116707146010962,0.05692166175175206,0.05692166175175206,0.0032400755765808736,0.048476287637153385,0.048476287637153385,0.00234995046308003,-0.1695906432748656,-0.1695906432748656,0.02876098628638271,-0.4,NA
