method,true_params,bivpois_eta,bivpois_estimated_ha,bivpois_bias,bivpois_mse,pc_eta,pc_bias,pc_mse,lm_eta,lm_bias,lm_mse,team_strength_correlation,mu
bivnorm,0.5,0.10116220542667886,0.5300159458676026,0.03001594586760259,9.00957006326849e-4,0.5317702152029407,0.031770215202940655,0.0010093465740411616,-0.1432748538011673,-0.6432748538011673,0.4138025375329132,0,NA
