method,true_params,bivpois_eta,bivpois_estimated_ha,bivpois_bias,bivpois_mse,pc_eta,pc_bias,pc_mse,lm_eta,lm_bias,lm_mse,team_strength_correlation,mu
bivnorm,0.5,0.08538606613675949,0.44659755470328566,-0.05340244529671434,0.0028518211636685675,0.44544323240694395,-0.054556767593056055,0.0029764408902027313,0.3918128654970609,-0.1081871345029391,0.011704456071957036,-0.8,NA
