method,true_params,bivpois_eta,bivpois_estimated_ha,bivpois_bias,bivpois_mse,pc_eta,pc_bias,pc_mse,lm_eta,lm_bias,lm_mse,team_strength_correlation,mu
bivnorm,0.5,0.09635782884255135,0.48824336519036216,-0.011756634809637845,1.3821846204718828e-4,0.4897815933050416,-0.010218406694958382,1.0441583538357028e-4,0.06725146198829252,-0.4327485380117075,0.18727129715127025,0,NA
