method,true_params,bivpois_eta,bivpois_estimated_ha,bivpois_bias,bivpois_mse,pc_eta,pc_bias,pc_mse,lm_eta,lm_bias,lm_mse,team_strength_correlation,mu
bivnorm,0,0.02901311925683898,0.14614335477252283,0.14614335477252283,0.02135788014416747,0.1479871903590131,0.1479871903590131,0.021900208510354777,0.05847953216374068,0.05847953216374068,0.0034198556820899807,0,NA
