method,true_params,bivpois_eta,bivpois_estimated_ha,bivpois_bias,bivpois_mse,pc_eta,pc_bias,pc_mse,lm_eta,lm_bias,lm_mse,team_strength_correlation,mu
bivnorm,0.25,0.05022276880479865,0.2568962553392886,0.006896255339288615,4.755833770466673e-5,0.2613973523564157,0.011397352356415702,1.2989964073629456e-4,0.26315789473683826,0.01315789473683826,1.73130193905716e-4,0,NA
