method,true_params,bivpois_eta,bivpois_estimated_ha,bivpois_bias,bivpois_mse,pc_eta,pc_bias,pc_mse,lm_eta,lm_bias,lm_mse,team_strength_correlation,mu
bivnorm,0,0.01007765950343116,0.049975941037385674,0.049975941037385674,0.0024975946825722493,0.04726982426453039,0.04726982426453039,0.0022344362859995862,0.0029239766081933915,0.0029239766081933915,8.54963920526213e-6,-0.4,NA
