method,true_params,bivpois_eta,bivpois_estimated_ha,bivpois_bias,bivpois_mse,pc_eta,pc_bias,pc_mse,lm_eta,lm_bias,lm_mse,team_strength_correlation,mu
bivnorm,0.25,0.0295461645416095,0.1557163642174233,-0.0942836357825767,0.008889403976381579,0.1572702704826531,-0.0927297295173469,0.008598802736360317,-0.11988304093566529,-0.36988304093566526,0.136813463971815,0,NA
