method,true_params,bivpois_eta,bivpois_estimated_ha,bivpois_bias,bivpois_mse,pc_eta,pc_bias,pc_mse,lm_eta,lm_bias,lm_mse,team_strength_correlation,mu
bivnorm,0.25,0.05199714073920748,0.2612774171340879,0.01127741713408792,1.271801372162198e-4,0.2664910437490061,0.016491043749006118,2.7195452393163373e-4,0.8128654970760247,0.5628654970760247,0.3168175677986404,-0.4,NA
