method,true_params,bivpois_eta,bivpois_estimated_ha,bivpois_bias,bivpois_mse,pc_eta,pc_bias,pc_mse,lm_eta,lm_bias,lm_mse,team_strength_correlation,mu
bivnorm,0.25,0.03512890426849686,0.1810275768007905,-0.06897242319920949,0.004757195161970851,0.1746325533009957,-0.0753674466990043,0.0056802520219272545,0.3040935672514562,0.0540935672514562,0.0029261140179878144,-0.8,NA
