method,true_params,bivpois_eta,bivpois_estimated_ha,bivpois_bias,bivpois_mse,pc_eta,pc_bias,pc_mse,lm_eta,lm_bias,lm_mse,team_strength_correlation,mu
bivnorm,0.5,0.09987974388414173,0.5195996302402293,0.01959963024022926,3.8414550555370926e-4,0.5245973010996391,0.02459730109963909,6.050272213863064e-4,-0.3567251461988219,-0.8567251461988219,0.7339779761293928,-0.8,NA
