method,true_params,bivpois_eta,bivpois_estimated_ha,bivpois_bias,bivpois_mse,pc_eta,pc_bias,pc_mse,lm_eta,lm_bias,lm_mse,team_strength_correlation,mu
bivnorm,0.25,0.08272282373063673,0.4267432904165833,0.17674329041658332,0.031238190707280712,0.4344658506150293,0.1844658506150293,0.0340276500431263,-0.15204678362574023,-0.4020467836257402,0.16164161622380277,0,NA
