method,true_params,bivpois_eta,bivpois_estimated_ha,bivpois_bias,bivpois_mse,pc_eta,pc_bias,pc_mse,lm_eta,lm_bias,lm_mse,team_strength_correlation,mu
bivnorm,0.5,0.08228394005146764,0.4248964373206183,-0.07510356267938167,0.005640545127135812,0.41401618260255063,-0.08598381739744937,0.007393216854237917,0.2543859649122753,-0.24561403508772472,0.06032625423207407,-0.4,NA
