method,true_params,bivpois_eta,bivpois_estimated_ha,bivpois_bias,bivpois_mse,pc_eta,pc_bias,pc_mse,lm_eta,lm_bias,lm_mse,team_strength_correlation,mu
bivnorm,0.25,0.05089447608939631,0.2570623211886467,0.007062321188646692,4.987638057160802e-5,0.2553422728614342,0.005342272861434183,2.8539879326016175e-5,0.2748538011695816,0.02485380116958158,6.177114325770947e-4,-0.4,NA
