method,true_params,bivpois_eta,bivpois_estimated_ha,bivpois_bias,bivpois_mse,pc_eta,pc_bias,pc_mse,lm_eta,lm_bias,lm_mse,team_strength_correlation,mu
bivnorm,0.5,0.09009528507756061,0.4797679924194176,-0.020232007580582412,4.0933413074074415e-4,0.4745998688962401,-0.025400131103759882,6.451666600881902e-4,-0.02923976608187683,-0.5292397660818768,0.2800947300023997,-0.4,NA
