method,true_params,bivpois_eta,bivpois_estimated_ha,bivpois_bias,bivpois_mse,pc_eta,pc_bias,pc_mse,lm_eta,lm_bias,lm_mse,team_strength_correlation,mu
bivnorm,0.25,0.0599006671588205,0.3111587823663502,0.061158782366350195,0.0037403966605345875,0.31849012069305177,0.06849012069305177,0.004690896632548798,0.14912280701754124,-0.10087719298245876,0.010176208064020226,-0.4,NA
