method,true_params,bivpois_eta,bivpois_estimated_ha,bivpois_bias,bivpois_mse,pc_eta,pc_bias,pc_mse,lm_eta,lm_bias,lm_mse,team_strength_correlation,mu
bivnorm,0,-0.0011394114237499053,-0.0057650143748668725,-0.0057650143748668725,3.323539074242168e-5,-8.165625082074431e-4,-8.165625082074431e-4,6.667743298100306e-7,-0.38596491228069774,-0.38596491228069774,0.14896891351184668,-0.8,NA
