method,true_params,bivpois_eta,bivpois_estimated_ha,bivpois_bias,bivpois_mse,pc_eta,pc_bias,pc_mse,lm_eta,lm_bias,lm_mse,team_strength_correlation,mu
bivnorm,0.25,0.059403909606188805,0.30672506654338694,0.05672506654338694,0.003217733174351676,0.3054242306018388,0.05542423060183882,0.003071845337805807,0.21637426900585519,-0.033625730994144815,0.0011306897848905911,-0.4,NA
