method,true_params,bivpois_eta,bivpois_estimated_ha,bivpois_bias,bivpois_mse,pc_eta,pc_bias,pc_mse,lm_eta,lm_bias,lm_mse,team_strength_correlation,mu
bivnorm,0.25,0.060168447879499105,0.3075978129325181,0.05759781293251809,0.003317508054609348,0.30125344617100763,0.05125344617100763,0.002626915744404377,-0.6111111111111103,-0.8611111111111103,0.7415123456790109,-0.4,NA
