method,true_params,bivpois_eta,bivpois_estimated_ha,bivpois_bias,bivpois_mse,pc_eta,pc_bias,pc_mse,lm_eta,lm_bias,lm_mse,team_strength_correlation,mu
bivnorm,0.25,0.04436262789362577,0.22888285422639854,-0.021117145773601464,4.4593384562353417e-4,0.21648639665855376,-0.033513603341446235,0.0011231616089277963,-0.2982456140350779,-0.5482456140350779,0.3005732533086996,0,NA
