true_params,bivpois_eta,bivpois_eta_bias,bivpois_eta_mse,lm_eta,lm_eta_bias,lm_eta_mse
0.24258597502567916,0.23641603521162433,-0.006169939814054837,3.806815730905903e-5,-0.3099415204678422,-0.5525274954935213,0.3052866332763432
