true_params,bivpois_eta,bivpois_eta_bias,bivpois_eta_mse,lm_eta,lm_eta_bias,lm_eta_mse
0.4990543934501145,0.4288535597404886,-0.07020083370962588,0.004928157053526545,1.6725146198830412,1.1734602264329266,1.3770089030200152
