true_params,bivpois_eta,bivpois_eta_bias,bivpois_eta_mse,lm_eta,lm_eta_bias,lm_eta_mse
0.4172994029993848,0.41291000695830404,-0.00438939604108074,1.9266797605455273e-5,0.9912280701754328,0.573928667176048,0.3293941150064748
