true_params,bivpois_eta,bivpois_eta_bias,bivpois_eta_mse,lm_eta,lm_eta_bias,lm_eta_mse
0.44462666674146684,0.5018260846162966,0.057199417874829794,0.0032717734052193984,0.7251461988304179,0.28051953208895103,0.07869120788340403
