method,true_params,bivpois_eta,bivpois_estimated_ha,bivpois_bias,bivpois_mse,pc_eta,pc_bias,pc_mse,lm_eta,lm_bias,lm_mse,team_strength_correlation
bivnorm,0,-0.017637062297957234,-0.08712366397955584,-0.08712366397955584,0.007590532825222557,-0.08518697604720155,-0.08518697604720155,0.00725682088806649,0.3742690058479594,0.3742690058479594,0.14007728873841988,0
