method,true_params,bivpois_eta,bivpois_estimated_ha,bivpois_bias,bivpois_mse,pc_eta,pc_bias,pc_mse,lm_eta,lm_bias,lm_mse,team_strength_correlation
bivnorm,0,-0.012677208517889558,-0.061127033883995985,-0.061127033883995985,0.003736514271455193,-0.05776825072134132,-0.05776825072134132,0.003337170791403752,0.400584795321641,0.400584795321641,0.160468178242881,0
