method,true_params,bivpois_eta,bivpois_estimated_ha,bivpois_bias,bivpois_mse,pc_eta,pc_bias,pc_mse,lm_eta,lm_bias,lm_mse,team_strength_correlation
bivnorm,0,0.0072852387973315865,0.03704695068072272,0.03704695068072272,0.0013724765547399019,0.04273025976115867,0.04273025976115867,0.0018258750992560958,-0.7660818713450406,-0.7660818713450406,0.5868814336035193,0
