method,true_params,bivpois_eta,bivpois_estimated_ha,bivpois_bias,bivpois_mse,pc_eta,pc_bias,pc_mse,lm_eta,lm_bias,lm_mse,team_strength_correlation
bivnorm,0,0.005667410998668037,0.028966398582117137,0.028966398582117137,8.390522468180777e-4,0.030809688202952698,0.030809688202952698,9.492368871631627e-4,-0.035087719298248034,-0.035087719298248034,0.0012311480455526474,0
