method,true_params,bivpois_eta,bivpois_estimated_ha,bivpois_bias,bivpois_mse,pc_eta,pc_bias,pc_mse,lm_eta,lm_bias,lm_mse,team_strength_correlation
bivpois,0,0.039022469594924065,0.039944428536500265,0.039944428536500265,0.0015955573711075768,0.041370232049343446,0.041370232049343446,0.0017114960998165236,0.7309941520467932,0.7309941520467932,0.5343524503266102,0
