method,true_params,bivpois_eta,bivpois_estimated_ha,bivpois_bias,bivpois_mse,pc_eta,pc_bias,pc_mse,lm_eta,lm_bias,lm_mse,team_strength_correlation
bivnorm,0,-0.015863381195247068,-0.07735569405884046,-0.07735569405884046,0.005983903403324926,-0.06639721633889693,-0.06639721633889693,0.004408590337554282,0.18421052631577756,0.18421052631577756,0.033933518005535776,0
