method,true_params,bivpois_eta,bivpois_estimated_ha,bivpois_bias,bivpois_mse,pc_eta,pc_bias,pc_mse,lm_eta,lm_bias,lm_mse,team_strength_correlation
bivnorm,0,0.0015860456341730339,0.00806912720115438,0.00806912720115438,6.511081378840952e-5,0.0016490250805623699,0.0016490250805623699,2.7192837163237302e-6,-0.0029239766081863776,-0.0029239766081863776,8.549639205221113e-6,0
