method,true_params,bivpois_eta,bivpois_estimated_ha,bivpois_bias,bivpois_mse,pc_eta,pc_bias,pc_mse,lm_eta,lm_bias,lm_mse,team_strength_correlation
bivnorm,0,-0.014614891577877464,-0.07599837028891265,-0.07599837028891265,0.0057757522865706816,-0.08393613188693089,-0.08393613188693089,0.007045274236140256,-0.40643274853801997,-0.40643274853801997,0.16518757908416937,0
