method,true_params,bivpois_eta,bivpois_estimated_ha,bivpois_bias,bivpois_mse,pc_eta,pc_bias,pc_mse,lm_eta,lm_bias,lm_mse,team_strength_correlation
bivnorm,0,0.001907460695660972,0.009643158292498732,0.009643158292498732,9.299050185418708e-5,0.0016159367835876768,0.0016159367835876768,2.6112516885516865e-6,-1.0029239766081914,-1.0029239766081914,1.0058565028555881,0
