method,true_params,bivpois_eta,bivpois_estimated_ha,bivpois_bias,bivpois_mse,pc_eta,pc_bias,pc_mse,lm_eta,lm_bias,lm_mse,team_strength_correlation
bivnorm,0,0.009678699636775425,0.04833152248768169,0.04833152248768169,0.0023359360659772808,0.042804577478654175,0.042804577478654175,0.0018322318531261083,-0.10526315789473428,-0.10526315789473428,0.01108033240997176,0
