method,true_params,bivpois_eta,bivpois_estimated_ha,bivpois_bias,bivpois_mse,pc_eta,pc_bias,pc_mse,lm_eta,lm_bias,lm_mse,team_strength_correlation
bivnorm,0,0.005652731730349049,0.02807713131759737,0.02807713131759737,7.883253030256071e-4,0.030491857500976736,0.030491857500976736,9.297533738598713e-4,0.3567251461988281,0.3567251461988281,0.1272528299305753,0
