method,true_params,bivpois_eta,bivpois_estimated_ha,bivpois_bias,bivpois_mse,pc_eta,pc_bias,pc_mse,lm_eta,lm_bias,lm_mse,team_strength_correlation
bivnorm,0,-0.008283696543787519,-0.041835299131394166,-0.041835299131394166,0.0017501922534132294,-0.04040501118980472,-0.04040501118980472,0.0016325649292482445,0.7076023391812972,0.7076023391812972,0.5007010704148436,0
