method,true_params,bivpois_eta,bivpois_estimated_ha,bivpois_bias,bivpois_mse,pc_eta,pc_bias,pc_mse,lm_eta,lm_bias,lm_mse,team_strength_correlation
bivnorm,0,0.0014980680055997756,0.007352579112071211,0.007352579112071211,5.406041959926588e-5,0.005204720740012168,0.005204720740012168,2.7089117981512812e-5,0.2748538011695959,0.2748538011695959,0.07554461201737575,0
