method,true_params,bivpois_eta,bivpois_estimated_ha,bivpois_bias,bivpois_mse,pc_eta,pc_bias,pc_mse,lm_eta,lm_bias,lm_mse,team_strength_correlation
bivnorm,0,-4.896906386845979e-4,-0.0024551495718210248,-0.0024551495718210248,6.027759420012961e-6,0.0029652791694120086,0.0029652791694120086,8.792880552548772e-6,-0.3391812865497163,-0.3391812865497163,0.11504394514552076,0
