method,true_params,bivpois_eta,bivpois_estimated_ha,bivpois_bias,bivpois_mse,pc_eta,pc_bias,pc_mse,lm_eta,lm_bias,lm_mse,team_strength_correlation
bivpois,0,-0.127579562264511,-0.12246770955425501,-0.12246770955425501,0.014998339883465365,-0.13647071571346164,-0.13647071571346164,0.018624256247344467,-0.2923976608187132,-0.2923976608187132,0.08549639205225526,0
