method,true_params,bivpois_eta,bivpois_estimated_ha,bivpois_bias,bivpois_mse,pc_eta,pc_bias,pc_mse,lm_eta,lm_bias,lm_mse,team_strength_correlation
bivnorm,0,-0.007464506421401313,-0.03730515738122886,-0.03730515738122886,0.0013916747672382541,-0.04096228241188733,-0.04096228241188733,0.0016779085803912143,-0.9005847953216398,-0.9005847953216398,0.8110529735645199,0
