method,true_params,bivpois_eta,bivpois_estimated_ha,bivpois_bias,bivpois_mse,pc_eta,pc_bias,pc_mse,lm_eta,lm_bias,lm_mse,team_strength_correlation
bivnorm,0,-0.010032245703386329,-0.0481290962899239,-0.0481290962899239,0.0023164099096847665,-0.05273566862528486,-0.05273566862528486,0.0027810507453558536,0.05555555555555738,0.05555555555555738,0.003086419753086622,0
