method,true_params,bivpois_eta,bivpois_estimated_ha,bivpois_bias,bivpois_mse,pc_eta,pc_bias,pc_mse,lm_eta,lm_bias,lm_mse,team_strength_correlation
bivnorm,0,6.511060289216841e-4,0.003227329522737854,0.003227329522737854,1.0415655848335345e-5,0.0043783173847346205,0.0043783173847346205,1.9169663121469406e-5,-0.5614035087719216,-0.5614035087719216,0.315173899661425,0
