method,true_params,bivpois_eta,bivpois_estimated_ha,bivpois_bias,bivpois_mse,pc_eta,pc_bias,pc_mse,lm_eta,lm_bias,lm_mse,team_strength_correlation
bivnorm,0,-0.019012139275506514,-0.09521412106158156,-0.09521412106158156,0.00906572884952951,-0.10278343656006439,-0.10278343656006439,0.010564434831096781,-0.1111111111111061,-0.1111111111111061,0.012345679012344565,0
