method,true_params,bivpois_eta,bivpois_estimated_ha,bivpois_bias,bivpois_mse,pc_eta,pc_bias,pc_mse,lm_eta,lm_bias,lm_mse,team_strength_correlation
bivnorm,0,-0.009901107102455961,-0.050611101156574634,-0.050611101156574634,0.00256148356028103,-0.0512683022175953,-0.0512683022175953,0.002628438812274687,-0.4970760233918067,-0.4970760233918067,0.24708457303101194,0
