method,true_params,bivpois_eta,bivpois_estimated_ha,bivpois_bias,bivpois_mse,pc_eta,pc_bias,pc_mse,lm_eta,lm_bias,lm_mse,team_strength_correlation
bivnorm,0,-0.02587932782657516,-0.13263140256446793,-0.13263140256446793,0.01759108894621795,-0.13117419374226436,-0.13117419374226436,0.017206669103933106,0.5906432748538086,0.5906432748538086,0.3488594781300317,0
