method,true_params,bivpois_eta,bivpois_estimated_ha,bivpois_bias,bivpois_mse,pc_eta,pc_bias,pc_mse,lm_eta,lm_bias,lm_mse,team_strength_correlation
bivpois,0,0.022840301148288084,0.02505079964328072,0.02505079964328072,6.275425627677934e-4,0.03499842040983824,0.03499842040983824,0.001224889431183782,-0.5906432748538055,-0.5906432748538055,0.34885947813002804,0
