method,true_params,bivpois_eta,bivpois_estimated_ha,bivpois_bias,bivpois_mse,pc_eta,pc_bias,pc_mse,lm_eta,lm_bias,lm_mse,team_strength_correlation
bivnorm,0,0.009880147915157065,0.05009268124362887,0.05009268124362887,0.0025092767141758074,0.05800992620136616,0.05800992620136616,0.0033651515378879484,-0.2836257309941561,-0.2836257309941561,0.0804435552819694,0
