method,true_params,bivpois_eta,bivpois_estimated_ha,bivpois_bias,bivpois_mse,pc_eta,pc_bias,pc_mse,lm_eta,lm_bias,lm_mse,team_strength_correlation
bivnorm,0,-0.026279561921021776,-0.12880395756658114,-0.12880395756658114,0.016590459484813636,-0.12794628354578383,-0.12794628354578383,0.016370251473178114,-0.5818713450292406,-0.5818713450292406,0.3385742621661376,0
