method,true_params,bivpois_eta,bivpois_estimated_ha,bivpois_bias,bivpois_mse,pc_eta,pc_bias,pc_mse,lm_eta,lm_bias,lm_mse,team_strength_correlation
bivnorm,0,-0.017130415074957203,-0.08091585167569093,-0.08091585167569093,0.006547375052402415,-0.08663113344856854,-0.08663113344856854,0.007504953282583692,0.3157894736842098,0.3157894736842098,0.09972299168975023,0
