method,true_params,bivpois_eta,bivpois_estimated_ha,bivpois_bias,bivpois_mse,pc_eta,pc_bias,pc_mse,lm_eta,lm_bias,lm_mse,team_strength_correlation
bivnorm,0,-0.01230218131653085,-0.05954700209897723,-0.05954700209897723,0.0035458454589755986,-0.05790217456324365,-0.05790217456324365,0.0033526618191523395,0.6754385964912331,0.6754385964912331,0.45621729763004676,0
