method,true_params,bivpois_eta,bivpois_estimated_ha,bivpois_bias,bivpois_mse,pc_eta,pc_bias,pc_mse,lm_eta,lm_bias,lm_mse,team_strength_correlation
bivnorm,0,6.981420915067497e-4,0.003572503945029837,0.003572503945029837,1.2762784437253748e-5,-4.957114000718947e-4,-4.957114000718947e-4,2.45729792161238e-7,0.44444444444444237,0.44444444444444237,0.19753086419752902,0
