method,true_params,bivpois_eta,bivpois_estimated_ha,bivpois_bias,bivpois_mse,pc_eta,pc_bias,pc_mse,lm_eta,lm_bias,lm_mse,team_strength_correlation
bivnorm,0,0.002322224772080921,0.012058410332230984,0.012058410332230984,1.4540525974045496e-4,0.009862626142715858,0.009862626142715858,9.727139443098227e-5,0.21345029239765867,0.21345029239765867,0.04556102732464598,0
