method,true_params,bivpois_eta,bivpois_estimated_ha,bivpois_bias,bivpois_mse,pc_eta,pc_bias,pc_mse,lm_eta,lm_bias,lm_mse,team_strength_correlation
bivnorm,0,0.01539473698136647,0.07752213426036647,0.07752213426036647,0.006009681300282285,0.07722624734644455,0.07722624734644455,0.005963893279214234,0.023391812865492335,0.023391812865492335,5.471769091342127e-4,0
