method,true_params,bivpois_eta,bivpois_estimated_ha,bivpois_bias,bivpois_mse,pc_eta,pc_bias,pc_mse,lm_eta,lm_bias,lm_mse,team_strength_correlation
bivpois,0,0.06294206348893848,0.060820207938106274,0.060820207938106274,0.0036990976936344855,0.06957696068947809,0.06957696068947809,0.00484095345878518,0.41812865497077273,0.41812865497077273,0.1748315721076675,0
