method,true_params,bivpois_eta,bivpois_estimated_ha,bivpois_bias,bivpois_mse,pc_eta,pc_bias,pc_mse,lm_eta,lm_bias,lm_mse,team_strength_correlation
bivnorm,0,8.273320512752231e-4,0.0041933034855068385,0.0041933034855068385,1.75837941215638e-5,7.169453502090195e-4,7.169453502090195e-4,5.140106351863337e-7,-1.3412487893441283e-14,-1.3412487893441283e-14,1.7989483149170898e-28,0
