method,true_params,bivpois_eta,bivpois_estimated_ha,bivpois_bias,bivpois_mse,pc_eta,pc_bias,pc_mse,lm_eta,lm_bias,lm_mse,team_strength_correlation
bivnorm,0,-0.017048695490714243,-0.0830373363274175,-0.0830373363274175,0.00689519922435265,-0.0836238400074544,-0.0836238400074544,0.006992946617592331,-0.4093567251461955,-0.4093567251461955,0.16757292842241783,0
