method,true_params,bivpois_eta,bivpois_estimated_ha,bivpois_bias,bivpois_mse,pc_eta,pc_bias,pc_mse,lm_eta,lm_bias,lm_mse,team_strength_correlation
bivnorm,0,-0.004999733847220918,-0.024165012466982994,-0.024165012466982994,5.839478275294435e-4,-0.020865882521455017,-0.020865882521455017,4.35385053399162e-4,0.8011695906432726,0.8011695906432726,0.641872712971509,0
