method,true_params,bivpois_eta,bivpois_estimated_ha,bivpois_bias,bivpois_mse,pc_eta,pc_bias,pc_mse,lm_eta,lm_bias,lm_mse,team_strength_correlation
bivnorm,0,0.002362273397394278,0.012145784062775888,0.012145784062775888,1.4752007049958075e-4,0.010860289904497444,0.010860289904497444,1.1794589680972911e-4,0.2134502923976498,0.2134502923976498,0.04556102732464219,0
