method,true_params,bivpois_eta,bivpois_estimated_ha,bivpois_bias,bivpois_mse,pc_eta,pc_bias,pc_mse,lm_eta,lm_bias,lm_mse,team_strength_correlation
bivnorm,0,0.006145299088956443,0.030491808849120616,0.030491808849120616,9.297504068913103e-4,0.01973765438304488,0.01973765438304488,3.895750005445308e-4,-0.023391812865499052,-0.023391812865499052,5.47176909134527e-4,0
