method,true_params,bivpois_eta,bivpois_estimated_ha,bivpois_bias,bivpois_mse,pc_eta,pc_bias,pc_mse,lm_eta,lm_bias,lm_mse,team_strength_correlation
bivnorm,0,-0.021884475131250143,-0.10903369445873246,-0.10903369445873246,0.011888346527320225,-0.10872661305152581,-0.10872661305152581,0.011821476385656223,0.39766081871346015,0.39766081871346015,0.1581341267398594,0
