method,true_params,bivpois_eta,bivpois_estimated_ha,bivpois_bias,bivpois_mse,pc_eta,pc_bias,pc_mse,lm_eta,lm_bias,lm_mse,team_strength_correlation
bivpois,0,0.02700137662659107,0.027756372031339627,0.027756372031339627,7.704161883421327e-4,0.025114832257068495,0.025114832257068495,6.307547993006882e-4,-0.2543859649122861,-0.2543859649122861,0.06471221914435485,0
