method,true_params,bivpois_eta,bivpois_estimated_ha,bivpois_bias,bivpois_mse,pc_eta,pc_bias,pc_mse,lm_eta,lm_bias,lm_mse,team_strength_correlation
bivnorm,0,-0.00394279724455286,-0.01958230716812359,-0.01958230716812359,3.834667540267446e-4,-0.01652825286976778,-0.01652825286976778,2.731831429269868e-4,-0.14619883040935183,-0.14619883040935183,0.021374098013062417,0
