method,true_params,bivpois_eta,bivpois_estimated_ha,bivpois_bias,bivpois_mse,pc_eta,pc_bias,pc_mse,lm_eta,lm_bias,lm_mse,team_strength_correlation
bivnorm,0,-0.014091654532121675,-0.07368020771899708,-0.07368020771899708,0.005428773009514557,-0.07981921793257114,-0.07981921793257114,0.006371107551367287,0.20467836257310593,0.20467836257310593,0.04189323210560781,0
