method,true_params,bivpois_eta,bivpois_estimated_ha,bivpois_bias,bivpois_mse,pc_eta,pc_bias,pc_mse,lm_eta,lm_bias,lm_mse,team_strength_correlation
bivnorm,0,0.011981628838056571,0.06015443676495824,0.06015443676495824,0.0036185562625093595,0.0650257396077389,0.0650257396077389,0.004228346811533464,0.48538011695907024,0.48538011695907024,0.2355938579392007,0
