method,true_params,bivpois_eta,bivpois_estimated_ha,bivpois_bias,bivpois_mse,pc_eta,pc_bias,pc_mse,lm_eta,lm_bias,lm_mse,team_strength_correlation
bivpois,0,-0.058180755918414706,-0.052968210918633685,-0.052968210918633685,0.0028056313679208646,-0.059136556004359304,-0.059136556004359304,0.0034971322560567245,0.011695906432749833,0.011695906432749833,1.3679422728363894e-4,-0.5
