method,true_params,bivpois_eta,bivpois_estimated_ha,bivpois_bias,bivpois_mse,pc_eta,pc_bias,pc_mse,lm_eta,lm_bias,lm_mse,team_strength_correlation
bivnorm,0,0.0029552890832446146,0.015052910747408887,0.015052910747408887,2.2659012196945798e-4,0.016801382427773997,0.016801382427773997,2.8228645148431285e-4,-0.6315789473684276,-0.6315789473684276,0.398891966759011,0.5
