method,true_params,bivpois_eta,bivpois_estimated_ha,bivpois_bias,bivpois_mse,pc_eta,pc_bias,pc_mse,lm_eta,lm_bias,lm_mse,team_strength_correlation
bivnorm,0,-6.56503501337761e-4,-0.0030208603376911114,-0.0030208603376911114,9.125597179835255e-6,-0.013327354584699531,-0.013327354584699531,1.776183802263116e-4,-0.04385964912281009,-0.04385964912281009,0.0019236688211760158,0.5
