method,true_params,bivpois_eta,bivpois_estimated_ha,bivpois_bias,bivpois_mse,pc_eta,pc_bias,pc_mse,lm_eta,lm_bias,lm_mse,team_strength_correlation
bivnorm,0,0.018949486873063495,0.09470460561125016,0.09470460561125016,0.008968962323982435,0.09696132703620786,0.09696132703620786,0.009401498940622453,0.5029239766081877,0.5029239766081877,0.2529325262473929,0.5
