method,true_params,bivpois_eta,bivpois_estimated_ha,bivpois_bias,bivpois_mse,pc_eta,pc_bias,pc_mse,lm_eta,lm_bias,lm_mse,team_strength_correlation
bivnorm,0,-0.006960358047923945,-0.035105019802586845,-0.035105019802586845,0.0012323624153400146,-0.03671256219992899,-0.03671256219992899,0.0013478122232836547,0.15204678362573,0.15204678362573,0.023118224410929554,0.5
