method,true_params,bivpois_eta,bivpois_estimated_ha,bivpois_bias,bivpois_mse,pc_eta,pc_bias,pc_mse,lm_eta,lm_bias,lm_mse,team_strength_correlation
bivnorm,0,-0.0256066164488592,-0.12819064186685125,-0.12819064186685125,0.016432840662235316,-0.13427416129293376,-0.13427416129293376,0.01802955039092079,-0.7397660818713458,-0.7397660818713458,0.5472538558872828,0.5
