method,true_params,bivpois_eta,bivpois_estimated_ha,bivpois_bias,bivpois_mse,pc_eta,pc_bias,pc_mse,lm_eta,lm_bias,lm_mse,team_strength_correlation
bivnorm,0,-0.015305200136554675,-0.07329370627379017,-0.07329370627379017,0.005371967379348629,-0.07046472797842017,-0.07046472797842017,0.00496527788907275,0.24561403508771096,0.24561403508771096,0.06032625423206731,0.5
