method,true_params,bivpois_eta,bivpois_estimated_ha,bivpois_bias,bivpois_mse,pc_eta,pc_bias,pc_mse,lm_eta,lm_bias,lm_mse,team_strength_correlation
bivpois,0,-0.006133538211599149,-0.004710464794266622,-0.004710464794266622,2.218847857802529e-5,-0.0032027210096273783,-0.0032027210096273783,1.0257421865508613e-5,0.614035087719306,0.614035087719306,0.37703908895045585,0
