method,true_params,bivpois_eta,bivpois_estimated_ha,bivpois_bias,bivpois_mse,pc_eta,pc_bias,pc_mse,lm_eta,lm_bias,lm_mse,team_strength_correlation
bivnorm,0,0.023194424307832192,0.11508994407527773,0.11508994407527773,0.013245695227250555,0.11447058607368714,0.11447058607368714,0.013103515076053417,0.31871345029239523,0.31871345029239523,0.10157826339728308,0.5
