method,true_params,bivpois_eta,bivpois_estimated_ha,bivpois_bias,bivpois_mse,pc_eta,pc_bias,pc_mse,lm_eta,lm_bias,lm_mse,team_strength_correlation
bivnorm,0,-0.0013922282002764802,-0.006974895592735564,-0.006974895592735564,4.864916852956199e-5,-0.009856436921937073,-0.009856436921937073,9.714934879612436e-5,-0.09941520467835878,-0.09941520467835878,0.00988338292123997,0.5
