method,true_params,bivpois_eta,bivpois_estimated_ha,bivpois_bias,bivpois_mse,pc_eta,pc_bias,pc_mse,lm_eta,lm_bias,lm_mse,team_strength_correlation
bivnorm,0,0.0169867618912468,0.08609914874607316,0.08609914874607316,0.007413063414798432,0.0694765463560612,0.0694765463560612,0.00482699049356592,0.03216374269004333,0.03216374269004333,0.0010345063438313158,0.5
