method,true_params,bivpois_eta,bivpois_estimated_ha,bivpois_bias,bivpois_mse,pc_eta,pc_bias,pc_mse,lm_eta,lm_bias,lm_mse,team_strength_correlation
bivnorm,0,-0.016854345578956303,-0.08584942863016565,-0.08584942863016565,0.007370124396125905,-0.08479988888268736,-0.08479988888268736,0.007191021154516123,-0.9005847953216327,-0.9005847953216327,0.8110529735645071,0.5
