method,true_params,bivpois_eta,bivpois_estimated_ha,bivpois_bias,bivpois_mse,pc_eta,pc_bias,pc_mse,lm_eta,lm_bias,lm_mse,team_strength_correlation
bivnorm,0,0.0020632961619428602,0.010800628720846639,0.010800628720846639,1.1665358076557731e-4,0.017382425320939563,0.017382425320939563,3.0214871003804086e-4,0.7602339181286588,0.7602339181286588,0.5779556102732523,0.5
