method,true_params,bivpois_eta,bivpois_estimated_ha,bivpois_bias,bivpois_mse,pc_eta,pc_bias,pc_mse,lm_eta,lm_bias,lm_mse,team_strength_correlation
bivnorm,0,-0.022993525358594617,-0.11265818812690487,-0.11265818812690487,0.01269186735203709,-0.11027285149597335,-0.11027285149597335,0.012160101777052993,-0.377192982456139,-0.377192982456139,0.1422745460141572,0.5
