method,true_params,bivpois_eta,bivpois_estimated_ha,bivpois_bias,bivpois_mse,pc_eta,pc_bias,pc_mse,lm_eta,lm_bias,lm_mse,team_strength_correlation
bivnorm,0,0.02184530270907606,0.10783510220310522,0.10783510220310522,0.011628409267154147,0.11137605883846019,0.11137605883846019,0.012404626482388147,0.6023391812865548,0.6023391812865548,0.3628124893129572,0.5
