method,true_params,bivpois_eta,bivpois_estimated_ha,bivpois_bias,bivpois_mse,pc_eta,pc_bias,pc_mse,lm_eta,lm_bias,lm_mse,team_strength_correlation
bivpois,0,0.038933673876590656,0.03355385953982004,0.03355385953982004,0.0011258614900179723,0.03862496753173929,0.03862496753173929,0.0014918881168279141,-0.4298245614035007,-0.4298245614035007,0.18474915358571176,0
