method,true_params,bivpois_eta,bivpois_estimated_ha,bivpois_bias,bivpois_mse,pc_eta,pc_bias,pc_mse,lm_eta,lm_bias,lm_mse,team_strength_correlation
bivnorm,0,0.017742515861861336,0.087437883313914,0.087437883313914,0.00764538343841764,0.07982521432387334,0.07982521432387334,0.006372064841852313,-0.14619883040936626,-0.14619883040936626,0.02137409801306664,0.5
