method,true_params,bivpois_eta,bivpois_estimated_ha,bivpois_bias,bivpois_mse,pc_eta,pc_bias,pc_mse,lm_eta,lm_bias,lm_mse,team_strength_correlation
bivnorm,0,0.020894122901240767,0.10167273300107116,0.10167273300107116,0.010337344635907105,0.10403056852798219,0.10403056852798219,0.010822359188255198,0.21929824561405345,0.21929824561405345,0.048091720529401714,0.5
