method,true_params,bivpois_eta,bivpois_estimated_ha,bivpois_bias,bivpois_mse,pc_eta,pc_bias,pc_mse,lm_eta,lm_bias,lm_mse,team_strength_correlation
bivpois,0,-0.028350437753534206,-0.024258068830502855,-0.024258068830502855,5.884539033854142e-4,-0.033525388644141306,-0.033525388644141306,0.0011239516837407188,-0.6315789473684175,-0.6315789473684175,0.39889196675899824,0
