method,true_params,bivpois_eta,bivpois_estimated_ha,bivpois_bias,bivpois_mse,pc_eta,pc_bias,pc_mse,lm_eta,lm_bias,lm_mse,team_strength_correlation
bivnorm,0,-0.017855454423874633,-0.09051740558624743,-0.09051740558624743,0.008193400714065218,-0.09755796162409637,-0.09755796162409637,0.009517555876248661,-0.11695906432748363,-0.11695906432748363,0.013679422728360452,0.5
