method,true_params,bivpois_eta,bivpois_estimated_ha,bivpois_bias,bivpois_mse,pc_eta,pc_bias,pc_mse,lm_eta,lm_bias,lm_mse,team_strength_correlation
bivnorm,0,0.017278888482467936,0.08586872534579193,0.08586872534579193,0.007373437992511049,0.08367558107792838,0.08367558107792838,0.007001602868728966,0.7368421052631529,0.7368421052631529,0.5429362880886353,0.5
