method,true_params,bivpois_eta,bivpois_estimated_ha,bivpois_bias,bivpois_mse,pc_eta,pc_bias,pc_mse,lm_eta,lm_bias,lm_mse,team_strength_correlation
bivnorm,0,2.088063398138047e-4,0.001074762685126629,0.001074762685126629,1.1551148293406013e-6,-0.005197984703389344,-0.005197984703389344,2.701904497666961e-5,-0.216374269005853,-0.216374269005853,0.046817824287817236,0.5
