method,true_params,bivpois_eta,bivpois_estimated_ha,bivpois_bias,bivpois_mse,pc_eta,pc_bias,pc_mse,lm_eta,lm_bias,lm_mse,team_strength_correlation
bivnorm,0,0.005614116341746193,0.02789960517515855,0.02789960517515855,7.783879689297336e-4,0.019721841423782895,0.019721841423782895,3.889510291448389e-4,0.25438596491228077,0.25438596491228077,0.06471221914435214,0.5
