method,true_params,bivpois_eta,bivpois_estimated_ha,bivpois_bias,bivpois_mse,pc_eta,pc_bias,pc_mse,lm_eta,lm_bias,lm_mse,team_strength_correlation
bivnorm,0,-0.01679013276697006,-0.07950162332097666,-0.07950162332097666,0.00632050811067046,-0.07922860858917347,-0.07922860858917347,0.006277172418976452,-0.576023391812863,-0.576023391812863,0.33180294791559506,0.5
