method,true_params,bivpois_eta,bivpois_estimated_ha,bivpois_bias,bivpois_mse,pc_eta,pc_bias,pc_mse,lm_eta,lm_bias,lm_mse,team_strength_correlation
bivnorm,0,0.013182869942277764,0.06613371864253637,0.06613371864253637,0.004373668741490162,0.06543997191330764,0.06543997191330764,0.004282389924014493,0.6520467836257375,0.6520467836257375,0.4251650080366694,0.5
