method,true_params,bivpois_eta,bivpois_estimated_ha,bivpois_bias,bivpois_mse,pc_eta,pc_bias,pc_mse,lm_eta,lm_bias,lm_mse,team_strength_correlation
bivnorm,0,0.03806964517552938,0.1950848635479696,0.1950848635479696,0.038058103985529924,0.20511580501382803,0.20511580501382803,0.04207249346647072,0.15789473684210736,0.15789473684210736,0.024930747922438337,0.5
