method,true_params,bivpois_eta,bivpois_estimated_ha,bivpois_bias,bivpois_mse,pc_eta,pc_bias,pc_mse,lm_eta,lm_bias,lm_mse,team_strength_correlation
bivnorm,0,5.444229996266638e-4,0.002588786054188219,0.002588786054188219,6.701813234359408e-6,0.0024289743867534404,0.0024289743867534404,5.899916571504252e-6,0.2748538011695928,0.2748538011695928,0.07554461201737404,0.5
