method,true_params,bivpois_eta,bivpois_estimated_ha,bivpois_bias,bivpois_mse,pc_eta,pc_bias,pc_mse,lm_eta,lm_bias,lm_mse,team_strength_correlation
bivnorm,0,0.022472114679586357,0.10856569657555948,0.10856569657555948,0.011786510472936447,0.11604054651552986,0.11604054651552986,0.01346540843562285,-0.5701754385964831,-0.5701754385964831,0.3251000307786919,0.5
