method,true_params,bivpois_eta,bivpois_estimated_ha,bivpois_bias,bivpois_mse,pc_eta,pc_bias,pc_mse,lm_eta,lm_bias,lm_mse,team_strength_correlation
bivnorm,0,0.0032889142846666847,0.016258579256777317,0.016258579256777317,2.6434139944890963e-4,0.012342139569446403,0.012342139569446403,1.5232840915169464e-4,-0.12573099415204686,-0.12573099415204686,0.01580828289046204,0.5
