method,true_params,bivpois_eta,bivpois_estimated_ha,bivpois_bias,bivpois_mse,pc_eta,pc_bias,pc_mse,lm_eta,lm_bias,lm_mse,team_strength_correlation
bivnorm,0,7.306259647308261e-4,0.0037026315055719294,0.0037026315055719294,1.3709480066053854e-5,3.129898593276881e-4,3.129898593276881e-4,9.796265204196599e-8,-2.876138592861082e-15,-2.876138592861082e-15,8.272173205344925e-30,0.5
