method,true_params,bivpois_eta,bivpois_estimated_ha,bivpois_bias,bivpois_mse,pc_eta,pc_bias,pc_mse,lm_eta,lm_bias,lm_mse,team_strength_correlation
bivnorm,0,-0.008480391399197137,-0.04278975936773577,-0.04278975936773577,0.001830963506748731,-0.040020024994231115,-0.040020024994231115,0.0016016024005388832,-0.28654970760234477,-0.28654970760234477,0.08211073492698928,0.5
