method,true_params,bivpois_eta,bivpois_estimated_ha,bivpois_bias,bivpois_mse,pc_eta,pc_bias,pc_mse,lm_eta,lm_bias,lm_mse,team_strength_correlation
bivnorm,0,0.031835581425685065,0.1535433112151292,0.1535433112151292,0.023575548418906023,0.1476799604834807,0.1476799604834807,0.02180937072840242,-0.05263157894737089,-0.05263157894737089,0.0027700831024933346,0.5
