method,true_params,bivpois_eta,bivpois_estimated_ha,bivpois_bias,bivpois_mse,pc_eta,pc_bias,pc_mse,lm_eta,lm_bias,lm_mse,team_strength_correlation
bivpois,0,-0.08850270653473735,-0.09280960269895533,-0.09280960269895533,0.008613622353137937,-0.09702647796013741,-0.09702647796013741,0.009414137425349032,-0.16666666666667335,-0.16666666666667335,0.027777777777780004,0
