method,true_params,bivpois_eta,bivpois_estimated_ha,bivpois_bias,bivpois_mse,pc_eta,pc_bias,pc_mse,lm_eta,lm_bias,lm_mse,team_strength_correlation
bivnorm,0,0.024825606968036245,0.1273149260908557,0.1273149260908557,0.01620909040552005,0.12458787600007411,0.12458787600007411,0.015522138846209841,0.02631578947368994,0.02631578947368994,6.925207756235703e-4,0.5
