method,true_params,bivpois_eta,bivpois_estimated_ha,bivpois_bias,bivpois_mse,pc_eta,pc_bias,pc_mse,lm_eta,lm_bias,lm_mse,team_strength_correlation
bivnorm,0,0.0010202627222192732,0.005137594090395936,0.005137594090395936,2.6394873037671245e-5,0.00818435799304581,0.00818435799304581,6.698371575833284e-5,0.04385964912281205,0.04385964912281205,0.0019236688211761882,0.5
