method,true_params,bivpois_eta,bivpois_estimated_ha,bivpois_bias,bivpois_mse,pc_eta,pc_bias,pc_mse,lm_eta,lm_bias,lm_mse,team_strength_correlation
bivnorm,0,0.008080512186363298,0.03932634626411957,0.03932634626411957,0.0015465615104854314,0.03670123272845331,0.03670123272845331,0.0013469804837880925,-0.1520467836257309,-0.1520467836257309,0.02311822441092983,0.5
