method,true_params,bivpois_eta,bivpois_estimated_ha,bivpois_bias,bivpois_mse,pc_eta,pc_bias,pc_mse,lm_eta,lm_bias,lm_mse,team_strength_correlation
bivnorm,0.5,0.08934453377583045,0.4721444236241892,-0.02785557637581082,7.759331352286299e-4,0.47125044317510667,-0.02874955682489333,8.265370176277707e-4,0.5292397660818734,0.029239766081873397,8.54963920522674e-4,-0.5
