method,true_params,bivpois_eta,bivpois_estimated_ha,bivpois_bias,bivpois_mse,pc_eta,pc_bias,pc_mse,lm_eta,lm_bias,lm_mse,team_strength_correlation
bivnorm,0.5,0.10380125011283439,0.542564650290589,0.04256465029058898,0.0018117494543601364,0.5432920290763118,0.0432920290763118,0.0018741997815442263,0.8976608187134577,0.3976608187134577,0.15813412673985747,-0.5
