method,true_params,bivpois_eta,bivpois_estimated_ha,bivpois_bias,bivpois_mse,pc_eta,pc_bias,pc_mse,lm_eta,lm_bias,lm_mse,team_strength_correlation
bivnorm,0.5,0.06808229014040555,0.3569651666059235,-0.14303483339407652,0.020458963564071227,0.35523388108309184,-0.14476611891690816,0.020957229186264394,0.3274853801169635,-0.1725146198830365,0.029761294073388577,-0.5
