method,true_params,bivpois_eta,bivpois_estimated_ha,bivpois_bias,bivpois_mse,pc_eta,pc_bias,pc_mse,lm_eta,lm_bias,lm_mse,team_strength_correlation
bivnorm,0.5,0.08598486517651266,0.44666673378401267,-0.05333326621598733,0.0028444372852653756,0.4306769322410507,-0.06932306775894931,0.0048056877235118775,1.0175438596491173,0.5175438596491173,0.26785164666050526,-0.5
