method,true_params,bivpois_eta,bivpois_estimated_ha,bivpois_bias,bivpois_mse,pc_eta,pc_bias,pc_mse,lm_eta,lm_bias,lm_mse,team_strength_correlation
bivnorm,0.5,0.09750495103722669,0.5077083877921558,0.007708387792155769,5.9419242354256084e-5,0.5031082638676271,0.0031082638676270813,9.661304270796062e-6,-0.8362573099415447,-1.3362573099415447,1.7855835983722135,-0.5
