method,true_params,bivpois_eta,bivpois_estimated_ha,bivpois_bias,bivpois_mse,pc_eta,pc_bias,pc_mse,lm_eta,lm_bias,lm_mse,team_strength_correlation
bivnorm,0.5,0.08782653038187693,0.4495774590673518,-0.0504225409326482,0.002542432634104583,0.44023411484931124,-0.05976588515068876,0.003571961027845319,1.5116959064327498,1.0116959064327498,1.0235286070927831,-0.5
