method,true_params,bivpois_eta,bivpois_estimated_ha,bivpois_bias,bivpois_mse,pc_eta,pc_bias,pc_mse,lm_eta,lm_bias,lm_mse,team_strength_correlation
bivnorm,0.5,0.10667619745284469,0.570927811652628,0.07092781165262796,0.005030754465830667,0.5822813870359573,0.08228138703595733,0.006770226652561008,-0.3684210526315686,-0.8684210526315685,0.7541551246537216,-0.5
