method,true_params,bivpois_eta,bivpois_estimated_ha,bivpois_bias,bivpois_mse,pc_eta,pc_bias,pc_mse,lm_eta,lm_bias,lm_mse,team_strength_correlation
bivnorm,0.5,0.09579036090267143,0.49423985359016687,-0.005760146409833133,3.3179286662713534e-5,0.5018293479154421,0.0018293479154420922,3.346513795732328e-6,0.21929824561404077,-0.28070175438595923,0.07879347491535539,-0.5
