method,true_params,bivpois_eta,bivpois_estimated_ha,bivpois_bias,bivpois_mse,pc_eta,pc_bias,pc_mse,lm_eta,lm_bias,lm_mse,team_strength_correlation
bivnorm,0.5,0.12957279806013733,0.6716081083128929,0.17160810831289286,0.02944934283872957,0.6759771471137441,0.17597714711374413,0.030967956306292344,1.0233918128655017,0.5233918128655017,0.2739389897746364,-0.5
