method,true_params,bivpois_eta,bivpois_estimated_ha,bivpois_bias,bivpois_mse,pc_eta,pc_bias,pc_mse,lm_eta,lm_bias,lm_mse,team_strength_correlation
bivnorm,0.5,0.10403817915730809,0.5358229039569267,0.035822903956926666,0.0012832804479071922,0.5357154795926936,0.03571547959269361,0.0012755954825361137,1.4005847953216317,0.9005847953216317,0.8110529735645053,-0.5
