method,true_params,bivpois_eta,bivpois_estimated_ha,bivpois_bias,bivpois_mse,pc_eta,pc_bias,pc_mse,lm_eta,lm_bias,lm_mse,team_strength_correlation
bivpois,0,-0.17061967912555187,-0.1716798289241891,-0.1716798289241891,0.029473963659438832,-0.1828829291987201,-0.1828829291987201,0.03344616579230407,-0.236842105263165,-0.236842105263165,0.05609418282548812,0
