method,true_params,bivpois_eta,bivpois_estimated_ha,bivpois_bias,bivpois_mse,pc_eta,pc_bias,pc_mse,lm_eta,lm_bias,lm_mse,team_strength_correlation
bivnorm,0.5,0.12484027369330432,0.6655386810349722,0.16553868103497216,0.02740305491879825,0.6704852514153548,0.17048525141535475,0.02906522095015672,0.14619883040935144,-0.35380116959064856,0.12517526760371087,-0.5
