method,true_params,bivpois_eta,bivpois_estimated_ha,bivpois_bias,bivpois_mse,pc_eta,pc_bias,pc_mse,lm_eta,lm_bias,lm_mse,team_strength_correlation
bivnorm,0.5,0.09334449253952522,0.48279476833547275,-0.017205231664527254,2.960199966300513e-4,0.481977330248058,-0.018022669751942,3.248166249875651e-4,1.7397660818713456,1.2397660818713456,1.537019937758628,-0.5
