method,true_params,bivpois_eta,bivpois_estimated_ha,bivpois_bias,bivpois_mse,pc_eta,pc_bias,pc_mse,lm_eta,lm_bias,lm_mse,team_strength_correlation
bivnorm,0.5,0.08858267629331595,0.46426367840375615,-0.03573632159624385,0.0012770846812301645,0.4641484272044568,-0.035851572795543185,0.0012853352719141321,0.9853801169590541,0.48538011695905414,0.23559385793918508,-0.5
