method,true_params,bivpois_eta,bivpois_estimated_ha,bivpois_bias,bivpois_mse,pc_eta,pc_bias,pc_mse,lm_eta,lm_bias,lm_mse,team_strength_correlation
bivnorm,0.5,0.08813268544706115,0.46146921974014,-0.03853078025986001,0.0014846210274336176,0.45947010819343426,-0.04052989180656574,0.001642672129851925,0.15204678362572732,-0.3479532163742727,0.12107144078520142,-0.5
