method,true_params,bivpois_eta,bivpois_estimated_ha,bivpois_bias,bivpois_mse,pc_eta,pc_bias,pc_mse,lm_eta,lm_bias,lm_mse,team_strength_correlation
bivnorm,0.5,0.10489765603780028,0.5517321216634752,0.051732121663475183,0.0026762124118045985,0.5495089246576488,0.04950892465764878,0.002451133620756743,0.5555555555555572,0.055555555555557246,0.0030864197530866074,-0.5
