method,true_params,bivpois_eta,bivpois_estimated_ha,bivpois_bias,bivpois_mse,pc_eta,pc_bias,pc_mse,lm_eta,lm_bias,lm_mse,team_strength_correlation
bivnorm,0.5,0.08770879165279917,0.4593643979489128,-0.04063560205108718,0.001651252154054321,0.45842216186964196,-0.041577838130358036,0.0017287166235942545,0.3801169590643153,-0.11988304093568469,0.014371943503987052,-0.5
