method,true_params,bivpois_eta,bivpois_estimated_ha,bivpois_bias,bivpois_mse,pc_eta,pc_bias,pc_mse,lm_eta,lm_bias,lm_mse,team_strength_correlation
bivnorm,0.5,0.11645975217298406,0.5992645860655665,0.09926458606556654,0.009853458046768267,0.6044671107479328,0.1044671107479328,0.010913377228020858,0.32748538011695233,-0.17251461988304767,0.029761294073392428,-0.5
