method,true_params,bivpois_eta,bivpois_estimated_ha,bivpois_bias,bivpois_mse,pc_eta,pc_bias,pc_mse,lm_eta,lm_bias,lm_mse,team_strength_correlation
bivnorm,0.5,0.07637902177501632,0.4009715123132027,-0.09902848768679728,0.009806641373534162,0.4050783218214833,-0.09492167817851671,0.009010124988225895,0.27192982456140463,-0.22807017543859537,0.05201600492459167,-0.5
