method,true_params,bivpois_eta,bivpois_estimated_ha,bivpois_bias,bivpois_mse,pc_eta,pc_bias,pc_mse,lm_eta,lm_bias,lm_mse,team_strength_correlation
bivnorm,0.5,0.09981502364083285,0.5208458938206402,0.02084589382064017,4.3455128918140406e-4,0.5178990881161359,0.01789908811613594,3.203773553891989e-4,1.0350877192982395,0.5350877192982395,0.28631886734379153,-0.5
