method,true_params,bivpois_eta,bivpois_estimated_ha,bivpois_bias,bivpois_mse,pc_eta,pc_bias,pc_mse,lm_eta,lm_bias,lm_mse,team_strength_correlation
bivnorm,0.5,0.09993117045406946,0.5272351546766831,0.027235154676683138,7.417536502628553e-4,0.5344089815465062,0.03440898154650618,0.0011839780110678027,0.40935672514620014,-0.09064327485379986,0.008216203276221506,-0.5
