method,true_params,bivpois_eta,bivpois_estimated_ha,bivpois_bias,bivpois_mse,pc_eta,pc_bias,pc_mse,lm_eta,lm_bias,lm_mse,team_strength_correlation
bivnorm,0.5,0.0929873032136289,0.4842840980270573,-0.015715901972942703,2.4698957482314435e-4,0.4853237367158845,-0.014676263284115476,2.15392703984676e-4,0.40350877192983176,-0.09649122807016824,0.009310557094489224,-0.5
