method,true_params,bivpois_eta,bivpois_estimated_ha,bivpois_bias,bivpois_mse,pc_eta,pc_bias,pc_mse,lm_eta,lm_bias,lm_mse,team_strength_correlation
bivnorm,0.5,0.10372994377352963,0.5575786802803098,0.05757868028030977,0.003315304422822133,0.5605072462127693,0.06050724621276926,0.00366112684425268,-0.40058479532164504,-0.900584795321645,0.8110529735645293,-0.5
