method,true_params,bivpois_eta,bivpois_estimated_ha,bivpois_bias,bivpois_mse,pc_eta,pc_bias,pc_mse,lm_eta,lm_bias,lm_mse,team_strength_correlation
bivnorm,0.5,0.10072306764612718,0.5166415341526402,0.016641534152640247,2.7694065895349175e-4,0.5168156516218176,0.01681565162181764,2.827661394663382e-4,0.5935672514619961,0.09356725146199607,0.008754830546152406,-0.5
