method,true_params,bivpois_eta,bivpois_estimated_ha,bivpois_bias,bivpois_mse,pc_eta,pc_bias,pc_mse,lm_eta,lm_bias,lm_mse,team_strength_correlation
bivnorm,0.5,0.0887233093694464,0.46957772174056256,-0.03042227825943744,9.2551501449464e-4,0.47406559900929596,-0.025934400990704043,6.725931547466308e-4,-0.08479532163743285,-0.5847953216374329,0.34198556820902853,-0.5
