method,true_params,bivpois_eta,bivpois_estimated_ha,bivpois_bias,bivpois_mse,pc_eta,pc_bias,pc_mse,lm_eta,lm_bias,lm_mse,team_strength_correlation
bivnorm,0.5,0.10992122062223214,0.5528674541810839,0.05286745418108385,0.002794967711589,0.5546838886310567,0.054683888631056665,0.0029903276758138082,0.7719298245614045,0.27192982456140447,0.0739458294859962,-0.5
