method,true_params,bivpois_eta,bivpois_estimated_ha,bivpois_bias,bivpois_mse,pc_eta,pc_bias,pc_mse,lm_eta,lm_bias,lm_mse,team_strength_correlation
bivnorm,0.5,0.08860763708322088,0.46146725216839624,-0.038532747831603764,0.0014847726554539646,0.45753865737944627,-0.04246134262055373,0.001802965617140053,1.0438596491228191,0.5438596491228191,0.2957833179439959,-0.5
