method,true_params,bivpois_eta,bivpois_estimated_ha,bivpois_bias,bivpois_mse,pc_eta,pc_bias,pc_mse,lm_eta,lm_bias,lm_mse,team_strength_correlation
bivpois,0,0.03616963890993891,0.029796530062226267,0.029796530062226267,8.878332037491537e-4,0.03111496995298227,0.03111496995298227,9.681413551749894e-4,-0.36842105263157704,-0.36842105263157704,0.13573407202215926,0
