method,true_params,bivpois_eta,bivpois_estimated_ha,bivpois_bias,bivpois_mse,pc_eta,pc_bias,pc_mse,lm_eta,lm_bias,lm_mse,team_strength_correlation
bivnorm,0.5,0.10318023401593601,0.5424408073120679,0.042440807312067896,0.0018012221253000758,0.5451191320907316,0.045119132090731595,0.0020357360806208856,0.17251461988303665,-0.3274853801169634,0.107246674190352,-0.5
