method,true_params,bivpois_eta,bivpois_estimated_ha,bivpois_bias,bivpois_mse,pc_eta,pc_bias,pc_mse,lm_eta,lm_bias,lm_mse,team_strength_correlation
bivnorm,0.5,0.09944758265307732,0.5155233937920407,0.015523393792040707,2.4097575482276797e-4,0.5145524184134349,0.014552418413434909,2.117728816796794e-4,0.0964912280701729,-0.4035087719298271,0.16281932902431723,-0.5
