method,true_params,bivpois_eta,bivpois_estimated_ha,bivpois_bias,bivpois_mse,pc_eta,pc_bias,pc_mse,lm_eta,lm_bias,lm_mse,team_strength_correlation
bivnorm,0.5,0.07453958792602475,0.3856301701783158,-0.1143698298216842,0.013080457973441005,0.38406341596748383,-0.11593658403251617,0.013441291517128683,1.0760233918128674,0.5760233918128674,0.3318029479156002,-0.5
