method,true_params,bivpois_eta,bivpois_estimated_ha,bivpois_bias,bivpois_mse,pc_eta,pc_bias,pc_mse,lm_eta,lm_bias,lm_mse,team_strength_correlation
bivnorm,0.5,0.11415660033725564,0.5933473901968913,0.09334739019689131,0.00871373525657068,0.5959065431361582,0.0959065431361582,0.009198065016327774,0.5058479532163863,0.005847953216386315,3.4198556821043043e-5,-0.5
