method,true_params,bivpois_eta,bivpois_estimated_ha,bivpois_bias,bivpois_mse,pc_eta,pc_bias,pc_mse,lm_eta,lm_bias,lm_mse,team_strength_correlation
bivpois,0,0.09455167763940182,0.08746066751605086,0.08746066751605086,0.0076493683623531945,0.10093831727500088,0.10093831727500088,0.010188543894308741,0.44444444444443815,0.44444444444443815,0.19753086419752527,0
