method,true_params,bivpois_eta,bivpois_estimated_ha,bivpois_bias,bivpois_mse,pc_eta,pc_bias,pc_mse,lm_eta,lm_bias,lm_mse,team_strength_correlation
bivnorm,0.5,0.07946611496705352,0.41257978778381244,-0.087420212216187565,0.00764229350392327,0.4136295179644308,-0.08637048203556918,0.007459860167056579,0.09649122807017402,-0.403508771929826,0.1628193290243163,0
