method,true_params,bivpois_eta,bivpois_estimated_ha,bivpois_bias,bivpois_mse,pc_eta,pc_bias,pc_mse,lm_eta,lm_bias,lm_mse,team_strength_correlation
bivnorm,0.5,0.07378532392662096,0.38153498245298145,-0.11846501754701855,0.014033960382415412,0.385420448669986,-0.11457955133001402,0.013128473582987316,0.23684210526315289,-0.26315789473684714,0.06925207756232953,0
