method,true_params,bivpois_eta,bivpois_estimated_ha,bivpois_bias,bivpois_mse,pc_eta,pc_bias,pc_mse,lm_eta,lm_bias,lm_mse,team_strength_correlation
bivnorm,0.5,0.1002073205024537,0.5359617544846698,0.03596175448466976,0.0012932477856156656,0.5440469246354329,0.044046924635432916,0.001940131569839507,0.23099415204678933,-0.2690058479532107,0.07236414623302591,0
