method,true_params,bivpois_eta,bivpois_estimated_ha,bivpois_bias,bivpois_mse,pc_eta,pc_bias,pc_mse,lm_eta,lm_bias,lm_mse,team_strength_correlation
bivnorm,0.5,0.06998701546359994,0.36637612131940234,-0.13362387868059766,0.017855340953647082,0.3659180693849188,-0.13408193061508122,0.017977964117467455,0.429824561403499,-0.070175438596501,0.004924592182211281,0
