method,true_params,bivpois_eta,bivpois_estimated_ha,bivpois_bias,bivpois_mse,pc_eta,pc_bias,pc_mse,lm_eta,lm_bias,lm_mse,team_strength_correlation
bivnorm,0.5,0.11530494384191738,0.5896181800286735,0.0896181800286735,0.008031418191651733,0.5897510532450867,0.0897510532450867,0.008055251558602388,0.5672514619883059,0.0672514619883059,0.004522759139564553,0
