method,true_params,bivpois_eta,bivpois_estimated_ha,bivpois_bias,bivpois_mse,pc_eta,pc_bias,pc_mse,lm_eta,lm_bias,lm_mse,team_strength_correlation
bivnorm,0.5,0.09112219738967078,0.47711885472125015,-0.022881145278749848,5.235468092672565e-4,0.4785448397188664,-0.02145516028113359,4.603239026891324e-4,0.5789473684210489,0.07894736842104888,0.006232686980608826,0
