method,true_params,bivpois_eta,bivpois_estimated_ha,bivpois_bias,bivpois_mse,pc_eta,pc_bias,pc_mse,lm_eta,lm_bias,lm_mse,team_strength_correlation
bivnorm,0.5,0.09440980955795018,0.5011145593588537,0.0011145593588537395,1.2422425644084587e-6,0.4943114465022459,-0.005688553497754101,3.2359640896810414e-5,0.5058479532163677,0.005847953216367663,3.4198556820824895e-5,0
