method,true_params,bivpois_eta,bivpois_estimated_ha,bivpois_bias,bivpois_mse,pc_eta,pc_bias,pc_mse,lm_eta,lm_bias,lm_mse,team_strength_correlation
bivnorm,0.5,0.08525625819072695,0.46043103706175437,-0.03956896293824563,0.0015657028280082566,0.465418425494345,-0.03458157450565502,0.0011958852952901693,0.3157894736842197,-0.18421052631578028,0.033933518005536775,0
