method,true_params,bivpois_eta,bivpois_estimated_ha,bivpois_bias,bivpois_mse,pc_eta,pc_bias,pc_mse,lm_eta,lm_bias,lm_mse,team_strength_correlation
bivnorm,0.5,0.10568396648186927,0.5564047389917715,0.05640473899177145,0.003181494580729863,0.5620953501418656,0.062095350141865624,0.0038558325092408912,0.8771929824561306,0.37719298245613064,0.14227454601415088,0
