method,true_params,bivpois_eta,bivpois_estimated_ha,bivpois_bias,bivpois_mse,pc_eta,pc_bias,pc_mse,lm_eta,lm_bias,lm_mse,team_strength_correlation
bivnorm,0.5,0.08444123651595357,0.44956950627811665,-0.05043049372188335,0.0025432346970329163,0.45773970115178303,-0.04226029884821697,0.0017859328587406086,0.15789473684210828,-0.3421052631578917,0.11703601108033032,0
