method,true_params,bivpois_eta,bivpois_estimated_ha,bivpois_bias,bivpois_mse,pc_eta,pc_bias,pc_mse,lm_eta,lm_bias,lm_mse,team_strength_correlation
bivnorm,0.5,0.06036765245971301,0.3267964567981432,-0.17320354320185682,0.029999467377677485,0.3301438352441437,-0.1698561647558563,0.0288511167055686,0.19005847953216679,-0.3099415204678332,0.09606374610991227,0
