method,true_params,bivpois_eta,bivpois_estimated_ha,bivpois_bias,bivpois_mse,pc_eta,pc_bias,pc_mse,lm_eta,lm_bias,lm_mse,team_strength_correlation
bivpois,0,0.010342591804474544,0.010603809227639482,0.010603809227639482,1.1244077013617224e-4,0.005645905778034103,0.005645905778034103,3.187625205443887e-5,0.377192982456136,0.377192982456136,0.1422745460141549,0
