method,true_params,bivpois_eta,bivpois_estimated_ha,bivpois_bias,bivpois_mse,pc_eta,pc_bias,pc_mse,lm_eta,lm_bias,lm_mse,team_strength_correlation
bivnorm,0.5,0.07271302599656984,0.38815855386965126,-0.11184144613034874,0.0125085090725277,0.3889999514228523,-0.11100004857714768,0.012321010784129146,0.45906432748538156,-0.04093567251461844,0.0016757292842240873,0
