method,true_params,bivpois_eta,bivpois_estimated_ha,bivpois_bias,bivpois_mse,pc_eta,pc_bias,pc_mse,lm_eta,lm_bias,lm_mse,team_strength_correlation
bivnorm,0.5,0.07064595173154573,0.3799166345131324,-0.1200833654868676,0.014420014666652624,0.3836298404036438,-0.11637015959635622,0.013542014044481417,0.8567251461988349,0.3567251461988349,0.12725282993058012,0
