method,true_params,bivpois_eta,bivpois_estimated_ha,bivpois_bias,bivpois_mse,pc_eta,pc_bias,pc_mse,lm_eta,lm_bias,lm_mse,team_strength_correlation
bivnorm,0.5,0.09950450292527158,0.5185439132656073,0.018543913265607337,3.4387671920236776e-4,0.5268897743537574,0.02688977435375739,7.230599647959886e-4,0.3040935672514574,-0.19590643274854258,0.038379330392259235,0
