method,true_params,bivpois_eta,bivpois_estimated_ha,bivpois_bias,bivpois_mse,pc_eta,pc_bias,pc_mse,lm_eta,lm_bias,lm_mse,team_strength_correlation
bivnorm,0.5,0.08100348607912153,0.4361639376490096,-0.06383606235099037,0.004075042856479531,0.43793094422372886,-0.06206905577627114,0.003852567684957858,0.845029239766082,0.345029239766082,0.11904517629356051,0
