method,true_params,bivpois_eta,bivpois_estimated_ha,bivpois_bias,bivpois_mse,pc_eta,pc_bias,pc_mse,lm_eta,lm_bias,lm_mse,team_strength_correlation
bivnorm,0.5,0.10646077956762466,0.5639355603303295,0.06393556033032954,0.0040877558747532084,0.5646284261974641,0.06462842619746412,0.004176833472761066,0.7602339181286538,0.2602339181286538,0.0677216921445909,0
