method,true_params,bivpois_eta,bivpois_estimated_ha,bivpois_bias,bivpois_mse,pc_eta,pc_bias,pc_mse,lm_eta,lm_bias,lm_mse,team_strength_correlation
bivnorm,0.5,0.08435884996293556,0.46301297737144775,-0.036987022628552246,0.001368039842925036,0.4650862200093362,-0.03491377999066381,0.0012189720332364763,-0.014619883040944201,-0.5146198830409442,0.2648336240210751,0
