method,true_params,bivpois_eta,bivpois_estimated_ha,bivpois_bias,bivpois_mse,pc_eta,pc_bias,pc_mse,lm_eta,lm_bias,lm_mse,team_strength_correlation
bivnorm,0.5,0.09537117041501741,0.49941360173467597,-5.863982653240285e-4,3.4386292557502974e-7,0.49915759988013253,-8.424001198674702e-4,7.096379619527282e-7,0.33625730994152414,-0.16374269005847586,0.026811668547586088,0
