method,true_params,bivpois_eta,bivpois_estimated_ha,bivpois_bias,bivpois_mse,pc_eta,pc_bias,pc_mse,lm_eta,lm_bias,lm_mse,team_strength_correlation
bivnorm,0.5,0.10929007232606122,0.5795236737452019,0.07952367374520186,0.006324014685933308,0.5866012284050818,0.08660122840508178,0.007499772761269142,0.9619883040935705,0.4619883040935705,0.21343319311925338,0
