method,true_params,bivpois_eta,bivpois_estimated_ha,bivpois_bias,bivpois_mse,pc_eta,pc_bias,pc_mse,lm_eta,lm_bias,lm_mse,team_strength_correlation
bivnorm,0.5,0.10286206311864762,0.5472170616176433,0.047217061617643274,0.0022294509078043217,0.5522205055757403,0.05222050557574032,0.0027269812025859253,1.4444444444444489,0.9444444444444489,0.8919753086419836,0
