method,true_params,bivpois_eta,bivpois_estimated_ha,bivpois_bias,bivpois_mse,pc_eta,pc_bias,pc_mse,lm_eta,lm_bias,lm_mse,team_strength_correlation
bivnorm,0.5,0.08024897868313513,0.41157261474890205,-0.08842738525109795,0.007819402462346095,0.4135257326353556,-0.08647426736464442,0.0074777989162520065,0.5409356725146156,0.040935672514615606,0.0016757292842238555,0
