method,true_params,bivpois_eta,bivpois_estimated_ha,bivpois_bias,bivpois_mse,pc_eta,pc_bias,pc_mse,lm_eta,lm_bias,lm_mse,team_strength_correlation
bivpois,0,0.0254061830482388,0.031302212425663445,0.031302212425663445,9.79828502741359e-4,0.03700015049535037,0.03700015049535037,0.001369011136678576,-0.2046783625731053,-0.2046783625731053,0.041893232105607546,0
