method,true_params,bivpois_eta,bivpois_estimated_ha,bivpois_bias,bivpois_mse,pc_eta,pc_bias,pc_mse,lm_eta,lm_bias,lm_mse,team_strength_correlation
bivnorm,0.5,0.10528593353470055,0.5650837334838572,0.06508373348385721,0.004235892364197756,0.565196800318101,0.06519680031810104,0.00425062277171834,0.8157894736842068,0.31578947368420685,0.09972299168974837,0
