method,true_params,bivpois_eta,bivpois_estimated_ha,bivpois_bias,bivpois_mse,pc_eta,pc_bias,pc_mse,lm_eta,lm_bias,lm_mse,team_strength_correlation
bivnorm,0.5,0.11083991544086545,0.5790133461292992,0.07901334612929922,0.006243108866548445,0.578611948540616,0.07861194854061604,0.006179838453352464,0.6900584795321689,0.19005847953216892,0.036122225642079876,0
