method,true_params,bivpois_eta,bivpois_estimated_ha,bivpois_bias,bivpois_mse,pc_eta,pc_bias,pc_mse,lm_eta,lm_bias,lm_mse,team_strength_correlation
bivnorm,0.5,0.11498166213303142,0.5966397859488852,0.09663978594888523,0.009339248228246354,0.5930824247721362,0.09308242477213624,0.008664337801460403,0.3391812865497092,-0.1608187134502908,0.025862658595806744,0
