method,true_params,bivpois_eta,bivpois_estimated_ha,bivpois_bias,bivpois_mse,pc_eta,pc_bias,pc_mse,lm_eta,lm_bias,lm_mse,team_strength_correlation
bivnorm,0.5,0.07714451546003977,0.40148834784477394,-0.09851165215522606,0.009704545610352255,0.4121498187211678,-0.0878501812788322,0.007717654350723681,0.7105263157894706,0.21052631578947056,0.044321329639887885,0
