method,true_params,bivpois_eta,bivpois_estimated_ha,bivpois_bias,bivpois_mse,pc_eta,pc_bias,pc_mse,lm_eta,lm_bias,lm_mse,team_strength_correlation
bivnorm,0.5,0.09131799777346694,0.4820769678371013,-0.0179230321628987,3.212350819123012e-4,0.4813765651755566,-0.018623434824443397,3.4683232466029104e-4,0.631578947368427,0.131578947368427,0.017313019390583287,0
