method,true_params,bivpois_eta,bivpois_estimated_ha,bivpois_bias,bivpois_mse,pc_eta,pc_bias,pc_mse,lm_eta,lm_bias,lm_mse,team_strength_correlation
bivpois,0,-0.06325214068205948,-0.06933335312103828,-0.06933335312103828,0.004807113855006588,-0.0838290365504012,-0.0838290365504012,0.007027307368968502,0.1988304093567325,0.1988304093567325,0.03953353168496582,0
