method,true_params,bivpois_eta,bivpois_estimated_ha,bivpois_bias,bivpois_mse,pc_eta,pc_bias,pc_mse,lm_eta,lm_bias,lm_mse,team_strength_correlation
bivnorm,0.5,0.06993415906627325,0.37312370999200795,-0.12687629000799205,0.016097592966192103,0.37663417702576674,-0.12336582297423326,0.01521912627810986,0.4152046783625851,-0.08479532163741488,0.0071902465715926395,0
