method,true_params,bivpois_eta,bivpois_estimated_ha,bivpois_bias,bivpois_mse,pc_eta,pc_bias,pc_mse,lm_eta,lm_bias,lm_mse,team_strength_correlation
bivnorm,0.5,0.1007094089755281,0.5143910602324127,0.014391060232412656,2.07102614612929e-4,0.5194265437165105,0.019426543716510536,3.77390600769495e-4,1.3128654970760212,0.8128654970760212,0.660750316336647,0
