method,true_params,bivpois_eta,bivpois_estimated_ha,bivpois_bias,bivpois_mse,pc_eta,pc_bias,pc_mse,lm_eta,lm_bias,lm_mse,team_strength_correlation
bivnorm,0.5,0.08142733863377212,0.43646677318858895,-0.06353322681141105,0.0040364709090702,0.4369190929225619,-0.06308090707743808,0.003979200837712377,0.9064327485380137,0.4064327485380137,0.1651875790841643,0
