method,true_params,bivpois_eta,bivpois_estimated_ha,bivpois_bias,bivpois_mse,pc_eta,pc_bias,pc_mse,lm_eta,lm_bias,lm_mse,team_strength_correlation
bivnorm,0.5,0.14538838366446036,0.7226671366760051,0.22266713667600513,0.04958065375549075,0.7137831765619057,0.2137831765619057,0.04570324658089895,-0.12280701754387771,-0.6228070175438777,0.38788858110189994,0
