method,true_params,bivpois_eta,bivpois_estimated_ha,bivpois_bias,bivpois_mse,pc_eta,pc_bias,pc_mse,lm_eta,lm_bias,lm_mse,team_strength_correlation
bivnorm,0.5,0.10811239253133693,0.5643355938354304,0.06433559383543042,0.004139068634157472,0.5667633583108049,0.06676335831080493,0.004457346012936926,1.3128654970760156,0.8128654970760156,0.6607503163366379,0
