method,true_params,bivpois_eta,bivpois_estimated_ha,bivpois_bias,bivpois_mse,pc_eta,pc_bias,pc_mse,lm_eta,lm_bias,lm_mse,team_strength_correlation
bivnorm,0.5,0.09910231649425033,0.5068106955222804,0.006810695522280419,4.638557349721055e-5,0.5091444154010992,0.009144415401099226,8.362033302786072e-5,-0.3421052631578968,-0.8421052631578968,0.7091412742382306,0
