method,true_params,bivpois_eta,bivpois_estimated_ha,bivpois_bias,bivpois_mse,pc_eta,pc_bias,pc_mse,lm_eta,lm_bias,lm_mse,team_strength_correlation
bivpois,0,-0.07599854375815242,-0.08987487142460093,-0.08987487142460093,0.008077492513588549,-0.09216121596649421,-0.09216121596649421,0.008493689728422788,0.21637426900585716,0.21637426900585716,0.04681782428781903,0
