method,true_params,bivpois_eta,bivpois_estimated_ha,bivpois_bias,bivpois_mse,pc_eta,pc_bias,pc_mse,lm_eta,lm_bias,lm_mse,team_strength_correlation
bivnorm,0.5,0.10346684144583504,0.5364842710235873,0.03648427102358731,0.0013311020321225726,0.5307837022901184,0.030783702290118398,9.476363266866407e-4,0.8508771929824667,0.35087719298246667,0.12311480455525516,0
