method,true_params,bivpois_eta,bivpois_estimated_ha,bivpois_bias,bivpois_mse,pc_eta,pc_bias,pc_mse,lm_eta,lm_bias,lm_mse,team_strength_correlation
bivnorm,0.5,0.08795090356604783,0.4628717332498278,-0.03712826675017222,0.0013785081918719442,0.4581828059967137,-0.04181719400328632,0.001748677714308485,-0.28947368421051284,-0.7894736842105128,0.6232686980609204,0
