method,true_params,bivpois_eta,bivpois_estimated_ha,bivpois_bias,bivpois_mse,pc_eta,pc_bias,pc_mse,lm_eta,lm_bias,lm_mse,team_strength_correlation
bivnorm,0.5,0.11409475831232639,0.6092839910883487,0.10928399108834874,0.011942990708198287,0.611284026302317,0.11128402630231704,0.012384134510054792,0.43567251461989503,-0.06432748538010497,0.004138025375327618,0
