method,true_params,bivpois_eta,bivpois_estimated_ha,bivpois_bias,bivpois_mse,pc_eta,pc_bias,pc_mse,lm_eta,lm_bias,lm_mse,team_strength_correlation
bivnorm,0.5,0.08770240743241428,0.4498736890909303,-0.050126310909069716,0.0025126470453527214,0.45630517054902364,-0.04369482945097636,0.0019092381207499109,0.5467836257309905,0.046783625730990486,0.002188707636537395,0
