method,true_params,bivpois_eta,bivpois_estimated_ha,bivpois_bias,bivpois_mse,pc_eta,pc_bias,pc_mse,lm_eta,lm_bias,lm_mse,team_strength_correlation
bivnorm,0.5,0.12154270930563828,0.6345190563854581,0.13451905638545814,0.018095376530834064,0.6264844799252077,0.12648447992520773,0.015998323661950278,2.0263157894736996,1.5263157894736996,2.3296398891967227,0
