method,true_params,bivpois_eta,bivpois_estimated_ha,bivpois_bias,bivpois_mse,pc_eta,pc_bias,pc_mse,lm_eta,lm_bias,lm_mse,team_strength_correlation
bivnorm,0.5,0.08254060759972291,0.4277662741503976,-0.07223372584960241,0.00521771115011552,0.4276184339264474,-0.07238156607355262,0.005239091107260063,-0.029239766081862188,-0.5292397660818622,0.2800947300023842,0
