method,true_params,bivpois_eta,bivpois_estimated_ha,bivpois_bias,bivpois_mse,pc_eta,pc_bias,pc_mse,lm_eta,lm_bias,lm_mse,team_strength_correlation
bivpois,0,-0.07724071791628677,-0.0647503176273605,-0.0647503176273605,0.004192603632844072,-0.07266518740587251,-0.07266518740587251,0.005280229460730573,-0.7514619883040932,-0.7514619883040932,0.564695119865941,-0.5
