method,true_params,bivpois_eta,bivpois_estimated_ha,bivpois_bias,bivpois_mse,pc_eta,pc_bias,pc_mse,lm_eta,lm_bias,lm_mse,team_strength_correlation
bivnorm,0.5,0.09310770684792784,0.4766504578590878,-0.023349542140912227,5.45201118190236e-4,0.47630733264864206,-0.023692667351357943,5.613424862221027e-4,0.8040935672514559,0.30409356725145587,0.09247289764371572,0.5
