method,true_params,bivpois_eta,bivpois_estimated_ha,bivpois_bias,bivpois_mse,pc_eta,pc_bias,pc_mse,lm_eta,lm_bias,lm_mse,team_strength_correlation
bivnorm,0.5,0.10264939813567985,0.5447628726065803,0.044762872606580295,0.0020037147639929364,0.5406534705314958,0.04065347053149582,0.0016527046662551989,-0.7105263157894803,-1.2105263157894803,1.4653739612188528,0.5
