method,true_params,bivpois_eta,bivpois_estimated_ha,bivpois_bias,bivpois_mse,pc_eta,pc_bias,pc_mse,lm_eta,lm_bias,lm_mse,team_strength_correlation
bivnorm,0.5,0.10797945270857488,0.5473082721866724,0.04730827218667244,0.002238072617288285,0.5380191812063868,0.03801918120638681,0.001445458139604076,-0.09941520467837628,-0.5994152046783763,0.35929858759961975,0.5
