method,true_params,bivpois_eta,bivpois_estimated_ha,bivpois_bias,bivpois_mse,pc_eta,pc_bias,pc_mse,lm_eta,lm_bias,lm_mse,team_strength_correlation
bivnorm,0.5,0.086568352833807,0.45178654013641584,-0.04821345986358416,0.002324537712017441,0.45304598716339317,-0.04695401283660683,0.002204679321460239,1.9444444444444502,1.4444444444444502,2.0864197530864366,0.5
