method,true_params,bivpois_eta,bivpois_estimated_ha,bivpois_bias,bivpois_mse,pc_eta,pc_bias,pc_mse,lm_eta,lm_bias,lm_mse,team_strength_correlation
bivnorm,0.5,0.11146657998885022,0.5744653760718119,0.07446537607181192,0.005545092233516379,0.5707923939573102,0.07079239395731018,0.005011563042207007,1.0350877192982497,0.5350877192982497,0.28631886734380246,0.5
