method,true_params,bivpois_eta,bivpois_estimated_ha,bivpois_bias,bivpois_mse,pc_eta,pc_bias,pc_mse,lm_eta,lm_bias,lm_mse,team_strength_correlation
bivnorm,0.5,0.10706782119651122,0.562475399126213,0.06247539912621303,0.0039031754959796194,0.5559513030813862,0.05595130308138618,0.003130548316505135,-0.008771929824572,-0.508771929824572,0.2588488765774192,0.5
