method,true_params,bivpois_eta,bivpois_estimated_ha,bivpois_bias,bivpois_mse,pc_eta,pc_bias,pc_mse,lm_eta,lm_bias,lm_mse,team_strength_correlation
bivnorm,0.5,0.09242504841583828,0.4653755927534302,-0.03462440724656979,0.0011988495771763144,0.4726927310477379,-0.027307268952262098,7.456869376311775e-4,1.2543859649122808,0.7543859649122808,0.569098184056633,0.5
