method,true_params,bivpois_eta,bivpois_estimated_ha,bivpois_bias,bivpois_mse,pc_eta,pc_bias,pc_mse,lm_eta,lm_bias,lm_mse,team_strength_correlation
bivnorm,0.5,0.09600534743196752,0.48878273521751225,-0.011217264782487746,1.2582702920043985e-4,0.48689087828918776,-0.013109121710812244,1.7184907202888892e-4,0.5730994152046773,0.07309941520467733,0.0053435245032658115,0.5
