method,true_params,bivpois_eta,bivpois_estimated_ha,bivpois_bias,bivpois_mse,pc_eta,pc_bias,pc_mse,lm_eta,lm_bias,lm_mse,team_strength_correlation
bivnorm,0.5,0.10592543562057204,0.5530655960369204,0.053065596036920404,0.0028159574827536227,0.5560177426989518,0.05601774269895177,0.003137987497085964,0.10526315789472793,-0.39473684210527205,0.15581717451524246,0.5
