method,true_params,bivpois_eta,bivpois_estimated_ha,bivpois_bias,bivpois_mse,pc_eta,pc_bias,pc_mse,lm_eta,lm_bias,lm_mse,team_strength_correlation
bivnorm,0.5,0.1152600264352534,0.6258819413396433,0.12588194133964326,0.015846263155437385,0.6184721721986448,0.11847217219864481,0.014035655585465347,0.9210526315789481,0.4210526315789481,0.17728531855955743,0.5
