method,true_params,bivpois_eta,bivpois_estimated_ha,bivpois_bias,bivpois_mse,pc_eta,pc_bias,pc_mse,lm_eta,lm_bias,lm_mse,team_strength_correlation
bivnorm,0.5,0.1166803230893909,0.5969983121339686,0.09699831213396859,0.009408672556838799,0.5909390922828446,0.09093909228284458,0.008269918505227722,1.0087719298245659,0.5087719298245659,0.25884887657741296,0.5
