method,true_params,bivpois_eta,bivpois_estimated_ha,bivpois_bias,bivpois_mse,pc_eta,pc_bias,pc_mse,lm_eta,lm_bias,lm_mse,team_strength_correlation
bivnorm,0.5,0.08001647848083726,0.42044832208814586,-0.07955167791185414,0.006328469458591381,0.41510208310198154,-0.08489791689801846,0.007207656293622847,-0.5701754385964828,-1.0701754385964828,1.1452754693751743,0.5
