method,true_params,bivpois_eta,bivpois_estimated_ha,bivpois_bias,bivpois_mse,pc_eta,pc_bias,pc_mse,lm_eta,lm_bias,lm_mse,team_strength_correlation
bivnorm,0.5,0.10531756573263636,0.576760475291854,0.07676047529185404,0.005892170567031334,0.5714865458140234,0.07148654581402336,0.005110326232420461,0.5292397660818647,0.029239766081864738,8.549639205221675e-4,0.5
