method,true_params,bivpois_eta,bivpois_estimated_ha,bivpois_bias,bivpois_mse,pc_eta,pc_bias,pc_mse,lm_eta,lm_bias,lm_mse,team_strength_correlation
bivnorm,0.5,0.0927657356436059,0.4898434381502845,-0.010156561849715473,1.0315574860709578e-4,0.48976976663422206,-0.010230233365777941,1.0465767471827626e-4,1.7309941520467762,1.2309941520467762,1.5153466023733615,0.5
