method,true_params,bivpois_eta,bivpois_estimated_ha,bivpois_bias,bivpois_mse,pc_eta,pc_bias,pc_mse,lm_eta,lm_bias,lm_mse,team_strength_correlation
bivnorm,0.5,0.11018557628616617,0.5459622981035581,0.04596229810355812,0.0021125328469603424,0.5403826899745469,0.04038268997454686,0.0016307616495803675,1.4532163742690056,0.9532163742690056,0.908621456174549,0.5
