method,true_params,bivpois_eta,bivpois_estimated_ha,bivpois_bias,bivpois_mse,pc_eta,pc_bias,pc_mse,lm_eta,lm_bias,lm_mse,team_strength_correlation
bivnorm,0.5,0.10314821659164827,0.5352483124438736,0.03524831244387361,0.001242443530140935,0.528144177019675,0.028144177019674976,7.92094700114801e-4,1.0204678362572954,0.5204678362572954,0.27088676857835087,0.5
