method,true_params,bivpois_eta,bivpois_estimated_ha,bivpois_bias,bivpois_mse,pc_eta,pc_bias,pc_mse,lm_eta,lm_bias,lm_mse,team_strength_correlation
bivnorm,0.5,0.10541666608654598,0.5598753499151838,0.05987534991518384,0.0035850575274657057,0.5622100854262011,0.0622100854262011,0.0038700947287352385,1.3771929824561562,0.8771929824561562,0.7694675284703263,0.5
