method,true_params,bivpois_eta,bivpois_estimated_ha,bivpois_bias,bivpois_mse,pc_eta,pc_bias,pc_mse,lm_eta,lm_bias,lm_mse,team_strength_correlation
bivnorm,0.5,0.07296420882551273,0.3762368377624732,-0.12376316223752681,0.015317320327032383,0.37203576056105864,-0.12796423943894136,0.016374846575186716,1.473684210526317,0.973684210526317,0.9480609418282573,0.5
