method,true_params,bivpois_eta,bivpois_estimated_ha,bivpois_bias,bivpois_mse,pc_eta,pc_bias,pc_mse,lm_eta,lm_bias,lm_mse,team_strength_correlation
bivnorm,0.5,0.09671548753453467,0.5207546625457793,0.02075466254577929,4.3075601738917367e-4,0.5141476421576564,0.014147642157656404,2.0015577862109675e-4,0.20467836257310928,-0.2953216374268907,0.0872148695324999,0.5
