method,true_params,bivpois_eta,bivpois_estimated_ha,bivpois_bias,bivpois_mse,pc_eta,pc_bias,pc_mse,lm_eta,lm_bias,lm_mse,team_strength_correlation
bivnorm,0.5,0.11607917929172797,0.6162759266118076,0.11627592661180763,0.013520091109434475,0.6232136142576769,0.12321361425767685,0.015181594738439589,0.19883040935671095,-0.3011695906432891,0.09070312232824632,0.5
