method,true_params,bivpois_eta,bivpois_estimated_ha,bivpois_bias,bivpois_mse,pc_eta,pc_bias,pc_mse,lm_eta,lm_bias,lm_mse,team_strength_correlation
bivnorm,0.5,0.10328691928125999,0.5086451139593962,0.008645113959396156,7.473799537094627e-5,0.4997356680096434,-2.6433199035658106e-4,6.987140112587167e-8,1.4415204678362732,0.9415204678362732,0.8864607913546347,0.5
