method,true_params,bivpois_eta,bivpois_estimated_ha,bivpois_bias,bivpois_mse,pc_eta,pc_bias,pc_mse,lm_eta,lm_bias,lm_mse,team_strength_correlation
bivnorm,0.5,0.08408767072372095,0.4502869897251358,-0.04971301027486419,0.0024713833905887525,0.45627739760081854,-0.043722602399181465,0.0019116659605569089,0.8274853801169639,0.32748538011696393,0.10724667419035236,0.5
