method,true_params,bivpois_eta,bivpois_estimated_ha,bivpois_bias,bivpois_mse,pc_eta,pc_bias,pc_mse,lm_eta,lm_bias,lm_mse,team_strength_correlation
bivnorm,0.5,0.10157070918267491,0.5505509665307597,0.050550966530759744,0.0025554002171939917,0.5535716719498703,0.053571671949870336,0.002869924035504524,1.2748538011695947,0.7748538011695947,0.6003984131869697,0.5
