method,true_params,bivpois_eta,bivpois_estimated_ha,bivpois_bias,bivpois_mse,pc_eta,pc_bias,pc_mse,lm_eta,lm_bias,lm_mse,team_strength_correlation
bivnorm,0.5,0.1063873361558126,0.5591837876698964,0.059183787669896404,0.0035027207229553817,0.5621352112995753,0.06213521129957533,0.003860784483242874,0.8187134502923924,0.3187134502923924,0.10157826339728128,0.5
