method,true_params,bivpois_eta,bivpois_estimated_ha,bivpois_bias,bivpois_mse,pc_eta,pc_bias,pc_mse,lm_eta,lm_bias,lm_mse,team_strength_correlation
bivnorm,0.5,0.0906414908405663,0.4639127466537998,-0.03608725334620022,0.001302289854072839,0.46802908907611307,-0.03197091092388693,0.0010221391453031127,-0.18128654970760763,-0.6812865497076076,0.46415136281249647,0.5
