method,true_params,bivpois_eta,bivpois_estimated_ha,bivpois_bias,bivpois_mse,pc_eta,pc_bias,pc_mse,lm_eta,lm_bias,lm_mse,team_strength_correlation
bivnorm,0.5,0.08819404018416313,0.46222729930572815,-0.037772700694271855,0.0014267769177390454,0.4539756044820033,-0.0460243955179967,0.0021182449827969944,0.26900584795322485,-0.23099415204677515,0.053358298279808675,0.5
