method,true_params,bivpois_eta,bivpois_estimated_ha,bivpois_bias,bivpois_mse,pc_eta,pc_bias,pc_mse,lm_eta,lm_bias,lm_mse,team_strength_correlation
bivnorm,0.5,0.111433427655413,0.580547452801139,0.08054745280113895,0.006487892152751707,0.5798831775120288,0.07988317751202878,0.0063813220494183,0.8538011695906434,0.35380116959064345,0.12517526760370726,0.5
