method,true_params,bivpois_eta,bivpois_estimated_ha,bivpois_bias,bivpois_mse,pc_eta,pc_bias,pc_mse,lm_eta,lm_bias,lm_mse,team_strength_correlation
bivnorm,0.5,0.10605285109070564,0.5753723769821448,0.07537237698214483,0.0056809952119385556,0.5754300160051314,0.07543001600513144,0.005689687314534385,0.9707602339181394,0.47076023391813937,0.2216151978386613,0.5
