method,true_params,bivpois_eta,bivpois_estimated_ha,bivpois_bias,bivpois_mse,pc_eta,pc_bias,pc_mse,lm_eta,lm_bias,lm_mse,team_strength_correlation
bivnorm,0.5,0.06760789769811137,0.3620822238427861,-0.1379177761572139,0.019021312980151358,0.36821780359358625,-0.13178219640641375,0.017366547289698612,0.9795321637426883,0.47953216374268826,0.2299510960637444,0.5
