method,true_params,bivpois_eta,bivpois_estimated_ha,bivpois_bias,bivpois_mse,pc_eta,pc_bias,pc_mse,lm_eta,lm_bias,lm_mse,team_strength_correlation
bivnorm,0.5,0.06539687970408511,0.34766651854228137,-0.15233348145771863,0.023205489573029106,0.3595879022461163,-0.1404120977538837,0.01971555719564619,0.049707602339176885,-0.45029239766082313,0.20276324339113286,0.5
