method,true_params,bivpois_eta,bivpois_estimated_ha,bivpois_bias,bivpois_mse,pc_eta,pc_bias,pc_mse,lm_eta,lm_bias,lm_mse,team_strength_correlation
bivnorm,0.5,0.10097560096014534,0.5124226053213885,0.012422605321388502,1.5432112297098993e-4,0.5101446120786166,0.01014461207861661,1.0291315422561403e-4,0.9912280701754395,0.49122807017543946,0.24130501692828646,0.5
