method,true_params,bivpois_eta,bivpois_estimated_ha,bivpois_bias,bivpois_mse,pc_eta,pc_bias,pc_mse,lm_eta,lm_bias,lm_mse,team_strength_correlation
bivnorm,0.5,0.08978842999509347,0.47146757693950114,-0.028532423060498857,8.14099165703287e-4,0.4760085918374933,-0.023991408162506722,5.755876656199941e-4,0.9181286549707633,0.41812865497076335,0.17483157210765965,0.5
