method,true_params,bivpois_eta,bivpois_estimated_ha,bivpois_bias,bivpois_mse,pc_eta,pc_bias,pc_mse,lm_eta,lm_bias,lm_mse,team_strength_correlation
bivpois,0,0.010338610159560165,0.01248604886523319,0.01248604886523319,1.5590141626499105e-4,0.014931230788619158,0.014931230788619158,2.2294165286300868e-4,-1.0730994152046693,-1.0730994152046693,1.1515423549126034,0
