method,true_params,bivpois_eta,bivpois_estimated_ha,bivpois_bias,bivpois_mse,pc_eta,pc_bias,pc_mse,lm_eta,lm_bias,lm_mse,team_strength_correlation
bivnorm,0.5,0.08570697320822172,0.420927936045036,-0.07907206395496402,0.006252391298097921,0.423335199978119,-0.07666480002188097,0.005877491562395001,0.8099415204678336,0.30994152046783363,0.09606374610991253,0.5
