method,true_params,bivpois_eta,bivpois_estimated_ha,bivpois_bias,bivpois_mse,pc_eta,pc_bias,pc_mse,lm_eta,lm_bias,lm_mse,team_strength_correlation
bivnorm,0.5,0.09244270505172102,0.5058200020307133,0.005820002030713312,3.387242363750707e-5,0.5074197342115794,0.007419734211579376,5.505245577048143e-5,0.5467836257309882,0.046783625730988154,0.002188707636537177,0.5
