method,true_params,bivpois_eta,bivpois_estimated_ha,bivpois_bias,bivpois_mse,pc_eta,pc_bias,pc_mse,lm_eta,lm_bias,lm_mse,team_strength_correlation
bivnorm,0.5,0.07238825610095743,0.375990013836506,-0.12400998616349401,0.015378476668269976,0.3781023555842733,-0.1218976444157267,0.014859035714102947,-0.1432748538011691,-0.6432748538011691,0.4138025375329155,0.5
