method,true_params,bivpois_eta,bivpois_estimated_ha,bivpois_bias,bivpois_mse,pc_eta,pc_bias,pc_mse,lm_eta,lm_bias,lm_mse,team_strength_correlation
bivnorm,0.5,0.10470487608903378,0.5388454077279068,0.03884540772790679,0.0015089657015473204,0.5398582388918405,0.03985823889184048,0.001588679207559025,0.5146198830409373,0.01461988304093731,2.1374098013068635e-4,0.5
