method,true_params,bivpois_eta,bivpois_estimated_ha,bivpois_bias,bivpois_mse,pc_eta,pc_bias,pc_mse,lm_eta,lm_bias,lm_mse,team_strength_correlation
bivnorm,0.5,0.1112833807731113,0.5894195036991015,0.08941950369910145,0.007995847641793619,0.5929454703944066,0.09294547039440659,0.008638860466837513,0.11988304093567231,-0.3801169590643277,0.14448890256831176,0.5
