method,true_params,bivpois_eta,bivpois_estimated_ha,bivpois_bias,bivpois_mse,pc_eta,pc_bias,pc_mse,lm_eta,lm_bias,lm_mse,team_strength_correlation
bivpois,0,0.015474940371560103,0.013728539166173892,0.013728539166173892,1.8847278763717054e-4,0.0153800274274405,0.0153800274274405,2.3654524366882205e-4,0.14912280701753378,0.14912280701753378,0.02223761157278862,-0.5
