method,true_params,bivpois_eta,bivpois_estimated_ha,bivpois_bias,bivpois_mse,pc_eta,pc_bias,pc_mse,lm_eta,lm_bias,lm_mse,team_strength_correlation
bivnorm,1,0.1933046731894227,1.0540919754741962,0.0540919754741962,0.002925941810701043,1.0500130978789473,0.050013097878947255,0.0025013099594491583,1.330409356725137,0.33040935672513694,0.10917034301151879,-0.5
