method,true_params,bivpois_eta,bivpois_estimated_ha,bivpois_bias,bivpois_mse,pc_eta,pc_bias,pc_mse,lm_eta,lm_bias,lm_mse,team_strength_correlation
bivnorm,1,0.16925065138128842,0.9344392508058066,-0.06556074919419341,0.004298211834903932,0.9405594671241755,-0.059440532875824514,0.003533176948561975,0.6228070175438639,-0.3771929824561361,0.14227454601415498,-0.5
