method,true_params,bivpois_eta,bivpois_estimated_ha,bivpois_bias,bivpois_mse,pc_eta,pc_bias,pc_mse,lm_eta,lm_bias,lm_mse,team_strength_correlation
bivpois,0,0.013385948234227278,0.013226617177646949,0.013226617177646949,1.7494340196402535e-4,0.0120533885077629,0.0120533885077629,1.4528417451907074e-4,-1.0701754385964983,-1.0701754385964983,1.1452754693752076,0
