method,true_params,bivpois_eta,bivpois_estimated_ha,bivpois_bias,bivpois_mse,pc_eta,pc_bias,pc_mse,lm_eta,lm_bias,lm_mse,team_strength_correlation
bivnorm,1,0.1756150508286993,0.9518298915982957,-0.048170108401704326,0.0023203593434319458,0.9465246065843794,-0.053475393415620576,0.0028596177009553962,1.4444444444444473,0.4444444444444473,0.1975308641975334,-0.5
