method,true_params,bivpois_eta,bivpois_estimated_ha,bivpois_bias,bivpois_mse,pc_eta,pc_bias,pc_mse,lm_eta,lm_bias,lm_mse,team_strength_correlation
bivnorm,1,0.18905817497459282,1.0297238834225668,0.02972388342256682,8.835092457183427e-4,1.0266469927929185,0.02664699279291849,7.100622249058499e-4,0.5263157894736866,-0.4736842105263134,0.22437673130193678,-0.5
