method,true_params,bivpois_eta,bivpois_estimated_ha,bivpois_bias,bivpois_mse,pc_eta,pc_bias,pc_mse,lm_eta,lm_bias,lm_mse,team_strength_correlation
bivnorm,1,0.18055083261009897,0.9954103775900158,-0.004589622409984173,2.1064633866228928e-5,0.9858182217929989,-0.014181778207001061,2.0112283311257023e-4,0.5701754385964908,-0.4298245614035092,0.18474915358571906,-0.5
