method,true_params,bivpois_eta,bivpois_estimated_ha,bivpois_bias,bivpois_mse,pc_eta,pc_bias,pc_mse,lm_eta,lm_bias,lm_mse,team_strength_correlation
bivnorm,1,0.1735196858113608,0.9329717164236442,-0.06702828357635582,0.004492790799192371,0.9294708570005005,-0.07052914299949953,0.004974360012243853,0.7456140350877092,-0.2543859649122908,0.06471221914435725,-0.5
