method,true_params,bivpois_eta,bivpois_estimated_ha,bivpois_bias,bivpois_mse,pc_eta,pc_bias,pc_mse,lm_eta,lm_bias,lm_mse,team_strength_correlation
bivnorm,1,0.19302947755976663,1.0403411317359819,0.04034113173598186,0.0016274069097398428,1.0452492584771829,0.04524925847718286,0.0020474953927349052,2.2280701754386043,1.2280701754386043,1.5081563558018043,-0.5
