method,true_params,bivpois_eta,bivpois_estimated_ha,bivpois_bias,bivpois_mse,pc_eta,pc_bias,pc_mse,lm_eta,lm_bias,lm_mse,team_strength_correlation
bivnorm,1,0.16605427559392652,0.908122673142441,-0.091877326857559,0.008441443190490734,0.9108953945000514,-0.08910460549994859,0.007939630721301468,0.76608187134503,-0.23391812865496997,0.054717690913443084,-0.5
