method,true_params,bivpois_eta,bivpois_estimated_ha,bivpois_bias,bivpois_mse,pc_eta,pc_bias,pc_mse,lm_eta,lm_bias,lm_mse,team_strength_correlation
bivnorm,1,0.2067728979262019,1.1187447274492701,0.11874472744927012,0.014100310297001444,1.127320757521743,0.127320757521743,0.016210575295910475,0.8070175438596635,-0.1929824561403365,0.0372422283779569,-0.5
