method,true_params,bivpois_eta,bivpois_estimated_ha,bivpois_bias,bivpois_mse,pc_eta,pc_bias,pc_mse,lm_eta,lm_bias,lm_mse,team_strength_correlation
bivnorm,1,0.1763218208131683,0.9630891157859178,-0.036910884214082174,0.0013624133734653806,0.9611302928947443,-0.038869707105255724,0.0015108541304483672,0.488304093567247,-0.511695906432753,0.26183270066003667,-0.5
