method,true_params,bivpois_eta,bivpois_estimated_ha,bivpois_bias,bivpois_mse,pc_eta,pc_bias,pc_mse,lm_eta,lm_bias,lm_mse,team_strength_correlation
bivpois,0,0.020416032383907382,0.017886773659658295,0.017886773659658295,3.199366719518458e-4,0.01864059050972656,0.01864059050972656,3.47471614551308e-4,-0.9678362573099369,-0.9678362573099369,0.9367070209637065,0
