method,true_params,bivpois_eta,bivpois_estimated_ha,bivpois_bias,bivpois_mse,pc_eta,pc_bias,pc_mse,lm_eta,lm_bias,lm_mse,team_strength_correlation
bivnorm,1,0.18435010892333384,1.0178255966649505,0.017825596664950538,3.1775189646149576e-4,1.0157338014024246,0.01573380140242464,2.475525065709396e-4,0.038011695906436674,-0.9619883040935633,0.92542149721281,-0.5
