method,true_params,bivpois_eta,bivpois_estimated_ha,bivpois_bias,bivpois_mse,pc_eta,pc_bias,pc_mse,lm_eta,lm_bias,lm_mse,team_strength_correlation
bivnorm,1,0.20527218397383853,1.1126561181136507,0.11265611811365073,0.012691400948436824,1.109059850416534,0.1090598504165341,0.011894050972876793,1.3216374269005855,0.3216374269005855,0.10345063438322948,-0.5
