method,true_params,bivpois_eta,bivpois_estimated_ha,bivpois_bias,bivpois_mse,pc_eta,pc_bias,pc_mse,lm_eta,lm_bias,lm_mse,team_strength_correlation
bivnorm,1,0.14041110105916077,0.7859090311154864,-0.21409096888451362,0.04583494295790978,0.7922250608598879,-0.20777493914011214,0.043170425334677305,0.6783625730994145,-0.3216374269005855,0.10345063438322948,-0.5
