method,true_params,bivpois_eta,bivpois_estimated_ha,bivpois_bias,bivpois_mse,pc_eta,pc_bias,pc_mse,lm_eta,lm_bias,lm_mse,team_strength_correlation
bivnorm,1,0.1937387298921841,1.0771765062723997,0.07717650627239969,0.005956213120413749,1.0761226193866114,0.07612261938661136,0.005794653182278899,1.0292397660818744,0.029239766081874397,8.549639205227324e-4,-0.5
