method,true_params,bivpois_eta,bivpois_estimated_ha,bivpois_bias,bivpois_mse,pc_eta,pc_bias,pc_mse,lm_eta,lm_bias,lm_mse,team_strength_correlation
bivnorm,1,0.17748314925805522,0.9654844387850874,-0.034515561214912616,0.00119132396598038,0.9694953867001685,-0.03050461329983145,9.305314325722539e-4,0.9239766081871343,-0.07602339181286566,0.005779556102732489,-0.5
