method,true_params,bivpois_eta,bivpois_estimated_ha,bivpois_bias,bivpois_mse,pc_eta,pc_bias,pc_mse,lm_eta,lm_bias,lm_mse,team_strength_correlation
bivnorm,1,0.187453495743442,1.0323185575854996,0.03231855758549962,0.001044489164407255,1.0321613580312012,0.03216135803120124,0.0010343529504111123,1.798245614035099,0.7982456140350991,0.6371960603262724,-0.5
