method,true_params,bivpois_eta,bivpois_estimated_ha,bivpois_bias,bivpois_mse,pc_eta,pc_bias,pc_mse,lm_eta,lm_bias,lm_mse,team_strength_correlation
bivnorm,1,0.16885843372730766,0.9562629879180893,-0.04373701208191072,0.0019129262258532043,0.9522447752956278,-0.04775522470437221,0.002280561486565082,0.6111111111111212,-0.38888888888887885,0.15123456790122675,-0.5
