method,true_params,bivpois_eta,bivpois_estimated_ha,bivpois_bias,bivpois_mse,pc_eta,pc_bias,pc_mse,lm_eta,lm_bias,lm_mse,team_strength_correlation
bivnorm,1,0.19873056022101931,1.065176967529247,0.06517696752924707,0.004248037096308526,1.0670713941134224,0.06707139411342244,0.004498571908318039,1.2602339181286577,0.2602339181286577,0.06772169214459292,-0.5
