method,true_params,bivpois_eta,bivpois_estimated_ha,bivpois_bias,bivpois_mse,pc_eta,pc_bias,pc_mse,lm_eta,lm_bias,lm_mse,team_strength_correlation
bivnorm,1,0.18720978529001794,1.0185105642630399,0.018510564263039875,3.4264098933612893e-4,1.0223905060705594,0.02239050607055937,5.01334762095756e-4,1.3099415204678253,0.3099415204678253,0.09606374610990737,-0.5
