method,true_params,bivpois_eta,bivpois_estimated_ha,bivpois_bias,bivpois_mse,pc_eta,pc_bias,pc_mse,lm_eta,lm_bias,lm_mse,team_strength_correlation
bivnorm,1,0.18130449592379394,0.9940644943772714,-0.0059355056227285985,3.523022699744281e-5,0.9922266435664315,-0.007773356433568468,6.042507024330029e-5,0.9532163742690101,-0.04678362573098993,0.002188707636537343,-0.5
