method,true_params,bivpois_eta,bivpois_estimated_ha,bivpois_bias,bivpois_mse,pc_eta,pc_bias,pc_mse,lm_eta,lm_bias,lm_mse,team_strength_correlation
bivnorm,1,0.16281193093797092,0.8937307978841389,-0.1062692021158611,0.011293143318341739,0.8945390425627416,-0.10546095743725836,0.01112201354358322,1.5116959064327442,0.5116959064327442,0.26183270066002773,-0.5
