method,true_params,bivpois_eta,bivpois_estimated_ha,bivpois_bias,bivpois_mse,pc_eta,pc_bias,pc_mse,lm_eta,lm_bias,lm_mse,team_strength_correlation
bivnorm,1,0.20299375204339473,1.0877315778633747,0.08773157786337471,0.007696829754397379,1.0942237321327992,0.09422373213279922,0.0088781116970335,0.6754385964912387,-0.3245614035087613,0.10534010464757695,-0.5
