method,true_params,bivpois_eta,bivpois_estimated_ha,bivpois_bias,bivpois_mse,pc_eta,pc_bias,pc_mse,lm_eta,lm_bias,lm_mse,team_strength_correlation
bivnorm,1,0.17722088519089624,0.9675534576134668,-0.03244654238653322,0.0010527781128410966,0.9759141447851472,-0.024085855214852847,5.80128421430854e-4,1.6345029239766014,0.6345029239766014,0.40259396053485674,-0.5
