method,true_params,bivpois_eta,bivpois_estimated_ha,bivpois_bias,bivpois_mse,pc_eta,pc_bias,pc_mse,lm_eta,lm_bias,lm_mse,team_strength_correlation
bivnorm,1,0.16538559515934903,0.9283391385073356,-0.07166086149266437,0.005135279069870827,0.9327552449357993,-0.06724475506420069,0.004521857083644345,1.0760233918128692,0.07602339181286921,0.0057795561027330295,-0.5
