method,true_params,bivpois_eta,bivpois_estimated_ha,bivpois_bias,bivpois_mse,pc_eta,pc_bias,pc_mse,lm_eta,lm_bias,lm_mse,team_strength_correlation
bivnorm,1,0.1709576629882126,0.9421687523869471,-0.057831247613052916,0.0033444532004822387,0.9370738668304247,-0.0629261331695753,0.003959698235675124,1.2368421052631646,0.23684210526316463,0.056094182825487955,-0.5
