method,true_params,bivpois_eta,bivpois_estimated_ha,bivpois_bias,bivpois_mse,pc_eta,pc_bias,pc_mse,lm_eta,lm_bias,lm_mse,team_strength_correlation
bivnorm,1,0.2217048785701701,1.2464331919631357,0.24643319196313573,0.060729318101139705,1.247276984643186,0.24727698464318593,0.06114590713422641,0.2807017543859694,-0.7192982456140307,0.5173899661434224,-0.5
