method,true_params,bivpois_eta,bivpois_estimated_ha,bivpois_bias,bivpois_mse,pc_eta,pc_bias,pc_mse,lm_eta,lm_bias,lm_mse,team_strength_correlation
bivnorm,1,0.18148328294709642,0.9898988826157327,-0.010101117384267333,1.0203257241074772e-4,0.9925056380643854,-0.007494361935614591,5.616546082198887e-5,0.7894736842105462,-0.2105263157894538,0.04432132963988082,-0.5
