method,true_params,bivpois_eta,bivpois_estimated_ha,bivpois_bias,bivpois_mse,pc_eta,pc_bias,pc_mse,lm_eta,lm_bias,lm_mse,team_strength_correlation
bivnorm,1,0.18422586710590774,1.0144629236861427,0.014462923686142659,2.0917616155118637e-4,1.0225103327565097,0.02251033275650971,5.06715080808794e-4,0.7514619883040811,-0.24853801169591894,0.06177114325776074,-0.5
