method,true_params,bivpois_eta,bivpois_estimated_ha,bivpois_bias,bivpois_mse,pc_eta,pc_bias,pc_mse,lm_eta,lm_bias,lm_mse,team_strength_correlation
bivpois,0,-0.03402399927454523,-0.032092324796706206,-0.032092324796706206,0.0010299173108572841,-0.04040295847290003,-0.04040295847290003,0.001632399053362884,0.09941520467836988,0.09941520467836988,0.009883382921242176,0
