method,true_params,bivpois_eta,bivpois_estimated_ha,bivpois_bias,bivpois_mse,pc_eta,pc_bias,pc_mse,lm_eta,lm_bias,lm_mse,team_strength_correlation
bivnorm,1,0.18651594910891553,1.0240240083889738,0.024024008388973783,5.771529790734827e-4,1.025345912331567,0.02534591233156691,6.424152719194756e-4,0.8040935672514725,-0.19590643274852748,0.03837933039225332,-0.5
