method,true_params,bivpois_eta,bivpois_estimated_ha,bivpois_bias,bivpois_mse,pc_eta,pc_bias,pc_mse,lm_eta,lm_bias,lm_mse,team_strength_correlation
bivnorm,1,0.14489528930454984,0.7869365450442087,-0.21306345495579126,0.045396035837698495,0.7870332303336837,-0.21296676966631634,0.04535484498210583,1.400584795321637,0.40058479532163704,0.16046817824287785,-0.5
