method,true_params,bivpois_eta,bivpois_estimated_ha,bivpois_bias,bivpois_mse,pc_eta,pc_bias,pc_mse,lm_eta,lm_bias,lm_mse,team_strength_correlation
bivnorm,1,0.168963181254642,0.9205355423615194,-0.07946445763848065,0.006314600027777885,0.9291437484570138,-0.07085625154298625,0.005020608382722941,1.9707602339181276,0.9707602339181276,0.9423754317567778,-0.5
