method,true_params,bivpois_eta,bivpois_estimated_ha,bivpois_bias,bivpois_mse,pc_eta,pc_bias,pc_mse,lm_eta,lm_bias,lm_mse,team_strength_correlation
bivnorm,1,0.20757383788264522,1.1113256884204352,0.11132568842043522,0.012393408902283824,1.1103815428699901,0.11038154286999013,0.01218408500635947,1.7660818713450197,0.7660818713450197,0.5868814336034873,-0.5
