method,true_params,bivpois_eta,bivpois_estimated_ha,bivpois_bias,bivpois_mse,pc_eta,pc_bias,pc_mse,lm_eta,lm_bias,lm_mse,team_strength_correlation
bivnorm,1,0.17852772535665615,0.983020059988621,-0.016979940011379036,2.883183627900307e-4,0.9865616975844965,-0.013438302415503478,1.8058797181052662e-4,1.2923976608187189,0.2923976608187189,0.08549639205225856,-0.5
