method,true_params,bivpois_eta,bivpois_estimated_ha,bivpois_bias,bivpois_mse,pc_eta,pc_bias,pc_mse,lm_eta,lm_bias,lm_mse,team_strength_correlation
bivpois,0,0.08273990101501845,0.09724085724458309,0.09724085724458309,0.009455784317661387,0.10547863547014046,0.10547863547014046,0.011125742540642773,-0.11695906432748608,-0.11695906432748608,0.013679422728361028,0
