method,true_params,bivpois_eta,bivpois_estimated_ha,bivpois_bias,bivpois_mse,pc_eta,pc_bias,pc_mse,lm_eta,lm_bias,lm_mse,team_strength_correlation
bivnorm,1,0.18383529414352237,1.0309976833717478,0.030997683371747797,9.608563744151299e-4,1.0322845804921985,0.03228458049219851,0.0010422941375572447,1.7397660818713405,0.7397660818713405,0.5472538558872749,0
