method,true_params,bivpois_eta,bivpois_estimated_ha,bivpois_bias,bivpois_mse,pc_eta,pc_bias,pc_mse,lm_eta,lm_bias,lm_mse,team_strength_correlation
bivnorm,1,0.15808247119172686,0.8774737224342237,-0.12252627756577628,0.01501268869412565,0.8730651881572649,-0.12693481184273514,0.016112446457550573,0.4210526315789427,-0.5789473684210573,0.33518005540166745,0
