method,true_params,bivpois_eta,bivpois_estimated_ha,bivpois_bias,bivpois_mse,pc_eta,pc_bias,pc_mse,lm_eta,lm_bias,lm_mse,team_strength_correlation
bivnorm,1,0.19168453514180356,1.0445677239018298,0.04456772390182984,0.0019862820137897343,1.0480274802884924,0.04802748028849235,0.0023066388628615216,0.5029239766081773,-0.49707602339182266,0.24708457303102782,0
