method,true_params,bivpois_eta,bivpois_estimated_ha,bivpois_bias,bivpois_mse,pc_eta,pc_bias,pc_mse,lm_eta,lm_bias,lm_mse,team_strength_correlation
bivnorm,1,0.17846347050422307,0.9781208733218714,-0.021879126678128635,4.786961841976002e-4,0.9766028722073223,-0.023397127792677663,5.474255889468896e-4,1.359649122807032,0.359649122807032,0.12934749153586758,0
