method,true_params,bivpois_eta,bivpois_estimated_ha,bivpois_bias,bivpois_mse,pc_eta,pc_bias,pc_mse,lm_eta,lm_bias,lm_mse,team_strength_correlation
bivnorm,1,0.18143207153534094,1.0174801779019953,0.017480177901995297,3.055566194854047e-4,1.015510900437851,0.015510900437851083,2.405880323929289e-4,0.9269005847953203,-0.07309941520467966,0.005343524503266152,0
