method,true_params,bivpois_eta,bivpois_estimated_ha,bivpois_bias,bivpois_mse,pc_eta,pc_bias,pc_mse,lm_eta,lm_bias,lm_mse,team_strength_correlation
bivnorm,1,0.21950095916188797,1.2336122945723567,0.23361229457235666,0.05457470417536154,1.2396636122981246,0.2396636122981246,0.05743864705978578,0.9561403508771995,-0.04385964912280049,0.001923668821175174,0
