method,true_params,bivpois_eta,bivpois_estimated_ha,bivpois_bias,bivpois_mse,pc_eta,pc_bias,pc_mse,lm_eta,lm_bias,lm_mse,team_strength_correlation
bivnorm,1,0.17465251189914374,0.9846537079767668,-0.015346292023233232,2.3550867886235193e-4,0.9959395911492122,-0.004060408850787844,1.6486920035556262e-5,1.672514619883045,0.672514619883045,0.45227591395643646,0
