method,true_params,bivpois_eta,bivpois_estimated_ha,bivpois_bias,bivpois_mse,pc_eta,pc_bias,pc_mse,lm_eta,lm_bias,lm_mse,team_strength_correlation
bivnorm,1,0.1758873290287524,0.9547368366771174,-0.045263163322882605,0.002048753953993945,0.9486823361331784,-0.05131766386682157,0.0026335026247480842,1.777777777777772,0.7777777777777719,0.6049382716049292,0
