method,true_params,bivpois_eta,bivpois_estimated_ha,bivpois_bias,bivpois_mse,pc_eta,pc_bias,pc_mse,lm_eta,lm_bias,lm_mse,team_strength_correlation
bivnorm,1,0.19211530760650625,1.0479216007539396,0.047921600753939586,0.0022964798188199833,1.0546309691019968,0.05463096910199683,0.002984542785023332,0.38304093567251507,-0.6169590643274849,0.3806384870558457,0
