method,true_params,bivpois_eta,bivpois_estimated_ha,bivpois_bias,bivpois_mse,pc_eta,pc_bias,pc_mse,lm_eta,lm_bias,lm_mse,team_strength_correlation
bivnorm,1,0.19885295319519158,1.0984773880817587,0.09847738808175865,0.009697795963405302,1.0987721943735413,0.09877219437354134,0.009755946381364632,1.4970760233917988,0.4970760233917988,0.2470845730310041,0
