method,true_params,bivpois_eta,bivpois_estimated_ha,bivpois_bias,bivpois_mse,pc_eta,pc_bias,pc_mse,lm_eta,lm_bias,lm_mse,team_strength_correlation
bivpois,0,0.052896130991389415,0.04474746635256155,0.04474746635256155,0.002002335744973628,0.0519964209336183,0.0519964209336183,0.0027036277899060196,0.32748538011695566,0.32748538011695566,0.10724667419034693,0
