method,true_params,bivpois_eta,bivpois_estimated_ha,bivpois_bias,bivpois_mse,pc_eta,pc_bias,pc_mse,lm_eta,lm_bias,lm_mse,team_strength_correlation
bivnorm,1,0.172535015419878,0.9688086125046356,-0.03119138749536443,9.729026538859766e-4,0.9666017238086975,-0.033398276191302534,0.0011154448525505258,0.7602339181286609,-0.23976608187133908,0.05748777401593367,0
