method,true_params,bivpois_eta,bivpois_estimated_ha,bivpois_bias,bivpois_mse,pc_eta,pc_bias,pc_mse,lm_eta,lm_bias,lm_mse,team_strength_correlation
bivnorm,1,0.19988759768725942,1.0680231032065102,0.06802310320651017,0.004627142569843534,1.0616300294344796,0.061630029434479594,0.0037982605280948213,1.4269005847953296,0.42690058479532955,0.18224410929859436,0
