method,true_params,bivpois_eta,bivpois_estimated_ha,bivpois_bias,bivpois_mse,pc_eta,pc_bias,pc_mse,lm_eta,lm_bias,lm_mse,team_strength_correlation
bivpois,0,0.05828725142708172,0.056677052383552806,0.056677052383552806,0.003212288266887989,0.06370218577669871,0.06370218577669871,0.004057968472729036,-0.07309941520467302,-0.07309941520467302,0.00534352450326518,0
