method,true_params,bivpois_eta,bivpois_estimated_ha,bivpois_bias,bivpois_mse,pc_eta,pc_bias,pc_mse,lm_eta,lm_bias,lm_mse,team_strength_correlation
bivnorm,1,0.16505572113177866,0.9197290065988435,-0.08027099340115651,0.006443432381608512,0.9257665710817269,-0.07423342891827311,0.005510601968964307,-0.36257309941520904,-1.362573099415209,1.856605451249969,0
