method,true_params,bivpois_eta,bivpois_estimated_ha,bivpois_bias,bivpois_mse,pc_eta,pc_bias,pc_mse,lm_eta,lm_bias,lm_mse,team_strength_correlation
bivnorm,1,0.1688240252881806,0.9398471630779044,-0.06015283692209561,0.0036183637897762287,0.9453275830765754,-0.054672416923424616,0.0029890731722487665,0.8947368421052546,-0.10526315789474538,0.011080332409974098,0
