method,true_params,bivpois_eta,bivpois_estimated_ha,bivpois_bias,bivpois_mse,pc_eta,pc_bias,pc_mse,lm_eta,lm_bias,lm_mse,team_strength_correlation
bivnorm,1,0.16983549621366692,0.9223471716724045,-0.07765282832759546,0.006029961747275011,0.9347788969911078,-0.06522110300889217,0.004253792277696523,1.239766081871358,0.23976608187135806,0.05748777401594277,0
