method,true_params,bivpois_eta,bivpois_estimated_ha,bivpois_bias,bivpois_mse,pc_eta,pc_bias,pc_mse,lm_eta,lm_bias,lm_mse,team_strength_correlation
bivnorm,1,0.1897966937171842,1.0274903042099899,0.02749030420998988,7.557168255577873e-4,1.0254241397646133,0.02542413976461333,6.463868827705927e-4,0.9181286549707582,-0.08187134502924176,0.006702917136897149,0
