method,true_params,bivpois_eta,bivpois_estimated_ha,bivpois_bias,bivpois_mse,pc_eta,pc_bias,pc_mse,lm_eta,lm_bias,lm_mse,team_strength_correlation
bivnorm,1,0.17885906048400335,0.9613892029548987,-0.038610797045101286,0.0014907936484580022,0.9726888557128317,-0.0273111442871683,7.458986022745255e-4,0.2514619883041016,-0.7485380116958984,0.560309154953649,0
