method,true_params,bivpois_eta,bivpois_estimated_ha,bivpois_bias,bivpois_mse,pc_eta,pc_bias,pc_mse,lm_eta,lm_bias,lm_mse,team_strength_correlation
bivnorm,1,0.17982307997752542,1.002266225794167,0.0022662257941670205,5.135779350147943e-6,1.006662695328433,0.006662695328432999,4.439150903952291e-5,0.6637426900584902,-0.3362573099415098,0.1130689784891006,0
