method,true_params,bivpois_eta,bivpois_estimated_ha,bivpois_bias,bivpois_mse,pc_eta,pc_bias,pc_mse,lm_eta,lm_bias,lm_mse,team_strength_correlation
bivpois,0,0.06367096187498497,0.06846453282983744,0.06846453282983744,0.004687392255607889,0.07980241843598276,0.07980241843598276,0.006368425988231682,-0.3099415204678321,-0.3099415204678321,0.09606374610991157,0
