method,true_params,bivpois_eta,bivpois_estimated_ha,bivpois_bias,bivpois_mse,pc_eta,pc_bias,pc_mse,lm_eta,lm_bias,lm_mse,team_strength_correlation
bivnorm,1,0.18581714133099106,1.0170646729030919,0.017064672903091882,2.912030612895183e-4,1.0107288535952013,0.01072885359520126,1.15108299467263e-4,0.5438596491228085,-0.4561403508771915,0.20806401969836738,0
