method,true_params,bivpois_eta,bivpois_estimated_ha,bivpois_bias,bivpois_mse,pc_eta,pc_bias,pc_mse,lm_eta,lm_bias,lm_mse,team_strength_correlation
bivnorm,1,0.16535008369479368,0.9152692095361257,-0.08473079046387433,0.007179306852632977,0.917096554941662,-0.08290344505833802,0.006872981202540871,0.7602339181286435,-0.2397660818713565,0.05748777401594203,0
