method,true_params,bivpois_eta,bivpois_estimated_ha,bivpois_bias,bivpois_mse,pc_eta,pc_bias,pc_mse,lm_eta,lm_bias,lm_mse,team_strength_correlation
bivnorm,1,0.1709963420335652,0.9382686508482259,-0.06173134915177414,0.003810759468098246,0.9307211769508159,-0.06927882304918409,0.004799555323080161,0.576023391812875,-0.423976608187125,0.1797561642898589,0
