method,true_params,bivpois_eta,bivpois_estimated_ha,bivpois_bias,bivpois_mse,pc_eta,pc_bias,pc_mse,lm_eta,lm_bias,lm_mse,team_strength_correlation
bivnorm,1,0.1910966959382931,1.0250088200156737,0.025008820015673727,6.254410785763629e-4,1.0189735375401323,0.018973537540132313,3.599951267868101e-4,1.6403508771929824,0.6403508771929824,0.41004924592182207,0
