method,true_params,bivpois_eta,bivpois_estimated_ha,bivpois_bias,bivpois_mse,pc_eta,pc_bias,pc_mse,lm_eta,lm_bias,lm_mse,team_strength_correlation
bivnorm,1,0.1968108030359561,1.0610376167742146,0.0610376167742146,0.003725590661475883,1.0615114570956345,0.06151145709563455,0.00378365935402809,0.21345029239765284,-0.7865497076023471,0.6186604425293377,0
