method,true_params,bivpois_eta,bivpois_estimated_ha,bivpois_bias,bivpois_mse,pc_eta,pc_bias,pc_mse,lm_eta,lm_bias,lm_mse,team_strength_correlation
bivnorm,1,0.1851559255814426,1.0175130147650933,0.01751301476509326,3.0670568616237453e-4,1.01717385512278,0.017173855122780024,2.9494129977823767e-4,1.032163742690043,0.03216374269004296,0.0010345063438312921,0
