method,true_params,bivpois_eta,bivpois_estimated_ha,bivpois_bias,bivpois_mse,pc_eta,pc_bias,pc_mse,lm_eta,lm_bias,lm_mse,team_strength_correlation
bivnorm,1,0.17181622504611377,0.9301568580719994,-0.06984314192800056,0.00487806447437483,0.9365961642745857,-0.0634038357254143,0.0040200463846953235,0.12573099415204764,-0.8742690058479523,0.7643462945863668,0
