method,true_params,bivpois_eta,bivpois_estimated_ha,bivpois_bias,bivpois_mse,pc_eta,pc_bias,pc_mse,lm_eta,lm_bias,lm_mse,team_strength_correlation
bivnorm,1,0.17529423068823757,0.9722940577086572,-0.027705942291342822,7.676192382512188e-4,0.973470826056993,-0.026529173943007023,7.037970700983228e-4,-0.41520467836257435,-1.4152046783625742,2.002804281659317,0
