method,true_params,bivpois_eta,bivpois_estimated_ha,bivpois_bias,bivpois_mse,pc_eta,pc_bias,pc_mse,lm_eta,lm_bias,lm_mse,team_strength_correlation
bivpois,0,-0.02866525876472304,-0.03464634114975973,-0.03464634114975973,0.0012003689550655343,-0.03590781184181663,-0.03590781184181663,0.0012893709512673064,-0.5146198830409382,-0.5146198830409382,0.2648336240210689,0
