method,true_params,bivpois_eta,bivpois_estimated_ha,bivpois_bias,bivpois_mse,pc_eta,pc_bias,pc_mse,lm_eta,lm_bias,lm_mse,team_strength_correlation
bivnorm,1,0.1713614121127068,0.9188529034940354,-0.08114709650596463,0.006584851271348338,0.9146494153253322,-0.08535058467466783,0.007284722304307643,1.1520467836257333,0.15204678362573332,0.023118224410930564,0
