method,true_params,bivpois_eta,bivpois_estimated_ha,bivpois_bias,bivpois_mse,pc_eta,pc_bias,pc_mse,lm_eta,lm_bias,lm_mse,team_strength_correlation
bivnorm,1,0.17096546824050082,0.9381488861949778,-0.06185111380502217,0.0038255602789218045,0.9437069304455497,-0.05629306955445035,0.0031689096798621845,1.3421052631578934,0.34210526315789336,0.11703601108033147,0
