method,true_params,bivpois_eta,bivpois_estimated_ha,bivpois_bias,bivpois_mse,pc_eta,pc_bias,pc_mse,lm_eta,lm_bias,lm_mse,team_strength_correlation
bivnorm,1,0.14845185327312468,0.8282423627033539,-0.17175763729664606,0.02950068596972622,0.8320751202747408,-0.16792487972525916,0.028198765230742755,1.2982456140350995,0.2982456140350995,0.08895044629117356,0
