method,true_params,bivpois_eta,bivpois_estimated_ha,bivpois_bias,bivpois_mse,pc_eta,pc_bias,pc_mse,lm_eta,lm_bias,lm_mse,team_strength_correlation
bivpois,0,-0.033765562361686596,-0.03940324682926688,-0.03940324682926688,0.0015526158606881304,-0.0543683707903553,-0.0543683707903553,0.0029559197423975597,0.4473684210526131,0.4473684210526131,0.20013850415510812,-0.5
