method,true_params,bivpois_eta,bivpois_estimated_ha,bivpois_bias,bivpois_mse,pc_eta,pc_bias,pc_mse,lm_eta,lm_bias,lm_mse,team_strength_correlation
bivnorm,1,0.18835535402026193,1.0573915940390801,0.05739159403908012,0.0032937950663465766,1.0591576115481556,0.059157611548155575,0.00349962300408247,1.102339181286556,0.10233918128655595,0.010473308026402563,0.5
