method,true_params,bivpois_eta,bivpois_estimated_ha,bivpois_bias,bivpois_mse,pc_eta,pc_bias,pc_mse,lm_eta,lm_bias,lm_mse,team_strength_correlation
bivnorm,1,0.17011753311457256,0.9761185164891257,-0.02388148351087427,5.703252546801596e-4,0.9711087719932807,-0.028891228006719283,8.347030557362407e-4,1.4736842105263155,0.4736842105263155,0.22437673130193878,0.5
