method,true_params,bivpois_eta,bivpois_estimated_ha,bivpois_bias,bivpois_mse,pc_eta,pc_bias,pc_mse,lm_eta,lm_bias,lm_mse,team_strength_correlation
bivnorm,1,0.15530732024420194,0.8751008563502705,-0.12489914364972954,0.015599796084435775,0.8871166099081513,-0.11288339009184867,0.012742659758628478,0.4064327485380202,-0.5935672514619799,0.35232208200812926,0.5
