method,true_params,bivpois_eta,bivpois_estimated_ha,bivpois_bias,bivpois_mse,pc_eta,pc_bias,pc_mse,lm_eta,lm_bias,lm_mse,team_strength_correlation
bivnorm,1,0.17483362376021297,0.9534878633224331,-0.04651213667756693,0.0021633788583126667,0.9483334207563245,-0.05166657924367546,0.0026694354107429956,0.8888888888888801,-0.11111111111111993,0.012345679012347639,0.5
