method,true_params,bivpois_eta,bivpois_estimated_ha,bivpois_bias,bivpois_mse,pc_eta,pc_bias,pc_mse,lm_eta,lm_bias,lm_mse,team_strength_correlation
bivnorm,1,0.16963712392838082,0.9180079131600802,-0.08199208683991976,0.0067227023043649435,0.9166848401557294,-0.08331515984427063,0.006941415859876365,0.7573099415204648,-0.24269005847953518,0.058898464484800205,0.5
