method,true_params,bivpois_eta,bivpois_estimated_ha,bivpois_bias,bivpois_mse,pc_eta,pc_bias,pc_mse,lm_eta,lm_bias,lm_mse,team_strength_correlation
bivnorm,1,0.18590238356195624,1.0563771214110824,0.05637712141108242,0.0031783798185999277,1.0619660487610125,0.06196604876101253,0.0038397911990521822,1.2076023391812958,0.20760233918129578,0.043098731233545774,0.5
