method,true_params,bivpois_eta,bivpois_estimated_ha,bivpois_bias,bivpois_mse,pc_eta,pc_bias,pc_mse,lm_eta,lm_bias,lm_mse,team_strength_correlation
bivnorm,1,0.18080297537785128,0.9966173119701027,-0.003382688029897274,1.14425783076103e-5,0.9923702128792828,-0.0076297871207171575,5.821365150746141e-5,1.0058479532163753,0.005847953216375323,3.419855682091449e-5,0.5
