method,true_params,bivpois_eta,bivpois_estimated_ha,bivpois_bias,bivpois_mse,pc_eta,pc_bias,pc_mse,lm_eta,lm_bias,lm_mse,team_strength_correlation
bivnorm,1,0.1673285455111695,0.907976756011803,-0.09202324398819695,0.008468277434111226,0.9066791212319014,-0.09332087876809858,0.008708786414050153,0.8245614035087757,-0.17543859649122429,0.030778701138810614,0.5
