method,true_params,bivpois_eta,bivpois_estimated_ha,bivpois_bias,bivpois_mse,pc_eta,pc_bias,pc_mse,lm_eta,lm_bias,lm_mse,team_strength_correlation
bivnorm,1,0.1824309343078478,1.0011244172244922,0.0011244172244921913,1.264314094734723e-6,1.002452747660363,0.002452747660363075,6.0159710854165375e-6,1.219298245614038,0.219298245614038,0.048091720529394935,0.5
