method,true_params,bivpois_eta,bivpois_estimated_ha,bivpois_bias,bivpois_mse,pc_eta,pc_bias,pc_mse,lm_eta,lm_bias,lm_mse,team_strength_correlation
bivnorm,1,0.17196488738437285,0.9759025146752496,-0.024097485324750423,5.80688798976562e-4,0.9688592785676453,-0.03114072143235469,9.697445313275147e-4,1.4766081871345038,0.4766081871345038,0.2271553640436382,0.5
