method,true_params,bivpois_eta,bivpois_estimated_ha,bivpois_bias,bivpois_mse,pc_eta,pc_bias,pc_mse,lm_eta,lm_bias,lm_mse,team_strength_correlation
bivpois,0,0.05985750172950856,0.0708879028724827,0.0708879028724827,0.005025094773658541,0.07583016087075775,0.07583016087075775,0.005750213297685,-0.5877192982456262,-0.5877192982456262,0.3454139735303313,0
