method,true_params,bivpois_eta,bivpois_estimated_ha,bivpois_bias,bivpois_mse,pc_eta,pc_bias,pc_mse,lm_eta,lm_bias,lm_mse,team_strength_correlation
bivnorm,1,0.16088083290131447,0.9079102516114963,-0.0920897483885037,0.00848052175825792,0.9192057116493176,-0.08079428835068236,0.006527717030093208,1.979532163742698,0.9795321637426979,0.9594832598064515,0.5
