method,true_params,bivpois_eta,bivpois_estimated_ha,bivpois_bias,bivpois_mse,pc_eta,pc_bias,pc_mse,lm_eta,lm_bias,lm_mse,team_strength_correlation
bivnorm,1,0.19542995073743608,1.0750942118491498,0.07509421184914977,0.005639140653244986,1.0724648351500001,0.07246483515000013,0.005251152333316694,0.8625730994152087,-0.13742690058479134,0.018886153004342123,0.5
