method,true_params,bivpois_eta,bivpois_estimated_ha,bivpois_bias,bivpois_mse,pc_eta,pc_bias,pc_mse,lm_eta,lm_bias,lm_mse,team_strength_correlation
bivnorm,1,0.13503496145777638,0.7497542150024268,-0.2502457849975732,0.06262295290905164,0.7562089140202072,-0.24379108597979282,0.059434093603206735,0.3274853801169601,-0.6725146198830398,0.4522759139564296,0.5
