method,true_params,bivpois_eta,bivpois_estimated_ha,bivpois_bias,bivpois_mse,pc_eta,pc_bias,pc_mse,lm_eta,lm_bias,lm_mse,team_strength_correlation
bivnorm,1,0.1825345935386996,1.0400115356855677,0.0400115356855677,0.0016009229879174575,1.040387249307627,0.04038724930762694,0.0016311299066364125,2.228070175438598,1.228070175438598,1.5081563558017892,0.5
