method,true_params,bivpois_eta,bivpois_estimated_ha,bivpois_bias,bivpois_mse,pc_eta,pc_bias,pc_mse,lm_eta,lm_bias,lm_mse,team_strength_correlation
bivnorm,1,0.19226989417985016,1.0413048205058777,0.04130482050587769,0.0017060881970227743,1.0520067137586124,0.05200671375861243,0.0027046982759702477,1.05263157894736,0.052631578947359925,0.0027700831024921805,0.5
