method,true_params,bivpois_eta,bivpois_estimated_ha,bivpois_bias,bivpois_mse,pc_eta,pc_bias,pc_mse,lm_eta,lm_bias,lm_mse,team_strength_correlation
bivnorm,1,0.19080808349065792,1.0848855098099452,0.08488550980994525,0.007205549775694311,1.0838472723228243,0.0838472723228243,0.007030365075977857,-0.20175438596490142,-1.2017543859649014,1.444213604185877,0.5
