method,true_params,bivpois_eta,bivpois_estimated_ha,bivpois_bias,bivpois_mse,pc_eta,pc_bias,pc_mse,lm_eta,lm_bias,lm_mse,team_strength_correlation
bivnorm,1,0.18956324466785113,1.0306851674051645,0.03068516740516447,9.415794986829681e-4,1.0369304246176803,0.03693042461768026,0.001363856262442164,0.6812865497076094,-0.3187134502923906,0.10157826339728014,0.5
