method,true_params,bivpois_eta,bivpois_estimated_ha,bivpois_bias,bivpois_mse,pc_eta,pc_bias,pc_mse,lm_eta,lm_bias,lm_mse,team_strength_correlation
bivnorm,1,0.18683045821856478,0.9772446306302349,-0.022755369369765077,5.178068351544427e-4,0.9804138583929174,-0.019586141607082608,3.836169430526925e-4,0.9152046783625873,-0.08479532163741266,0.007190246571592263,0.5
