method,true_params,bivpois_eta,bivpois_estimated_ha,bivpois_bias,bivpois_mse,pc_eta,pc_bias,pc_mse,lm_eta,lm_bias,lm_mse,team_strength_correlation
bivnorm,1,0.17654206204430412,0.9999463751984736,-5.3624801526375165e-5,2.8756193387431284e-9,1.0075623464993642,0.007562346499364159,5.7189084576445346e-5,1.1637426900584846,0.16374269005848463,0.02681166854758896,0.5
