method,true_params,bivpois_eta,bivpois_estimated_ha,bivpois_bias,bivpois_mse,pc_eta,pc_bias,pc_mse,lm_eta,lm_bias,lm_mse,team_strength_correlation
bivnorm,1,0.1840354523882074,0.9866660454096525,-0.013333954590347474,1.7779434501744847e-4,0.9865581854054892,-0.01344181459451077,1.8068237959320275e-4,0.6228070175438698,-0.3771929824561302,0.14227454601415054,0.5
