method,true_params,bivpois_eta,bivpois_estimated_ha,bivpois_bias,bivpois_mse,pc_eta,pc_bias,pc_mse,lm_eta,lm_bias,lm_mse,team_strength_correlation
bivnorm,1,0.17228442393014198,0.9398039054704075,-0.060196094529592514,0.0036235697966156377,0.935997281030081,-0.06400271896991905,0.004096348035542436,0.7923976608187131,-0.2076023391812869,0.04309873123354209,0.5
