method,true_params,bivpois_eta,bivpois_estimated_ha,bivpois_bias,bivpois_mse,pc_eta,pc_bias,pc_mse,lm_eta,lm_bias,lm_mse,team_strength_correlation
bivnorm,1,0.18181565782242357,0.9825007253610565,-0.01749927463894352,3.0622461288917183e-4,0.9820985837627484,-0.01790141623725161,3.204607032993356e-4,1.4122807017543895,0.41228070175438947,0.16997537703909185,0.5
