method,true_params,bivpois_eta,bivpois_estimated_ha,bivpois_bias,bivpois_mse,pc_eta,pc_bias,pc_mse,lm_eta,lm_bias,lm_mse,team_strength_correlation
bivnorm,1,0.16849587609331876,0.9286871930447997,-0.07131280695520026,0.005085516435829658,0.9306068512445451,-0.06939314875545488,0.004815409094196689,1.690058479532171,0.6900584795321709,0.47618070517425154,0.5
