method,true_params,bivpois_eta,bivpois_estimated_ha,bivpois_bias,bivpois_mse,pc_eta,pc_bias,pc_mse,lm_eta,lm_bias,lm_mse,team_strength_correlation
bivnorm,1,0.20408863442021277,1.0782094189127411,0.07820941891274114,0.006116713206668631,1.0765367276893125,0.07653672768931252,0.005857870685387978,1.1403508771929811,0.14035087719298112,0.019698368728839268,0.5
