method,true_params,bivpois_eta,bivpois_estimated_ha,bivpois_bias,bivpois_mse,pc_eta,pc_bias,pc_mse,lm_eta,lm_bias,lm_mse,team_strength_correlation
bivnorm,1,0.19829800744515014,1.0300001704007826,0.030000170400782622,9.000102240759938e-4,1.032649041156461,0.032649041156461056,0.0010659598884362879,0.4093567251461953,-0.5906432748538046,0.348859478130027,0.5
