method,true_params,bivpois_eta,bivpois_estimated_ha,bivpois_bias,bivpois_mse,pc_eta,pc_bias,pc_mse,lm_eta,lm_bias,lm_mse,team_strength_correlation
bivnorm,1,0.16664890337803223,0.9366427337923842,-0.06335726620761584,0.0040141431813027,0.9308669311273506,-0.06913306887264936,0.00477938121175048,1.4064327485380195,0.4064327485380195,0.16518757908416898,0.5
