method,true_params,bivpois_eta,bivpois_estimated_ha,bivpois_bias,bivpois_mse,pc_eta,pc_bias,pc_mse,lm_eta,lm_bias,lm_mse,team_strength_correlation
bivnorm,1,0.20913875102333118,1.1315349796438694,0.1315349796438694,0.017301450869913138,1.1329815636707472,0.1329815636707472,0.017684096276316993,0.6842105263157878,-0.3157894736842122,0.09972299168975174,0.5
