method,true_params,bivpois_eta,bivpois_estimated_ha,bivpois_bias,bivpois_mse,pc_eta,pc_bias,pc_mse,lm_eta,lm_bias,lm_mse,team_strength_correlation
bivpois,0,9.043760615321661e-4,8.557813406432357e-4,8.557813406432357e-4,7.323617029931339e-7,0.0020304246595719746,0.0020304246595719746,4.1226242981979685e-6,-0.11403508771930382,-0.11403508771930382,0.013004001231149316,0
