method,true_params,bivpois_eta,bivpois_estimated_ha,bivpois_bias,bivpois_mse,pc_eta,pc_bias,pc_mse,lm_eta,lm_bias,lm_mse,team_strength_correlation
bivnorm,1,0.19679293671951056,1.0450037128662846,0.04500371286628457,0.0020253341717509877,1.052446536682755,0.052446536682754896,0.002750639210015555,1.8859649122807052,0.8859649122807052,0.7849338257925577,0.5
