method,true_params,bivpois_eta,bivpois_estimated_ha,bivpois_bias,bivpois_mse,pc_eta,pc_bias,pc_mse,lm_eta,lm_bias,lm_mse,team_strength_correlation
bivnorm,1,0.20910947611761854,1.1307595204191845,0.13075952041918448,0.017098052180255122,1.1265539762964125,0.12655397629641252,0.016015908916432942,1.637426900584792,0.6374269005847919,0.40631305358913417,0.5
