method,true_params,bivpois_eta,bivpois_estimated_ha,bivpois_bias,bivpois_mse,pc_eta,pc_bias,pc_mse,lm_eta,lm_bias,lm_mse,team_strength_correlation
bivnorm,1,0.20226275074234404,1.1314655798043542,0.13146557980435425,0.017283198673295037,1.131456825165271,0.13145682516527102,0.01728089688253263,0.4093567251461929,-0.5906432748538071,0.3488594781300299,0.5
