method,true_params,bivpois_eta,bivpois_estimated_ha,bivpois_bias,bivpois_mse,pc_eta,pc_bias,pc_mse,lm_eta,lm_bias,lm_mse,team_strength_correlation
bivnorm,1,0.1417529856761718,0.7658917606201525,-0.23410823937984748,0.05480666774553197,0.7710064756059916,-0.22899352439400844,0.05243803421438934,0.8684210526315828,-0.13157894736841724,0.017313019390580716,0.5
