method,true_params,bivpois_eta,bivpois_estimated_ha,bivpois_bias,bivpois_mse,pc_eta,pc_bias,pc_mse,lm_eta,lm_bias,lm_mse,team_strength_correlation
bivpois,0,-0.0562315114804134,-0.06359056098121596,-0.06359056098121596,0.0040437594459057456,-0.06930696395390927,-0.06930696395390927,0.004803455252508479,-0.9795321637426917,-0.9795321637426917,0.9594832598064393,-0.5
