method,true_params,bivpois_eta,bivpois_estimated_ha,bivpois_bias,bivpois_mse,pc_eta,pc_bias,pc_mse,lm_eta,lm_bias,lm_mse,team_strength_correlation
bivpois,0,0.050146764617888015,0.04774855114941645,0.04774855114941645,0.0022799241368684393,0.05626079141101542,0.05626079141101542,0.0031652766501937867,-0.11695906432749169,-0.11695906432749169,0.01367942272836234,0
