method,true_params,bivpois_eta,bivpois_estimated_ha,bivpois_bias,bivpois_mse,pc_eta,pc_bias,pc_mse,lm_eta,lm_bias,lm_mse,team_strength_correlation
bivpois,0,0.0801788574223612,0.07151489283343582,0.07151489283343582,0.005114379896977809,0.07626150628622173,0.07626150628622173,0.005815817341043437,0.4122807017543914,0.4122807017543914,0.16997537703909343,0
