method,true_params,bivpois_eta,bivpois_estimated_ha,bivpois_bias,bivpois_mse,pc_eta,pc_bias,pc_mse,lm_eta,lm_bias,lm_mse,team_strength_correlation
bivpois,0,0.03827090966209468,0.03892491696912048,0.03892491696912048,0.0015151491610529237,0.04331433782333708,0.04331433782333708,0.0018761318610741693,-0.21345029239766783,-0.21345029239766783,0.045561027324649894,0
