method,true_params,bivpois_eta,bivpois_estimated_ha,bivpois_bias,bivpois_mse,pc_eta,pc_bias,pc_mse,lm_eta,lm_bias,lm_mse,team_strength_correlation
bivpois,0,-0.04378215210306239,-0.04173760362356849,-0.04173760362356849,0.0017420275562381174,-0.04629798142193645,-0.04629798142193645,0.002143503083745973,-0.33625730994151987,-0.33625730994151987,0.11306897848910735,0
