method,true_params,bivpois_eta,bivpois_estimated_ha,bivpois_bias,bivpois_mse,pc_eta,pc_bias,pc_mse,lm_eta,lm_bias,lm_mse,team_strength_correlation
bivpois,0,0.0617638272350874,0.06934550061742284,0.06934550061742284,0.004808798455880991,0.0750342048433812,0.0750342048433812,0.005630131896478491,0.24853801169590006,0.24853801169590006,0.061771143257751356,0
