method,true_params,bivpois_eta,bivpois_estimated_ha,bivpois_bias,bivpois_mse,pc_eta,pc_bias,pc_mse,lm_eta,lm_bias,lm_mse,team_strength_correlation
bivpois,0,0.04965730881586737,0.053174340887469196,0.053174340887469196,0.0028275105288167782,0.06437234632845089,0.06437234632845089,0.004143798971830024,-0.28947368421053205,-0.28947368421053205,0.08379501385041883,0
