method,true_params,bivpois_eta,bivpois_estimated_ha,bivpois_bias,bivpois_mse,pc_eta,pc_bias,pc_mse,lm_eta,lm_bias,lm_mse,team_strength_correlation
bivpois,0,0.017883472819287805,0.017185205974739604,0.017185205974739604,2.953313043942258e-4,0.014170981823222503,0.014170981823222503,2.0081672583410258e-4,-0.684210526315788,-0.684210526315788,0.46814404432132767,-0.5
