method,true_params,bivpois_eta,bivpois_estimated_ha,bivpois_bias,bivpois_mse,pc_eta,pc_bias,pc_mse,lm_eta,lm_bias,lm_mse,team_strength_correlation
bivpois,0,0.056904234698541216,0.04242572217065932,0.04242572217065932,0.0017999419017019737,0.043559463260544974,0.043559463260544974,0.0018974268395467674,-0.16081871345028698,-0.16081871345028698,0.025862658595805513,0.5
