method,true_params,bivpois_eta,bivpois_estimated_ha,bivpois_bias,bivpois_mse,pc_eta,pc_bias,pc_mse,lm_eta,lm_bias,lm_mse,team_strength_correlation
bivpois,0,0.09225905300546162,0.10636040309536288,0.10636040309536288,0.011312535346608078,0.12066047150128345,0.12066047150128345,0.014558949382912035,-0.02046783625730402,-0.02046783625730402,4.189323210558091e-4,0.5
