method,true_params,bivpois_eta,bivpois_estimated_ha,bivpois_bias,bivpois_mse,pc_eta,pc_bias,pc_mse,lm_eta,lm_bias,lm_mse,team_strength_correlation
bivpois,0,0.04149650017595416,0.044483109775870666,0.044483109775870666,0.0019787470553321606,0.05191318865694476,0.05191318865694476,0.0026949791565315383,1.6666666666666659,1.6666666666666659,2.777777777777775,0.5
