method,true_params,bivpois_eta,bivpois_estimated_ha,bivpois_bias,bivpois_mse,pc_eta,pc_bias,pc_mse,lm_eta,lm_bias,lm_mse,team_strength_correlation
bivpois,0,0.007754929588184387,0.00763178833206668,0.00763178833206668,5.824419314546912e-5,0.012084353817615813,0.012084353817615813,1.4603160718932586e-4,-0.511695906432749,-0.511695906432749,0.2618327006600326,0.5
