method,true_params,bivpois_eta,bivpois_estimated_ha,bivpois_bias,bivpois_mse,pc_eta,pc_bias,pc_mse,lm_eta,lm_bias,lm_mse,team_strength_correlation
bivpois,0,0.035008228772567644,0.03515237340391664,0.03515237340391664,0.0012356893559283858,0.03904438501426254,0.03904438501426254,0.0015244640011419694,-0.1549707602339102,-0.1549707602339102,0.024015936527476085,-0.5
