method,true_params,bivpois_eta,bivpois_estimated_ha,bivpois_bias,bivpois_mse,pc_eta,pc_bias,pc_mse,lm_eta,lm_bias,lm_mse,team_strength_correlation
bivpois,0,-0.008599375737410075,-0.008041020514585662,-0.008041020514585662,6.465801091598746e-5,-0.012625622827603381,-0.012625622827603381,1.594063517848996e-4,-0.37426900584795586,-0.37426900584795586,0.1400772887384172,0.5
