method,true_params,bivpois_eta,bivpois_estimated_ha,bivpois_bias,bivpois_mse,pc_eta,pc_bias,pc_mse,lm_eta,lm_bias,lm_mse,team_strength_correlation
bivpois,0,0.05387262390632498,0.05241553758436701,0.05241553758436701,0.002747388580258191,0.0579396110697544,0.0579396110697544,0.0033569985309144065,-0.008771929824559491,-0.008771929824559491,7.694675284699631e-5,0.5
