method,true_params,bivpois_eta,bivpois_estimated_ha,bivpois_bias,bivpois_mse,pc_eta,pc_bias,pc_mse,lm_eta,lm_bias,lm_mse,team_strength_correlation
bivpois,0,-0.03445814147488775,-0.03759997197368237,-0.03759997197368237,0.0014137578924216996,-0.038111732042116646,-0.038111732042116646,0.0014525041192501005,-0.39766081871345266,-0.39766081871345266,0.15813412673985347,0.5
