method,true_params,bivpois_eta,bivpois_estimated_ha,bivpois_bias,bivpois_mse,pc_eta,pc_bias,pc_mse,lm_eta,lm_bias,lm_mse,team_strength_correlation
bivpois,0,-0.14639438372490338,-0.14016145148447823,-0.14016145148447823,0.019645232482235743,-0.15805605741811726,-0.15805605741811726,0.02498171728655918,-0.9356725146198843,-0.9356725146198843,0.8754830546150977,0.5
