method,true_params,bivpois_eta,bivpois_estimated_ha,bivpois_bias,bivpois_mse,pc_eta,pc_bias,pc_mse,lm_eta,lm_bias,lm_mse,team_strength_correlation
bivpois,0,-0.09715514253176644,-0.10018697996928316,-0.10018697996928316,0.010037430955365545,-0.10554668464875973,-0.10554668464875973,0.011140102640344733,0.28362573099415345,0.28362573099415345,0.0804435552819679,0.5
