method,true_params,bivpois_eta,bivpois_estimated_ha,bivpois_bias,bivpois_mse,pc_eta,pc_bias,pc_mse,lm_eta,lm_bias,lm_mse,team_strength_correlation
bivpois,0,-0.019407649738039608,-0.016528107406701187,-0.016528107406701187,2.7317833444745064e-4,-0.017576524772845346,-0.017576524772845346,3.0893422309044615e-4,-0.31286549707602124,-0.31286549707602124,0.09788481926062585,0.5
