method,true_params,bivpois_eta,bivpois_estimated_ha,bivpois_bias,bivpois_mse,pc_eta,pc_bias,pc_mse,lm_eta,lm_bias,lm_mse,team_strength_correlation
bivpois,0,0.03689731459377443,0.03500623055574548,0.03500623055574548,0.0012254361777220082,0.034632331522522104,0.034632331522522104,0.0011993983866858782,0.17836257309941697,0.17836257309941697,0.031813207482644865,0.5
