method,true_params,bivpois_eta,bivpois_estimated_ha,bivpois_bias,bivpois_mse,pc_eta,pc_bias,pc_mse,lm_eta,lm_bias,lm_mse,team_strength_correlation
bivpois,0,0.13553837420529144,0.12646537470324282,0.12646537470324282,0.015993490998831607,0.13527455144159656,0.13527455144159656,0.018299204267725154,0.29239766081871904,0.29239766081871904,0.08549639205225866,0.5
