method,true_params,bivpois_eta,bivpois_estimated_ha,bivpois_bias,bivpois_mse,pc_eta,pc_bias,pc_mse,lm_eta,lm_bias,lm_mse,team_strength_correlation
bivpois,0,0.026961572499764875,0.02471417012060617,0.02471417012060617,6.107902047502629e-4,0.0290673027726147,0.0290673027726147,8.449080904748543e-4,0.4649122807017603,0.4649122807017603,0.21614342874731238,0.5
