method,true_params,bivpois_eta,bivpois_estimated_ha,bivpois_bias,bivpois_mse,pc_eta,pc_bias,pc_mse,lm_eta,lm_bias,lm_mse,team_strength_correlation
bivpois,0,0.05208604297752238,0.05717326175995918,0.05717326175995918,0.003268781860272811,0.06840226577115979,0.06840226577115979,0.0046788699626283785,0.7602339181286584,0.7602339181286584,0.5779556102732516,0.5
