method,true_params,bivpois_eta,bivpois_estimated_ha,bivpois_bias,bivpois_mse,pc_eta,pc_bias,pc_mse,lm_eta,lm_bias,lm_mse,team_strength_correlation
bivpois,0,-0.04020100235139778,-0.03929184081466608,-0.03929184081466608,0.0015438487546050592,-0.05197762156930544,-0.05197762156930544,0.0027016731440019258,-0.16959064327485393,-0.16959064327485393,0.02876098628637876,0.5
