method,true_params,bivpois_eta,bivpois_estimated_ha,bivpois_bias,bivpois_mse,pc_eta,pc_bias,pc_mse,lm_eta,lm_bias,lm_mse,team_strength_correlation
bivpois,0,-0.1300762385040799,-0.12626304960501677,-0.12626304960501677,0.015942357695558927,-0.13989257640053168,-0.13989257640053168,0.019569932931978593,-0.40058479532164426,-0.40058479532164426,0.16046817824288362,0.5
