method,true_params,bivpois_eta,bivpois_estimated_ha,bivpois_bias,bivpois_mse,pc_eta,pc_bias,pc_mse,lm_eta,lm_bias,lm_mse,team_strength_correlation
bivpois,0,-0.07838731220569625,-0.08338056995127352,-0.08338056995127352,0.006952319445399217,-0.09525394007092021,-0.09525394007092021,0.009073313099034459,-0.728070175438585,-0.728070175438585,0.5300861803631719,0.5
