method,true_params,bivpois_eta,bivpois_estimated_ha,bivpois_bias,bivpois_mse,pc_eta,pc_bias,pc_mse,lm_eta,lm_bias,lm_mse,team_strength_correlation
bivpois,0,-0.09676932030825612,-0.08790974884640135,-0.08790974884640135,0.007728123942237363,-0.09187605033157419,-0.09187605033157419,0.008441208624529952,-0.6140350877192986,-0.6140350877192986,0.37703908895044674,0.5
