method,true_params,bivpois_eta,bivpois_estimated_ha,bivpois_bias,bivpois_mse,pc_eta,pc_bias,pc_mse,lm_eta,lm_bias,lm_mse,team_strength_correlation
bivpois,0,-0.013057984811293642,-0.011732144283442825,-0.011732144283442825,1.3764320948752014e-4,-0.012615453837336968,-0.012615453837336968,1.5914967552198002e-4,-0.09941520467836973,-0.09941520467836973,0.009883382921242146,0.5
