method,true_params,bivpois_eta,bivpois_estimated_ha,bivpois_bias,bivpois_mse,pc_eta,pc_bias,pc_mse,lm_eta,lm_bias,lm_mse,team_strength_correlation
bivpois,0,0.19440684457999874,0.15644622681413145,0.15644622681413145,0.02447542188437866,0.17131779153498303,0.17131779153498303,0.0293497856964239,0.6432748538011663,0.6432748538011663,0.4138025375329119,0.5
