method,true_params,bivpois_eta,bivpois_estimated_ha,bivpois_bias,bivpois_mse,pc_eta,pc_bias,pc_mse,lm_eta,lm_bias,lm_mse,team_strength_correlation
bivpois,0,0.011492105289509726,0.016384349094827222,0.016384349094827222,2.684468952611656e-4,0.013770112507016097,0.013770112507016097,1.8961599845588114e-4,-0.5730994152046938,-0.5730994152046938,0.32844293970796196,0.5
