method,true_params,bivpois_eta,bivpois_estimated_ha,bivpois_bias,bivpois_mse,pc_eta,pc_bias,pc_mse,lm_eta,lm_bias,lm_mse,team_strength_correlation
bivpois,0,0.14509990528855207,0.14645446197100742,0.14645446197100742,0.02144890943121726,0.16335074782584463,0.16335074782584463,0.026683466815262687,-0.40350877192983126,-0.40350877192983126,0.16281932902432059,0.5
