method,true_params,bivpois_eta,bivpois_estimated_ha,bivpois_bias,bivpois_mse,pc_eta,pc_bias,pc_mse,lm_eta,lm_bias,lm_mse,team_strength_correlation
bivpois,0,0.07982750418228546,0.08023916723414015,0.08023916723414015,0.006438323958428311,0.09300888111382834,0.09300888111382834,0.008650651966046254,0.5087719298245571,0.5087719298245571,0.2588488765774041,0.5
