method,true_params,bivpois_eta,bivpois_estimated_ha,bivpois_bias,bivpois_mse,pc_eta,pc_bias,pc_mse,lm_eta,lm_bias,lm_mse,team_strength_correlation
bivpois,0,0.03364609347646692,0.030064854060887658,0.030064854060887658,9.038954497024731e-4,0.0391352568987973,0.0391352568987973,0.0015315683325348617,-0.20760233918129464,-0.20760233918129464,0.0430987312335453,0.5
