method,true_params,bivpois_eta,bivpois_estimated_ha,bivpois_bias,bivpois_mse,pc_eta,pc_bias,pc_mse,lm_eta,lm_bias,lm_mse,team_strength_correlation
bivpois,0,-9.549862896037946e-4,-0.0012803995959482783,-0.0012803995959482783,1.6394231253045145e-6,0.0013733846732169746,0.0013733846732169746,1.8861854606272961e-6,-0.5555555555555574,-0.5555555555555574,0.30864197530864396,0.5
