method,true_params,bivpois_eta,bivpois_estimated_ha,bivpois_bias,bivpois_mse,pc_eta,pc_bias,pc_mse,lm_eta,lm_bias,lm_mse,team_strength_correlation
bivpois,0,4.3335317969027306e-4,3.388298727080574e-4,3.388298727080574e-4,1.148056826393584e-7,-0.003056586110867213,-0.003056586110867213,9.342718653146354e-6,-0.4415204678362616,-0.4415204678362616,0.1949403235183513,0.5
