method,true_params,bivpois_eta,bivpois_estimated_ha,bivpois_bias,bivpois_mse,pc_eta,pc_bias,pc_mse,lm_eta,lm_bias,lm_mse,team_strength_correlation
bivpois,0,0.068169035843005,0.054468921151274885,0.054468921151274885,0.0029668633713838006,0.06031772885300726,0.06031772885300726,0.003638228413984905,0.3216374269005922,0.3216374269005922,0.1034506343832338,0.5
