method,true_params,bivpois_eta,bivpois_estimated_ha,bivpois_bias,bivpois_mse,pc_eta,pc_bias,pc_mse,lm_eta,lm_bias,lm_mse,team_strength_correlation
bivpois,0,-0.11731642501529484,-0.11308119911160175,-0.11308119911160175,0.01278735759251772,-0.12668859387264758,-0.12668859387264758,0.016049999817428637,-0.02923976608188609,-0.02923976608188609,8.549639205234161e-4,0.5
