method,true_params,bivpois_eta,bivpois_estimated_ha,bivpois_bias,bivpois_mse,pc_eta,pc_bias,pc_mse,lm_eta,lm_bias,lm_mse,team_strength_correlation
bivpois,0,0.05243733007909432,0.04017026699509885,0.04017026699509885,0.0016136503504575277,0.0466825047053166,0.0466825047053166,0.002179256245561907,0.5058479532163801,0.5058479532163801,0.25588215177320106,0.5
