method,true_params,bivpois_eta,bivpois_estimated_ha,bivpois_bias,bivpois_mse,pc_eta,pc_bias,pc_mse,lm_eta,lm_bias,lm_mse,team_strength_correlation
bivpois,0,0.0933598370755777,0.09455680443676018,0.09455680443676018,0.008940989265291709,0.1006321068372911,0.1006321068372911,0.01012682092651197,0.5526315789473707,0.5526315789473707,0.305401662049864,0.5
