method,true_params,bivpois_eta,bivpois_estimated_ha,bivpois_bias,bivpois_mse,pc_eta,pc_bias,pc_mse,lm_eta,lm_bias,lm_mse,team_strength_correlation
bivpois,0,0.07222781937733878,0.07478181842621356,0.07478181842621356,0.005592320367131175,0.0800760485982059,0.0800760485982059,0.006412173559102233,0.18713450292396994,0.18713450292396994,0.03501932218460131,0.5
