method,true_params,bivpois_eta,bivpois_estimated_ha,bivpois_bias,bivpois_mse,pc_eta,pc_bias,pc_mse,lm_eta,lm_bias,lm_mse,team_strength_correlation
bivpois,0,0.08367620641762426,0.07572479719437342,0.07572479719437342,0.005734244910128984,0.08233010540326685,0.08233010540326685,0.00677824625571303,0.6286549707602348,0.6286549707602348,0.39520707226155166,0.5
