method,true_params,bivpois_eta,bivpois_estimated_ha,bivpois_bias,bivpois_mse,pc_eta,pc_bias,pc_mse,lm_eta,lm_bias,lm_mse,team_strength_correlation
bivpois,0,-0.0435982562224512,-0.05976515371200586,-0.05976515371200586,0.0035718735982196875,-0.07047763717880728,-0.07047763717880728,0.004967097342307599,-0.5906432748537913,-0.5906432748537913,0.3488594781300113,0.5
