method,true_params,bivpois_eta,bivpois_estimated_ha,bivpois_bias,bivpois_mse,pc_eta,pc_bias,pc_mse,lm_eta,lm_bias,lm_mse,team_strength_correlation
bivpois,0,-0.14671762860285892,-0.1496795413841665,-0.1496795413841665,0.022403965108974414,-0.15725490506233214,-0.15725490506233214,0.024729105166163095,-0.3801169590643248,-0.3801169590643248,0.14448890256830957,0.5
