method,true_params,bivpois_eta,bivpois_estimated_ha,bivpois_bias,bivpois_mse,pc_eta,pc_bias,pc_mse,lm_eta,lm_bias,lm_mse,team_strength_correlation
bivpois,0,0.022421847639637168,0.02691669438119426,0.02691669438119426,7.245084364106147e-4,0.027246446305018983,0.027246446305018983,7.423688362522826e-4,-0.47368421052631887,-0.47368421052631887,0.22437673130194197,0.5
