method,true_params,bivpois_eta,bivpois_estimated_ha,bivpois_bias,bivpois_mse,pc_eta,pc_bias,pc_mse,lm_eta,lm_bias,lm_mse,team_strength_correlation
bivpois,0,0.028039566890830363,0.02566013945589596,0.02566013945589596,6.584427568960286e-4,0.0284974010670445,0.0284974010670445,8.12101867575989e-4,-0.36549707602338566,-0.36549707602338566,0.13358811258164455,0.5
