method,true_params,bivpois_eta,bivpois_estimated_ha,bivpois_bias,bivpois_mse,pc_eta,pc_bias,pc_mse,lm_eta,lm_bias,lm_mse,team_strength_correlation
bivpois,0,-0.0596900803409679,-0.05993666530567077,-0.05993666530567077,0.0035924038479639977,-0.07008250709980048,-0.07008250709980048,0.004911557801393584,0.6345029239766109,0.6345029239766109,0.40259396053486884,0.5
