method,true_params,bivpois_eta,bivpois_estimated_ha,bivpois_bias,bivpois_mse,pc_eta,pc_bias,pc_mse,lm_eta,lm_bias,lm_mse,team_strength_correlation
bivpois,0,-0.030627201693490008,-0.027668243524061498,-0.027668243524061498,7.65531699706771e-4,-0.03412362445289593,-0.03412362445289593,0.0011644217458022768,-0.24269005847952757,-0.24269005847952757,0.05889846448479651,0.5
