method,true_params,bivpois_eta,bivpois_estimated_ha,bivpois_bias,bivpois_mse,pc_eta,pc_bias,pc_mse,lm_eta,lm_bias,lm_mse,team_strength_correlation
bivpois,0,0.15096267451144812,0.12525435438880161,0.12525435438880161,0.015688653293355507,0.1332515009564212,0.1332515009564212,0.017755962507139116,0.3508771929824549,0.3508771929824549,0.1231148045552469,0.5
