method,true_params,bivpois_eta,bivpois_estimated_ha,bivpois_bias,bivpois_mse,pc_eta,pc_bias,pc_mse,lm_eta,lm_bias,lm_mse,team_strength_correlation
bivpois,0,-0.01923315515352406,-0.018041519972019082,-0.018041519972019082,3.254964429007634e-4,-0.019786909363872507,-0.019786909363872507,3.9152178217410547e-4,-0.36842105263157876,-0.36842105263157876,0.13573407202216053,0.5
