method,true_params,bivpois_eta,bivpois_estimated_ha,bivpois_bias,bivpois_mse,pc_eta,pc_bias,pc_mse,lm_eta,lm_bias,lm_mse,team_strength_correlation
bivpois,0,-0.01034334817321118,-0.009397399958627095,-0.009397399958627095,8.831112598240452e-5,-0.009992540242913033,-0.009992540242913033,9.985086050623646e-5,-0.48830409356725996,-0.48830409356725996,0.23844088779454337,0.5
