method,true_params,bivpois_eta,bivpois_estimated_ha,bivpois_bias,bivpois_mse,pc_eta,pc_bias,pc_mse,lm_eta,lm_bias,lm_mse,team_strength_correlation
bivpois,0.5,0.5033568126019383,0.47265852923678064,-0.027341470763219355,7.475560234959788e-4,0.5531510180471,0.053151018047099985,0.0028250307194431484,0.6666666666666744,0.1666666666666744,0.027777777777780358,-0.5
