method,true_params,bivpois_eta,bivpois_estimated_ha,bivpois_bias,bivpois_mse,pc_eta,pc_bias,pc_mse,lm_eta,lm_bias,lm_mse,team_strength_correlation
bivpois,0.5,0.41955681960078134,0.46520213381094877,-0.03479786618905123,0.0012108914913111148,0.5496009989040822,0.049600998904082205,0.002460259092282764,1.1666666666666723,0.6666666666666723,0.44444444444445197,-0.5
