method,true_params,bivpois_eta,bivpois_estimated_ha,bivpois_bias,bivpois_mse,pc_eta,pc_bias,pc_mse,lm_eta,lm_bias,lm_mse,team_strength_correlation
bivpois,0.5,0.3976571201032224,0.5311670594878566,0.031167059487856585,9.713855971195913e-4,0.5991226857903803,0.0991226857903803,0.00982530683829846,0.6140350877192919,0.11403508771929194,0.013004001231146606,-0.5
