method,true_params,bivpois_eta,bivpois_estimated_ha,bivpois_bias,bivpois_mse,pc_eta,pc_bias,pc_mse,lm_eta,lm_bias,lm_mse,team_strength_correlation
bivpois,0.5,0.43251621184043043,0.5010084466273196,0.0010084466273195813,1.0169646001522386e-6,0.55763452571187,0.05763452571187,0.003321738554032204,1.5409356725146253,1.0409356725146253,1.0835470743134752,-0.5
