method,true_params,bivpois_eta,bivpois_estimated_ha,bivpois_bias,bivpois_mse,pc_eta,pc_bias,pc_mse,lm_eta,lm_bias,lm_mse,team_strength_correlation
bivpois,0.5,0.39195914280802047,0.4844432051104548,-0.0155567948895452,2.4201386723537966e-4,0.5421149319805023,0.04211493198050231,0.0017736674957223365,0.8391812865497047,0.3391812865497047,0.11504394514551289,-0.5
