method,true_params,bivpois_eta,bivpois_estimated_ha,bivpois_bias,bivpois_mse,pc_eta,pc_bias,pc_mse,lm_eta,lm_bias,lm_mse,team_strength_correlation
bivpois,0.5,0.41154586111743574,0.49757760721330946,-0.0024223927866905415,5.8679868130103676e-6,0.5597932364900109,0.05979323649001089,0.0035752311299503702,1.6023391812865517,1.1023391812865517,1.2151516705995051,-0.5
