method,true_params,bivpois_eta,bivpois_estimated_ha,bivpois_bias,bivpois_mse,pc_eta,pc_bias,pc_mse,lm_eta,lm_bias,lm_mse,team_strength_correlation
bivpois,0.5,0.3510533809865805,0.4565562922167543,-0.04344370778324569,0.001887355745956042,0.4885878634331115,-0.011412136566888498,1.302368610213136e-4,0.2865497076023364,-0.2134502923976636,0.04556102732464809,-0.5
