method,true_params,bivpois_eta,bivpois_estimated_ha,bivpois_bias,bivpois_mse,pc_eta,pc_bias,pc_mse,lm_eta,lm_bias,lm_mse,team_strength_correlation
bivpois,0.5,0.3435837248063867,0.4445173171956387,-0.055482682804361305,0.0030783280911693698,0.4777030133954023,-0.022296986604597724,4.971556116456103e-4,1.239766081871349,0.739766081871349,0.5472538558872874,-0.5
