method,true_params,bivpois_eta,bivpois_estimated_ha,bivpois_bias,bivpois_mse,pc_eta,pc_bias,pc_mse,lm_eta,lm_bias,lm_mse,team_strength_correlation
bivpois,0.5,0.46022714413481347,0.5601804099623641,0.06018040996236407,0.0036216817432382083,0.5992756911815649,0.09927569118156487,0.009855662859577438,0.9415204678362593,0.4415204678362593,0.1949403235183493,-0.5
