method,true_params,bivpois_eta,bivpois_estimated_ha,bivpois_bias,bivpois_mse,pc_eta,pc_bias,pc_mse,lm_eta,lm_bias,lm_mse,team_strength_correlation
bivpois,0.5,0.4432716407010705,0.5489921427396696,0.048992142739669564,0.002400230050224157,0.6788433798627904,0.17884337986279042,0.03198495452074635,0.7982456140350827,0.29824561403508265,0.08895044629116348,-0.5
