method,true_params,bivpois_eta,bivpois_estimated_ha,bivpois_bias,bivpois_mse,pc_eta,pc_bias,pc_mse,lm_eta,lm_bias,lm_mse,team_strength_correlation
bivpois,0,0.05349258320433311,0.05077204180570516,0.05077204180570516,0.0025778002291202726,0.05529004183569463,0.05529004183569463,0.0030569887261928624,0.4941520467836342,0.4941520467836342,0.24418624534045502,-0.5
