method,true_params,bivpois_eta,bivpois_estimated_ha,bivpois_bias,bivpois_mse,pc_eta,pc_bias,pc_mse,lm_eta,lm_bias,lm_mse,team_strength_correlation
bivpois,0.5,0.4618998605961864,0.5521212495162362,0.0521212495162362,0.0027166246511337523,0.6027498506484352,0.10274985064843523,0.010557531808275745,1.0526315789473661,0.5526315789473661,0.30540166204985897,-0.5
