method,true_params,bivpois_eta,bivpois_estimated_ha,bivpois_bias,bivpois_mse,pc_eta,pc_bias,pc_mse,lm_eta,lm_bias,lm_mse,team_strength_correlation
bivpois,0.5,0.38766963322068704,0.4487132772998401,-0.05128672270015988,0.002630327925323095,0.5237170799375229,0.023717079937522922,5.624998807628523e-4,0.9152046783625826,0.41520467836258257,0.17239492493417563,-0.5
