method,true_params,bivpois_eta,bivpois_estimated_ha,bivpois_bias,bivpois_mse,pc_eta,pc_bias,pc_mse,lm_eta,lm_bias,lm_mse,team_strength_correlation
bivpois,0.5,0.4450908628989169,0.6305164199322935,0.13051641993229346,0.017034535871942768,0.6827567808041977,0.18275678080419766,0.03340004092991355,1.1842105263157843,0.6842105263157843,0.4681440443213225,-0.5
