method,true_params,bivpois_eta,bivpois_estimated_ha,bivpois_bias,bivpois_mse,pc_eta,pc_bias,pc_mse,lm_eta,lm_bias,lm_mse,team_strength_correlation
bivpois,0.5,0.37068889278824396,0.4406743625706705,-0.0593256374293295,0.0035195312563962616,0.4993072985010456,-6.927014989543956e-4,4.798353666536666e-7,-0.5555555555555541,-1.055555555555554,1.1141975308641943,-0.5
