method,true_params,bivpois_eta,bivpois_estimated_ha,bivpois_bias,bivpois_mse,pc_eta,pc_bias,pc_mse,lm_eta,lm_bias,lm_mse,team_strength_correlation
bivpois,0.5,0.3661332534826524,0.4304315869790871,-0.06956841302091288,0.004839764090248321,0.47682483005063275,-0.023175169949367247,5.370885021820546e-4,-0.029239766081872866,-0.5292397660818728,0.2800947300023955,-0.5
