method,true_params,bivpois_eta,bivpois_estimated_ha,bivpois_bias,bivpois_mse,pc_eta,pc_bias,pc_mse,lm_eta,lm_bias,lm_mse,team_strength_correlation
bivpois,0.5,0.3563914685653089,0.44857629163099033,-0.05142370836900967,0.002644397782420955,0.4840742793410384,-0.015925720658961584,2.5362857850727577e-4,0.18713450292397,-0.31286549707603,0.09788481926063135,-0.5
