method,true_params,bivpois_eta,bivpois_estimated_ha,bivpois_bias,bivpois_mse,pc_eta,pc_bias,pc_mse,lm_eta,lm_bias,lm_mse,team_strength_correlation
bivpois,0.5,0.37660392031737716,0.4962274189695206,-0.003772581030479394,1.4232367631532965e-5,0.5241484438248158,0.024148443824815846,5.831473391602866e-4,-0.19590643274854075,-0.6959064327485407,0.4842857631407992,-0.5
