method,true_params,bivpois_eta,bivpois_estimated_ha,bivpois_bias,bivpois_mse,pc_eta,pc_bias,pc_mse,lm_eta,lm_bias,lm_mse,team_strength_correlation
bivpois,0.5,0.4481571153313374,0.5348994698867627,0.034899469886762735,0.0012179729983770589,0.6056846467553668,0.10568464675536682,0.011169244559806666,-0.0643274853801076,-0.5643274853801076,0.31846551075543555,-0.5
