method,true_params,bivpois_eta,bivpois_estimated_ha,bivpois_bias,bivpois_mse,pc_eta,pc_bias,pc_mse,lm_eta,lm_bias,lm_mse,team_strength_correlation
bivpois,0.5,0.30916684581591386,0.3409343233906017,-0.1590656766093983,0.02530188947520568,0.38012524662787545,-0.11987475337212455,0.014369956496027687,0.8596491228070144,0.35964912280701444,0.12934749153585495,-0.5
