method,true_params,bivpois_eta,bivpois_estimated_ha,bivpois_bias,bivpois_mse,pc_eta,pc_bias,pc_mse,lm_eta,lm_bias,lm_mse,team_strength_correlation
bivpois,0.5,0.5308425911441979,0.6368940987769101,0.13689409877691006,0.01873999427994241,0.7268533992685258,0.22685339926852577,0.05146246475968517,1.1900584795321565,0.6900584795321565,0.4761807051742316,-0.5
