method,true_params,bivpois_eta,bivpois_estimated_ha,bivpois_bias,bivpois_mse,pc_eta,pc_bias,pc_mse,lm_eta,lm_bias,lm_mse,team_strength_correlation
bivpois,0.5,0.4660148773851977,0.5627619519599004,0.06276195195990042,0.003939062613816848,0.6384949543821992,0.13849495438219916,0.019180852389327426,1.2368421052631584,0.7368421052631584,0.5429362880886435,-0.5
