method,true_params,bivpois_eta,bivpois_estimated_ha,bivpois_bias,bivpois_mse,pc_eta,pc_bias,pc_mse,lm_eta,lm_bias,lm_mse,team_strength_correlation
bivpois,0.5,0.3973732891199366,0.4521001786178095,-0.04789982138219051,0.002294392888445755,0.5077183273599292,0.007718327359929167,5.957257723503114e-5,-0.1783625730994127,-0.6783625730994127,0.46017578058205605,-0.5
