method,true_params,bivpois_eta,bivpois_estimated_ha,bivpois_bias,bivpois_mse,pc_eta,pc_bias,pc_mse,lm_eta,lm_bias,lm_mse,team_strength_correlation
bivpois,0.5,0.39407237883411983,0.43072486317467507,-0.06927513682532493,0.004799044582167491,0.5185935338709522,0.018593533870952195,3.457195018102465e-4,0.5380116959064485,0.038011695906448484,0.0014448890256843125,-0.5
