method,true_params,bivpois_eta,bivpois_estimated_ha,bivpois_bias,bivpois_mse,pc_eta,pc_bias,pc_mse,lm_eta,lm_bias,lm_mse,team_strength_correlation
bivpois,0.5,0.3246766551121563,0.3674702843384141,-0.1325297156615859,0.017564125533340805,0.39422841378728735,-0.10577158621271265,0.011187628449953305,0.7309941520467724,0.23099415204677243,0.05335829827980742,-0.5
