method,true_params,bivpois_eta,bivpois_estimated_ha,bivpois_bias,bivpois_mse,pc_eta,pc_bias,pc_mse,lm_eta,lm_bias,lm_mse,team_strength_correlation
bivpois,0,0.0989639171146595,0.10177141392415412,0.10177141392415412,0.01035742069212151,0.11188606606455495,0.11188606606455495,0.012518491779401956,0.20760233918127977,0.20760233918127977,0.04309873123353913,-0.5
