method,true_params,bivpois_eta,bivpois_estimated_ha,bivpois_bias,bivpois_mse,pc_eta,pc_bias,pc_mse,lm_eta,lm_bias,lm_mse,team_strength_correlation
bivpois,0.5,0.36083816584637685,0.459062813746135,-0.040937186253865,0.0016758532183836334,0.5079638265307779,0.007963826530777873,6.342253301232154e-5,1.0467836257309981,0.5467836257309981,0.29897233336753626,-0.5
