method,true_params,bivpois_eta,bivpois_estimated_ha,bivpois_bias,bivpois_mse,pc_eta,pc_bias,pc_mse,lm_eta,lm_bias,lm_mse,team_strength_correlation
bivpois,0.5,0.3084827978898485,0.408177586025372,-0.09182241397462798,0.008431355708127955,0.43237745541802025,-0.06762254458197975,0.004572808535741838,0.07602339181286796,-0.423976608187132,0.17975616428986485,-0.5
