method,true_params,bivpois_eta,bivpois_estimated_ha,bivpois_bias,bivpois_mse,pc_eta,pc_bias,pc_mse,lm_eta,lm_bias,lm_mse,team_strength_correlation
bivpois,0.5,0.46338908298428666,0.535853391210068,0.03585339121006803,0.0012854656612621834,0.5897677060974658,0.08976770609746576,0.008058241058000992,0.40350877192983375,-0.09649122807016625,0.00931055709448884,-0.5
