method,true_params,bivpois_eta,bivpois_estimated_ha,bivpois_bias,bivpois_mse,pc_eta,pc_bias,pc_mse,lm_eta,lm_bias,lm_mse,team_strength_correlation
bivpois,0.5,0.23961573076095985,0.31455419379653504,-0.18544580620346496,0.034390147038453084,0.3500401135346925,-0.1499598864653075,0.022487967548687916,0.16666666666666205,-0.3333333333333379,0.11111111111111417,-0.5
