method,true_params,bivpois_eta,bivpois_estimated_ha,bivpois_bias,bivpois_mse,pc_eta,pc_bias,pc_mse,lm_eta,lm_bias,lm_mse,team_strength_correlation
bivpois,0.5,0.46460067561141943,0.49437922616642616,-0.005620773833573844,3.159309848818841e-5,0.5586152138786175,0.058615213878617456,0.0034357432980360683,1.1549707602339307,0.6549707602339307,0.4289866967614132,-0.5
