method,true_params,bivpois_eta,bivpois_estimated_ha,bivpois_bias,bivpois_mse,pc_eta,pc_bias,pc_mse,lm_eta,lm_bias,lm_mse,team_strength_correlation
bivpois,0.5,0.5366553609010813,0.6624148306615381,0.16241483066153806,0.026378577218816084,0.7289709695259268,0.22897096952592677,0.052427704885642884,1.0233918128654926,0.5233918128654926,0.2739389897746269,-0.5
