method,true_params,bivpois_eta,bivpois_estimated_ha,bivpois_bias,bivpois_mse,pc_eta,pc_bias,pc_mse,lm_eta,lm_bias,lm_mse,team_strength_correlation
bivpois,0.5,0.3852776689349855,0.42329895316981136,-0.076701046830188635,0.00588305058484679,0.4621263762010714,-0.03787362379892861,0.0014344113796627717,1.3157894736842184,0.8157894736842184,0.665512465373974,-0.5
