method,true_params,bivpois_eta,bivpois_estimated_ha,bivpois_bias,bivpois_mse,pc_eta,pc_bias,pc_mse,lm_eta,lm_bias,lm_mse,team_strength_correlation
bivpois,0.5,0.3950535325995493,0.49218825452294035,-0.007811745477059651,6.102336739836191e-5,0.5457010424649348,0.04570104246493478,0.002088585282381772,0.33918128654970925,-0.16081871345029075,0.025862658595806727,-0.5
