method,true_params,bivpois_eta,bivpois_estimated_ha,bivpois_bias,bivpois_mse,pc_eta,pc_bias,pc_mse,lm_eta,lm_bias,lm_mse,team_strength_correlation
bivpois,0,-0.10275020266516165,-0.10010372984897453,-0.10010372984897453,0.010020756729676474,-0.10592605981281276,-0.10592605981281276,0.011220330147467587,-0.15497076023392667,-0.15497076023392667,0.02401593652748119,-0.5
