method,true_params,bivpois_eta,bivpois_estimated_ha,bivpois_bias,bivpois_mse,pc_eta,pc_bias,pc_mse,lm_eta,lm_bias,lm_mse,team_strength_correlation
bivpois,0,-0.03232638012383814,-0.030701759420078356,-0.030701759420078356,9.425980314883701e-4,-0.03603104350306643,-0.03603104350306643,0.0012982360959198655,0.7631578947368599,0.7631578947368599,0.5824099722991961,-0.5
