method,true_params,bivpois_eta,bivpois_estimated_ha,bivpois_bias,bivpois_mse,pc_eta,pc_bias,pc_mse,lm_eta,lm_bias,lm_mse,team_strength_correlation
bivpois,0.5,0.41157795069254327,0.43477063853736087,-0.06522936146263913,0.004254869596823632,0.5007172416775271,7.172416775270696e-4,5.144356239818449e-7,-0.16959064327484882,-0.6695906432748489,0.4483516295612259,0
