method,true_params,bivpois_eta,bivpois_estimated_ha,bivpois_bias,bivpois_mse,pc_eta,pc_bias,pc_mse,lm_eta,lm_bias,lm_mse,team_strength_correlation
bivpois,0.5,0.5006804021379291,0.5940931548606754,0.09409315486067538,0.008853521791635038,0.6785457702537361,0.17854577025373608,0.03187859207549991,0.5233918128654949,0.023391812865494854,5.471769091343306e-4,0
