method,true_params,bivpois_eta,bivpois_estimated_ha,bivpois_bias,bivpois_mse,pc_eta,pc_bias,pc_mse,lm_eta,lm_bias,lm_mse,team_strength_correlation
bivpois,0.5,0.3714811713099597,0.5047554865803285,0.0047554865803285384,2.2614652615684818e-5,0.5459408675721353,0.045940867572135335,0.002110563313280476,1.2222222222222163,0.7222222222222163,0.5216049382715964,0
