method,true_params,bivpois_eta,bivpois_estimated_ha,bivpois_bias,bivpois_mse,pc_eta,pc_bias,pc_mse,lm_eta,lm_bias,lm_mse,team_strength_correlation
bivpois,0.5,0.40125566670175017,0.5907163255615631,0.09071632556156306,0.0082294517233915,0.6691124489921799,0.16911244899217992,0.028599020404132654,0.9269005847953211,0.4269005847953211,0.18224410929858714,0
