method,true_params,bivpois_eta,bivpois_estimated_ha,bivpois_bias,bivpois_mse,pc_eta,pc_bias,pc_mse,lm_eta,lm_bias,lm_mse,team_strength_correlation
bivpois,0.5,0.34162969273048693,0.3970252630765224,-0.10297473692347758,0.010603796444459418,0.4538279659338564,-0.04617203406614362,0.002131856729805127,-0.33918128654971247,-0.8391812865497125,0.7042252316952307,0
