method,true_params,bivpois_eta,bivpois_estimated_ha,bivpois_bias,bivpois_mse,pc_eta,pc_bias,pc_mse,lm_eta,lm_bias,lm_mse,team_strength_correlation
bivpois,0,0.030336473568667786,0.033133077356246377,0.033133077356246377,0.0010978008150950064,0.026652432074342525,0.026652432074342525,7.103521354774422e-4,-0.3128654970760131,-0.3128654970760131,0.09788481926062075,-0.5
