method,true_params,bivpois_eta,bivpois_estimated_ha,bivpois_bias,bivpois_mse,pc_eta,pc_bias,pc_mse,lm_eta,lm_bias,lm_mse,team_strength_correlation
bivpois,0.5,0.32869526656840015,0.34670800958214976,-0.15329199041785024,0.02349843432626629,0.39126730560491574,-0.10873269439508426,0.011822798830414788,1.17836257309942,0.67836257309942,0.46017578058206604,0
