method,true_params,bivpois_eta,bivpois_estimated_ha,bivpois_bias,bivpois_mse,pc_eta,pc_bias,pc_mse,lm_eta,lm_bias,lm_mse,team_strength_correlation
bivpois,0.5,0.3941158135251134,0.4680621625809792,-0.03193783741902079,0.0010200254590038043,0.5135900220484927,0.01359002204849269,1.8468869927851743e-4,1.2602339181286488,0.7602339181286488,0.5779556102732372,0
