method,true_params,bivpois_eta,bivpois_estimated_ha,bivpois_bias,bivpois_mse,pc_eta,pc_bias,pc_mse,lm_eta,lm_bias,lm_mse,team_strength_correlation
bivpois,0.5,0.37613224320915883,0.48384968441135134,-0.016150315588648656,2.608326936129478e-4,0.5254375187661767,0.025437518766176725,6.470673609795931e-4,1.418128654970761,0.918128654970761,0.8429602270784188,0
