method,true_params,bivpois_eta,bivpois_estimated_ha,bivpois_bias,bivpois_mse,pc_eta,pc_bias,pc_mse,lm_eta,lm_bias,lm_mse,team_strength_correlation
bivpois,0.5,0.42181232483952935,0.47003732220549177,-0.02996267779450823,8.977620606175166e-4,0.5481607418910148,0.048160741891014824,0.00231945705949295,0.44444444444444325,-0.055555555555556746,0.003086419753086552,0
