method,true_params,bivpois_eta,bivpois_estimated_ha,bivpois_bias,bivpois_mse,pc_eta,pc_bias,pc_mse,lm_eta,lm_bias,lm_mse,team_strength_correlation
bivpois,0.5,0.4779356631194156,0.5405777548422382,0.040577754842238245,0.0016465541880367894,0.5813765425911384,0.08137654259113836,0.006622141684087355,0.29824561403507976,-0.20175438596492024,0.040704832256082006,0
