method,true_params,bivpois_eta,bivpois_estimated_ha,bivpois_bias,bivpois_mse,pc_eta,pc_bias,pc_mse,lm_eta,lm_bias,lm_mse,team_strength_correlation
bivpois,0.5,0.29314744054139663,0.4059286580555195,-0.09407134194448052,0.008849417375235381,0.45548653663040306,-0.04451346336959694,0.0019814484211564485,0.994152046783623,0.494152046783623,0.24418624534044395,0
