method,true_params,bivpois_eta,bivpois_estimated_ha,bivpois_bias,bivpois_mse,pc_eta,pc_bias,pc_mse,lm_eta,lm_bias,lm_mse,team_strength_correlation
bivpois,0.5,0.4191871636483917,0.47176644469042583,-0.028233555309574165,7.971336454187835e-4,0.565851529781007,0.06585152978100695,0.004336423974498844,0.03801169590643117,-0.46198830409356884,0.21343319311925182,0
