method,true_params,bivpois_eta,bivpois_estimated_ha,bivpois_bias,bivpois_mse,pc_eta,pc_bias,pc_mse,lm_eta,lm_bias,lm_mse,team_strength_correlation
bivpois,0.5,0.36406965404431274,0.4240783802832474,-0.0759216197167526,0.005764092340415197,0.47173921645398925,-0.028260783546010748,7.986718866344718e-4,0.2543859649122897,-0.2456140350877103,0.06032625423206698,0
