method,true_params,bivpois_eta,bivpois_estimated_ha,bivpois_bias,bivpois_mse,pc_eta,pc_bias,pc_mse,lm_eta,lm_bias,lm_mse,team_strength_correlation
bivpois,0.5,0.4800933673186294,0.6718150234950471,0.17181502349504707,0.029520402298603577,0.780431829870227,0.28043182987022697,0.07864201120436393,0.6871345029239636,0.1871345029239636,0.035019322184598946,0
