method,true_params,bivpois_eta,bivpois_estimated_ha,bivpois_bias,bivpois_mse,pc_eta,pc_bias,pc_mse,lm_eta,lm_bias,lm_mse,team_strength_correlation
bivpois,0.5,0.469998583782022,0.5402621809183459,0.04026218091834588,0.001621043212301615,0.6268777524077229,0.12687775240772292,0.01609796405603544,0.6959064327485422,0.19590643274854225,0.0383793303922591,0
