method,true_params,bivpois_eta,bivpois_estimated_ha,bivpois_bias,bivpois_mse,pc_eta,pc_bias,pc_mse,lm_eta,lm_bias,lm_mse,team_strength_correlation
bivpois,0.5,0.3401514097728489,0.4205344408255076,-0.07946555917449238,0.0063147750949147504,0.4659373761089502,-0.034062623891049804,0.001160262346343117,-0.5760233918128499,-1.07602339181285,1.1578263397284299,0
