method,true_params,bivpois_eta,bivpois_estimated_ha,bivpois_bias,bivpois_mse,pc_eta,pc_bias,pc_mse,lm_eta,lm_bias,lm_mse,team_strength_correlation
bivpois,0.5,0.3421816258897006,0.36145709797871717,-0.13854290202128283,0.019194135700478773,0.40750773683612995,-0.09249226316387005,0.008554818745174593,-0.5087719298245538,-1.0087719298245537,1.0176208064019543,0
