method,true_params,bivpois_eta,bivpois_estimated_ha,bivpois_bias,bivpois_mse,pc_eta,pc_bias,pc_mse,lm_eta,lm_bias,lm_mse,team_strength_correlation
bivpois,0.5,0.3834463137130247,0.41529884076402945,-0.08470115923597055,0.0071742863759172385,0.46122133781323266,-0.03877866218676734,0.0015037846409954195,0.7105263157894747,0.21052631578947467,0.04432132963988961,0
