method,true_params,bivpois_eta,bivpois_estimated_ha,bivpois_bias,bivpois_mse,pc_eta,pc_bias,pc_mse,lm_eta,lm_bias,lm_mse,team_strength_correlation
bivpois,0.5,0.4368668737750465,0.5433106523210639,0.0433106523210639,0.001875812604476078,0.6138651034710055,0.11386510347100554,0.012965261788462797,0.31871345029239473,-0.18128654970760527,0.032864813104888035,0
