method,true_params,bivpois_eta,bivpois_estimated_ha,bivpois_bias,bivpois_mse,pc_eta,pc_bias,pc_mse,lm_eta,lm_bias,lm_mse,team_strength_correlation
bivpois,0.5,0.3714416469130005,0.4158730218882839,-0.0841269781117161,0.00707734844620916,0.46045458911562687,-0.03954541088437313,0.001563839522013897,0.8216374269005857,0.3216374269005857,0.10345063438322963,0
