method,true_params,bivpois_eta,bivpois_estimated_ha,bivpois_bias,bivpois_mse,pc_eta,pc_bias,pc_mse,lm_eta,lm_bias,lm_mse,team_strength_correlation
bivpois,0.5,0.3280190820676458,0.4279186584045962,-0.0720813415954038,0.005195719806193291,0.5111353186696742,0.01113531866967421,1.2399532187519502e-4,-0.2923976608187057,-0.7923976608187058,0.6278940528709567,0
