method,true_params,bivpois_eta,bivpois_estimated_ha,bivpois_bias,bivpois_mse,pc_eta,pc_bias,pc_mse,lm_eta,lm_bias,lm_mse,team_strength_correlation
bivpois,0.5,0.44779464242019196,0.4720026760688285,-0.02799732393117149,7.838501473069479e-4,0.5400740881572047,0.0400740881572047,0.001605932541631414,0.06432748538011582,-0.4356725146198842,0.18981053999521322,0
