method,true_params,bivpois_eta,bivpois_estimated_ha,bivpois_bias,bivpois_mse,pc_eta,pc_bias,pc_mse,lm_eta,lm_bias,lm_mse,team_strength_correlation
bivpois,0.5,0.3706737124812595,0.5120026948427201,0.012002694842720096,1.440646834874596e-4,0.5613896654780384,0.06138966547803837,0.003768691027505456,0.596491228070177,0.09649122807017696,0.009310557094490905,0
