method,true_params,bivpois_eta,bivpois_estimated_ha,bivpois_bias,bivpois_mse,pc_eta,pc_bias,pc_mse,lm_eta,lm_bias,lm_mse,team_strength_correlation
bivpois,0.5,0.4482088245308735,0.5275121108832097,0.027512110883209706,7.56916245250026e-4,0.6128058081121474,0.11280580811214735,0.01272515034383461,1.9239766081871235,1.4239766081871235,2.0277093806641044,0
