method,true_params,bivpois_eta,bivpois_estimated_ha,bivpois_bias,bivpois_mse,pc_eta,pc_bias,pc_mse,lm_eta,lm_bias,lm_mse,team_strength_correlation
bivpois,0.5,0.42618373953241034,0.5185283563649664,0.018528356364966414,3.432999895871914e-4,0.5927287074716794,0.09272870747167938,0.008598613189368288,1.0701754385964806,0.5701754385964806,0.325100030778689,0
