method,true_params,bivpois_eta,bivpois_estimated_ha,bivpois_bias,bivpois_mse,pc_eta,pc_bias,pc_mse,lm_eta,lm_bias,lm_mse,team_strength_correlation
bivpois,0.5,0.2714300590001185,0.34801616398438107,-0.15198383601561893,0.02309908641002255,0.3952165708006136,-0.10478342919938638,0.010979567034782818,0.5555555555555501,0.05555555555555014,0.003086419753085818,0
