method,true_params,bivpois_eta,bivpois_estimated_ha,bivpois_bias,bivpois_mse,pc_eta,pc_bias,pc_mse,lm_eta,lm_bias,lm_mse,team_strength_correlation
bivpois,0.5,0.3722439190968715,0.47016308139692087,-0.029836918603079132,8.902417117267696e-4,0.5535236558503037,0.05352365585030372,0.0028647817355817516,0.9970760233918115,0.49707602339181145,0.2470845730310167,0
