method,true_params,bivpois_eta,bivpois_estimated_ha,bivpois_bias,bivpois_mse,pc_eta,pc_bias,pc_mse,lm_eta,lm_bias,lm_mse,team_strength_correlation
bivpois,0.5,0.4500633903681849,0.5836703775773373,0.08367037757733731,0.007000732083934189,0.6331392901466277,0.13313929014662773,0.017726070580747925,1.3479532163742654,0.8479532163742654,0.7190246571594616,0
