method,true_params,bivpois_eta,bivpois_estimated_ha,bivpois_bias,bivpois_mse,pc_eta,pc_bias,pc_mse,lm_eta,lm_bias,lm_mse,team_strength_correlation
bivpois,0.5,0.34386554787395335,0.47016891929766214,-0.029831080702337864,8.898933758693945e-4,0.5575744060606347,0.057574406060634686,0.003314812233234848,-0.22514619883039846,-0.7251461988303984,0.5258370096781757,0
