method,true_params,bivpois_eta,bivpois_estimated_ha,bivpois_bias,bivpois_mse,pc_eta,pc_bias,pc_mse,lm_eta,lm_bias,lm_mse,team_strength_correlation
bivpois,0.5,0.46621723062224996,0.5892788789045729,0.08927887890457287,0.007970718218457386,0.6642316375470045,0.16423163754700454,0.02697203077137067,0.2631578947368323,-0.23684210526316768,0.0560941828254894,0
