method,true_params,bivpois_eta,bivpois_estimated_ha,bivpois_bias,bivpois_mse,pc_eta,pc_bias,pc_mse,lm_eta,lm_bias,lm_mse,team_strength_correlation
bivpois,0.5,0.3947481418397704,0.4025887203897932,-0.09741127961020679,0.00948895739529789,0.44091812651500345,-0.05908187348499655,0.0034906677744971385,0.2836257309941552,-0.21637426900584478,0.04681782428781368,0.5
