method,true_params,bivpois_eta,bivpois_estimated_ha,bivpois_bias,bivpois_mse,pc_eta,pc_bias,pc_mse,lm_eta,lm_bias,lm_mse,team_strength_correlation
bivpois,0.5,0.4022555158855404,0.35050283642898616,-0.14949716357101384,0.022349401915778465,0.4005277212336346,-0.09947227876636539,0.009894734242973506,0.7222222222222203,0.22222222222222032,0.049382716049381874,0.5
