method,true_params,bivpois_eta,bivpois_estimated_ha,bivpois_bias,bivpois_mse,pc_eta,pc_bias,pc_mse,lm_eta,lm_bias,lm_mse,team_strength_correlation
bivpois,0.5,0.40927777140786836,0.45966124120421903,-0.04033875879578097,0.0016272154611841967,0.516606388777671,0.016606388777670955,2.7577214823515584e-4,0.035087719298250594,-0.4649122807017494,0.21614342874730222,0.5
