method,true_params,bivpois_eta,bivpois_estimated_ha,bivpois_bias,bivpois_mse,pc_eta,pc_bias,pc_mse,lm_eta,lm_bias,lm_mse,team_strength_correlation
bivpois,0.5,0.3713370555890288,0.533304453138433,0.033304453138433,0.0011091865988500796,0.5915583910270459,0.09155839102704588,0.008382938967461435,0.5643274853801225,0.06432748538012245,0.004138025375329868,0.5
