method,true_params,bivpois_eta,bivpois_estimated_ha,bivpois_bias,bivpois_mse,pc_eta,pc_bias,pc_mse,lm_eta,lm_bias,lm_mse,team_strength_correlation
bivpois,0,-0.005759420570893236,-0.00535836206072815,-0.00535836206072815,2.871204397385083e-5,-0.00821460339631952,-0.00821460339631952,6.747970895882419e-5,-0.046783625730997085,-0.046783625730997085,0.0021887076365380126,-0.5
