method,true_params,bivpois_eta,bivpois_estimated_ha,bivpois_bias,bivpois_mse,pc_eta,pc_bias,pc_mse,lm_eta,lm_bias,lm_mse,team_strength_correlation
bivpois,0.5,0.3940975190865476,0.35709251470749437,-0.14290748529250563,0.020422549352627713,0.4034966993612723,-0.0965033006387277,0.009312887034168662,0.2222222222222137,-0.27777777777778634,0.07716049382716525,0.5
