method,true_params,bivpois_eta,bivpois_estimated_ha,bivpois_bias,bivpois_mse,pc_eta,pc_bias,pc_mse,lm_eta,lm_bias,lm_mse,team_strength_correlation
bivpois,0.5,0.3279700177702051,0.43251854467293227,-0.06748145532706773,0.004553746813059038,0.46333672751618177,-0.03666327248381823,0.0013441955492227032,1.8742690058479643,1.3742690058479643,1.8886153004343522,0.5
