method,true_params,bivpois_eta,bivpois_estimated_ha,bivpois_bias,bivpois_mse,pc_eta,pc_bias,pc_mse,lm_eta,lm_bias,lm_mse,team_strength_correlation
bivpois,0.5,0.439119676046849,0.5429006785266791,0.042900678526679115,0.0018404682180494666,0.6284813707077774,0.12848137070777743,0.01650746261894933,0.5818713450292369,0.08187134502923687,0.006702917136896349,0.5
