method,true_params,bivpois_eta,bivpois_estimated_ha,bivpois_bias,bivpois_mse,pc_eta,pc_bias,pc_mse,lm_eta,lm_bias,lm_mse,team_strength_correlation
bivpois,0.5,0.5153991315070334,0.5095128491664673,0.00951284916646733,9.049429926395817e-5,0.6020865764929092,0.1020865764929092,0.0104216691000426,0.27485380116956615,-0.22514619883043385,0.050690810847793255,0.5
