method,true_params,bivpois_eta,bivpois_estimated_ha,bivpois_bias,bivpois_mse,pc_eta,pc_bias,pc_mse,lm_eta,lm_bias,lm_mse,team_strength_correlation
bivpois,0.5,0.28502099994117586,0.33284400987456797,-0.16715599012543203,0.02794112503481353,0.3758619021430492,-0.12413809785695079,0.015410267339541891,0.6929824561403458,0.19298245614034581,0.0372422283779605,0.5
