method,true_params,bivpois_eta,bivpois_estimated_ha,bivpois_bias,bivpois_mse,pc_eta,pc_bias,pc_mse,lm_eta,lm_bias,lm_mse,team_strength_correlation
bivpois,0.5,0.47965623327569534,0.6233171224814908,0.12331712248149085,0.015207112697115015,0.684186550269647,0.18418655026964703,0.033924685300233216,0.6286549707602326,0.12865497076023258,0.0165521015013163,0.5
