method,true_params,bivpois_eta,bivpois_estimated_ha,bivpois_bias,bivpois_mse,pc_eta,pc_bias,pc_mse,lm_eta,lm_bias,lm_mse,team_strength_correlation
bivpois,0.5,0.41730449162746724,0.5570473366971895,0.05704733669718953,0.0032543986242425074,0.6595679517448227,0.15956795174482274,0.02546193122403808,1.8801169590643414,1.3801169590643414,1.904722820697005,0.5
