method,true_params,bivpois_eta,bivpois_estimated_ha,bivpois_bias,bivpois_mse,pc_eta,pc_bias,pc_mse,lm_eta,lm_bias,lm_mse,team_strength_correlation
bivpois,0.5,0.37450720979162977,0.3751423442845865,-0.12485765571541352,0.015589434190748734,0.4075183939423243,-0.09248160605767569,0.008552847459007118,-0.230994152046778,-0.730994152046778,0.534352450326588,0.5
