method,true_params,bivpois_eta,bivpois_estimated_ha,bivpois_bias,bivpois_mse,pc_eta,pc_bias,pc_mse,lm_eta,lm_bias,lm_mse,team_strength_correlation
bivpois,0.5,0.44171805428683836,0.5134612232040094,0.013461223204009443,1.8120453014816224e-4,0.5656001577617937,0.06560015776179373,0.004303380698372226,0.7046783625730954,0.20467836257309535,0.04189323210560348,0.5
