method,true_params,bivpois_eta,bivpois_estimated_ha,bivpois_bias,bivpois_mse,pc_eta,pc_bias,pc_mse,lm_eta,lm_bias,lm_mse,team_strength_correlation
bivpois,0.5,0.38705854996321776,0.4427223489089912,-0.0572776510910088,0.0032807293145033414,0.49095539006871525,-0.009044609931284753,8.180496880909477e-5,0.339181286549699,-0.16081871345030102,0.02586265859581003,0.5
