method,true_params,bivpois_eta,bivpois_estimated_ha,bivpois_bias,bivpois_mse,pc_eta,pc_bias,pc_mse,lm_eta,lm_bias,lm_mse,team_strength_correlation
bivpois,0.5,0.4961925502695887,0.5776953720201081,0.07769537202010812,0.006036570833343,0.647167538333601,0.14716753833360097,0.02165828433917191,0.8391812865497063,0.33918128654970625,0.11504394514551394,0.5
