method,true_params,bivpois_eta,bivpois_estimated_ha,bivpois_bias,bivpois_mse,pc_eta,pc_bias,pc_mse,lm_eta,lm_bias,lm_mse,team_strength_correlation
bivpois,0.5,0.5850196901388405,0.8093561457438598,0.30935614574385983,0.09570122490949624,0.9254743143179345,0.4254743143179345,0.1810283921443165,2.6403508771929918,2.1403508771929918,4.581101877500809,0.5
