method,true_params,bivpois_eta,bivpois_estimated_ha,bivpois_bias,bivpois_mse,pc_eta,pc_bias,pc_mse,lm_eta,lm_bias,lm_mse,team_strength_correlation
bivpois,0.5,0.541056107528341,0.6957812916432295,0.19578129164322955,0.0383303141574913,0.7442395134399995,0.2442395134399995,0.0596529399254077,0.11695906432748931,-0.3830409356725107,0.14672035840087247,0.5
