method,true_params,bivpois_eta,bivpois_estimated_ha,bivpois_bias,bivpois_mse,pc_eta,pc_bias,pc_mse,lm_eta,lm_bias,lm_mse,team_strength_correlation
bivpois,0.5,0.4618490229514632,0.5278122716713715,0.027812271671371458,7.735224555221713e-4,0.5908406667310081,0.0908406667310081,0.008252026732134082,1.175438596491225,0.6754385964912251,0.45621729763003593,0.5
