method,true_params,bivpois_eta,bivpois_estimated_ha,bivpois_bias,bivpois_mse,pc_eta,pc_bias,pc_mse,lm_eta,lm_bias,lm_mse,team_strength_correlation
bivpois,0.5,0.4034173804485252,0.3484247065366878,-0.15157529346331222,0.02297506958848922,0.38801616628124275,-0.11198383371875725,0.012540379014350274,0.5672514619883033,0.06725146198830334,0.0045227591395642095,0.5
