method,true_params,bivpois_eta,bivpois_estimated_ha,bivpois_bias,bivpois_mse,pc_eta,pc_bias,pc_mse,lm_eta,lm_bias,lm_mse,team_strength_correlation
bivpois,0,-0.061546664182854614,-0.06846168478466663,-0.06846168478466663,0.0046870022835550544,-0.07880898159233954,-0.07880898159233954,0.006210855579621712,-0.1374269005847998,-0.1374269005847998,0.01888615300434445,-0.5
