method,true_params,bivpois_eta,bivpois_estimated_ha,bivpois_bias,bivpois_mse,pc_eta,pc_bias,pc_mse,lm_eta,lm_bias,lm_mse,team_strength_correlation
bivpois,0.5,0.22039785910927012,0.24029616168395995,-0.25970383831604005,0.06744608363608387,0.2614595839167639,-0.23854041608323612,0.05690153010516341,0.26608187134502465,-0.23391812865497535,0.0547176909134456,0.5
