method,true_params,bivpois_eta,bivpois_estimated_ha,bivpois_bias,bivpois_mse,pc_eta,pc_bias,pc_mse,lm_eta,lm_bias,lm_mse,team_strength_correlation
bivpois,0.5,0.4757849733803655,0.5179883215807847,0.017988321580784672,3.2357971329372357e-4,0.5763136379494682,0.07631363794946822,0.005823771337082516,1.4122807017543846,0.9122807017543846,0.8322560787934724,0.5
