method,true_params,bivpois_eta,bivpois_estimated_ha,bivpois_bias,bivpois_mse,pc_eta,pc_bias,pc_mse,lm_eta,lm_bias,lm_mse,team_strength_correlation
bivpois,0.5,0.36356717077910883,0.5235198354399926,0.023519835439992587,5.531826591243313e-4,0.5965687364906069,0.09656873649060693,0.009325520867392278,0.17543859649122884,-0.32456140350877116,0.10534010464758338,0.5
