method,true_params,bivpois_eta,bivpois_estimated_ha,bivpois_bias,bivpois_mse,pc_eta,pc_bias,pc_mse,lm_eta,lm_bias,lm_mse,team_strength_correlation
bivpois,0.5,0.3606608854373892,0.40274317058942066,-0.09725682941057934,0.00945889086699853,0.4476140411619759,-0.052385958838024105,0.002744288683379156,-0.16666666666665622,-0.6666666666666562,0.4444444444444305,0.5
