method,true_params,bivpois_eta,bivpois_estimated_ha,bivpois_bias,bivpois_mse,pc_eta,pc_bias,pc_mse,lm_eta,lm_bias,lm_mse,team_strength_correlation
bivpois,0.5,0.47698067061434385,0.645426390801269,0.14542639080126896,0.021148835141483403,0.715895978832126,0.21589597883212597,0.046611073675881784,0.7602339181286533,0.26023391812865326,0.0677216921445906,0.5
