method,true_params,bivpois_eta,bivpois_estimated_ha,bivpois_bias,bivpois_mse,pc_eta,pc_bias,pc_mse,lm_eta,lm_bias,lm_mse,team_strength_correlation
bivpois,0.5,0.48052633301718956,0.7180190817655496,0.21801908176554963,0.04753232001389342,0.7873576268029406,0.28735762680294064,0.0825744056818181,0.6754385964912267,0.17543859649122673,0.03077870113881147,0.5
