method,true_params,bivpois_eta,bivpois_estimated_ha,bivpois_bias,bivpois_mse,pc_eta,pc_bias,pc_mse,lm_eta,lm_bias,lm_mse,team_strength_correlation
bivpois,0.5,0.47232669522817355,0.5331142015549566,0.03311420155495659,0.0010965503446222894,0.6316972340980831,0.1316972340980831,0.0173441614690853,1.2397660818713487,0.7397660818713487,0.547253855887287,0.5
