method,true_params,bivpois_eta,bivpois_estimated_ha,bivpois_bias,bivpois_mse,pc_eta,pc_bias,pc_mse,lm_eta,lm_bias,lm_mse,team_strength_correlation
bivpois,0.5,0.47389749957740435,0.6457291195739931,0.14572911957399315,0.021236976291811194,0.7233184365367993,0.22331843653679928,0.04987112409724045,0.532163742690051,0.032163742690050956,0.0010345063438318063,0.5
