method,true_params,bivpois_eta,bivpois_estimated_ha,bivpois_bias,bivpois_mse,pc_eta,pc_bias,pc_mse,lm_eta,lm_bias,lm_mse,team_strength_correlation
bivpois,0.5,0.3874194533308612,0.407842891823749,-0.092157108176251,0.008492932587409229,0.4521383684375454,-0.0478616315624546,0.0022907357758201502,0.44444444444444325,-0.055555555555556746,0.003086419753086552,0.5
