method,true_params,bivpois_eta,bivpois_estimated_ha,bivpois_bias,bivpois_mse,pc_eta,pc_bias,pc_mse,lm_eta,lm_bias,lm_mse,team_strength_correlation
bivpois,0.5,0.5936688294384268,0.6476484421286696,0.14764844212866957,0.021800062463023087,0.7421704115162283,0.2421704115162283,0.058646508213939366,-0.6578947368421136,-1.1578947368421137,1.3407202216066678,0.5
