method,true_params,bivpois_eta,bivpois_estimated_ha,bivpois_bias,bivpois_mse,pc_eta,pc_bias,pc_mse,lm_eta,lm_bias,lm_mse,team_strength_correlation
bivpois,0,0.007839958616852095,0.00912037248657871,0.00912037248657871,8.318119429394191e-5,0.014264643746785837,0.014264643746785837,2.0348006122271626e-4,-0.45614035087719806,-0.45614035087719806,0.20806401969837338,-0.5
