method,true_params,bivpois_eta,bivpois_estimated_ha,bivpois_bias,bivpois_mse,pc_eta,pc_bias,pc_mse,lm_eta,lm_bias,lm_mse,team_strength_correlation
bivpois,1,0.7567921788629495,1.059658774835601,0.059658774835601,0.0035591694148849394,1.1502531235516351,0.15025312355163511,0.022576001137022926,1.833333333333342,0.8333333333333419,0.6944444444444587,-0.5
