method,true_params,bivpois_eta,bivpois_estimated_ha,bivpois_bias,bivpois_mse,pc_eta,pc_bias,pc_mse,lm_eta,lm_bias,lm_mse,team_strength_correlation
bivpois,1,0.7406130769926795,1.1832164064755457,0.1832164064755457,0.03356825160181239,1.3937025940621441,0.39370259406214414,0.15500173257126146,0.8947368421052547,-0.10526315789474527,0.011080332409974074,-0.5
