method,true_params,bivpois_eta,bivpois_estimated_ha,bivpois_bias,bivpois_mse,pc_eta,pc_bias,pc_mse,lm_eta,lm_bias,lm_mse,team_strength_correlation
bivpois,1,0.7520226068982274,1.2235029149767336,0.22350291497673358,0.049953553003097,1.3227439700470984,0.3227439700470984,0.10416367020176237,0.80701754385964,-0.19298245614036003,0.03724222837796598,-0.5
