method,true_params,bivpois_eta,bivpois_estimated_ha,bivpois_bias,bivpois_mse,pc_eta,pc_bias,pc_mse,lm_eta,lm_bias,lm_mse,team_strength_correlation
bivpois,0,0.023052187545217737,0.023921181181404183,0.023921181181404183,5.722229091135656e-4,0.024668521752130145,0.024668521752130145,6.085359654353182e-4,-0.08187134502922803,-0.08187134502922803,0.006702917136894902,-0.5
