method,true_params,bivpois_eta,bivpois_estimated_ha,bivpois_bias,bivpois_mse,pc_eta,pc_bias,pc_mse,lm_eta,lm_bias,lm_mse,team_strength_correlation
bivpois,1,0.767811182173919,1.140712475740597,0.1407124757405971,0.019800000829048123,1.2850098181806973,0.28500981818069726,0.08123059645939411,1.9064327485380135,0.9064327485380135,0.8216203276221776,-0.5
