method,true_params,bivpois_eta,bivpois_estimated_ha,bivpois_bias,bivpois_mse,pc_eta,pc_bias,pc_mse,lm_eta,lm_bias,lm_mse,team_strength_correlation
bivpois,1,0.7553796026231143,0.9708075264023689,-0.029192473597631108,8.522005147483893e-4,1.1790022024617919,0.17900220246179188,0.03204178848617233,0.578947368421033,-0.421052631578967,0.1772853185595733,-0.5
