method,true_params,bivpois_eta,bivpois_estimated_ha,bivpois_bias,bivpois_mse,pc_eta,pc_bias,pc_mse,lm_eta,lm_bias,lm_mse,team_strength_correlation
bivpois,0,0.07401535164060814,0.06322774590143676,0.06322774590143676,0.003997747851776653,0.07658842837079466,0.07658842837079466,0.005865787360308344,0.7485380116958896,0.7485380116958896,0.5603091549536358,-0.5
