method,true_params,bivpois_eta,bivpois_estimated_ha,bivpois_bias,bivpois_mse,pc_eta,pc_bias,pc_mse,lm_eta,lm_bias,lm_mse,team_strength_correlation
bivpois,1,0.5880329486298478,0.8311271666285871,-0.1688728333714129,0.028518033850888986,0.9773913310148662,-0.022608668985133806,5.111519132793513e-4,1.4122807017543988,0.4122807017543988,0.16997537703909954,-0.5
