method,true_params,bivpois_eta,bivpois_estimated_ha,bivpois_bias,bivpois_mse,pc_eta,pc_bias,pc_mse,lm_eta,lm_bias,lm_mse,team_strength_correlation
bivpois,1,0.7070794343739776,1.0132689138009638,0.013268913800963844,1.7606407345740878e-4,1.1634253227030609,0.16342532270306087,0.026707836100599583,2.0467836257309995,1.0467836257309995,1.0957559590985373,-0.5
