method,true_params,bivpois_eta,bivpois_estimated_ha,bivpois_bias,bivpois_mse,pc_eta,pc_bias,pc_mse,lm_eta,lm_bias,lm_mse,team_strength_correlation
bivpois,1,0.711173823893051,1.1368018314806203,0.1368018314806203,0.018714741096452037,1.239525665144815,0.239525665144815,0.05737254426306604,-0.5467836257309912,-1.546783625730991,2.392539584829511,-0.5
