method,true_params,bivpois_eta,bivpois_estimated_ha,bivpois_bias,bivpois_mse,pc_eta,pc_bias,pc_mse,lm_eta,lm_bias,lm_mse,team_strength_correlation
bivpois,1,0.6955238738790694,1.0004877047054954,4.8770470549541756e-4,2.3785587976237197e-7,1.08198416111918,0.08198416111918005,0.006721402674415675,0.5730994152046819,-0.4269005847953181,0.1822441092985846,-0.5
