method,true_params,bivpois_eta,bivpois_estimated_ha,bivpois_bias,bivpois_mse,pc_eta,pc_bias,pc_mse,lm_eta,lm_bias,lm_mse,team_strength_correlation
bivpois,1,0.6303121105435208,0.7893173761143658,-0.2106826238856342,0.044387168007335595,0.8985351041524143,-0.10146489584758567,0.010295125089361408,3.3362573099415163,2.3362573099415163,5.45809821825517,-0.5
