method,true_params,bivpois_eta,bivpois_estimated_ha,bivpois_bias,bivpois_mse,pc_eta,pc_bias,pc_mse,lm_eta,lm_bias,lm_mse,team_strength_correlation
bivpois,1,0.6521832174199519,0.8483955773437907,-0.15160442265620933,0.022983900968922555,0.9043806420327369,-0.09561935796726306,0.009143061618071595,0.6637426900584924,-0.3362573099415076,0.11306897848909911,-0.5
