method,true_params,bivpois_eta,bivpois_estimated_ha,bivpois_bias,bivpois_mse,pc_eta,pc_bias,pc_mse,lm_eta,lm_bias,lm_mse,team_strength_correlation
bivpois,1,0.7334910215951573,0.8790008030415517,-0.1209991969584483,0.014640805664589364,0.9607746467685945,-0.039225353231405524,0.0015386283361285358,-0.12573099415204286,-1.1257309941520428,1.2672702711945467,-0.5
