method,true_params,bivpois_eta,bivpois_estimated_ha,bivpois_bias,bivpois_mse,pc_eta,pc_bias,pc_mse,lm_eta,lm_bias,lm_mse,team_strength_correlation
bivpois,1,0.7184155635155548,0.9699761267804047,-0.03002387321959532,9.01432963106333e-4,1.0998569600639074,0.09985696006390743,0.009971412473204802,2.1695906432748666,1.1695906432748666,1.3679422728361164,-0.5
