method,true_params,bivpois_eta,bivpois_estimated_ha,bivpois_bias,bivpois_mse,pc_eta,pc_bias,pc_mse,lm_eta,lm_bias,lm_mse,team_strength_correlation
bivpois,0,0.1242163339304037,0.11613775111147595,0.11613775111147595,0.013487977233231134,0.13425985480268415,0.13425985480268415,0.018025708611637832,0.6871345029239863,0.6871345029239863,0.47215382510859366,-0.5
