method,true_params,bivpois_eta,bivpois_estimated_ha,bivpois_bias,bivpois_mse,pc_eta,pc_bias,pc_mse,lm_eta,lm_bias,lm_mse,team_strength_correlation
bivpois,1,0.5927429287259921,0.9927425992044829,-0.007257400795517066,5.266986630677174e-5,1.095194885607236,0.09519488560723599,0.009062066245774747,1.4473684210526465,0.4473684210526465,0.200138504155138,-0.5
