method,true_params,bivpois_eta,bivpois_estimated_ha,bivpois_bias,bivpois_mse,pc_eta,pc_bias,pc_mse,lm_eta,lm_bias,lm_mse,team_strength_correlation
bivpois,1,0.6963207758811957,0.9998399193614194,-1.600806385806397e-4,2.562581084838539e-8,1.0809191223858838,0.08091912238588383,0.006547904367701646,1.6871345029239788,0.6871345029239788,0.47215382510858345,-0.5
