method,true_params,bivpois_eta,bivpois_estimated_ha,bivpois_bias,bivpois_mse,pc_eta,pc_bias,pc_mse,lm_eta,lm_bias,lm_mse,team_strength_correlation
bivpois,1,0.6610803439013687,1.0917839931338165,0.09178399313381647,0.008424301395588469,1.2027254040436144,0.2027254040436144,0.041097589444646705,1.5555555555555618,0.5555555555555618,0.3086419753086489,-0.5
