method,true_params,bivpois_eta,bivpois_estimated_ha,bivpois_bias,bivpois_mse,pc_eta,pc_bias,pc_mse,lm_eta,lm_bias,lm_mse,team_strength_correlation
bivpois,1,0.7127415531301908,0.8579694025460176,-0.1420305974539824,0.02017269061313519,0.9722417735821837,-0.027758226417816334,7.705191338627566e-4,0.9152046783625665,-0.08479532163743353,0.007190246571595803,-0.5
