method,true_params,bivpois_eta,bivpois_estimated_ha,bivpois_bias,bivpois_mse,pc_eta,pc_bias,pc_mse,lm_eta,lm_bias,lm_mse,team_strength_correlation
bivpois,1,0.7315251884781356,1.1641634466884179,0.16416344668841787,0.026949637228621016,1.3061626809045712,0.3061626809045712,0.09373558717867429,0.2690058479532279,-0.7309941520467721,0.5343524503265794,-0.5
