method,true_params,bivpois_eta,bivpois_estimated_ha,bivpois_bias,bivpois_mse,pc_eta,pc_bias,pc_mse,lm_eta,lm_bias,lm_mse,team_strength_correlation
bivpois,1,0.6632009609690026,0.9982788212744205,-0.0017211787255795308,2.9624562053875776e-6,1.0714927340858516,0.07149273408585155,0.00511121102707028,0.6403508771929939,-0.3596491228070061,0.12934749153584896,-0.5
