method,true_params,bivpois_eta,bivpois_estimated_ha,bivpois_bias,bivpois_mse,pc_eta,pc_bias,pc_mse,lm_eta,lm_bias,lm_mse,team_strength_correlation
bivpois,1,0.6334076543860813,0.9280438913320079,-0.07195610866799207,0.005177681574639883,1.0165831302225068,0.016583130222506792,2.7500020797661815e-4,2.4795321637426984,1.4795321637426984,2.189015423549151,-0.5
