method,true_params,bivpois_eta,bivpois_estimated_ha,bivpois_bias,bivpois_mse,pc_eta,pc_bias,pc_mse,lm_eta,lm_bias,lm_mse,team_strength_correlation
bivpois,1,0.6939310982093596,1.0088939722493904,0.00889397224939037,7.9102742372926e-5,1.1861534114728336,0.1861534114728336,0.0346530926029741,0.4035087719298328,-0.5964912280701672,0.3558017851646562,-0.5
