method,true_params,bivpois_eta,bivpois_estimated_ha,bivpois_bias,bivpois_mse,pc_eta,pc_bias,pc_mse,lm_eta,lm_bias,lm_mse,team_strength_correlation
bivpois,1,0.7746334506806679,1.0991787918831126,0.09917879188311263,0.009836432759393767,1.1963215031400256,0.1963215031400256,0.03854213259515909,0.8918128654970836,-0.1081871345029164,0.011704456071952123,-0.5
