method,true_params,bivpois_eta,bivpois_estimated_ha,bivpois_bias,bivpois_mse,pc_eta,pc_bias,pc_mse,lm_eta,lm_bias,lm_mse,team_strength_correlation
bivpois,1,0.7251383897625208,0.9758003126230332,-0.02419968737696676,5.856248691429244e-4,1.1696155402933834,0.16961554029338344,0.02876943150901638,0.7602339181286476,-0.2397660818713524,0.05748777401594006,-0.5
