method,true_params,bivpois_eta,bivpois_estimated_ha,bivpois_bias,bivpois_mse,pc_eta,pc_bias,pc_mse,lm_eta,lm_bias,lm_mse,team_strength_correlation
bivpois,1,0.5764243976166216,0.9091226670812338,-0.09087733291876621,0.008258689638428268,1.0652445008539615,0.0652445008539615,0.004256844891682582,2.982456140350894,1.982456140350894,3.9301323484149635,-0.5
