method,true_params,bivpois_eta,bivpois_estimated_ha,bivpois_bias,bivpois_mse,pc_eta,pc_bias,pc_mse,lm_eta,lm_bias,lm_mse,team_strength_correlation
bivpois,1,0.7021335113144184,1.0318756988503899,0.03187569885038988,0.0010160601772007465,1.1327374926240483,0.13273749262404833,0.017619241948119285,0.4678362573099365,-0.5321637426900635,0.2831982490338961,-0.5
