method,true_params,bivpois_eta,bivpois_estimated_ha,bivpois_bias,bivpois_mse,pc_eta,pc_bias,pc_mse,lm_eta,lm_bias,lm_mse,team_strength_correlation
bivpois,0,0.21241027531876744,0.20583173618177764,0.20583173618177764,0.04236670361960491,0.22720077278770304,0.22720077278770304,0.05162019115532946,0.5263157894736948,0.5263157894736948,0.27700831024931866,-0.5
