method,true_params,bivpois_eta,bivpois_estimated_ha,bivpois_bias,bivpois_mse,pc_eta,pc_bias,pc_mse,lm_eta,lm_bias,lm_mse,team_strength_correlation
bivpois,1,0.636675613883749,0.9263228796276659,-0.07367712037233409,0.005428318066359407,1.0010308764676696,0.0010308764676696391,1.0627062915950325e-6,1.333333333333338,0.3333333333333379,0.11111111111111417,-0.5
