method,true_params,bivpois_eta,bivpois_estimated_ha,bivpois_bias,bivpois_mse,pc_eta,pc_bias,pc_mse,lm_eta,lm_bias,lm_mse,team_strength_correlation
bivpois,1,0.6442465496337728,0.9377089889374637,-0.06229101106253632,0.0038801700591930216,1.0062737561244532,0.006273756124453245,3.93600159091146e-5,2.049707602339176,1.049707602339176,1.1018860504086618,-0.5
