method,true_params,bivpois_eta,bivpois_estimated_ha,bivpois_bias,bivpois_mse,pc_eta,pc_bias,pc_mse,lm_eta,lm_bias,lm_mse,team_strength_correlation
bivpois,1,0.7114872301112569,1.0848310687901899,0.08483106879018987,0.007196310232085925,1.2279922604048072,0.22799226040480725,0.05198047080449344,1.251461988304084,0.25146198830408406,0.0632331315618433,-0.5
