method,true_params,bivpois_eta,bivpois_estimated_ha,bivpois_bias,bivpois_mse,pc_eta,pc_bias,pc_mse,lm_eta,lm_bias,lm_mse,team_strength_correlation
bivpois,1,0.7591178797409712,1.250253765342751,0.250253765342751,0.06262694706822469,1.3938219210520642,0.39382192105206415,0.15509570550113824,1.005847953216377,0.0058479532163771,3.419855682093527e-5,0
