method,true_params,bivpois_eta,bivpois_estimated_ha,bivpois_bias,bivpois_mse,pc_eta,pc_bias,pc_mse,lm_eta,lm_bias,lm_mse,team_strength_correlation
bivpois,1,0.6294245516989139,1.1866711643861068,0.18667116438610676,0.03484612361326489,1.3758043619082714,0.3758043619082714,0.141228918429283,0.6315789473684343,-0.36842105263156566,0.13573407202215088,0
