method,true_params,bivpois_eta,bivpois_estimated_ha,bivpois_bias,bivpois_mse,pc_eta,pc_bias,pc_mse,lm_eta,lm_bias,lm_mse,team_strength_correlation
bivpois,1,0.6355404031833756,0.901097346891186,-0.09890265310881396,0.009781734791962388,1.0456250422967122,0.04562504229671216,0.0020816444845767734,1.0087719298245676,0.008771929824567648,7.694675284713941e-5,0
