method,true_params,bivpois_eta,bivpois_estimated_ha,bivpois_bias,bivpois_mse,pc_eta,pc_bias,pc_mse,lm_eta,lm_bias,lm_mse,team_strength_correlation
bivpois,1,0.6103609339354,0.8366209160807145,-0.16337908391928546,0.026692725062304922,0.9229796365063361,-0.07702036349366392,0.005932136392696119,0.8684210526315881,-0.1315789473684119,0.01731301939057931,0
