method,true_params,bivpois_eta,bivpois_estimated_ha,bivpois_bias,bivpois_mse,pc_eta,pc_bias,pc_mse,lm_eta,lm_bias,lm_mse,team_strength_correlation
bivpois,1,0.7092374791712709,0.9361911830397266,-0.0638088169602734,0.004071565121869675,1.0566841750186324,0.05668417501863243,0.003213095697542953,0.2163742690058512,-0.7836257309941488,0.614069286276114,0
