method,true_params,bivpois_eta,bivpois_estimated_ha,bivpois_bias,bivpois_mse,pc_eta,pc_bias,pc_mse,lm_eta,lm_bias,lm_mse,team_strength_correlation
bivpois,1,0.6752041835210361,0.9228275589068903,-0.07717244109310972,0.00595558566426949,0.9912452482733126,-0.008754751726687382,7.664567779593569e-5,1.4532163742690072,0.4532163742690072,0.2054050819055448,0
