method,true_params,bivpois_eta,bivpois_estimated_ha,bivpois_bias,bivpois_mse,pc_eta,pc_bias,pc_mse,lm_eta,lm_bias,lm_mse,team_strength_correlation
bivpois,1,0.646063771541222,0.9410298261416303,-0.05897017385836967,0.0034774814048863455,1.0271399816446016,0.02713998164460163,7.365786036693134e-4,0.023391812865502706,-0.9766081871344973,0.9537635511781293,0
