method,true_params,bivpois_eta,bivpois_estimated_ha,bivpois_bias,bivpois_mse,pc_eta,pc_bias,pc_mse,lm_eta,lm_bias,lm_mse,team_strength_correlation
bivpois,1,0.7639589927316066,0.976494064114749,-0.02350593588525096,5.525290218415289e-4,1.0845891834022199,0.08458918340221988,0.007155329948654391,-0.09649122807017255,-1.0964912280701726,1.2022930132348353,0
