method,true_params,bivpois_eta,bivpois_estimated_ha,bivpois_bias,bivpois_mse,pc_eta,pc_bias,pc_mse,lm_eta,lm_bias,lm_mse,team_strength_correlation
bivpois,1,0.8486875877005864,1.3811537249627168,0.3811537249627168,0.14527816205295438,1.626478361077202,0.626478361077202,0.3924751368979771,1.1345029239765965,0.13450292397659647,0.01809103655825409,0
