method,true_params,bivpois_eta,bivpois_estimated_ha,bivpois_bias,bivpois_mse,pc_eta,pc_bias,pc_mse,lm_eta,lm_bias,lm_mse,team_strength_correlation
bivpois,0,0.07381707150804394,0.06928597185094765,0.06928597185094765,0.00480054589533031,0.08175918497688632,0.08175918497688632,0.0066845643280847135,0.5233918128654872,0.5233918128654872,0.27393898977462117,-0.5
