method,true_params,bivpois_eta,bivpois_estimated_ha,bivpois_bias,bivpois_mse,pc_eta,pc_bias,pc_mse,lm_eta,lm_bias,lm_mse,team_strength_correlation
bivpois,1,0.6659653883933258,0.772430588535298,-0.227569411464702,0.05178783703439084,0.8085986804147384,-0.19140131958526163,0.03663446513897946,0.7105263157894672,-0.28947368421053277,0.08379501385041925,0
