method,true_params,bivpois_eta,bivpois_estimated_ha,bivpois_bias,bivpois_mse,pc_eta,pc_bias,pc_mse,lm_eta,lm_bias,lm_mse,team_strength_correlation
bivpois,1,0.6231423155568113,0.7340547120424026,-0.2659452879575974,0.07072689618684941,0.8575814544965981,-0.14241854550340194,0.020283042103304567,1.2690058479532103,0.26900584795321025,0.07236414623302567,0
