method,true_params,bivpois_eta,bivpois_estimated_ha,bivpois_bias,bivpois_mse,pc_eta,pc_bias,pc_mse,lm_eta,lm_bias,lm_mse,team_strength_correlation
bivpois,1,0.6165509403504368,0.8536343409315368,-0.14636565906846322,0.021422906154545607,0.9778227175628785,-0.02217728243712147,4.918318562958565e-4,0.8596491228070088,-0.14035087719299122,0.019698368728842102,0
