method,true_params,bivpois_eta,bivpois_estimated_ha,bivpois_bias,bivpois_mse,pc_eta,pc_bias,pc_mse,lm_eta,lm_bias,lm_mse,team_strength_correlation
bivpois,1,0.6476787708130088,1.064411622854977,0.06441162285497692,0.0041488571588117855,1.2943408228845423,0.29434082288454233,0.08663652001634951,0.6783625730994138,-0.32163742690058617,0.1034506343832299,0
