method,true_params,bivpois_eta,bivpois_estimated_ha,bivpois_bias,bivpois_mse,pc_eta,pc_bias,pc_mse,lm_eta,lm_bias,lm_mse,team_strength_correlation
bivpois,1,0.6460008709290951,0.7731681436892174,-0.22683185631078262,0.05145269103739553,0.9479605976241626,-0.052039402375837374,0.0027080993996343086,-0.2777777777777726,-1.2777777777777726,1.6327160493827026,0
