method,true_params,bivpois_eta,bivpois_estimated_ha,bivpois_bias,bivpois_mse,pc_eta,pc_bias,pc_mse,lm_eta,lm_bias,lm_mse,team_strength_correlation
bivpois,1,0.6374951284688513,0.7949932142061786,-0.20500678579382137,0.04202778222151376,0.9257123186405943,-0.07428768135940567,0.005518659601756588,0.9152046783625775,-0.08479532163742254,0.007190246571593939,0
