method,true_params,bivpois_eta,bivpois_estimated_ha,bivpois_bias,bivpois_mse,pc_eta,pc_bias,pc_mse,lm_eta,lm_bias,lm_mse,team_strength_correlation
bivpois,1,0.8104162481223357,1.1884130198553344,0.18841301985533443,0.035499466051006644,1.3301159895174741,0.3301159895174741,0.10897656653510109,0.01754385964912186,-0.9824561403508781,0.9652200677131444,0
