method,true_params,bivpois_eta,bivpois_estimated_ha,bivpois_bias,bivpois_mse,pc_eta,pc_bias,pc_mse,lm_eta,lm_bias,lm_mse,team_strength_correlation
bivpois,0,-0.03535591055515943,-0.03951752474921788,-0.03951752474921788,0.0015616347623050478,-0.046474114397597424,-0.046474114397597424,0.0021598433090409723,-1.0058479532163704,-1.0058479532163704,1.0117301049895617,-0.5
