method,true_params,bivpois_eta,bivpois_estimated_ha,bivpois_bias,bivpois_mse,pc_eta,pc_bias,pc_mse,lm_eta,lm_bias,lm_mse,team_strength_correlation
bivpois,1,0.5505052428098715,0.8801575204159362,-0.1198424795840638,0.01436221991285675,0.9667109485139443,-0.033289051486055654,0.0011081609488412642,0.988304093567244,-0.011695906432755976,1.3679422728378262e-4,0
