method,true_params,bivpois_eta,bivpois_estimated_ha,bivpois_bias,bivpois_mse,pc_eta,pc_bias,pc_mse,lm_eta,lm_bias,lm_mse,team_strength_correlation
bivpois,1,0.7150390873367016,1.2505400413360523,0.25054004133605234,0.06277031231267081,1.4132105651915163,0.41321056519151633,0.17074297118589238,0.15497076023392845,-0.8450292397660716,0.7140744160596249,0
