method,true_params,bivpois_eta,bivpois_estimated_ha,bivpois_bias,bivpois_mse,pc_eta,pc_bias,pc_mse,lm_eta,lm_bias,lm_mse,team_strength_correlation
bivpois,1,0.7098878951471655,1.2738774576521725,0.27387745765217253,0.07500886181001756,1.4169545589890897,0.41695455898908973,0.1738511042617863,0.9327485380116959,-0.06725146198830412,0.0045227591395643136,0
