method,true_params,bivpois_eta,bivpois_estimated_ha,bivpois_bias,bivpois_mse,pc_eta,pc_bias,pc_mse,lm_eta,lm_bias,lm_mse,team_strength_correlation
bivpois,1,0.685583678625099,0.8297312131652879,-0.17026878683471214,0.02899145977016464,0.8893561164698613,-0.11064388353013865,0.012242068962630888,1.9532163742690063,0.9532163742690063,0.9086214561745503,0
