method,true_params,bivpois_eta,bivpois_estimated_ha,bivpois_bias,bivpois_mse,pc_eta,pc_bias,pc_mse,lm_eta,lm_bias,lm_mse,team_strength_correlation
bivpois,1,0.7317776797230748,1.1329440706923721,0.13294407069237213,0.01767412593225844,1.2694751769090054,0.26947517690900535,0.07261687097013973,1.3713450292397726,0.37134502923977264,0.1378971307410876,0
