method,true_params,bivpois_eta,bivpois_estimated_ha,bivpois_bias,bivpois_mse,pc_eta,pc_bias,pc_mse,lm_eta,lm_bias,lm_mse,team_strength_correlation
bivpois,1,0.6771026748522128,0.908654684488407,-0.09134531551159297,0.008343966665912467,1.0076421994269837,0.007642199426983742,5.840321208179064e-5,2.046783625730986,1.0467836257309862,1.0957559590985093,0
