method,true_params,bivpois_eta,bivpois_estimated_ha,bivpois_bias,bivpois_mse,pc_eta,pc_bias,pc_mse,lm_eta,lm_bias,lm_mse,team_strength_correlation
bivpois,1,0.720129937194452,0.9592773231858336,-0.040722676814166414,0.0016583364069110468,1.0641233691442344,0.06412336914423444,0.004111806470407758,0.6461988304093587,-0.35380116959064134,0.12517526760370576,0
