method,true_params,bivpois_eta,bivpois_estimated_ha,bivpois_bias,bivpois_mse,pc_eta,pc_bias,pc_mse,lm_eta,lm_bias,lm_mse,team_strength_correlation
bivpois,1,0.7237623938017298,1.0458984835213379,0.04589848352133785,0.0021066707895585225,1.1188045603493086,0.11880456034930864,0.014114523559792518,2.0847953216374506,1.0847953216374506,1.1767808898465,0
