method,true_params,bivpois_eta,bivpois_estimated_ha,bivpois_bias,bivpois_mse,pc_eta,pc_bias,pc_mse,lm_eta,lm_bias,lm_mse,team_strength_correlation
bivpois,1,0.7292884418781234,1.0271652978062678,0.027165297806267752,7.379534049032155e-4,1.2035674690717568,0.20356746907175682,0.04143971446428067,-0.055555555555556316,-1.0555555555555562,1.114197530864199,0
