method,true_params,bivpois_eta,bivpois_estimated_ha,bivpois_bias,bivpois_mse,pc_eta,pc_bias,pc_mse,lm_eta,lm_bias,lm_mse,team_strength_correlation
bivpois,1,0.7013940436725922,0.9661437129720128,-0.03385628702798715,0.0011462481713214513,1.1724248189334863,0.17242481893348627,0.029730318184245524,1.7543859649122744,0.7543859649122744,0.5690981840566233,0
