method,true_params,bivpois_eta,bivpois_estimated_ha,bivpois_bias,bivpois_mse,pc_eta,pc_bias,pc_mse,lm_eta,lm_bias,lm_mse,team_strength_correlation
bivpois,1,0.7612318562651202,1.0688148668341932,0.06881486683419324,0.004735485897407749,1.2343179830848658,0.23431798308486584,0.054904917196959474,1.298245614035113,0.29824561403511307,0.08895044629118164,0
