method,true_params,bivpois_eta,bivpois_estimated_ha,bivpois_bias,bivpois_mse,pc_eta,pc_bias,pc_mse,lm_eta,lm_bias,lm_mse,team_strength_correlation
bivpois,1,0.7382620105633676,1.0032337331278938,0.0032337331278937675,1.045702994243761e-5,1.1283035874969707,0.12830358749697068,0.01646181056459281,2.3040935672514737,1.3040935672514737,1.700660032146674,0
