method,true_params,bivpois_eta,bivpois_estimated_ha,bivpois_bias,bivpois_mse,pc_eta,pc_bias,pc_mse,lm_eta,lm_bias,lm_mse,team_strength_correlation
bivpois,1,0.638807927390605,1.0198219923169198,0.019821992316919834,3.9291137941202894e-4,1.1404391684079145,0.14043916840791448,0.019723160023106565,1.3947368421052686,0.3947368421052686,0.15581717451523977,0
