method,true_params,bivpois_eta,bivpois_estimated_ha,bivpois_bias,bivpois_mse,pc_eta,pc_bias,pc_mse,lm_eta,lm_bias,lm_mse,team_strength_correlation
bivpois,1,0.7597640497600378,1.1880228935074915,0.18802289350749146,0.035352608482929475,1.279453954079441,0.27945395407944096,0.0780945124506343,2.1286549707602336,1.1286549707602336,1.2738620430217837,0
