method,true_params,bivpois_eta,bivpois_estimated_ha,bivpois_bias,bivpois_mse,pc_eta,pc_bias,pc_mse,lm_eta,lm_bias,lm_mse,team_strength_correlation
bivpois,1,0.7063579901232353,1.0174893935783484,0.017489393578348444,3.058788877383758e-4,1.1661158419686484,0.16611584196864837,0.027594472952952958,1.3713450292397633,0.3713450292397633,0.13789713074108068,0
