method,true_params,bivpois_eta,bivpois_estimated_ha,bivpois_bias,bivpois_mse,pc_eta,pc_bias,pc_mse,lm_eta,lm_bias,lm_mse,team_strength_correlation
bivpois,1,0.6771331658854743,1.0136194269257761,0.013619426925776112,1.8548878978655537e-4,1.0768799575952204,0.07687995759522037,0.005910527879842882,-0.0877192982455977,-1.0877192982455977,1.1831332717758953,0
