method,true_params,bivpois_eta,bivpois_estimated_ha,bivpois_bias,bivpois_mse,pc_eta,pc_bias,pc_mse,lm_eta,lm_bias,lm_mse,team_strength_correlation
bivpois,1,0.6854994089336184,0.8450492667957997,-0.15495073320420027,0.024009729720519252,0.9461417431650445,-0.05385825683495549,0.0029007118293000295,0.7807017543859808,-0.21929824561401923,0.048091720529386706,0
