method,true_params,bivpois_eta,bivpois_estimated_ha,bivpois_bias,bivpois_mse,pc_eta,pc_bias,pc_mse,lm_eta,lm_bias,lm_mse,team_strength_correlation
bivpois,0,0.10315410766332217,0.10183443285703497,0.10183443285703497,0.010370251715313965,0.12045050705213164,0.12045050705213164,0.014508324649115615,0.7514619883041044,0.7514619883041044,0.5646951198659579,-0.5
