method,true_params,bivpois_eta,bivpois_estimated_ha,bivpois_bias,bivpois_mse,pc_eta,pc_bias,pc_mse,lm_eta,lm_bias,lm_mse,team_strength_correlation
bivpois,1,0.6382880413859487,0.9195177751339667,-0.08048222486603329,0.006477388519386748,1.1028830826710156,0.10288308267101565,0.01058492869989104,3.2163742690058634,2.2163742690058634,4.912314900311276,0.5
