method,true_params,bivpois_eta,bivpois_estimated_ha,bivpois_bias,bivpois_mse,pc_eta,pc_bias,pc_mse,lm_eta,lm_bias,lm_mse,team_strength_correlation
bivpois,1,0.7322538327230191,1.0152806488185115,0.015280648818511544,2.3349822831467826e-4,1.141105051729166,0.1411050517291661,0.01991063562349064,2.567251461988306,1.567251461988306,2.4562771451044827,0.5
