method,true_params,bivpois_eta,bivpois_estimated_ha,bivpois_bias,bivpois_mse,pc_eta,pc_bias,pc_mse,lm_eta,lm_bias,lm_mse,team_strength_correlation
bivpois,1,0.5851461389623845,0.8441806035452928,-0.15581939645470722,0.024279684311509224,0.9470483126036656,-0.05295168739633438,0.0028038811981191173,1.0087719298245479,0.008771929824547886,7.694675284679271e-5,0.5
