method,true_params,bivpois_eta,bivpois_estimated_ha,bivpois_bias,bivpois_mse,pc_eta,pc_bias,pc_mse,lm_eta,lm_bias,lm_mse,team_strength_correlation
bivpois,1,0.6181231453488948,0.9369529658132563,-0.06304703418674373,0.003974928519744433,1.0353997543774451,0.035399754377445136,0.0012531426099834462,1.2426900584795217,0.24269005847952174,0.05889846448479368,0.5
