method,true_params,bivpois_eta,bivpois_estimated_ha,bivpois_bias,bivpois_mse,pc_eta,pc_bias,pc_mse,lm_eta,lm_bias,lm_mse,team_strength_correlation
bivpois,1,0.7066072736643473,0.831093557264669,-0.16890644273533095,0.028529386397503635,0.9556743342483689,-0.044325665751631105,0.0019647646443253226,1.4970760233918117,0.49707602339181167,0.2470845730310169,0.5
