method,true_params,bivpois_eta,bivpois_estimated_ha,bivpois_bias,bivpois_mse,pc_eta,pc_bias,pc_mse,lm_eta,lm_bias,lm_mse,team_strength_correlation
bivpois,1,0.6350838008001568,1.0552009240726272,0.05520092407262722,0.0030471420184719554,1.2219113097211558,0.2219113097211558,0.04924462938215874,4.026315789473693,3.026315789473693,9.158587257617782,0.5
