method,true_params,bivpois_eta,bivpois_estimated_ha,bivpois_bias,bivpois_mse,pc_eta,pc_bias,pc_mse,lm_eta,lm_bias,lm_mse,team_strength_correlation
bivpois,1,0.7290858848840595,1.2144011863178337,0.21440118631783367,0.04596786869449443,1.3970154842793436,0.39701548427934363,0.15762129475756176,0.7836257309941498,-0.21637426900585022,0.046817824287816036,0.5
