method,true_params,bivpois_eta,bivpois_estimated_ha,bivpois_bias,bivpois_mse,pc_eta,pc_bias,pc_mse,lm_eta,lm_bias,lm_mse,team_strength_correlation
bivpois,1,0.7409306985304444,1.1180021577306185,0.1180021577306185,0.013924509229081769,1.2724533927002304,0.2724533927002304,0.07423085119386595,1.6374269005848001,0.6374269005848001,0.40631305358914466,0.5
