method,true_params,bivpois_eta,bivpois_estimated_ha,bivpois_bias,bivpois_mse,pc_eta,pc_bias,pc_mse,lm_eta,lm_bias,lm_mse,team_strength_correlation
bivpois,1,0.7663664701408793,0.9940990515216853,-0.005900948478314683,3.482119294372437e-5,1.0898964122330144,0.08989641223301437,0.008081364932368055,0.7339181286549739,-0.26608187134502614,0.07079956225847105,0.5
