method,true_params,bivpois_eta,bivpois_estimated_ha,bivpois_bias,bivpois_mse,pc_eta,pc_bias,pc_mse,lm_eta,lm_bias,lm_mse,team_strength_correlation
bivpois,1,0.6717958352567673,0.8878503377775125,-0.11214966222248746,0.01257754673661803,1.0391020550412924,0.03910205504129238,0.001528970708452259,-0.2602339181286511,-1.260233918128651,1.5881895284018916,0.5
