method,true_params,bivpois_eta,bivpois_estimated_ha,bivpois_bias,bivpois_mse,pc_eta,pc_bias,pc_mse,lm_eta,lm_bias,lm_mse,team_strength_correlation
bivpois,1,0.5558046255337317,0.6268721986791702,-0.3731278013208298,0.13922435611851663,0.7387291817786822,-0.2612708182213178,0.0682624404540369,0.6228070175438594,-0.37719298245614064,0.14227454601415843,0.5
