method,true_params,bivpois_eta,bivpois_estimated_ha,bivpois_bias,bivpois_mse,pc_eta,pc_bias,pc_mse,lm_eta,lm_bias,lm_mse,team_strength_correlation
bivpois,1,0.7902280311081071,1.2277124023475925,0.2277124023475925,0.05185293818291185,1.3719071775672484,0.37190717756724845,0.13831494872603686,0.69883040935673435,-0.30116959064326565,0.0907031223282322,0.5
