method,true_params,bivpois_eta,bivpois_estimated_ha,bivpois_bias,bivpois_mse,pc_eta,pc_bias,pc_mse,lm_eta,lm_bias,lm_mse,team_strength_correlation
bivpois,1,0.7031365467200348,0.9165794366479242,-0.08342056335207582,0.006958990389977695,1.0105225943859641,0.010522594385964146,1.1072499261152416e-4,0.8216374269005735,-0.1783625730994265,0.03181320748264826,0.5
