method,true_params,bivpois_eta,bivpois_estimated_ha,bivpois_bias,bivpois_mse,pc_eta,pc_bias,pc_mse,lm_eta,lm_bias,lm_mse,team_strength_correlation
bivpois,1,0.7712485342559297,1.2253025931147192,0.22530259311471923,0.05076125846421673,1.393951588375296,0.393951588375296,0.15519785398341865,0.8918128654970833,-0.10818713450291673,0.011704456071952194,0.5
