method,true_params,bivpois_eta,bivpois_estimated_ha,bivpois_bias,bivpois_mse,pc_eta,pc_bias,pc_mse,lm_eta,lm_bias,lm_mse,team_strength_correlation
bivpois,1,0.6054739517352418,1.1838627972022664,0.1838627972022664,0.03380552819504174,1.311136908236383,0.31113690823638307,0.09680617566689546,0.31578947368421584,-0.6842105263157842,0.4681440443213224,0.5
