method,true_params,bivpois_eta,bivpois_estimated_ha,bivpois_bias,bivpois_mse,pc_eta,pc_bias,pc_mse,lm_eta,lm_bias,lm_mse,team_strength_correlation
bivpois,0,-0.15753301921124646,-0.16505032673212705,-0.16505032673212705,0.027241610354381895,-0.18123272490609704,-0.18123272490609704,0.032845300576889044,0.14619883040935439,0.14619883040935439,0.021374098013063166,-0.5
