method,true_params,bivpois_eta,bivpois_estimated_ha,bivpois_bias,bivpois_mse,pc_eta,pc_bias,pc_mse,lm_eta,lm_bias,lm_mse,team_strength_correlation
bivpois,1,0.7953118873926752,1.0985503663589573,0.09855036635895731,0.009712174709484704,1.250341013796242,0.2503410137962421,0.06267062318853027,1.6666666666666623,0.6666666666666623,0.44444444444443865,0.5
