method,true_params,bivpois_eta,bivpois_estimated_ha,bivpois_bias,bivpois_mse,pc_eta,pc_bias,pc_mse,lm_eta,lm_bias,lm_mse,team_strength_correlation
bivpois,1,0.6057384287012956,0.8011005013389408,-0.19889949866105916,0.03956101056762067,0.9027950347355416,-0.09720496526445843,0.00944880527206457,1.0000000000000029,2.886579864025407e-15,8.332343311396937e-30,0.5
