method,true_params,bivpois_eta,bivpois_estimated_ha,bivpois_bias,bivpois_mse,pc_eta,pc_bias,pc_mse,lm_eta,lm_bias,lm_mse,team_strength_correlation
bivpois,1,0.6661901977110658,1.1257136666047964,0.12571366660479644,0.015803925971221912,1.2476723799738048,0.24767237997380476,0.06134160780188872,0.6666666666666587,-0.33333333333334125,0.11111111111111639,0.5
