method,true_params,bivpois_eta,bivpois_estimated_ha,bivpois_bias,bivpois_mse,pc_eta,pc_bias,pc_mse,lm_eta,lm_bias,lm_mse,team_strength_correlation
bivpois,1,0.7232728997109572,1.013478918867934,0.013478918867934064,1.8168125384834891e-4,1.1339334254350624,0.13393342543506237,0.01793816244876941,0.4590643274853911,-0.5409356725146088,0.29261140179883216,0.5
