method,true_params,bivpois_eta,bivpois_estimated_ha,bivpois_bias,bivpois_mse,pc_eta,pc_bias,pc_mse,lm_eta,lm_bias,lm_mse,team_strength_correlation
bivpois,1,0.7452725074559601,1.108625689518526,0.10862568951852603,0.011799540423375214,1.2804772947632541,0.2804772947632541,0.07866751287771333,1.5204678362573083,0.5204678362573083,0.2708867685783643,0.5
