method,true_params,bivpois_eta,bivpois_estimated_ha,bivpois_bias,bivpois_mse,pc_eta,pc_bias,pc_mse,lm_eta,lm_bias,lm_mse,team_strength_correlation
bivpois,1,0.8015183221951552,1.0912478132933845,0.0912478132933845,0.008326163430824356,1.1577140797615784,0.15771407976157836,0.0248737309550415,2.2134502923976695,1.2134502923976695,1.4724616121199898,0.5
