method,true_params,bivpois_eta,bivpois_estimated_ha,bivpois_bias,bivpois_mse,pc_eta,pc_bias,pc_mse,lm_eta,lm_bias,lm_mse,team_strength_correlation
bivpois,1,0.7183704681805682,1.1724209196344948,0.1724209196344948,0.029728973527604913,1.2901865614674988,0.29018656146749877,0.08420824045633045,2.8947368421052584,1.8947368421052584,3.5900277008310066,0.5
