method,true_params,bivpois_eta,bivpois_estimated_ha,bivpois_bias,bivpois_mse,pc_eta,pc_bias,pc_mse,lm_eta,lm_bias,lm_mse,team_strength_correlation
bivpois,1,0.6991690878047742,1.1817625826283018,0.1817625826283018,0.033037636443710244,1.3015137487134043,0.3015137487134043,0.09091054066320992,-0.05555555555556462,-1.0555555555555647,1.114197530864217,0.5
