method,true_params,bivpois_eta,bivpois_estimated_ha,bivpois_bias,bivpois_mse,pc_eta,pc_bias,pc_mse,lm_eta,lm_bias,lm_mse,team_strength_correlation
bivpois,1,0.6041149129659195,0.723612999202185,-0.276387000797815,0.07638977421001138,0.7808392786217772,-0.21916072137822284,0.048031421795023024,1.4707602339181376,0.4707602339181376,0.22161519783865963,0.5
