method,true_params,bivpois_eta,bivpois_estimated_ha,bivpois_bias,bivpois_mse,pc_eta,pc_bias,pc_mse,lm_eta,lm_bias,lm_mse,team_strength_correlation
bivpois,1,0.6522591467433678,0.8606114594492157,-0.1393885405507843,0.019429165236877644,0.9523593273183467,-0.047640672681653284,0.0022696336935604257,1.1666666666666676,0.16666666666666763,0.0277777777777781,0.5
