method,true_params,bivpois_eta,bivpois_estimated_ha,bivpois_bias,bivpois_mse,pc_eta,pc_bias,pc_mse,lm_eta,lm_bias,lm_mse,team_strength_correlation
bivpois,1,0.6449920536643725,1.2303350655109733,0.23033506551097327,0.053054242403944345,1.390920693215658,0.3909206932156579,0.15281898838421054,2.456140350877186,1.456140350877186,2.1203447214527342,0.5
