method,true_params,bivpois_eta,bivpois_estimated_ha,bivpois_bias,bivpois_mse,pc_eta,pc_bias,pc_mse,lm_eta,lm_bias,lm_mse,team_strength_correlation
bivpois,1,0.683701515136086,1.1522964019671422,0.15229640196714223,0.02319419405213736,1.3107654998850558,0.31076549988505575,0.09657519591880859,0.6578947368421052,-0.3421052631578948,0.11703601108033246,0.5
