method,true_params,bivpois_eta,bivpois_estimated_ha,bivpois_bias,bivpois_mse,pc_eta,pc_bias,pc_mse,lm_eta,lm_bias,lm_mse,team_strength_correlation
bivpois,1,0.6803252209591567,1.1787286376827757,0.1787286376827757,0.03194392592794091,1.4139670990656314,0.41396709906563145,0.17136875910881433,0.8742690058479459,-0.12573099415205413,0.01580828289046387,0.5
