method,true_params,bivpois_eta,bivpois_estimated_ha,bivpois_bias,bivpois_mse,pc_eta,pc_bias,pc_mse,lm_eta,lm_bias,lm_mse,team_strength_correlation
bivpois,0,-0.03372912569316352,-0.029429194861841923,-0.029429194861841923,8.66077510216263e-4,-0.03467863573391977,-0.03467863573391977,0.0012026077763658972,-0.07017543859648162,-0.07017543859648162,0.004924592182208563,-0.5
