method,true_params,bivpois_eta,bivpois_estimated_ha,bivpois_bias,bivpois_mse,pc_eta,pc_bias,pc_mse,lm_eta,lm_bias,lm_mse,team_strength_correlation
bivpois,1,0.6990958801579387,1.180574604875456,0.18057460487545596,0.03260718792592704,1.3057627040001782,0.30576270400017824,0.09349083115750062,1.7163742690058506,0.7163742690058506,0.5131920932936668,0.5
