method,true_params,bivpois_eta,bivpois_estimated_ha,bivpois_bias,bivpois_mse,pc_eta,pc_bias,pc_mse,lm_eta,lm_bias,lm_mse,team_strength_correlation
bivpois,1,0.6457285912599511,0.9077278903978736,-0.0922721096021264,0.008514142210426826,0.9982490054661347,-0.001750994533865291,3.0659818576261277e-6,1.6666666666666736,0.6666666666666736,0.44444444444445375,0.5
