method,true_params,bivpois_eta,bivpois_estimated_ha,bivpois_bias,bivpois_mse,pc_eta,pc_bias,pc_mse,lm_eta,lm_bias,lm_mse,team_strength_correlation
bivpois,1,0.707204520294041,1.044982137396973,0.04498213739697299,0.002023392684800156,1.1153000119108365,0.1153000119108365,0.013294092746639037,1.37134502923978,0.37134502923977997,0.13789713074109303,0.5
