method,true_params,bivpois_eta,bivpois_estimated_ha,bivpois_bias,bivpois_mse,pc_eta,pc_bias,pc_mse,lm_eta,lm_bias,lm_mse,team_strength_correlation
bivpois,1,0.7458436410319101,1.1783932704691977,0.17839327046919773,0.031824158948696335,1.2782074910795926,0.27820749107959264,0.07739940809280162,1.026315789473685,0.02631578947368496,6.925207756233081e-4,0.5
