method,true_params,bivpois_eta,bivpois_estimated_ha,bivpois_bias,bivpois_mse,pc_eta,pc_bias,pc_mse,lm_eta,lm_bias,lm_mse,team_strength_correlation
bivpois,1,0.7574396907550167,0.9450429239558189,-0.0549570760441811,0.0030202802073259036,1.0151190550193938,0.015119055019393812,2.2858582467945722e-4,1.596491228070157,0.5964912280701571,0.35580178516464417,0.5
