method,true_params,bivpois_eta,bivpois_estimated_ha,bivpois_bias,bivpois_mse,pc_eta,pc_bias,pc_mse,lm_eta,lm_bias,lm_mse,team_strength_correlation
bivpois,0,0.07883144992558332,0.07846750740035946,0.07846750740035946,0.006157149717625467,0.08903992697835972,0.08903992697835972,0.00792810859631163,0.0672514619883055,0.0672514619883055,0.0045227591395645,-0.5
