method,true_params,bivpois_eta,bivpois_estimated_ha,bivpois_bias,bivpois_mse,pc_eta,pc_bias,pc_mse,lm_eta,lm_bias,lm_mse,team_strength_correlation
bivnorm,0,0.03200901427315277,0.15918950989697755,0.15918950989697755,0.025341300061239913,0.15345730243804517,0.15345730243804517,0.023549143671561665,0.27192982456140385,0.27192982456140385,0.07394582948599587,-0.5
