method,true_params,bivpois_eta,bivpois_estimated_ha,bivpois_bias,bivpois_mse,pc_eta,pc_bias,pc_mse,lm_eta,lm_bias,lm_mse,team_strength_correlation
bivnorm,0,-0.0035008050980460236,-0.017354384180770843,-0.017354384180770843,3.011746502937893e-4,-0.0216363689090325,-0.0216363689090325,4.681324595677483e-4,0.7485380116959078,0.7485380116959078,0.5603091549536631,-0.5
