method,true_params,bivpois_eta,bivpois_estimated_ha,bivpois_bias,bivpois_mse,pc_eta,pc_bias,pc_mse,lm_eta,lm_bias,lm_mse,team_strength_correlation
bivnorm,0,-0.018277183559159995,-0.0920840471797959,-0.0920840471797959,0.008479471745010878,-0.09640473846344111,-0.09640473846344111,0.009293873598204482,-0.39181286549708166,-0.39181286549708166,0.1535173215690342,-0.5
