method,true_params,bivpois_eta,bivpois_estimated_ha,bivpois_bias,bivpois_mse,pc_eta,pc_bias,pc_mse,lm_eta,lm_bias,lm_mse,team_strength_correlation
bivnorm,0,0.007936998952151428,0.04031664043257166,0.04031664043257166,0.0016254314957692719,0.03876491951250866,0.03876491951250866,0.0015027189848112747,-0.263157894736869,-0.263157894736869,0.06925207756234103,-0.5
