method,true_params,bivpois_eta,bivpois_estimated_ha,bivpois_bias,bivpois_mse,pc_eta,pc_bias,pc_mse,lm_eta,lm_bias,lm_mse,team_strength_correlation
bivnorm,0,-0.0015963779653937293,-0.00797998251143106,-0.00797998251143106,6.368012088274559e-5,-0.00478922487418876,-0.00478922487418876,2.2936674895548347e-5,-0.9385964912280547,-0.9385964912280547,0.8809633733456157,-0.5
