method,true_params,bivpois_eta,bivpois_estimated_ha,bivpois_bias,bivpois_mse,pc_eta,pc_bias,pc_mse,lm_eta,lm_bias,lm_mse,team_strength_correlation
bivnorm,0,-0.010664550324462814,-0.052809897564639385,-0.052809897564639385,0.0027888852807877048,-0.04593285026457921,-0.04593285026457921,0.0021098267334282543,-0.22514619883040393,-0.22514619883040393,0.05069081084777978,-0.5
