method,true_params,bivpois_eta,bivpois_estimated_ha,bivpois_bias,bivpois_mse,pc_eta,pc_bias,pc_mse,lm_eta,lm_bias,lm_mse,team_strength_correlation
bivnorm,0,-5.043611357847507e-4,-0.002516020178133793,-0.002516020178133793,6.3303575367764045e-6,0.008593042941792568,0.008593042941792568,7.384038699949107e-5,-0.6754385964912331,-0.6754385964912331,0.45621729763004676,-0.5
