method,true_params,bivpois_eta,bivpois_estimated_ha,bivpois_bias,bivpois_mse,pc_eta,pc_bias,pc_mse,lm_eta,lm_bias,lm_mse,team_strength_correlation
bivnorm,0,0.024524271072035454,0.12355504290452402,0.12355504290452402,0.01526584862713877,0.12067175545455251,0.12067175545455251,0.014561672564483324,0.6959064327485409,0.6959064327485409,0.4842857631407995,-0.5
