method,true_params,bivpois_eta,bivpois_estimated_ha,bivpois_bias,bivpois_mse,pc_eta,pc_bias,pc_mse,lm_eta,lm_bias,lm_mse,team_strength_correlation
bivnorm,0,0.01196213174525698,0.05980046924867022,0.05980046924867022,0.0035760961223611524,0.05394364604999244,0.05394364604999244,0.0029099169491668647,0.05263157894736552,0.05263157894736552,0.002770083102492769,-0.5
