method,true_params,bivpois_eta,bivpois_estimated_ha,bivpois_bias,bivpois_mse,pc_eta,pc_bias,pc_mse,lm_eta,lm_bias,lm_mse,team_strength_correlation
bivnorm,0,-0.002488925546836614,-0.01222471596074115,-0.01222471596074115,1.4944368032079942e-4,-0.009028696949287414,-0.009028696949287414,8.151736860207185e-5,0.178362573099419,0.178362573099419,0.031813207482645586,-0.5
