method,true_params,bivpois_eta,bivpois_estimated_ha,bivpois_bias,bivpois_mse,pc_eta,pc_bias,pc_mse,lm_eta,lm_bias,lm_mse,team_strength_correlation
bivnorm,0,-4.4142613955744137e-4,-0.0021890098117092194,-0.0021890098117092194,4.791763955759232e-6,6.10023737318545e-5,6.10023737318545e-5,3.721289600920852e-9,0.22222222222222213,0.22222222222222213,0.04938271604938267,-0.5
