method,true_params,bivpois_eta,bivpois_estimated_ha,bivpois_bias,bivpois_mse,pc_eta,pc_bias,pc_mse,lm_eta,lm_bias,lm_mse,team_strength_correlation
bivnorm,0,-0.022628387416216995,-0.11065525709868673,-0.11065525709868673,0.01224458592357646,-0.11624867923379942,-0.11624867923379942,0.013513755423602789,-0.4795321637426845,-0.4795321637426845,0.22995109606374076,-0.5
