method,true_params,bivpois_eta,bivpois_estimated_ha,bivpois_bias,bivpois_mse,pc_eta,pc_bias,pc_mse,lm_eta,lm_bias,lm_mse,team_strength_correlation
bivnorm,0,-0.0021660985837288755,-0.011238850397951694,-0.011238850397951694,1.2631175826753895e-4,-0.012084860538822658,-0.012084860538822658,1.4604385424279306e-4,-0.985380116959067,-0.985380116959067,0.9709739748982646,-0.5
