method,true_params,bivpois_eta,bivpois_estimated_ha,bivpois_bias,bivpois_mse,pc_eta,pc_bias,pc_mse,lm_eta,lm_bias,lm_mse,team_strength_correlation
bivpois,0,-0.11720223069709847,-0.11970165064898775,-0.11970165064898775,0.014328485168092308,-0.13441650295184399,-0.13441650295184399,0.01806779626580308,-0.23976608187134388,-0.23976608187134388,0.05748777401593597,-0.5
