method,true_params,bivpois_eta,bivpois_estimated_ha,bivpois_bias,bivpois_mse,pc_eta,pc_bias,pc_mse,lm_eta,lm_bias,lm_mse,team_strength_correlation
bivnorm,0,-0.011393700955662948,-0.05591710999527866,-0.05591710999527866,0.003126723190224092,-0.05874117309179878,-0.05874117309179878,0.003450525416200665,0.39766081871346215,0.39766081871346215,0.15813412673986102,-0.5
