method,true_params,bivpois_eta,bivpois_estimated_ha,bivpois_bias,bivpois_mse,pc_eta,pc_bias,pc_mse,lm_eta,lm_bias,lm_mse,team_strength_correlation
bivnorm,0,-1.5780906750567728e-4,-8.052302095205022e-4,-8.052302095205022e-4,6.483956903244319e-7,-0.0068990003141860025,-0.0068990003141860025,4.7596205335138564e-5,0.6169590643274946,0.6169590643274946,0.3806384870558576,-0.5
