method,true_params,bivpois_eta,bivpois_estimated_ha,bivpois_bias,bivpois_mse,pc_eta,pc_bias,pc_mse,lm_eta,lm_bias,lm_mse,team_strength_correlation
bivnorm,0,-0.008576981174106409,-0.04221912275172457,-0.04221912275172457,0.0017824543259251872,-0.05249861406618646,-0.05249861406618646,0.0027561044788703905,0.5555555555555545,0.5555555555555545,0.3086419753086408,-0.5
