method,true_params,bivpois_eta,bivpois_estimated_ha,bivpois_bias,bivpois_mse,pc_eta,pc_bias,pc_mse,lm_eta,lm_bias,lm_mse,team_strength_correlation
bivnorm,0,-0.009132680909322219,-0.04399446357623482,-0.04399446357623482,0.0019355128253606523,-0.03725553003861172,-0.03725553003861172,0.0013879745184579002,0.20760233918128973,0.20760233918128973,0.04309873123354326,-0.5
