method,true_params,bivpois_eta,bivpois_estimated_ha,bivpois_bias,bivpois_mse,pc_eta,pc_bias,pc_mse,lm_eta,lm_bias,lm_mse,team_strength_correlation
bivnorm,0,0.00133134715375348,0.006825307860909291,0.006825307860909291,4.658482739619016e-5,-9.774770451122866e-4,-9.774770451122866e-4,9.554613737214471e-7,-0.3888888888888911,-0.3888888888888911,0.1512345679012363,-0.5
