method,true_params,bivpois_eta,bivpois_estimated_ha,bivpois_bias,bivpois_mse,pc_eta,pc_bias,pc_mse,lm_eta,lm_bias,lm_mse,team_strength_correlation
bivpois,0,0.11443116912404933,0.11905314994886007,0.11905314994886007,0.014173652512745761,0.127818987187753,0.127818987187753,0.016337693485702968,-0.03508771929824463,-0.03508771929824463,0.0012311480455524085,-0.5
