method,true_params,bivpois_eta,bivpois_estimated_ha,bivpois_bias,bivpois_mse,pc_eta,pc_bias,pc_mse,lm_eta,lm_bias,lm_mse,team_strength_correlation
bivnorm,0,0.011729398710310736,0.058536816073665676,0.058536816073665676,0.0034265588360421644,0.06580195459647264,0.06580195459647264,0.004329897228716247,-0.07017543859648233,-0.07017543859648233,0.0049245921822086616,-0.5
