method,true_params,bivpois_eta,bivpois_estimated_ha,bivpois_bias,bivpois_mse,pc_eta,pc_bias,pc_mse,lm_eta,lm_bias,lm_mse,team_strength_correlation
bivnorm,0,0.017713858776221558,0.08769082868011235,0.08769082868011235,0.007689681434604815,0.08809471640417732,0.08809471640417732,0.007760679058332429,0.45906432748538784,0.45906432748538784,0.2107400567696114,-0.5
