method,true_params,bivpois_eta,bivpois_estimated_ha,bivpois_bias,bivpois_mse,pc_eta,pc_bias,pc_mse,lm_eta,lm_bias,lm_mse,team_strength_correlation
bivnorm,0,-0.011210666727558442,-0.05613946776461276,-0.05613946776461276,0.0031516398408939954,-0.0632137826359702,-0.0632137826359702,0.003995982315147688,0.4561403508771905,0.4561403508771905,0.20806401969836646,-0.5
