method,true_params,bivpois_eta,bivpois_estimated_ha,bivpois_bias,bivpois_mse,pc_eta,pc_bias,pc_mse,lm_eta,lm_bias,lm_mse,team_strength_correlation
bivnorm,0,-0.007595395317609661,-0.03834341009040898,-0.03834341009040898,0.0014702170973612773,-0.046693879489041655,-0.046693879489041655,0.002180318381737145,-0.061403508771930015,-0.061403508771930015,0.0037703908895044863,-0.5
