method,true_params,bivpois_eta,bivpois_estimated_ha,bivpois_bias,bivpois_mse,pc_eta,pc_bias,pc_mse,lm_eta,lm_bias,lm_mse,team_strength_correlation
bivnorm,0,0.002470340317702658,0.011756391080732342,0.011756391080732342,1.3821273124312296e-4,0.0037225779295053966,0.0037225779295053966,1.3857586441240685e-5,-0.008771929824555023,-0.008771929824555023,7.694675284691791e-5,-0.5
