method,true_params,bivpois_eta,bivpois_estimated_ha,bivpois_bias,bivpois_mse,pc_eta,pc_bias,pc_mse,lm_eta,lm_bias,lm_mse,team_strength_correlation
bivnorm,0,0.005406581550440772,0.027783054266187435,0.027783054266187435,7.718981043579158e-4,0.02903987063685193,0.02903987063685193,8.43314086605095e-4,-0.5321637426900574,-0.5321637426900574,0.2831982490338896,-0.5
