method,true_params,bivpois_eta,bivpois_estimated_ha,bivpois_bias,bivpois_mse,pc_eta,pc_bias,pc_mse,lm_eta,lm_bias,lm_mse,team_strength_correlation
bivnorm,0,0.011775371039854342,0.05960099094215643,0.05960099094215643,0.003552278121287013,0.05303591634548508,0.05303591634548508,0.0028128084226052914,0.16081871345029547,0.16081871345029547,0.025862658595808247,-0.5
