method,true_params,bivpois_eta,bivpois_estimated_ha,bivpois_bias,bivpois_mse,pc_eta,pc_bias,pc_mse,lm_eta,lm_bias,lm_mse,team_strength_correlation
bivnorm,0,-0.010632262942862567,-0.05129126345775248,-0.05129126345775248,0.002630793707092575,-0.045981000562814005,-0.045981000562814005,0.002114252412757502,0.3304093567251514,0.3304093567251514,0.10917034301152836,-0.5
