method,true_params,bivpois_eta,bivpois_estimated_ha,bivpois_bias,bivpois_mse,pc_eta,pc_bias,pc_mse,lm_eta,lm_bias,lm_mse,team_strength_correlation
bivnorm,0,-0.007533070081293349,-0.03662214918958284,-0.03662214918958284,0.0013411818112640632,-0.03110289132018235,-0.03110289132018235,9.673898484750745e-4,0.4239766081871388,0.4239766081871388,0.1797561642898706,-0.5
