method,true_params,bivpois_eta,bivpois_estimated_ha,bivpois_bias,bivpois_mse,pc_eta,pc_bias,pc_mse,lm_eta,lm_bias,lm_mse,team_strength_correlation
bivnorm,0,0.005062661924508328,0.02694350284315039,0.02694350284315039,7.259523454588532e-4,0.025214734251973923,0.025214734251973923,6.35782823397667e-4,0.9707602339181368,0.9707602339181368,0.9423754317567957,-0.5
