method,true_params,bivpois_eta,bivpois_estimated_ha,bivpois_bias,bivpois_mse,pc_eta,pc_bias,pc_mse,lm_eta,lm_bias,lm_mse,team_strength_correlation
bivnorm,0,-0.00447648208439203,-0.02188887110861959,-0.02188887110861959,4.791226784097614e-4,-0.024569773806159795,-0.024569773806159795,6.03673784885856e-4,0.08187134502923213,0.08187134502923213,0.006702917136895572,-0.5
