method,true_params,bivpois_eta,bivpois_estimated_ha,bivpois_bias,bivpois_mse,pc_eta,pc_bias,pc_mse,lm_eta,lm_bias,lm_mse,team_strength_correlation
bivnorm,0,0.014791412861156211,0.07243248447063344,0.07243248447063344,0.005246464806588555,0.06427696184943348,0.06427696184943348,0.0041315278245935266,0.09356725146198312,0.09356725146198312,0.008754830546149983,-0.5
