method,true_params,bivpois_eta,bivpois_estimated_ha,bivpois_bias,bivpois_mse,pc_eta,pc_bias,pc_mse,lm_eta,lm_bias,lm_mse,team_strength_correlation
bivnorm,0,0.0038855472523936676,0.01961372942341466,0.01961372942341466,3.84698381894922e-4,0.021695945753343264,0.021695945753343264,4.707140621320136e-4,-0.02339181286549822,-0.02339181286549822,5.47176909134488e-4,-0.5
