method,true_params,bivpois_eta,bivpois_estimated_ha,bivpois_bias,bivpois_mse,pc_eta,pc_bias,pc_mse,lm_eta,lm_bias,lm_mse,team_strength_correlation
bivnorm,0,-0.011816024703210906,-0.05757405380813729,-0.05757405380813729,0.0033147716719022884,-0.05110632221717857,-0.05110632221717857,0.00261185617056608,-0.11111111111111369,-0.11111111111111369,0.01234567901234625,-0.5
