method,true_params,bivpois_eta,bivpois_estimated_ha,bivpois_bias,bivpois_mse,pc_eta,pc_bias,pc_mse,lm_eta,lm_bias,lm_mse,team_strength_correlation
bivnorm,0,0.009673821918699272,0.04934094701696079,0.04934094701696079,0.002434529052530532,0.04570378692384459,0.04570378692384459,0.0020888361391801875,-0.16081871345030357,-0.16081871345030357,0.025862658595810852,-0.5
