method,true_params,bivpois_eta,bivpois_estimated_ha,bivpois_bias,bivpois_mse,pc_eta,pc_bias,pc_mse,lm_eta,lm_bias,lm_mse,team_strength_correlation
bivnorm,0,0.01623941141995852,0.08065129482879296,0.08065129482879296,0.006504631357560887,0.07587977339916614,0.07587977339916614,0.005757740011108801,0.02631578947369056,0.02631578947369056,6.92520775623603e-4,-0.5
