true_params,bivpois_eta,bivpois_estimated_ha,bivpois_eta_bias,bivpois_eta_mse,lm_eta,lm_eta_bias,lm_eta_mse,team_strength_correlation,lambda3
0.2583520383626858,0.31291602522737066,0.367406698539555,0.10905466017686921,0.011892918906292424,0.20175438596490763,-0.05659765239777814,0.003203294256939722,0.5,0.1
