method,true_params,bivpois_eta,bivpois_estimated_ha,bivpois_bias,bivpois_mse,pc_eta,pc_bias,pc_mse,lm_eta,lm_bias,lm_mse,team_strength_correlation,mu
bivpois,0,0.12524685428187712,0.12701569856175976,0.12701569856175976,0.01613298768113182,0.1444202523526244,0.1444202523526244,0.020857209289595714,0.4502923976608148,0.4502923976608148,0.20276324339112536,-0.4,1.161834242728283
