true_params,bivpois_eta,bivpois_estimated_ha,bivpois_eta_bias,bivpois_eta_mse,lm_eta,lm_eta_bias,lm_eta_mse,team_strength_correlation,lambda3
0.5376145195890429,0.5901983973486701,0.8043463574227037,0.2667318378336607,0.07114587331412228,1.856725146198819,1.319110626609776,1.740052845234836,0.5,0.1
