true_params,bivpois_eta,bivpois_estimated_ha,bivpois_eta_bias,bivpois_eta_mse,lm_eta,lm_eta_bias,lm_eta_mse,team_strength_correlation,lambda3
0.3950783658651282,0.3863799024135934,0.47164364560299865,0.07656527973787047,0.005862242061338359,1.1081871345029197,0.7131087686377915,0.5085241159081072,0.5,0.1
