true_params,bivpois_eta,bivpois_estimated_ha,bivpois_eta_bias,bivpois_eta_mse,lm_eta,lm_eta_bias,lm_eta_mse,team_strength_correlation,lambda3
0.6074941058039577,0.6008167207465092,0.8236075704893506,0.21611346468539294,0.04670502961832458,1.2251461988304104,0.6176520930264527,0.3814941080199578,0.5,0.1
