method,true_params,bivpois_eta,bivpois_estimated_ha,bivpois_bias,bivpois_mse,pc_eta,pc_bias,pc_mse,lm_eta,lm_bias,lm_mse,team_strength_correlation,mu
bivpois,0,0.15197303308454294,0.1477556791787047,0.1477556791787047,0.021831740729560307,0.17019891783595567,0.17019891783595567,0.02896767163253039,0.36549707602338893,0.36549707602338893,0.13358811258164696,-0.4,1.161834242728283
