true_params,bivpois_eta,bivpois_estimated_ha,bivpois_eta_bias,bivpois_eta_mse,lm_eta,lm_eta_bias,lm_eta_mse,team_strength_correlation,lambda3
0.32295068158989176,0.2900026245216171,0.3364309955129068,0.01348031392301502,1.8171886346303258e-4,0.4532163742690049,0.13026569267911314,0.01696915068916915,0.5,0.1
