method,true_params,bivpois_eta,bivpois_estimated_ha,bivpois_bias,bivpois_mse,pc_eta,pc_bias,pc_mse,lm_eta,lm_bias,lm_mse,team_strength_correlation,mu
bivpois,0,0.09933581530167655,0.10526841401123077,0.10526841401123077,0.011081438988439886,0.12149452093309182,0.12149452093309182,0.014760918616761487,0.36842105263158925,0.36842105263158925,0.13573407202216825,-0.4,1.161834242728283
