true_params,bivpois_eta,bivpois_estimated_ha,bivpois_eta_bias,bivpois_eta_mse,lm_eta,lm_eta_bias,lm_eta_mse,team_strength_correlation,lambda3
0.3174857882050193,0.35026107298644554,0.4194380771615318,0.10195228895651248,0.010394269223472218,1.2573099415204794,0.9398241533154601,0.8832694391551215,-0.5,0
