method,true_params,bivpois_eta,bivpois_estimated_ha,bivpois_bias,bivpois_mse,pc_eta,pc_bias,pc_mse,lm_eta,lm_bias,lm_mse,team_strength_correlation,mu
bivpois,0,0.048069117044492675,0.05174332471390919,0.05174332471390919,0.0026773716524490453,0.058621111982161016,0.058621111982161016,0.003436434770025062,0.6578947368421095,0.6578947368421095,0.4328254847645486,-0.4,1
