true_params,bivpois_eta,bivpois_estimated_ha,bivpois_eta_bias,bivpois_eta_mse,lm_eta,lm_eta_bias,lm_eta_mse,team_strength_correlation,lambda3
0.2800054284986921,0.2602029971352011,0.297193386481571,0.01718795798287892,2.954258996212112e-4,0.11695906432748636,-0.16304636417120572,0.026584116869449434,0.5,0.1
