method,true_params,bivpois_eta,bivpois_estimated_ha,bivpois_bias,bivpois_mse,pc_eta,pc_bias,pc_mse,lm_eta,lm_bias,lm_mse,team_strength_correlation,mu
bivpois,0,0.22668704500850592,0.2601145710380104,0.2601145710380104,0.06765959006628815,0.2818588864067616,0.2818588864067616,0.07944443184645975,0.7982456140350838,0.7982456140350838,0.6371960603262479,-0.4,1.161834242728283
