true_params,bivpois_eta,bivpois_estimated_ha,bivpois_eta_bias,bivpois_eta_mse,lm_eta,lm_eta_bias,lm_eta_mse,team_strength_correlation,lambda3
0.12623487501580755,0.07469841721916438,0.07755912859801506,-0.04867574641779249,0.002369328289329238,-0.6608187134502912,-0.7870535884660987,0.6194533511173631,0.5,0.1
