method,true_params,bivpois_eta,bivpois_estimated_ha,bivpois_bias,bivpois_mse,pc_eta,pc_bias,pc_mse,lm_eta,lm_bias,lm_mse,team_strength_correlation,mu
bivpois,0,9.200671584237241e-4,0.0011588515354894469,0.0011588515354894469,1.3429368813062487e-6,0.0056757756006954605,0.0056757756006954605,3.221442866944991e-5,0.10526315789473517,0.10526315789473517,0.011080332409971947,-0.4,1.161834242728283
