method,true_params,bivpois_eta,bivpois_estimated_ha,bivpois_bias,bivpois_mse,pc_eta,pc_bias,pc_mse,lm_eta,lm_bias,lm_mse,team_strength_correlation,mu
bivpois,0,0.19405408822477221,0.19979008058703018,0.19979008058703018,0.03991607630097201,0.22212033121269933,0.22212033121269933,0.049337441538039255,0.3040935672514693,0.3040935672514693,0.09247289764372388,-0.4,1.161834242728283
