method,true_params,bivpois_eta,bivpois_estimated_ha,bivpois_bias,bivpois_mse,pc_eta,pc_bias,pc_mse,lm_eta,lm_bias,lm_mse,team_strength_correlation,mu
bivpois,0,0.12963619863389103,0.13701708675074165,0.13701708675074165,0.01877368206166026,0.15335076880076787,0.15335076880076787,0.02351645829178656,0.10818713450292014,0.10818713450292014,0.011704456071952933,-0.4,1.161834242728283
