method,true_params,bivpois_eta,bivpois_estimated_ha,bivpois_bias,bivpois_mse,pc_eta,pc_bias,pc_mse,lm_eta,lm_bias,lm_mse,team_strength_correlation,mu
bivpois,0,0.10650097578481611,0.12094085082695205,0.12094085082695205,0.014626689398747068,0.1505788096738621,0.1505788096738621,0.02267397792279719,0.06140350877192873,0.06140350877192873,0.003770390889504329,-0.4,1.161834242728283
