method,true_params,bivpois_eta,bivpois_estimated_ha,bivpois_bias,bivpois_mse,pc_eta,pc_bias,pc_mse,lm_eta,lm_bias,lm_mse,team_strength_correlation,mu
bivpois,0,0.16641663095063322,0.20388577945677722,0.20388577945677722,0.041569411064697595,0.23154988943684307,0.23154988943684307,0.05361535129821425,-0.0964912280701803,-0.0964912280701803,0.009310557094491552,-0.4,1.161834242728283
