method,true_params,bivpois_eta,bivpois_estimated_ha,bivpois_bias,bivpois_mse,pc_eta,pc_bias,pc_mse,lm_eta,lm_bias,lm_mse,team_strength_correlation,mu
bivpois,0,0.20310386510817718,0.24817569550268392,0.24817569550268392,0.06159117583824089,0.26898637116914875,0.26898637116914875,0.07235366787474706,0.6403508771929798,0.6403508771929798,0.4100492459218187,-0.4,1.161834242728283
