method,true_params,bivpois_eta,bivpois_estimated_ha,bivpois_bias,bivpois_mse,pc_eta,pc_bias,pc_mse,lm_eta,lm_bias,lm_mse,team_strength_correlation,mu
bivpois,0,0.07153599465374529,0.07480478548167269,0.07480478548167269,0.0055957559309590685,0.08607091489923192,0.08607091489923192,0.007408202391590824,0.1257309941520557,0.1257309941520557,0.01580828289046426,-0.4,1.161834242728283
