method,true_params,bivpois_eta,bivpois_estimated_ha,bivpois_bias,bivpois_mse,pc_eta,pc_bias,pc_mse,lm_eta,lm_bias,lm_mse,team_strength_correlation,mu
bivpois,0,0.36248344408501937,0.32672832202120194,0.32672832202120194,0.10675139641079023,0.3833779790380468,0.3833779790380468,0.14697867481129706,0.13157894736841988,0.13157894736841988,0.01731301939058141,-0.4,1.161834242728283
