true_params,bivpois_eta,bivpois_estimated_ha,bivpois_eta_bias,bivpois_eta_mse,lm_eta,lm_eta_bias,lm_eta_mse,team_strength_correlation,lambda3
0.453804950206801,0.4821467659298054,0.6195474622492225,0.16574251204242152,0.027470580298132243,0.9766081871345061,0.5228032369277051,0.2733232245420862,0.5,0.1
