true_params,bivpois_eta,bivpois_estimated_ha,bivpois_eta_bias,bivpois_eta_mse,lm_eta,lm_eta_bias,lm_eta_mse,team_strength_correlation,lambda3
0.18736686316356874,0.22200120364691428,0.2485728807042742,0.061206017540705454,0.003746176583193144,-0.09649122807018908,-0.2838580912337578,0.08057541595887238,0.5,0.1
