true_params,bivpois_eta,bivpois_estimated_ha,bivpois_eta_bias,bivpois_eta_mse,lm_eta,lm_eta_bias,lm_eta_mse,team_strength_correlation,lambda3
0.3652100859030472,0.3494216286274845,0.41824703785032,0.053036951947272815,0.0028129182718573255,-1.3947368421052706,-1.7599469280083178,3.097413189405915,0.5,0.1
