method,true_params,bivpois_eta,bivpois_estimated_ha,bivpois_bias,bivpois_mse,pc_eta,pc_bias,pc_mse,lm_eta,lm_bias,lm_mse,team_strength_correlation,mu
bivpois,0,0.11713126543795428,0.14822862494795563,0.14822862494795563,0.021971725253961696,0.1611055457698586,0.1611055457698586,0.025954996877804008,0.09356725146198695,0.09356725146198695,0.0087548305461507,-0.4,1.161834242728283
