true_params,bivpois_eta,bivpois_estimated_ha,bivpois_eta_bias,bivpois_eta_mse,lm_eta,lm_eta_bias,lm_eta_mse,team_strength_correlation,lambda3
0.32900551727429334,0.24423780186413468,0.2766478836418451,-0.05235763363244822,0.002741321799589673,0.45614035087718113,0.1271348336028878,0.016163265915233968,0.5,0.1
