true_params,bivpois_eta,bivpois_estimated_ha,bivpois_eta_bias,bivpois_eta_mse,lm_eta,lm_eta_bias,lm_eta_mse,team_strength_correlation,lambda3
0.09585847379376611,0.1265025222347187,0.13485231353636729,0.03899383974260118,0.0015205195378716631,0.6549707602339301,0.559112286440164,0.312606548848348,0.5,0.1
