method,true_params,bivpois_eta,bivpois_estimated_ha,bivpois_bias,bivpois_mse,pc_eta,pc_bias,pc_mse,lm_eta,lm_bias,lm_mse,team_strength_correlation,mu
bivpois,0,0.10407218814322373,0.12058476902334325,0.12058476902334325,0.014540686520413043,0.12921589654426638,0.12921589654426638,0.01669674791973855,-0.035087719298256784,-0.035087719298256784,0.0012311480455532615,-0.4,1.161834242728283
