method,true_params,bivpois_eta,bivpois_estimated_ha,bivpois_bias,bivpois_mse,pc_eta,pc_bias,pc_mse,lm_eta,lm_bias,lm_mse,team_strength_correlation,mu
bivpois,0,0.268682239941056,0.31523762623275275,0.31523762623275275,0.09937476099286073,0.36150081737841705,0.36150081737841705,0.13068284096526364,-0.011695906432754373,-0.011695906432754373,1.3679422728374513e-4,-0.4,1.161834242728283
