method,true_params,bivpois_eta,bivpois_estimated_ha,bivpois_bias,bivpois_mse,pc_eta,pc_bias,pc_mse,lm_eta,lm_bias,lm_mse,team_strength_correlation,mu
bivpois,0,0.09432215331101151,0.09865923786007413,0.09865923786007413,0.009733645215130685,0.10893219079455677,0.10893219079455677,0.011866222191301718,0.21345029239766422,0.21345029239766422,0.045561027324648354,-0.4,1.161834242728283
