true_params,bivpois_eta,bivpois_estimated_ha,bivpois_eta_bias,bivpois_eta_mse,lm_eta,lm_eta_bias,lm_eta_mse,team_strength_correlation,lambda3
0.1218750044733854,0.011741427717724982,0.011810628854989291,-0.1100643756183961,0.012114166780267386,0.08479532163742053,-0.03707968283596487,0.0013749028792157478,0.5,0.1
