true_params,bivpois_eta,bivpois_estimated_ha,bivpois_eta_bias,bivpois_eta_mse,lm_eta,lm_eta_bias,lm_eta_mse,team_strength_correlation,lambda3
0.16635247341424922,0.2783200779289419,0.3209089233453386,0.15455644993108938,0.02388769621530134,0.5116959064327427,0.34534343301849346,0.11926208672899868,0.5,0.1
