true_params,bivpois_eta,bivpois_estimated_ha,bivpois_eta_bias,bivpois_eta_mse,lm_eta,lm_eta_bias,lm_eta_mse,team_strength_correlation,lambda3
0.3505735394313286,0.4117829847215865,0.5095068147389177,0.1589332753075891,0.025259785999997914,1.830409356725131,1.4798358172938024,2.189914046145616,0.5,0.1
