method,true_params,bivpois_eta,bivpois_estimated_ha,bivpois_bias,bivpois_mse,pc_eta,pc_bias,pc_mse,lm_eta,lm_bias,lm_mse,team_strength_correlation,mu
bivpois,0,0.17627611389714626,0.20791525942192735,0.20791525942192735,0.04322875510048735,0.23455940569179923,0.23455940569179923,0.05501811479849006,-0.31286549707601274,-0.31286549707601274,0.09788481926062054,-0.4,1.161834242728283
