method,true_params,bivpois_eta,bivpois_estimated_ha,bivpois_bias,bivpois_mse,pc_eta,pc_bias,pc_mse,lm_eta,lm_bias,lm_mse,team_strength_correlation,mu
bivpois,0,0.07600903210914343,0.07407762367979631,0.07407762367979631,0.0054874943300455194,0.08365796534365166,0.08365796534365166,0.006998655165439622,0.13157894736841988,0.13157894736841988,0.01731301939058141,-0.4,1
