true_params,bivpois_eta,bivpois_estimated_ha,bivpois_eta_bias,bivpois_eta_mse,lm_eta,lm_eta_bias,lm_eta_mse,team_strength_correlation,lambda3
0.5955981353554415,0.5911595754724797,0.8060814894211079,0.21048335406566643,0.044303242338732694,1.83625730994154,1.2406591745860984,1.539235187484659,0.5,0.1
