method,true_params,bivpois_eta,bivpois_estimated_ha,bivpois_bias,bivpois_mse,pc_eta,pc_bias,pc_mse,lm_eta,lm_bias,lm_mse,team_strength_correlation,mu
bivpois,0,0.24965644842010845,0.2896716263954442,0.2896716263954442,0.0839096511385818,0.30782640204575723,0.30782640204575723,0.09475709379643617,0.7660818713450294,0.7660818713450294,0.5868814336035021,-0.4,1.161834242728283
