true_params,bivpois_eta,bivpois_estimated_ha,bivpois_eta_bias,bivpois_eta_mse,lm_eta,lm_eta_bias,lm_eta_mse,team_strength_correlation,lambda3
0.31541660175116054,0.29381552707451897,0.3415364036941224,0.026119801942961873,6.822440535395549e-4,0.8508771929824627,0.5354605912313022,0.2867180447617757,0.5,0.1
