true_params,bivpois_eta,bivpois_estimated_ha,bivpois_eta_bias,bivpois_eta_mse,lm_eta,lm_eta_bias,lm_eta_mse,team_strength_correlation,lambda3
0.3489530513019614,0.21043517743024495,0.23421504563817486,-0.11473800566378656,0.013164809943703117,0.8304093567251595,0.48145630542319806,0.23180017403175576,0.5,0.1
