true_params,bivpois_eta,bivpois_estimated_ha,bivpois_eta_bias,bivpois_eta_mse,lm_eta,lm_eta_bias,lm_eta_mse,team_strength_correlation,lambda3
0.41280475231016006,0.38351286174785765,0.4674304260475106,0.054625673737350555,0.0029839642312594703,0.4327485380116977,0.019943785701537653,3.9775458810885773e-4,0.5,0.1
