method,true_params,bivpois_eta,bivpois_estimated_ha,bivpois_bias,bivpois_mse,pc_eta,pc_bias,pc_mse,lm_eta,lm_bias,lm_mse,team_strength_correlation,mu
bivpois,0,0.16286783206501648,0.15041367550459273,0.15041367550459273,0.022624273778800916,0.17617696544695302,0.17617696544695302,0.031038323154096877,0.08479532163742981,0.08479532163742981,0.007190246571595172,-0.4,1.161834242728283
