method,true_params,bivpois_eta,bivpois_estimated_ha,bivpois_bias,bivpois_mse,pc_eta,pc_bias,pc_mse,lm_eta,lm_bias,lm_mse,team_strength_correlation,mu
bivpois,0,0.13265885716275294,0.13530490486700908,0.13530490486700908,0.018307417281070378,0.15064023750152916,0.15064023750152916,0.02269248115451711,-0.5526315789473729,-0.5526315789473729,0.30540166204986646,-0.4,1.161834242728283
