true_params,bivpois_eta,bivpois_estimated_ha,bivpois_eta_bias,bivpois_eta_mse,lm_eta,lm_eta_bias,lm_eta_mse,team_strength_correlation,lambda3
0.1794071292936061,0.1710005731474387,0.18649142905604044,0.007084299762434326,5.018730312402705e-5,-0.15789473684211167,-0.3373018661357178,0.11377254889863768,0.5,0.1
