method,true_params,bivpois_eta,bivpois_estimated_ha,bivpois_bias,bivpois_mse,pc_eta,pc_bias,pc_mse,lm_eta,lm_bias,lm_mse,team_strength_correlation,mu
bivpois,0,-0.0041732389355041925,-0.004118575092740939,-0.004118575092740939,1.6962660794546036e-5,-0.008667913974321834,-0.008667913974321834,7.513273266624374e-5,-0.6081871345029273,-0.6081871345029273,0.36989159057488175,-0.4,1.161834242728283
