method,true_params,bivpois_eta,bivpois_estimated_ha,bivpois_bias,bivpois_mse,pc_eta,pc_bias,pc_mse,lm_eta,lm_bias,lm_mse,team_strength_correlation,mu
bivpois,0,0.12637485868290982,0.12439056674671767,0.12439056674671767,0.015473013095569622,0.14551967989250741,0.14551967989250741,0.021175977236017825,0.6725146198830484,0.6725146198830484,0.45227591395644107,-0.4,1.161834242728283
