method,true_params,bivpois_eta,bivpois_estimated_ha,bivpois_bias,bivpois_mse,pc_eta,pc_bias,pc_mse,lm_eta,lm_bias,lm_mse,team_strength_correlation,mu
bivpois,0,0.2200120907702565,0.20819370137888615,0.20819370137888615,0.04334461729384082,0.24408085434404217,0.24408085434404217,0.059575463457317526,0.8391812865496997,0.8391812865496997,0.7042252316952092,-0.4,1.161834242728283
