method,true_params,bivpois_eta,bivpois_estimated_ha,bivpois_bias,bivpois_mse,pc_eta,pc_bias,pc_mse,lm_eta,lm_bias,lm_mse,team_strength_correlation,mu
bivpois,0,0.15479270926498898,0.16898206452801157,0.16898206452801157,0.028554938132149064,0.19178440643149086,0.19178440643149086,0.03678125855027927,0.011695906432747333,0.011695906432747333,1.3679422728358044e-4,-0.4,1.161834242728283
