method,true_params,bivpois_eta,bivpois_estimated_ha,bivpois_bias,bivpois_mse,pc_eta,pc_bias,pc_mse,lm_eta,lm_bias,lm_mse,team_strength_correlation,mu
bivpois,0,0.25114893735589616,0.2913932426760104,0.2913932426760104,0.0849100218772403,0.31830289370279463,0.31830289370279463,0.10131673213957258,0.36842105263157904,0.36842105263157904,0.13573407202216073,-0.4,1.161834242728283
