method,true_params,bivpois_eta,bivpois_estimated_ha,bivpois_bias,bivpois_mse,pc_eta,pc_bias,pc_mse,lm_eta,lm_bias,lm_mse,team_strength_correlation,mu
bivpois,0,0.23839454898669843,0.24113409464262636,0.24113409464262636,0.05814565159911909,0.2662874723715565,0.2662874723715565,0.07090901794203246,0.47953216374268887,0.47953216374268887,0.22995109606374498,-0.4,1.161834242728283
