true_params,bivpois_eta,bivpois_estimated_ha,bivpois_eta_bias,bivpois_eta_mse,lm_eta,lm_eta_bias,lm_eta_mse,team_strength_correlation,lambda3
0.46145352059507333,0.43403913868790905,0.5434792766880276,0.08202575609295432,0.006728224662620832,0.39766081871345044,-0.06379270188162289,0.004069508813357613,0.5,0.1
