true_params,bivpois_eta,bivpois_estimated_ha,bivpois_eta_bias,bivpois_eta_mse,lm_eta,lm_eta_bias,lm_eta_mse,team_strength_correlation,lambda3
0.11143098524062474,0.11640894236630375,0.12345520663682241,0.012024221396197673,1.4458190018477792e-4,0.29239766081871493,0.1809666755780902,0.03274893766978575,0.5,0.1
