true_params,bivpois_eta,bivpois_estimated_ha,bivpois_eta_bias,bivpois_eta_mse,lm_eta,lm_eta_bias,lm_eta_mse,team_strength_correlation,lambda3
0.4880319071011567,0.37368497539208106,0.4530793226032406,-0.034952584497916106,0.0012216831630839653,0.27192982456139286,-0.21610208253976382,0.0467001100780229,0.5,0.1
