true_params,bivpois_eta,bivpois_estimated_ha,bivpois_eta_bias,bivpois_eta_mse,lm_eta,lm_eta_bias,lm_eta_mse,team_strength_correlation,lambda3
0.27137205437156586,0.25806598543159676,0.2944242289477046,0.02305217457613873,5.314027526887768e-4,0.5438596491228012,0.2724875947512353,0.07424948929331343,0.5,0.1
