method,true_params,bivpois_eta,bivpois_estimated_ha,bivpois_bias,bivpois_mse,pc_eta,pc_bias,pc_mse,lm_eta,lm_bias,lm_mse,team_strength_correlation,mu
bivpois,0,0.07147378106553036,0.08421621683828162,0.08421621683828162,0.007092371178552469,0.09541647032321984,0.09541647032321984,0.009104302808941893,0.7807017543859758,0.7807017543859758,0.6094952293013405,-0.4,1.161834242728283
