true_params,bivpois_eta,bivpois_estimated_ha,bivpois_eta_bias,bivpois_eta_mse,lm_eta,lm_eta_bias,lm_eta_mse,team_strength_correlation,lambda3
0.42245294069195505,0.27076786179852275,0.3109707086764635,-0.11148223201549157,0.012428288055155893,-0.4707602339181346,-0.8932131746100896,0.7978297752970345,0.5,0.1
