true_params,bivpois_eta,bivpois_estimated_ha,bivpois_eta_bias,bivpois_eta_mse,lm_eta,lm_eta_bias,lm_eta_mse,team_strength_correlation,lambda3
0.509450608564193,0.4741315971610799,0.6066183995368299,0.09716779097263695,0.009441579602502066,0.41520467836257774,-0.09424593020161526,0.008882295359567735,0.5,0.1
