method,true_params,bivpois_eta,bivpois_estimated_ha,bivpois_bias,bivpois_mse,pc_eta,pc_bias,pc_mse,lm_eta,lm_bias,lm_mse,team_strength_correlation,mu
bivpois,0,0.2716765933004097,0.313317932553403,0.313317932553403,0.0981681268595388,0.34849089833325697,0.34849089833325697,0.12144590622112045,0.055555555555564,0.055555555555564,0.0030864197530873576,-0.4,1.161834242728283
