method,true_params,bivpois_eta,bivpois_estimated_ha,bivpois_bias,bivpois_mse,pc_eta,pc_bias,pc_mse,lm_eta,lm_bias,lm_mse,team_strength_correlation,mu
bivpois,0,0.13629036074781428,0.1445416884753863,0.1445416884753863,0.020892299707315615,0.16296615060953182,0.16296615060953182,0.02655796624448861,0.7660818713450243,0.7660818713450243,0.5868814336034943,-0.4,1.161834242728283
