method,true_params,bivpois_eta,bivpois_estimated_ha,bivpois_bias,bivpois_mse,pc_eta,pc_bias,pc_mse,lm_eta,lm_bias,lm_mse,team_strength_correlation,mu
bivpois,0,0.11732800762877256,0.13974758043962554,0.13974758043962554,0.019529386238729612,0.16651945532065762,0.16651945532065762,0.02772872900028849,-0.3508771929824519,-0.3508771929824519,0.12311480455524479,-0.4,1.161834242728283
