true_params,bivpois_eta,bivpois_estimated_ha,bivpois_eta_bias,bivpois_eta_mse,lm_eta,lm_eta_bias,lm_eta_mse,team_strength_correlation,lambda3
0.29768563727218433,0.2937252429781038,0.3414152897595202,0.043729652487335846,0.0019122825066631582,1.1286549707602482,0.8309693334880639,0.6905100331975972,0.5,0.1
