method,true_params,bivpois_eta,bivpois_estimated_ha,bivpois_bias,bivpois_mse,pc_eta,pc_bias,pc_mse,lm_eta,lm_bias,lm_mse,team_strength_correlation,mu
bivpois,0,0.21098764600354036,0.19745444224528008,0.19745444224528008,0.038988256762394646,0.21759556235517946,0.21759556235517946,0.04734782875666679,-0.2397660818713379,-0.2397660818713379,0.057487774015933114,0,1.161834242728283
