true_params,bivpois_eta,bivpois_estimated_ha,bivpois_eta_bias,bivpois_eta_mse,lm_eta,lm_eta_bias,lm_eta_mse,team_strength_correlation,lambda3
0.4614150817004118,0.5448534459915446,0.7243556526247139,0.2629405709243021,0.06913774383799795,0.8362573099415092,0.37484222824109736,0.14050669607275093,0.5,0.1
