method,true_params,bivpois_eta,bivpois_estimated_ha,bivpois_bias,bivpois_mse,pc_eta,pc_bias,pc_mse,lm_eta,lm_bias,lm_mse,team_strength_correlation,mu
bivpois,0,0.09786287042677022,0.09353676755529516,0.09353676755529516,0.008749126884693318,0.10662888873806488,0.10662888873806488,0.011369719913514618,-0.44736842105263347,-0.44736842105263347,0.20013850415512635,0,1.161834242728283
