method,true_params,bivpois_eta,bivpois_estimated_ha,bivpois_bias,bivpois_mse,pc_eta,pc_bias,pc_mse,lm_eta,lm_bias,lm_mse,team_strength_correlation,mu
bivpois,0,0.04164886674522776,0.046695995790171585,0.046695995790171585,0.0021805160228357224,0.04920951178992603,0.04920951178992603,0.002421576050602869,0.21929824561403669,0.21929824561403669,0.04809172052939436,0,1.161834242728283
