method,true_params,bivpois_eta,bivpois_estimated_ha,bivpois_bias,bivpois_mse,pc_eta,pc_bias,pc_mse,lm_eta,lm_bias,lm_mse,team_strength_correlation,mu
bivpois,0,0.14753252000946313,0.1508891346029303,0.1508891346029303,0.022767530941221217,0.18242923241255377,0.18242923241255377,0.033280424838633554,-0.20467836257310526,-0.20467836257310526,0.04189323210560754,0,1.161834242728283
