method,true_params,bivpois_eta,bivpois_estimated_ha,bivpois_bias,bivpois_mse,pc_eta,pc_bias,pc_mse,lm_eta,lm_bias,lm_mse,team_strength_correlation,mu
bivpois,0,0.07328165864794868,0.06734994240410042,0.06734994240410042,0.004536014741835643,0.07062609123478752,0.07062609123478752,0.0049880447631045315,-0.24853801169590561,-0.24853801169590561,0.06177114325775412,0,1.161834242728283
