true_params,bivpois_eta,bivpois_estimated_ha,bivpois_eta_bias,bivpois_eta_mse,lm_eta,lm_eta_bias,lm_eta_mse,team_strength_correlation,lambda3
0.28061708720826173,0.24236528413790068,0.27425957462290196,-0.00635751258535977,4.041796627300787e-5,0.8362573099415321,0.5556402227332704,0.30873605711907837,0.5,0.1
