true_params,bivpois_eta,bivpois_estimated_ha,bivpois_eta_bias,bivpois_eta_mse,lm_eta,lm_eta_bias,lm_eta_mse,team_strength_correlation,lambda3
0.6032129271898078,0.5782259855646484,0.7828727815757215,0.1796598543859137,0.032277663277967716,0.7105263157894832,0.10731338859967543,0.011516163372744949,0.5,0.1
