method,true_params,bivpois_eta,bivpois_estimated_ha,bivpois_bias,bivpois_mse,pc_eta,pc_bias,pc_mse,lm_eta,lm_bias,lm_mse,team_strength_correlation,mu
bivpois,0,0.15224432791116735,0.20968832033046203,0.20968832033046203,0.04396919168301046,0.2501955415273703,0.2501955415273703,0.06259780900017406,0.33918128654970703,0.33918128654970703,0.11504394514551447,0,1.161834242728283
