true_params,bivpois_eta,bivpois_estimated_ha,bivpois_eta_bias,bivpois_eta_mse,lm_eta,lm_eta_bias,lm_eta_mse,team_strength_correlation,lambda3
0.3099231493552955,0.26082013706719503,0.297994183396348,-0.011928965958947546,1.4230022884972936e-4,0.11988304093567115,-0.19004010841962438,0.036115242808142586,0.5,0.1
