true_params,bivpois_eta,bivpois_estimated_ha,bivpois_eta_bias,bivpois_eta_mse,lm_eta,lm_eta_bias,lm_eta_mse,team_strength_correlation,lambda3
0.33927417539048343,0.33436509243153556,0.39705310399221716,0.057778928601733726,0.0033384045903642437,0.31578947368420485,-0.023484701706278588,5.515312142328844e-4,0.5,0.1
