method,true_params,bivpois_eta,bivpois_estimated_ha,bivpois_bias,bivpois_mse,pc_eta,pc_bias,pc_mse,lm_eta,lm_bias,lm_mse,team_strength_correlation,mu
bivpois,0,0.1571152643782656,0.20949730547090328,0.20949730547090328,0.043889120999568966,0.2319585715472389,0.2319585715472389,0.053804778914235546,0.9122807017543881,0.9122807017543881,0.8322560787934788,0,1.161834242728283
