true_params,bivpois_eta,bivpois_estimated_ha,bivpois_eta_bias,bivpois_eta_mse,lm_eta,lm_eta_bias,lm_eta_mse,team_strength_correlation,lambda3
0.0572713623177969,0.016848390393431646,0.016991125012292496,-0.0402802373055044,0.0016224975173877486,0.2485380116959081,0.19126664937811122,0.036582931164329334,0.5,0.1
