true_params,bivpois_eta,bivpois_estimated_ha,bivpois_eta_bias,bivpois_eta_mse,lm_eta,lm_eta_bias,lm_eta_mse,team_strength_correlation,lambda3
0.327559508771688,0.2352171746310143,0.26518350465976503,-0.062376004111922956,0.0038907658889706293,0.36257309941520705,0.035013590643519055,0.0012259515297519251,0.5,0.1
