method,true_params,bivpois_eta,bivpois_estimated_ha,bivpois_bias,bivpois_mse,pc_eta,pc_bias,pc_mse,lm_eta,lm_bias,lm_mse,team_strength_correlation,mu
bivpois,0,0.19033468434598558,0.20865165028357002,0.20865165028357002,0.04353551116605721,0.24164329340721857,0.24164329340721857,0.05839148124868712,-0.3216374269005756,-0.3216374269005756,0.10345063438322312,0,1.161834242728283
