true_params,bivpois_eta,bivpois_estimated_ha,bivpois_eta_bias,bivpois_eta_mse,lm_eta,lm_eta_bias,lm_eta_mse,team_strength_correlation,lambda3
0.6644794078946903,0.5998247018083174,0.8217994142544935,0.15732000635980325,0.024749584401048536,2.567251461988309,1.9027720540936188,3.6205414898396495,0.5,0.1
