method,true_params,bivpois_eta,bivpois_estimated_ha,bivpois_bias,bivpois_mse,pc_eta,pc_bias,pc_mse,lm_eta,lm_bias,lm_mse,team_strength_correlation,mu
bivpois,0,0.1313381200588971,0.13902241785441993,0.13902241785441993,0.019327232666088937,0.15832060078075966,0.15832060078075966,0.025065412631580675,-0.11988304093568092,-0.11988304093568092,0.014371943503986146,0,1.161834242728283
