method,true_params,bivpois_eta,bivpois_estimated_ha,bivpois_bias,bivpois_mse,pc_eta,pc_bias,pc_mse,lm_eta,lm_bias,lm_mse,team_strength_correlation,mu
bivpois,0,0.20352635015475737,0.1712301519317434,0.1712301519317434,0.02931976493056793,0.19097061824359693,0.19097061824359693,0.03646977703234164,1.2865497076023371,1.2865497076023371,1.6552101501316592,0,1.161834242728283
