true_params,bivpois_eta,bivpois_estimated_ha,bivpois_eta_bias,bivpois_eta_mse,lm_eta,lm_eta_bias,lm_eta_mse,team_strength_correlation,lambda3
0.6421716069547773,0.6578223978401646,0.9305837104531958,0.2884121034984185,0.08318154144438247,2.3654970760233853,1.723325469068608,2.9698506723405376,0.5,0.1
