true_params,bivpois_eta,bivpois_estimated_ha,bivpois_eta_bias,bivpois_eta_mse,lm_eta,lm_eta_bias,lm_eta_mse,team_strength_correlation,lambda3
0.4487457102980529,0.33985326389966186,0.40474144915753785,-0.04400426114051503,0.0019363749985226413,0.7719298245614037,0.3231841142633508,0.10444797171218659,0.5,0.1
