method,true_params,bivpois_eta,bivpois_estimated_ha,bivpois_bias,bivpois_mse,pc_eta,pc_bias,pc_mse,lm_eta,lm_bias,lm_mse,team_strength_correlation,mu
bivpois,0,0.09201070588902799,0.09199403278021157,0.09199403278021157,0.00846290206716664,0.10493720820598502,0.10493720820598502,0.011011817666066251,-0.3918128654970832,-0.3918128654970832,0.15351732156903541,0,1.161834242728283
