true_params,bivpois_eta,bivpois_estimated_ha,bivpois_eta_bias,bivpois_eta_mse,lm_eta,lm_eta_bias,lm_eta_mse,team_strength_correlation,lambda3
0.06591186937911679,0.14920366583828437,0.16090940272026755,0.09499753334115076,0.00902453134090305,0.5847953216374308,0.518883452258314,0.26924003702750604,0.5,0.1
