method,true_params,bivpois_eta,bivpois_estimated_ha,bivpois_bias,bivpois_mse,pc_eta,pc_bias,pc_mse,lm_eta,lm_bias,lm_mse,team_strength_correlation,mu
bivpois,0,0.1842356299014216,0.26766635374130954,0.26766635374130954,0.07164527692516785,0.3103740527140014,0.3103740527140014,0.09633205259811374,-0.3421052631578832,-0.3421052631578832,0.11703601108032452,0,1.161834242728283
