method,true_params,bivpois_eta,bivpois_estimated_ha,bivpois_bias,bivpois_mse,pc_eta,pc_bias,pc_mse,lm_eta,lm_bias,lm_mse,team_strength_correlation,mu
bivpois,0,0.11178045832745805,0.1047179730557487,0.1047179730557487,0.010965853880904512,0.12501213312566378,0.12501213312566378,0.015628033428628684,0.3567251461988363,0.3567251461988363,0.12725282993058112,0,1.161834242728283
