true_params,bivpois_eta,bivpois_estimated_ha,bivpois_eta_bias,bivpois_eta_mse,lm_eta,lm_eta_bias,lm_eta_mse,team_strength_correlation,lambda3
0.43199767764282776,0.43120700677589113,0.5391141240347761,0.10711644639194834,0.011473933087639143,0.1403508771929871,-0.29164680044984065,0.08505785621262917,0.5,0.1
