method,true_params,bivpois_eta,bivpois_estimated_ha,bivpois_bias,bivpois_mse,pc_eta,pc_bias,pc_mse,lm_eta,lm_bias,lm_mse,team_strength_correlation,mu
bivpois,0,0.13250575447110063,0.14968191450024815,0.14968191450024815,0.022404675528459598,0.16332746440520426,0.16332746440520426,0.026675860629033266,0.20467836257309388,0.20467836257309388,0.041893232105602876,0,1.161834242728283
