true_params,bivpois_eta,bivpois_estimated_ha,bivpois_eta_bias,bivpois_eta_mse,lm_eta,lm_eta_bias,lm_eta_mse,team_strength_correlation,lambda3
0.10009105152702495,0.11437357096461963,0.12117088354971473,0.021079832022689773,4.4435931810481725e-4,0.20760233918128318,0.10751128765425823,0.011558676973076658,0.5,0.1
