method,true_params,bivpois_eta,bivpois_estimated_ha,bivpois_bias,bivpois_mse,pc_eta,pc_bias,pc_mse,lm_eta,lm_bias,lm_mse,team_strength_correlation,mu
bivpois,0,0.24411245510148108,0.268848722412652,0.268848722412652,0.07227963554291521,0.29723030921301485,0.29723030921301485,0.08834585671486442,0.7280701754385952,0.7280701754385952,0.5300861803631868,0,1.161834242728283
