true_params,bivpois_eta,bivpois_estimated_ha,bivpois_eta_bias,bivpois_eta_mse,lm_eta,lm_eta_bias,lm_eta_mse,team_strength_correlation,lambda3
0.2853327034428649,0.22494785039391998,0.25225740975839717,-0.03307529368446771,0.0010939750523137897,0.32456140350877494,0.03922870006591006,0.001538890908861132,0.5,0.1
