method,true_params,bivpois_eta,bivpois_estimated_ha,bivpois_bias,bivpois_mse,pc_eta,pc_bias,pc_mse,lm_eta,lm_bias,lm_mse,team_strength_correlation,mu
bivpois,0,0.09116173293147689,0.09702418711711336,0.09702418711711336,0.009413692885736626,0.1081594825593806,0.1081594825593806,0.011698473667512956,1.157894736842118,1.157894736842118,1.3407202216066776,0,1.161834242728283
