method,true_params,bivpois_eta,bivpois_estimated_ha,bivpois_bias,bivpois_mse,pc_eta,pc_bias,pc_mse,lm_eta,lm_bias,lm_mse,team_strength_correlation,mu
bivpois,0,0.11434666349090306,0.11379557302308674,0.11379557302308674,0.012949432439652667,0.1308965774765622,0.1308965774765622,0.01713391399507765,-0.25438596491226934,-0.25438596491226934,0.06471221914434633,0,1.161834242728283
