method,true_params,bivpois_eta,bivpois_estimated_ha,bivpois_bias,bivpois_mse,pc_eta,pc_bias,pc_mse,lm_eta,lm_bias,lm_mse,team_strength_correlation,mu
bivpois,0,0.0738106417157955,0.08386142645903827,0.08386142645903827,0.007032738847744684,0.0937840731645901,0.0937840731645901,0.00879545237934119,0.3391812865497032,0.3391812865497032,0.11504394514551188,0,1.161834242728283
