method,true_params,bivpois_eta,bivpois_estimated_ha,bivpois_bias,bivpois_mse,pc_eta,pc_bias,pc_mse,lm_eta,lm_bias,lm_mse,team_strength_correlation,mu
bivpois,0,0.16057886363785256,0.14638741694289015,0.14638741694289015,0.021429275839211562,0.17380395861707335,0.17380395861707335,0.030207816030965343,0.359649122807019,0.359649122807019,0.12934749153585823,0,1.161834242728283
