method,true_params,bivpois_eta,bivpois_estimated_ha,bivpois_bias,bivpois_mse,pc_eta,pc_bias,pc_mse,lm_eta,lm_bias,lm_mse,team_strength_correlation,mu
bivpois,0,0.19568105175585768,0.19878482143749354,0.19878482143749354,0.03951540523393619,0.21430112636601595,0.21430112636601595,0.045924972761743135,-0.017543859649117997,-0.017543859649117997,3.0778701138795065e-4,0,1.161834242728283
