method,true_params,bivpois_eta,bivpois_estimated_ha,bivpois_bias,bivpois_mse,pc_eta,pc_bias,pc_mse,lm_eta,lm_bias,lm_mse,team_strength_correlation,mu
bivpois,0,0.13107165095086185,0.15943910634863867,0.15943910634863867,0.025420828633252512,0.16765550491015963,0.16765550491015963,0.02810836832668056,0.2017543859648966,0.2017543859648966,0.04070483225607246,0,1.161834242728283
