method,true_params,bivpois_eta,bivpois_estimated_ha,bivpois_bias,bivpois_mse,pc_eta,pc_bias,pc_mse,lm_eta,lm_bias,lm_mse,team_strength_correlation,mu
bivpois,0,-0.001965129789057691,-0.0025394487930370246,-0.0025394487930370246,6.4488001724572015e-6,-0.001886201322497417,-0.001886201322497417,3.5577554289910046e-6,0.061403508771933825,0.061403508771933825,0.0037703908895049543,0,1.161834242728283
