method,true_params,bivpois_eta,bivpois_estimated_ha,bivpois_bias,bivpois_mse,pc_eta,pc_bias,pc_mse,lm_eta,lm_bias,lm_mse,team_strength_correlation,mu
bivpois,0,0.2037040124694333,0.24665553663712592,0.24665553663712592,0.060838953753748565,0.2914875146573872,0.2914875146573872,0.08496497120114052,0.5643274853801217,0.5643274853801217,0.31846551075545143,0,1.161834242728283
