true_params,bivpois_eta,bivpois_estimated_ha,bivpois_eta_bias,bivpois_eta_mse,lm_eta,lm_eta_bias,lm_eta_mse,team_strength_correlation,lambda3
0.035593147640621145,-0.052452870478696026,-0.05110095884044985,-0.086694106481071,0.007515868098551276,-0.377192982456137,-0.4127861300967582,0.1703923892002578,0.5,0.1
