method,true_params,bivpois_eta,bivpois_estimated_ha,bivpois_bias,bivpois_mse,pc_eta,pc_bias,pc_mse,lm_eta,lm_bias,lm_mse,team_strength_correlation,mu
bivpois,0,0.15309148749503343,0.14269143699793663,0.14269143699793663,0.020360846192536117,0.15415254540798076,0.15415254540798076,0.023763007255759572,0.5526315789473808,0.5526315789473808,0.3054016620498752,0,1.161834242728283
