method,true_params,bivpois_eta,bivpois_estimated_ha,bivpois_bias,bivpois_mse,pc_eta,pc_bias,pc_mse,lm_eta,lm_bias,lm_mse,team_strength_correlation,mu
bivpois,0,0.10551964297074522,0.10357726194995509,0.10357726194995509,0.010728249193049615,0.11788916700208102,0.11788916700208102,0.013897855696444548,-0.12865497076023202,-0.12865497076023202,0.01655210150131616,0,1.161834242728283
