method,true_params,bivpois_eta,bivpois_estimated_ha,bivpois_bias,bivpois_mse,pc_eta,pc_bias,pc_mse,lm_eta,lm_bias,lm_mse,team_strength_correlation,mu
bivpois,0,0.17149504643792107,0.19623939291597714,0.19623939291597714,0.03850989933203126,0.2164679436888261,0.2164679436888261,0.04685837064486879,0.7046783625731088,0.7046783625731088,0.49657159467871775,0,1.161834242728283
