true_params,bivpois_eta,bivpois_estimated_ha,bivpois_eta_bias,bivpois_eta_mse,lm_eta,lm_eta_bias,lm_eta_mse,team_strength_correlation,lambda3
0.5552813439839566,0.5219418615192873,0.6852970878368954,0.1300157438529388,0.016904093649632992,2.3128654970760203,1.7575841530920637,3.089102055200347,0.5,0.1
