method,true_params,bivpois_eta,bivpois_estimated_ha,bivpois_bias,bivpois_mse,pc_eta,pc_bias,pc_mse,lm_eta,lm_bias,lm_mse,team_strength_correlation,mu
bivpois,0,0.12438111501025398,0.12731949439307144,0.12731949439307144,0.01621025365250735,0.1453951557847165,0.1453951557847165,0.021139751325661982,-0.21637426900584658,-0.21637426900584658,0.04681782428781446,0,1.161834242728283
