method,true_params,bivpois_eta,bivpois_estimated_ha,bivpois_bias,bivpois_mse,pc_eta,pc_bias,pc_mse,lm_eta,lm_bias,lm_mse,team_strength_correlation,mu
bivpois,0,0.26072534259204666,0.26883917289977133,0.26883917289977133,0.07227450088543315,0.30712853191962813,0.30712853191962813,0.09432793511910603,0.6608187134503017,0.6608187134503017,0.436681372046112,0,1.161834242728283
