true_params,bivpois_eta,bivpois_estimated_ha,bivpois_eta_bias,bivpois_eta_mse,lm_eta,lm_eta_bias,lm_eta_mse,team_strength_correlation,lambda3
0.16521184351559828,0.14073321368638084,0.15111750462014273,-0.014094338895455555,1.986503888999513e-4,0.20467836257310135,0.03946651905750306,0.0015576061265162526,0.5,0.1
