true_params,bivpois_eta,bivpois_estimated_ha,bivpois_eta_bias,bivpois_eta_mse,lm_eta,lm_eta_bias,lm_eta_mse,team_strength_correlation,lambda3
0.6007635697713255,0.6606801218593789,0.9361086765478097,0.3353451067764842,0.1124563406389316,0.16959064327486273,-0.43117292649646277,0.18591009254352409,0.5,0.1
