method,true_params,bivpois_eta,bivpois_estimated_ha,bivpois_bias,bivpois_mse,pc_eta,pc_bias,pc_mse,lm_eta,lm_bias,lm_mse,team_strength_correlation,mu
bivpois,0,0.22157155717787622,0.2577182836401619,0.2577182836401619,0.06641871372243095,0.2973475120937463,0.2973475120937463,0.08841554294834061,-0.2134502923976677,-0.2134502923976677,0.04556102732464983,0,1.161834242728283
