method,true_params,bivpois_eta,bivpois_estimated_ha,bivpois_bias,bivpois_mse,pc_eta,pc_bias,pc_mse,lm_eta,lm_bias,lm_mse,team_strength_correlation,mu
bivpois,0,0.13179441598326003,0.1632276870489071,0.1632276870489071,0.026643277819335957,0.1799197780125836,0.1799197780125836,0.03237112652009736,0.8011695906432834,0.8011695906432834,0.6418727129715264,0,1.161834242728283
