method,true_params,bivpois_eta,bivpois_estimated_ha,bivpois_bias,bivpois_mse,pc_eta,pc_bias,pc_mse,lm_eta,lm_bias,lm_mse,team_strength_correlation,mu
bivpois,0,0.1245528699427345,0.15146001134357223,0.15146001134357223,0.02294013503619503,0.17793516468862808,0.17793516468862808,0.031660922832769195,0.19298245614034248,0.19298245614034248,0.03724222837795921,0,1.161834242728283
