true_params,bivpois_eta,bivpois_estimated_ha,bivpois_eta_bias,bivpois_eta_mse,lm_eta,lm_eta_bias,lm_eta_mse,team_strength_correlation,lambda3
0.1775203051996137,0.15812858426974688,0.1713167979399639,-0.006203507259649799,3.8483502320527754e-5,0.6929824561403497,0.515462150940736,0.2657012290524501,0.5,0.1
