true_params,bivpois_eta,bivpois_estimated_ha,bivpois_eta_bias,bivpois_eta_mse,lm_eta,lm_eta_bias,lm_eta_mse,team_strength_correlation,lambda3
0.11182858249379746,0.22219404914761975,0.24881368558494343,0.13698510309114598,0.018764918468891893,0.0526315789473734,-0.05919700354642406,0.0035042852288753425,0.5,0.1
