method,true_params,bivpois_eta,bivpois_estimated_ha,bivpois_bias,bivpois_mse,pc_eta,pc_bias,pc_mse,lm_eta,lm_bias,lm_mse,team_strength_correlation,mu
bivpois,0,0.0809949805446692,0.08757740304900907,0.08757740304900907,0.007669801524808583,0.1012275601775954,0.1012275601775954,0.010247018939508698,-0.1111111111110838,-0.1111111111110838,0.012345679012339609,0,1.161834242728283
