method,true_params,bivpois_eta,bivpois_estimated_ha,bivpois_bias,bivpois_mse,pc_eta,pc_bias,pc_mse,lm_eta,lm_bias,lm_mse,team_strength_correlation,mu
bivpois,0,0.1478942366406904,0.15047013759088435,0.15047013759088435,0.022641262306619666,0.16482463947938583,0.16482463947938583,0.027167161779509515,1.3216374269005933,1.3216374269005933,1.746725488184421,0,1.161834242728283
