true_params,bivpois_eta,bivpois_estimated_ha,bivpois_eta_bias,bivpois_eta_mse,lm_eta,lm_eta_bias,lm_eta_mse,team_strength_correlation,lambda3
0.274754087074917,0.379853212882142,0.4620699606466092,0.18731587357169222,0.03508723649192618,0.7923976608186907,0.5176435737437737,0.26795486943822566,-0.5,0
