true_params,bivpois_eta,bivpois_estimated_ha,bivpois_eta_bias,bivpois_eta_mse,lm_eta,lm_eta_bias,lm_eta_mse,team_strength_correlation,lambda3
0.3023099500770319,0.28440542135366553,0.32897161501950833,0.02666166494247646,7.108443775048782e-4,-0.05847953216374548,-0.36078948224077734,0.13016905049556818,0.5,0.1
