method,true_params,bivpois_eta,bivpois_estimated_ha,bivpois_bias,bivpois_mse,pc_eta,pc_bias,pc_mse,lm_eta,lm_bias,lm_mse,team_strength_correlation,mu
bivpois,0,0.24189939114486364,0.2528811415709932,0.2528811415709932,0.06394887176224869,0.2907610817310195,0.2907610817310195,0.0845420066493926,-0.21052631578947195,-0.21052631578947195,0.04432132963988847,0,1.161834242728283
