true_params,bivpois_eta,bivpois_estimated_ha,bivpois_eta_bias,bivpois_eta_mse,lm_eta,lm_eta_bias,lm_eta_mse,team_strength_correlation,lambda3
0.4602740810983389,0.5014437168822111,0.6511032764899465,0.1908291953916076,0.03641578181380835,0.9941520467836292,0.5338779656852903,0.28502568224426406,0.5,0.1
