method,true_params,bivpois_eta,bivpois_estimated_ha,bivpois_bias,bivpois_mse,pc_eta,pc_bias,pc_mse,lm_eta,lm_bias,lm_mse,team_strength_correlation,mu
bivpois,0,0.19176498332166494,0.20895785840067782,0.20895785840067782,0.04366338658739772,0.23162744188157297,0.23162744188157297,0.05365127183260147,0.9619883040935667,0.9619883040935667,0.9254214972128166,0,1.161834242728283
