method,true_params,bivpois_eta,bivpois_estimated_ha,bivpois_bias,bivpois_mse,pc_eta,pc_bias,pc_mse,lm_eta,lm_bias,lm_mse,team_strength_correlation,mu
bivpois,0,0.16127427584171014,0.1658723747399622,0.1658723747399622,0.027513644701874448,0.18701558367735155,0.18701558367735155,0.03497482853818048,0.011695906432753016,0.011695906432753016,1.367942272837134e-4,0,1.161834242728283
