method,true_params,bivpois_eta,bivpois_estimated_ha,bivpois_bias,bivpois_mse,pc_eta,pc_bias,pc_mse,lm_eta,lm_bias,lm_mse,team_strength_correlation,mu
bivpois,0,0.09502224602968876,0.09707196501385551,0.09707196501385551,0.009422966391651189,0.11236314083048869,0.11236314083048869,0.012625475417292234,0.04093567251461666,0.04093567251461666,0.001675729284223942,0,1.161834242728283
