method,true_params,bivpois_eta,bivpois_estimated_ha,bivpois_bias,bivpois_mse,pc_eta,pc_bias,pc_mse,lm_eta,lm_bias,lm_mse,team_strength_correlation,mu
bivpois,0,0.23013493919972286,0.24555945284914726,0.24555945284914726,0.06029944488357258,0.28414139673289024,0.28414139673289024,0.08073633333731772,-0.4766081871345082,-0.4766081871345082,0.2271553640436424,0,1.161834242728283
