method,true_params,bivpois_eta,bivpois_estimated_ha,bivpois_bias,bivpois_mse,pc_eta,pc_bias,pc_mse,lm_eta,lm_bias,lm_mse,team_strength_correlation,mu
bivpois,0,0.21696331110516753,0.19201042313774108,0.19201042313774108,0.03686800259353438,0.2207838009222605,0.2207838009222605,0.04874548674968035,-0.19005847953217384,-0.19005847953217384,0.03612222564208174,0,1.161834242728283
