method,true_params,bivpois_eta,bivpois_estimated_ha,bivpois_bias,bivpois_mse,pc_eta,pc_bias,pc_mse,lm_eta,lm_bias,lm_mse,team_strength_correlation,mu
bivpois,0,0.05269608483351175,0.05576180149085341,0.05576180149085341,0.003109378505505342,0.05900930675641394,0.05900930675641394,0.0034820982838725603,0.20760233918128732,0.20760233918128732,0.04309873123354226,0,1.161834242728283
