method,true_params,bivpois_eta,bivpois_estimated_ha,bivpois_bias,bivpois_mse,pc_eta,pc_bias,pc_mse,lm_eta,lm_bias,lm_mse,team_strength_correlation,mu
bivpois,0,0.18538342174184413,0.22797437140640042,0.22797437140640042,0.0519723140181434,0.25901167277292536,0.25901167277292536,0.06708704663262896,0.5994152046783636,0.5994152046783636,0.35929858759960454,0,1.161834242728283
