method,true_params,bivpois_eta,bivpois_estimated_ha,bivpois_bias,bivpois_mse,pc_eta,pc_bias,pc_mse,lm_eta,lm_bias,lm_mse,team_strength_correlation,mu
bivpois,0,0.10490788729370423,0.11401951678778732,0.11401951678778732,0.013000450208520515,0.1330000380920437,0.1330000380920437,0.017689010132485073,-0.4824561403508847,-0.4824561403508847,0.23276392736227255,0,1.161834242728283
