method,true_params,bivpois_eta,bivpois_estimated_ha,bivpois_bias,bivpois_mse,pc_eta,pc_bias,pc_mse,lm_eta,lm_bias,lm_mse,team_strength_correlation,mu
bivpois,0.25,0.16360057213829665,0.19251633553989533,-0.057483664460104666,0.0033043716797619004,0.2205978885013443,-0.02940211149865571,8.644841605793823e-4,0.08479532163742784,-0.16520467836257216,0.02729258575288092,-0.8,1.161834242728283
