method,true_params,bivpois_eta,bivpois_estimated_ha,bivpois_bias,bivpois_mse,pc_eta,pc_bias,pc_mse,lm_eta,lm_bias,lm_mse,team_strength_correlation,mu
bivpois,0.25,0.4864391820180301,0.5783258675346626,0.32832586753466264,0.10779787529238884,0.6526451724821271,0.40264517248212706,0.16212313492316185,0.4444444444444558,0.1944444444444558,0.037808641975313056,-0.8,1.161834242728283
