true_params,bivpois_eta,bivpois_estimated_ha,bivpois_eta_bias,bivpois_eta_mse,lm_eta,lm_eta_bias,lm_eta_mse,team_strength_correlation,lambda3
0.5432627208937945,0.3766406576633501,0.45738051674615376,-0.0858822041476407,0.007375752989257032,0.9035087719298313,0.3602460510360368,0.12977721728705882,-0.5,0.2
