method,true_params,bivpois_eta,bivpois_estimated_ha,bivpois_bias,bivpois_mse,pc_eta,pc_bias,pc_mse,lm_eta,lm_bias,lm_mse,team_strength_correlation,mu
bivpois,0.25,0.43784192657684196,0.5057699283948295,0.2557699283948295,0.0654182562710962,0.6208901234330992,0.37089012343309924,0.13755948366021958,0.09064327485379448,-0.15935672514620552,0.025394565849323293,-0.8,1.161834242728283
