method,true_params,bivpois_eta,bivpois_estimated_ha,bivpois_bias,bivpois_mse,pc_eta,pc_bias,pc_mse,lm_eta,lm_bias,lm_mse,team_strength_correlation,mu
bivpois,0.25,0.35732747300425804,0.4079664018222974,0.15796640182229738,0.024953384104683514,0.4634069296531843,0.2134069296531843,0.045542517623999156,0.4327485380116919,0.18274853801169189,0.0333970281454108,-0.8,1.161834242728283
