method,true_params,bivpois_eta,bivpois_estimated_ha,bivpois_bias,bivpois_mse,pc_eta,pc_bias,pc_mse,lm_eta,lm_bias,lm_mse,team_strength_correlation,mu
bivpois,0.25,0.4707522669675333,0.5412699251707209,0.2912699251707209,0.08483816930895736,0.6099498534821772,0.35994985348217723,0.12956389702184085,0.09941520467835699,-0.150584795321643,0.022675780582061118,-0.8,1.161834242728283
