method,true_params,bivpois_eta,bivpois_estimated_ha,bivpois_bias,bivpois_mse,pc_eta,pc_bias,pc_mse,lm_eta,lm_bias,lm_mse,team_strength_correlation,mu
bivpois,0.25,0.35938946689944173,0.4525145677732916,0.20251456777329158,0.041012150160403105,0.51460030919459,0.26460030919459,0.07001332362587262,0.48245614035088974,0.23245614035088974,0.05403585718683255,-0.8,1.161834242728283
