true_params,bivpois_eta,bivpois_estimated_ha,bivpois_eta_bias,bivpois_eta_mse,lm_eta,lm_eta_bias,lm_eta_mse,team_strength_correlation,lambda3
0.2588707600943775,0.13596504158789358,0.14564184307513806,-0.11322891701923943,0.012820787649349808,0.5409356725146102,0.2820649124202327,0.07956061481863354,-0.5,0.2
