method,true_params,bivpois_eta,bivpois_estimated_ha,bivpois_bias,bivpois_mse,pc_eta,pc_bias,pc_mse,lm_eta,lm_bias,lm_mse,team_strength_correlation,mu
bivpois,0.25,0.39230089550661357,0.41696679505741185,0.16696679505741185,0.027877910651743772,0.46776526857439915,0.21776526857439915,0.0474217121972802,0.926900584795312,0.676900584795312,0.4581944016962354,-0.8,1.161834242728283
