method,true_params,bivpois_eta,bivpois_estimated_ha,bivpois_bias,bivpois_mse,pc_eta,pc_bias,pc_mse,lm_eta,lm_bias,lm_mse,team_strength_correlation,mu
bivpois,0,-0.017265170954872008,-0.01812384165799541,-0.01812384165799541,3.284736364440898e-4,-0.021861195164392066,-0.021861195164392066,4.7791185401563905e-4,-0.14035087719298728,-0.14035087719298728,0.019698368728840995,-0.4,1
