method,true_params,bivpois_eta,bivpois_estimated_ha,bivpois_bias,bivpois_mse,pc_eta,pc_bias,pc_mse,lm_eta,lm_bias,lm_mse,team_strength_correlation,mu
bivpois,0.25,0.3686885231388815,0.4189639300903383,0.16896393009033828,0.02854880967157272,0.47304319453092736,0.22304319453092736,0.0497482666265611,0.4152046783625752,0.16520467836257519,0.027292585752881918,-0.8,1.161834242728283
