method,true_params,bivpois_eta,bivpois_estimated_ha,bivpois_bias,bivpois_mse,pc_eta,pc_bias,pc_mse,lm_eta,lm_bias,lm_mse,team_strength_correlation,mu
bivpois,0.25,0.26940419091635276,0.3278749525874487,0.0778749525874487,0.006064508240497383,0.3991752773868791,0.14917527738687908,0.022253263383452317,0.6695906432748657,0.4195906432748657,0.17605630792381563,-0.8,1.161834242728283
