true_params,bivpois_eta,bivpois_estimated_ha,bivpois_eta_bias,bivpois_eta_mse,lm_eta,lm_eta_bias,lm_eta_mse,team_strength_correlation,lambda3
0.05783732025117382,0.10011163883493471,0.10529430495660108,0.04745698470542726,0.0022521653973311567,0.0029239766081893335,-0.05491334364298449,0.003015475310052505,-0.5,0.2
