method,true_params,bivpois_eta,bivpois_estimated_ha,bivpois_bias,bivpois_mse,pc_eta,pc_bias,pc_mse,lm_eta,lm_bias,lm_mse,team_strength_correlation,mu
bivpois,0.25,0.46527953051237486,0.4573617392288648,0.2073617392288648,0.04299889089601973,0.5094742357643498,0.2594742357643498,0.06732687902549339,0.4912280701754302,0.2412280701754302,0.05819098184056227,-0.8,1.161834242728283
