true_params,bivpois_eta,bivpois_estimated_ha,bivpois_eta_bias,bivpois_eta_mse,lm_eta,lm_eta_bias,lm_eta_mse,team_strength_correlation,lambda3
0.5404956996921727,0.5453032045573872,0.7251313707799072,0.1846356710877345,0.034090331038018076,1.2923976608187222,0.7519019611265495,0.5653565591459512,-0.5,0.2
