true_params,bivpois_eta,bivpois_estimated_ha,bivpois_eta_bias,bivpois_eta_mse,lm_eta,lm_eta_bias,lm_eta_mse,team_strength_correlation,lambda3
0.05591525302619479,-0.007389473447102148,-0.007362238413664235,-0.06327749143985903,0.004004040922921432,-0.6578947368421119,-0.7138099898683067,0.5095247016357921,-0.5,0.2
