method,true_params,bivpois_eta,bivpois_estimated_ha,bivpois_bias,bivpois_mse,pc_eta,pc_bias,pc_mse,lm_eta,lm_bias,lm_mse,team_strength_correlation,mu
bivpois,0.25,0.3192118343895837,0.38647282900696367,0.13647282900696367,0.018624833057163944,0.45137092905162796,0.20137092905162796,0.04055025106711578,0.6081871345029203,0.3581871345029203,0.1282980233234131,-0.8,1.161834242728283
