method,true_params,bivpois_eta,bivpois_estimated_ha,bivpois_bias,bivpois_mse,pc_eta,pc_bias,pc_mse,lm_eta,lm_bias,lm_mse,team_strength_correlation,mu
bivpois,0.25,0.38417807487308053,0.4662636446963899,0.21626364469638992,0.04676996401736638,0.5125388109820969,0.26253881098209686,0.06892662727189318,0.47953216374270236,0.22953216374270236,0.052685014192406725,-0.8,1.161834242728283
