true_params,bivpois_eta,bivpois_estimated_ha,bivpois_eta_bias,bivpois_eta_mse,lm_eta,lm_eta_bias,lm_eta_mse,team_strength_correlation,lambda3
0.08367371860135091,0.11032246905604283,0.11663809363958122,0.03296437503823031,0.0010866500216611017,-0.67836257309942,-0.7620362917007709,0.5806993098690624,-0.5,0.2
