method,true_params,bivpois_eta,bivpois_estimated_ha,bivpois_bias,bivpois_mse,pc_eta,pc_bias,pc_mse,lm_eta,lm_bias,lm_mse,team_strength_correlation,mu
bivpois,0.25,0.265377418872101,0.3260749273267438,0.07607492732674381,0.005787394567769353,0.3678008069320927,0.11780080693209272,0.013877030113852183,0.42105263157894196,0.17105263157894196,0.02925900277008125,-0.8,1.161834242728283
