method,true_params,bivpois_eta,bivpois_estimated_ha,bivpois_bias,bivpois_mse,pc_eta,pc_bias,pc_mse,lm_eta,lm_bias,lm_mse,team_strength_correlation,mu
bivpois,0.25,0.3492734328113355,0.43220673884654093,0.18220673884654093,0.03319929568109157,0.47710565407959593,0.22710565407959593,0.05157697811492109,-0.19590643274853667,-0.4459064327485367,0.1988325467665253,-0.8,1.161834242728283
