method,true_params,bivpois_eta,bivpois_estimated_ha,bivpois_bias,bivpois_mse,pc_eta,pc_bias,pc_mse,lm_eta,lm_bias,lm_mse,team_strength_correlation,mu
bivpois,0.25,0.3163904624863882,0.3779244780137967,0.1279244780137967,0.016364672075102355,0.42312492072292696,0.17312492072292696,0.029972238175319743,0.7514619883040884,0.5014619883040884,0.2514641257138897,-0.8,1.161834242728283
