true_params,bivpois_eta,bivpois_estimated_ha,bivpois_eta_bias,bivpois_eta_mse,lm_eta,lm_eta_bias,lm_eta_mse,team_strength_correlation,lambda3
0.013037292208538453,-0.002533960390379638,-0.002530752622773691,-0.015568044831312144,2.4236401986974475e-4,-0.05555555555555168,-0.06859284776409014,0.0047049787643876455,-0.5,0.2
