method,true_params,bivpois_eta,bivpois_estimated_ha,bivpois_bias,bivpois_mse,pc_eta,pc_bias,pc_mse,lm_eta,lm_bias,lm_mse,team_strength_correlation,mu
bivpois,0.25,0.3259682460813026,0.3653263288793135,0.11532632887931349,0.013300162132779576,0.41550443860125313,0.16550443860125313,0.02739171919671597,-0.6286549707602214,-0.8786549707602214,0.7720345576416454,-0.8,1.161834242728283
