true_params,bivpois_eta,bivpois_estimated_ha,bivpois_eta_bias,bivpois_eta_mse,lm_eta,lm_eta_bias,lm_eta_mse,team_strength_correlation,lambda3
0.21010513744058432,0.27178363944602707,0.31230303998049,0.10219790253990571,0.010444411283556066,0.42105263157895345,0.21094749413836913,0.04449884528325728,-0.5,0.2
