true_params,bivpois_eta,bivpois_estimated_ha,bivpois_eta_bias,bivpois_eta_mse,lm_eta,lm_eta_bias,lm_eta_mse,team_strength_correlation,lambda3
0.650274654089841,0.5906681190422126,0.8051940971347291,0.15491944304488814,0.02400003383333834,0.6315789473684209,-0.01869570672142007,3.4952944981335156e-4,-0.5,0
