true_params,bivpois_eta,bivpois_estimated_ha,bivpois_eta_bias,bivpois_eta_mse,lm_eta,lm_eta_bias,lm_eta_mse,team_strength_correlation,lambda3
0.4144293385117925,0.3091374610291505,0.3622496138676765,-0.052179724644115966,0.002722723663935763,0.6695906432748535,0.25516130476306104,0.06510729144838771,-0.5,0.2
