method,true_params,bivpois_eta,bivpois_estimated_ha,bivpois_bias,bivpois_mse,pc_eta,pc_bias,pc_mse,lm_eta,lm_bias,lm_mse,team_strength_correlation,mu
bivpois,0.25,0.33285961088246785,0.3918462560324366,0.1418462560324366,0.020120360350419562,0.45663408673258576,0.20663408673258576,0.04269764579980977,-0.725146198830414,-0.975146198830414,0.9509101090934052,-0.8,1.161834242728283
