method,true_params,bivpois_eta,bivpois_estimated_ha,bivpois_bias,bivpois_mse,pc_eta,pc_bias,pc_mse,lm_eta,lm_bias,lm_mse,team_strength_correlation,mu
bivpois,0.25,0.37476365474087137,0.435100503144895,0.185100503144895,0.03426219626449329,0.4883731917885177,0.23837319178851768,0.05682177856344543,0.2894736842105322,0.03947368421053221,0.00155817174515282,-0.8,1.161834242728283
