method,true_params,bivpois_eta,bivpois_estimated_ha,bivpois_bias,bivpois_mse,pc_eta,pc_bias,pc_mse,lm_eta,lm_bias,lm_mse,team_strength_correlation,mu
bivpois,0.25,0.30409915159266815,0.32869626364956783,0.07869626364956783,0.006193101912402291,0.3664928357426093,0.11649283574260932,0.013570580779354557,-0.12865497076023094,-0.3786549707602309,0.14337958688143132,-0.8,1.161834242728283
