true_params,bivpois_eta,bivpois_estimated_ha,bivpois_eta_bias,bivpois_eta_mse,lm_eta,lm_eta_bias,lm_eta_mse,team_strength_correlation,lambda3
0.3145742020292235,0.2024049418666925,0.2243436957638787,-0.09023050626534479,0.008141544260900425,0.17543859649122756,-0.13913560553799592,0.0193587167284248,-0.5,0.2
