method,true_params,bivpois_eta,bivpois_estimated_ha,bivpois_bias,bivpois_mse,pc_eta,pc_bias,pc_mse,lm_eta,lm_bias,lm_mse,team_strength_correlation,mu
bivpois,0.25,0.29933571614393645,0.3611778314056675,0.1111778314056675,0.012360510196067027,0.3866219032697241,0.13662190326972412,0.018665544453041853,0.7339181286549752,0.4839181286549752,0.23417675524093312,-0.8,1.161834242728283
