method,true_params,bivpois_eta,bivpois_estimated_ha,bivpois_bias,bivpois_mse,pc_eta,pc_bias,pc_mse,lm_eta,lm_bias,lm_mse,team_strength_correlation,mu
bivpois,0.25,0.3907002880366609,0.45030718972642536,0.20030718972642536,0.040122970256098164,0.5421685724839378,0.2921685724839378,0.08536247474730202,-0.3771929824561568,-0.6271929824561568,0.3933710372422491,-0.8,1.161834242728283
