true_params,bivpois_eta,bivpois_estimated_ha,bivpois_eta_bias,bivpois_eta_mse,lm_eta,lm_eta_bias,lm_eta_mse,team_strength_correlation,lambda3
0.15847874193124706,0.13025448265247713,0.13911823227152675,-0.019360509659720304,3.748293342841232e-4,-0.5935672514619871,-0.7520459933932342,0.5655731761788164,-0.5,0.2
