method,true_params,bivpois_eta,bivpois_estimated_ha,bivpois_bias,bivpois_mse,pc_eta,pc_bias,pc_mse,lm_eta,lm_bias,lm_mse,team_strength_correlation,mu
bivpois,0.25,0.4566107806694209,0.5897582356097357,0.3397582356097357,0.1154356586646407,0.6666091989425411,0.4166091989425411,0.1735632246435458,0.5935672514619775,0.34356725146197753,0.1180384562771377,-0.8,1.161834242728283
