method,true_params,bivpois_eta,bivpois_estimated_ha,bivpois_bias,bivpois_mse,pc_eta,pc_bias,pc_mse,lm_eta,lm_bias,lm_mse,team_strength_correlation,mu
bivpois,0.25,0.3365004426125116,0.3802694113734796,0.13026941137347958,0.016970119539592852,0.43255084649864883,0.18255084649864883,0.03332481155737325,0.7426900584795326,0.4926900584795326,0.24274349372456527,-0.8,1.161834242728283
