method,true_params,bivpois_eta,bivpois_estimated_ha,bivpois_bias,bivpois_mse,pc_eta,pc_bias,pc_mse,lm_eta,lm_bias,lm_mse,team_strength_correlation,mu
bivpois,0.25,0.37415727733130727,0.4265010966584428,0.17650109665844282,0.03115263712163298,0.4733677242564339,0.22336772425643392,0.0498931402394983,0.5847953216374231,0.3347953216374231,0.11208790739030558,-0.8,1.161834242728283
