true_params,bivpois_eta,bivpois_estimated_ha,bivpois_eta_bias,bivpois_eta_mse,lm_eta,lm_eta_bias,lm_eta_mse,team_strength_correlation,lambda3
0.22412589759684762,0.22169645608983365,0.24819243914130507,0.024066541544457448,5.791984219110963e-4,1.28947368421053,1.0653477866136825,1.1349659064426723,-0.5,0.2
