method,true_params,bivpois_eta,bivpois_estimated_ha,bivpois_bias,bivpois_mse,pc_eta,pc_bias,pc_mse,lm_eta,lm_bias,lm_mse,team_strength_correlation,mu
bivpois,0.25,0.3516515627832518,0.41580631691023273,0.16580631691023273,0.027491734727336528,0.4712037056554173,0.2212037056554173,0.0489310793956885,0.30701754385964924,0.057017543859649245,0.0032510003077870255,-0.8,1.161834242728283
