method,true_params,bivpois_eta,bivpois_estimated_ha,bivpois_bias,bivpois_mse,pc_eta,pc_bias,pc_mse,lm_eta,lm_bias,lm_mse,team_strength_correlation,mu
bivpois,0.25,0.4440301899473615,0.5439097043605926,0.2939097043605926,0.08638291431733094,0.62317238795248,0.37317238795248,0.1392576311301562,0.7543859649122733,0.5043859649122733,0.25440520160048496,-0.8,1.161834242728283
