method,true_params,bivpois_eta,bivpois_estimated_ha,bivpois_bias,bivpois_mse,pc_eta,pc_bias,pc_mse,lm_eta,lm_bias,lm_mse,team_strength_correlation,mu
bivpois,0.25,0.39093044088585394,0.4376903456968647,0.1876903456968647,0.03522766586780858,0.5107589612486121,0.2607589612486121,0.06799523587145517,1.2134502923976749,0.9634502923976749,0.9282364659211653,-0.8,1.161834242728283
