method,true_params,bivpois_eta,bivpois_estimated_ha,bivpois_bias,bivpois_mse,pc_eta,pc_bias,pc_mse,lm_eta,lm_bias,lm_mse,team_strength_correlation,mu
bivpois,0.25,0.3839539449422416,0.4248143531151538,0.1748143531151538,0.030560058055069686,0.46409262451078087,0.21409262451078087,0.04583565186991421,0.7046783625731038,0.4546783625731038,0.20673241339215884,-0.8,1.161834242728283
