true_params,bivpois_eta,bivpois_estimated_ha,bivpois_eta_bias,bivpois_eta_mse,lm_eta,lm_eta_bias,lm_eta_mse,team_strength_correlation,lambda3
0.12086441352644356,0.11629264752841882,0.12332456219247989,0.0024601486660363325,6.052331459000347e-6,-0.5701754385965038,-0.6910398521229473,0.47753607722210484,-0.5,0.2
