true_params,bivpois_eta,bivpois_estimated_ha,bivpois_eta_bias,bivpois_eta_mse,lm_eta,lm_eta_bias,lm_eta_mse,team_strength_correlation,lambda3
0.4184796574949354,0.3845870373498106,0.46900755091161184,0.05052789341667646,0.0025530680131270163,0.9532163742690053,0.53473671677407,0.28594335626631195,-0.5,0.2
