method,true_params,bivpois_eta,bivpois_estimated_ha,bivpois_bias,bivpois_mse,pc_eta,pc_bias,pc_mse,lm_eta,lm_bias,lm_mse,team_strength_correlation,mu
bivpois,0.25,0.47152782065292076,0.613047759873395,0.363047759873395,0.13180367594909026,0.7056323907621275,0.45563239076212747,0.20760087551161202,1.213450292397651,0.9634502923976509,0.928236465921119,-0.8,1.161834242728283
