method,true_params,bivpois_eta,bivpois_estimated_ha,bivpois_bias,bivpois_mse,pc_eta,pc_bias,pc_mse,lm_eta,lm_bias,lm_mse,team_strength_correlation,mu
bivpois,0.25,0.4025062058299385,0.46298855461739896,0.21298855461739896,0.04536412439800874,0.4971454458090776,0.2471454458090776,0.06108087138416771,0.1695906432748547,-0.08040935672514529,0.006465664648951669,-0.8,1.161834242728283
