method,true_params,bivpois_eta,bivpois_estimated_ha,bivpois_bias,bivpois_mse,pc_eta,pc_bias,pc_mse,lm_eta,lm_bias,lm_mse,team_strength_correlation,mu
bivpois,0.25,0.29644179842262425,0.3348495090736805,0.0848495090736805,0.007199439190044589,0.3728530569989587,0.12285305699895871,0.015092873613989397,0.4181286549707469,0.16812865497074692,0.028267244622272463,-0.8,1.161834242728283
