true_params,bivpois_eta,bivpois_estimated_ha,bivpois_eta_bias,bivpois_eta_mse,lm_eta,lm_eta_bias,lm_eta_mse,team_strength_correlation,lambda3
0.6530688195936191,0.5567753213002239,0.7450362364282144,0.0919674168345953,0.008458005759228204,1.6140350877193086,0.9609662681256895,0.9234561684754146,-0.5,0.2
