method,true_params,bivpois_eta,bivpois_estimated_ha,bivpois_bias,bivpois_mse,pc_eta,pc_bias,pc_mse,lm_eta,lm_bias,lm_mse,team_strength_correlation,mu
bivpois,0.25,0.41933051689797685,0.5101328300909302,0.26013283009093024,0.06766908929111679,0.5528130892647085,0.3028130892647085,0.09169576703003633,0.6666666666666625,0.4166666666666625,0.17361111111110766,-0.8,1.161834242728283
