method,true_params,bivpois_eta,bivpois_estimated_ha,bivpois_bias,bivpois_mse,pc_eta,pc_bias,pc_mse,lm_eta,lm_bias,lm_mse,team_strength_correlation,mu
bivpois,0.25,0.3528240917091962,0.38689188870293023,0.13689188870293023,0.01873938919265544,0.4249331106971973,0.1749331106971973,0.030601593218197887,0.4152046783625783,0.1652046783625783,0.027292585752882945,-0.8,1.161834242728283
