true_params,bivpois_eta,bivpois_estimated_ha,bivpois_eta_bias,bivpois_eta_mse,lm_eta,lm_eta_bias,lm_eta_mse,team_strength_correlation,lambda3
0.04175434212300905,0.05028377994263614,0.05156946836143872,0.009815126238429672,9.633670307631061e-5,-0.14035087719298714,-0.1821052193159962,0.03316231090212707,-0.5,0.2
