true_params,bivpois_eta,bivpois_estimated_ha,bivpois_eta_bias,bivpois_eta_mse,lm_eta,lm_eta_bias,lm_eta_mse,team_strength_correlation,lambda3
0.05293421216712527,0.12228138452120385,0.13007204182693233,0.07713782965980706,0.00595024476462541,0.11695906432748193,0.06402485216035667,0.004099181694155528,-0.5,0.2
