method,true_params,bivpois_eta,bivpois_estimated_ha,bivpois_bias,bivpois_mse,pc_eta,pc_bias,pc_mse,lm_eta,lm_bias,lm_mse,team_strength_correlation,mu
bivpois,0.25,0.29046722011641096,0.3368941784322448,0.08689417843224478,0.007550598245414795,0.37833579335661865,0.12833579335661865,0.016470075856472723,0.3040935672514488,0.054093567251448815,0.0029261140179870156,-0.8,1.161834242728283
