method,true_params,bivpois_eta,bivpois_estimated_ha,bivpois_bias,bivpois_mse,pc_eta,pc_bias,pc_mse,lm_eta,lm_bias,lm_mse,team_strength_correlation,mu
bivpois,0.25,0.3281993502073968,0.3867036632727673,0.13670366327276728,0.018687891552194143,0.4436188260340119,0.19361882603401193,0.03748824979478897,0.008771929824562999,-0.24122807017543701,0.058190981840565564,-0.8,1.161834242728283
