method,true_params,bivpois_eta,bivpois_estimated_ha,bivpois_bias,bivpois_mse,pc_eta,pc_bias,pc_mse,lm_eta,lm_bias,lm_mse,team_strength_correlation,mu
bivpois,0.25,0.33150824086685765,0.38636104239649915,0.13636104239649915,0.01859433388345984,0.4372335122629218,0.1872335122629218,0.03505638811430968,0.5672514619883,0.3172514619883,0.10064849013371377,-0.8,1.161834242728283
