true_params,bivpois_eta,bivpois_estimated_ha,bivpois_eta_bias,bivpois_eta_mse,lm_eta,lm_eta_bias,lm_eta_mse,team_strength_correlation,lambda3
0.6328685602429421,0.5836552959542266,0.7925788761495491,0.159710315906607,0.025507385006988206,1.2397660818713407,0.6068975216283986,0.3683246017586925,-0.5,0.2
