method,true_params,bivpois_eta,bivpois_estimated_ha,bivpois_bias,bivpois_mse,pc_eta,pc_bias,pc_mse,lm_eta,lm_bias,lm_mse,team_strength_correlation,mu
bivpois,0.25,0.27632101289021754,0.34497177198690476,0.09497177198690476,0.009019637474332627,0.3681990376968208,0.11819903769682077,0.013971012512454459,0.4795321637426903,0.2295321637426903,0.052685014192401194,-0.8,1.161834242728283
