true_params,bivpois_eta,bivpois_estimated_ha,bivpois_eta_bias,bivpois_eta_mse,lm_eta,lm_eta_bias,lm_eta_mse,team_strength_correlation,lambda3
0.6450733698933564,0.4605386793113447,0.5849275227487629,-0.06014584714459348,0.0036175229287408036,0.16374269005848296,-0.48133067983487343,0.23167922335030144,-0.5,0.2
