method,true_params,bivpois_eta,bivpois_estimated_ha,bivpois_bias,bivpois_mse,pc_eta,pc_bias,pc_mse,lm_eta,lm_bias,lm_mse,team_strength_correlation,mu
bivpois,0.25,0.3460730396448996,0.4210154286056469,0.1710154286056469,0.02924627682117311,0.49628341308810686,0.24628341308810686,0.060655519562327086,0.2309941520467843,-0.019005847953215693,3.6122225642075314e-4,-0.8,1.161834242728283
