true_params,bivpois_eta,bivpois_estimated_ha,bivpois_eta_bias,bivpois_eta_mse,lm_eta,lm_eta_bias,lm_eta_mse,team_strength_correlation,lambda3
0.04959150130071759,-0.0357314066235556,-0.03510057572454661,-0.08469207702526421,0.007172747910853286,-0.5614035087719351,-0.6109950100726527,0.3733149023336809,-0.5,0.2
