true_params,bivpois_eta,bivpois_estimated_ha,bivpois_eta_bias,bivpois_eta_mse,lm_eta,lm_eta_bias,lm_eta_mse,team_strength_correlation,lambda3
0.6154091123775018,0.5175978930059941,0.6779920881831762,0.0625829758056744,0.003916628860693628,2.3713450292397624,1.7559359168622606,3.0833109441269078,-0.5,0.2
