true_params,bivpois_eta,bivpois_estimated_ha,bivpois_eta_bias,bivpois_eta_mse,lm_eta,lm_eta_bias,lm_eta_mse,team_strength_correlation,lambda3
0.1388500351177019,0.1872395598153282,0.2059161394972635,0.06706610437956162,0.0044978623566502545,0.27485380116957703,0.13600376605187514,0.018497024380293187,-0.5,0.2
