true_params,bivpois_eta,bivpois_estimated_ha,bivpois_eta_bias,bivpois_eta_mse,lm_eta,lm_eta_bias,lm_eta_mse,team_strength_correlation,lambda3
0.6120643720833489,0.3701127334809893,0.447897832025842,-0.16416654005750686,0.026950652874453005,1.3245614035087825,0.7124970314254336,0.5076520197900554,-0.5,0.2
