true_params,bivpois_eta,bivpois_estimated_ha,bivpois_eta_bias,bivpois_eta_mse,lm_eta,lm_eta_bias,lm_eta_mse,team_strength_correlation,lambda3
0.38519137589059477,0.39694805506399694,0.48727867144932024,0.10208729555872548,0.010421815914494571,0.6842105263157798,0.29901915042518507,0.08941245232099945,-0.5,0.2
