true_params,bivpois_eta,bivpois_estimated_ha,bivpois_eta_bias,bivpois_eta_mse,lm_eta,lm_eta_bias,lm_eta_mse,team_strength_correlation,lambda3
0.32023643712943217,0.2986824026527557,0.3480814083973478,0.02784497126791563,7.753424249110469e-4,1.116959064327483,0.7967226271980508,0.6347669446893641,-0.5,0.2
