method,true_params,bivpois_eta,bivpois_estimated_ha,bivpois_bias,bivpois_mse,pc_eta,pc_bias,pc_mse,lm_eta,lm_bias,lm_mse,team_strength_correlation,mu
bivpois,0.25,0.2907978359911194,0.3179129502972121,0.06791295029721212,0.004612168818071603,0.3528789129993271,0.10287891299932711,0.010584070739923117,0.7192982456140453,0.4692982456140453,0.2202408433364208,-0.8,1.161834242728283
