method,true_params,bivpois_eta,bivpois_estimated_ha,bivpois_bias,bivpois_mse,pc_eta,pc_bias,pc_mse,lm_eta,lm_bias,lm_mse,team_strength_correlation,mu
bivpois,0.25,0.21850440073162833,0.2753532689111544,0.025353268911154414,6.427882444813089e-4,0.2999887794214841,0.04998877942148411,0.002498878068049793,2.2781295785038274e-15,-0.24999999999999772,0.06249999999999886,-0.8,1.161834242728283
