true_params,bivpois_eta,bivpois_estimated_ha,bivpois_eta_bias,bivpois_eta_mse,lm_eta,lm_eta_bias,lm_eta_mse,team_strength_correlation,lambda3
0.5944991869170392,0.624266844966407,0.8668767454881869,0.27237755857114776,0.07418953441317903,-0.2485380116959084,-0.8430371986129476,0.7107117182451664,-0.5,0
