true_params,bivpois_eta,bivpois_estimated_ha,bivpois_eta_bias,bivpois_eta_mse,lm_eta,lm_eta_bias,lm_eta_mse,team_strength_correlation,lambda3
0.3578783941554905,0.25174969194639785,0.2862740322368853,-0.0716043619186052,0.005127184645770598,-0.06725146198830481,-0.4251298561437953,0.18073539458484408,-0.5,0.2
