method,true_params,bivpois_eta,bivpois_estimated_ha,bivpois_bias,bivpois_mse,pc_eta,pc_bias,pc_mse,lm_eta,lm_bias,lm_mse,team_strength_correlation,mu
bivpois,0.25,0.4360112153787727,0.5796663581279795,0.3296663581279795,0.10867990768136523,0.6164644120649986,0.3664644120649986,0.13429616531014507,1.0380116959064338,0.7880116959064338,0.6209624328853339,-0.4,1.161834242728283
