method,true_params,bivpois_eta,bivpois_estimated_ha,bivpois_bias,bivpois_mse,pc_eta,pc_bias,pc_mse,lm_eta,lm_bias,lm_mse,team_strength_correlation,mu
bivpois,0.25,0.36136032151012676,0.4419272283162987,0.19192722831629871,0.03683606096917665,0.4920324331619003,0.24203243316190032,0.05857969870226974,1.4005847953216364,1.1505847953216364,1.323845371225332,-0.4,1.161834242728283
