method,true_params,bivpois_eta,bivpois_estimated_ha,bivpois_bias,bivpois_mse,pc_eta,pc_bias,pc_mse,lm_eta,lm_bias,lm_mse,team_strength_correlation,mu
bivpois,0.25,0.39103774299780747,0.4461883285306134,0.1961883285306134,0.0384898602516359,0.5123935080765891,0.2623935080765891,0.06885035308073904,1.3245614035087703,1.0745614035087703,1.1546822099107381,-0.4,1.161834242728283
