method,true_params,bivpois_eta,bivpois_estimated_ha,bivpois_bias,bivpois_mse,pc_eta,pc_bias,pc_mse,lm_eta,lm_bias,lm_mse,team_strength_correlation,mu
bivpois,0.25,0.2503822455731854,0.28759670732725895,0.03759670732725895,0.0014135124018515668,0.34174428015099156,0.09174428015099156,0.008417012940423624,-0.9912280701754393,-1.2412280701754392,1.540647122191445,-0.4,1.161834242728283
