method,true_params,bivpois_eta,bivpois_estimated_ha,bivpois_bias,bivpois_mse,pc_eta,pc_bias,pc_mse,lm_eta,lm_bias,lm_mse,team_strength_correlation,mu
bivpois,0.25,0.3695503341225533,0.4565922784522456,0.2065922784522456,0.04268036951609018,0.5140826926878796,0.26408269268787965,0.06973966857728109,-0.017543859649119933,-0.2675438596491199,0.07157971683594798,-0.4,1.161834242728283
