method,true_params,bivpois_eta,bivpois_estimated_ha,bivpois_bias,bivpois_mse,pc_eta,pc_bias,pc_mse,lm_eta,lm_bias,lm_mse,team_strength_correlation,mu
bivpois,0.25,0.3459505882705506,0.4297779113681097,0.17977791136810972,0.03232009741587991,0.5054798737049845,0.2554798737049845,0.06526996586831482,0.49415204678363284,0.24415204678363284,0.059610221948637236,-0.4,1.161834242728283
