method,true_params,bivpois_eta,bivpois_estimated_ha,bivpois_bias,bivpois_mse,pc_eta,pc_bias,pc_mse,lm_eta,lm_bias,lm_mse,team_strength_correlation,mu
bivpois,0.25,0.28957017317698636,0.43919495639417083,0.18919495639417083,0.035794731524992206,0.4997065612883883,0.2497065612883883,0.06235336675047162,0.05847953216374828,-0.1915204678362517,0.03668008960021672,-0.4,1.161834242728283
