true_params,bivpois_eta,bivpois_estimated_ha,bivpois_eta_bias,bivpois_eta_mse,lm_eta,lm_eta_bias,lm_eta_mse,team_strength_correlation,lambda3
0.08168970565644865,0.0357741213099183,0.03642171446996545,-0.0452679911864832,0.0020491910260595205,1.0555555555555467,0.9738658498990981,0.9484146935996927,-0.5,0.2
