method,true_params,bivpois_eta,bivpois_estimated_ha,bivpois_bias,bivpois_mse,pc_eta,pc_bias,pc_mse,lm_eta,lm_bias,lm_mse,team_strength_correlation,mu
bivpois,0.25,0.2867138926458669,0.3751647147959516,0.1251647147959516,0.015666205829951905,0.39809914145377034,0.14809914145377034,0.021933355699343876,0.27777777777778856,0.02777777777778856,7.716049382722039e-4,-0.4,1.161834242728283
