true_params,bivpois_eta,bivpois_estimated_ha,bivpois_eta_bias,bivpois_eta_mse,lm_eta,lm_eta_bias,lm_eta_mse,team_strength_correlation,lambda3
0.6332262545085304,0.5082288861847167,0.6623443850422206,0.029118130533690167,8.478655257770196e-4,0.8479532163742651,0.2147269618657347,0.046107668152088686,-0.5,0.2
