true_params,bivpois_eta,bivpois_estimated_ha,bivpois_eta_bias,bivpois_eta_mse,lm_eta,lm_eta_bias,lm_eta_mse,team_strength_correlation,lambda3
0.2699640222316207,0.3314709175590853,0.39301563339437817,0.12305161116275748,0.01514169900975046,-0.026315789473676608,-0.2962798117052973,0.08778172682412644,-0.5,0.2
