true_params,bivpois_eta,bivpois_estimated_ha,bivpois_eta_bias,bivpois_eta_mse,lm_eta,lm_eta_bias,lm_eta_mse,team_strength_correlation,lambda3
0.16873327426201465,0.0603708692826583,0.06223042213734176,-0.10650285212467289,0.011342857510689941,-0.3742690058479386,-0.5430022801099532,0.2948514762046081,-0.5,0.2
