method,true_params,bivpois_eta,bivpois_estimated_ha,bivpois_bias,bivpois_mse,pc_eta,pc_bias,pc_mse,lm_eta,lm_bias,lm_mse,team_strength_correlation,mu
bivpois,0.25,0.44399852755515135,0.4498716886301479,0.19987168863014793,0.0399486919158668,0.5111348609417942,0.26113486094179417,0.06819141559909017,0.9298245614035217,0.6798245614035217,0.46216143428749057,-0.4,1.161834242728283
