true_params,bivpois_eta,bivpois_estimated_ha,bivpois_eta_bias,bivpois_eta_mse,lm_eta,lm_eta_bias,lm_eta_mse,team_strength_correlation,lambda3
0.01635955306009586,0.0900972867460724,0.09428073753909771,0.07792118447900186,0.00607171099061064,-0.5818713450292382,-0.598230898089334,0.3578802074287712,-0.5,0.2
