method,true_params,bivpois_eta,bivpois_estimated_ha,bivpois_bias,bivpois_mse,pc_eta,pc_bias,pc_mse,lm_eta,lm_bias,lm_mse,team_strength_correlation,mu
bivpois,0.25,0.319846726885257,0.40636939716800446,0.15636939716800446,0.024451388370685122,0.449499377439989,0.19949937743998902,0.0398000015989432,1.1111111111111238,0.8611111111111238,0.7415123456790342,-0.4,1.161834242728283
