true_params,bivpois_eta,bivpois_estimated_ha,bivpois_eta_bias,bivpois_eta_mse,lm_eta,lm_eta_bias,lm_eta_mse,team_strength_correlation,lambda3
0.5263744130631148,0.5406647241595539,0.7171479126039884,0.19077349954087353,0.03639452812707167,0.771929824561414,0.24555541149829918,0.060297460116099044,-0.5,0.2
