method,true_params,bivpois_eta,bivpois_estimated_ha,bivpois_bias,bivpois_mse,pc_eta,pc_bias,pc_mse,lm_eta,lm_bias,lm_mse,team_strength_correlation,mu
bivpois,0.25,0.4039807075627062,0.4268493101057469,0.1768493101057469,0.03127567848487863,0.5008459042870518,0.2508459042870518,0.06292366769758874,0.4444444444444498,0.1944444444444498,0.037808641975310725,-0.4,1.161834242728283
