true_params,bivpois_eta,bivpois_estimated_ha,bivpois_eta_bias,bivpois_eta_mse,lm_eta,lm_eta_bias,lm_eta_mse,team_strength_correlation,lambda3
0.5002765642224044,0.4623469699280921,0.5877961251681194,0.087519560945715,0.007659673548130723,1.3274853801169828,0.8272088158945784,0.6842744250937105,-0.5,0.2
