true_params,bivpois_eta,bivpois_estimated_ha,bivpois_eta_bias,bivpois_eta_mse,lm_eta,lm_eta_bias,lm_eta_mse,team_strength_correlation,lambda3
0.3034844109800077,0.21868596574126883,0.24444041839497044,-0.059043992585037286,0.003486193060381938,0.5087719298245604,0.2052875188445527,0.042142965393352584,-0.5,0.2
