method,true_params,bivpois_eta,bivpois_estimated_ha,bivpois_bias,bivpois_mse,pc_eta,pc_bias,pc_mse,lm_eta,lm_bias,lm_mse,team_strength_correlation,mu
bivpois,0.25,0.3690997227512435,0.36407142497441847,0.11407142497441847,0.013012289995694381,0.40303009052406086,0.15303009052406086,0.023418208605802262,0.7192982456140299,0.4692982456140299,0.2202408433364063,-0.4,1.161834242728283
