true_params,bivpois_eta,bivpois_estimated_ha,bivpois_eta_bias,bivpois_eta_mse,lm_eta,lm_eta_bias,lm_eta_mse,team_strength_correlation,lambda3
0.517310884174661,0.3707936087951031,0.4488840056095531,-0.06842687856510787,0.004682237710164019,0.2251461988304158,-0.29216468534424517,0.08536020336230178,-0.5,0.2
