method,true_params,bivpois_eta,bivpois_estimated_ha,bivpois_bias,bivpois_mse,pc_eta,pc_bias,pc_mse,lm_eta,lm_bias,lm_mse,team_strength_correlation,mu
bivpois,0.25,0.3590177837535016,0.46617211281287374,0.21617211281287374,0.04673038235798181,0.5208330519999159,0.2708330519999159,0.07335054205558916,1.0818713450292385,0.8318713450292385,0.6920099346807544,-0.4,1.161834242728283
