true_params,bivpois_eta,bivpois_estimated_ha,bivpois_eta_bias,bivpois_eta_mse,lm_eta,lm_eta_bias,lm_eta_mse,team_strength_correlation,lambda3
0.3383110772488145,0.3292772401892511,0.38996315582316,0.051652078574345506,0.002667937221050362,0.7631578947368375,0.424846817488023,0.18049481832970152,-0.5,0.2
