method,true_params,bivpois_eta,bivpois_estimated_ha,bivpois_bias,bivpois_mse,pc_eta,pc_bias,pc_mse,lm_eta,lm_bias,lm_mse,team_strength_correlation,mu
bivpois,0.25,0.37253891234691394,0.45984990281412075,0.20984990281412075,0.04403698171109592,0.4952430576620461,0.24524305766204613,0.06014415733142968,0.45614035087718735,0.20614035087718735,0.04249384425976992,-0.4,1.161834242728283
