true_params,bivpois_eta,bivpois_estimated_ha,bivpois_eta_bias,bivpois_eta_mse,lm_eta,lm_eta_bias,lm_eta_mse,team_strength_correlation,lambda3
0.5069855250576623,0.35980846186764215,0.43305490361171817,-0.07393062144594409,0.005465736787383488,0.21929824561402775,-0.2876872794436345,0.08276397075367983,-0.5,0.2
