method,true_params,bivpois_eta,bivpois_estimated_ha,bivpois_bias,bivpois_mse,pc_eta,pc_bias,pc_mse,lm_eta,lm_bias,lm_mse,team_strength_correlation,mu
bivpois,0.25,0.4519940581958117,0.5436590090401477,0.29365900904014774,0.08623561359044157,0.599896179734805,0.349896179734805,0.12242733659301099,0.3333333333333182,0.08333333333331822,0.006944444444441925,-0.4,1.161834242728283
