true_params,bivpois_eta,bivpois_estimated_ha,bivpois_eta_bias,bivpois_eta_mse,lm_eta,lm_eta_bias,lm_eta_mse,team_strength_correlation,lambda3
0.10622004387301898,0.01824941359444338,0.01841695174860125,-0.08780309212441773,0.007709382986608986,-0.30701754385964347,-0.41323758773266245,0.17076530391510988,-0.5,0.2
