method,true_params,bivpois_eta,bivpois_estimated_ha,bivpois_bias,bivpois_mse,pc_eta,pc_bias,pc_mse,lm_eta,lm_bias,lm_mse,team_strength_correlation,mu
bivpois,0.25,0.29557538929008537,0.3610470129732255,0.1110470129732255,0.012331439090275712,0.4138284736172666,0.1638284736172666,0.02683976876776342,0.821637426900571,0.571637426900571,0.3267693478335056,-0.4,1.161834242728283
