method,true_params,bivpois_eta,bivpois_estimated_ha,bivpois_bias,bivpois_mse,pc_eta,pc_bias,pc_mse,lm_eta,lm_bias,lm_mse,team_strength_correlation,mu
bivpois,0.25,0.3491165156601454,0.3798985895967234,0.1298985895967234,0.016873643579217976,0.4215985634669615,0.1715985634669615,0.029446066983924817,0.862573099415213,0.612573099415213,0.3752458021271604,-0.4,1.161834242728283
