method,true_params,bivpois_eta,bivpois_estimated_ha,bivpois_bias,bivpois_mse,pc_eta,pc_bias,pc_mse,lm_eta,lm_bias,lm_mse,team_strength_correlation,mu
bivpois,0.25,0.34586048277013803,0.4608688549309019,0.2108688549309019,0.04446567397986975,0.5007158295135331,0.2507158295135331,0.062858427168659,-0.0029239766081874284,-0.25292397660818744,0.06397053794329895,-0.4,1.161834242728283
