true_params,bivpois_eta,bivpois_estimated_ha,bivpois_eta_bias,bivpois_eta_mse,lm_eta,lm_eta_bias,lm_eta_mse,team_strength_correlation,lambda3
0.032020663431727596,0.018969026070212197,0.019150081045471223,-0.012870582386256373,1.6565189096141278e-4,0.9152046783625744,0.8831840149308468,0.7800140042293702,-0.5,0.2
