method,true_params,bivpois_eta,bivpois_estimated_ha,bivpois_bias,bivpois_mse,pc_eta,pc_bias,pc_mse,lm_eta,lm_bias,lm_mse,team_strength_correlation,mu
bivpois,0.25,0.35372633058166647,0.4112466217252063,0.16124662172520632,0.026000473017791778,0.463926297407658,0.213926297407658,0.04576446072254974,-0.35380116959066127,-0.6038011695906613,0.36457585239905055,-0.4,1.161834242728283
