true_params,bivpois_eta,bivpois_estimated_ha,bivpois_eta_bias,bivpois_eta_mse,lm_eta,lm_eta_bias,lm_eta_mse,team_strength_correlation,lambda3
0.5005095012127702,0.4065319410490274,0.5016011033143175,0.001091602101547351,1.191595148102593e-6,0.6081871345029201,0.1076776332901499,0.011594472710967998,-0.5,0.2
