method,true_params,bivpois_eta,bivpois_estimated_ha,bivpois_bias,bivpois_mse,pc_eta,pc_bias,pc_mse,lm_eta,lm_bias,lm_mse,team_strength_correlation,mu
bivpois,0.25,0.3030535677297523,0.3476452865442864,0.09764528654428639,0.009534601984315797,0.38292254345862153,0.13292254345862153,0.01766840255950913,-0.76315789473685,-1.01315789473685,1.0264889196676061,-0.4,1.161834242728283
