true_params,bivpois_eta,bivpois_estimated_ha,bivpois_eta_bias,bivpois_eta_mse,lm_eta,lm_eta_bias,lm_eta_mse,team_strength_correlation,lambda3
0.1307003084009365,0.08725879716330787,0.09117903721953513,-0.03952127118140136,0.0015619308757938658,0.01461988304093473,-0.11608042536000177,0.01347466515175894,-0.5,0.2
