method,true_params,bivpois_eta,bivpois_estimated_ha,bivpois_bias,bivpois_mse,pc_eta,pc_bias,pc_mse,lm_eta,lm_bias,lm_mse,team_strength_correlation,mu
bivpois,0.25,0.3877317540926323,0.48624910877921,0.23624910877921002,0.055813641398971006,0.5302325056532836,0.2802325056532836,0.07853025722471764,0.23976608187135454,-0.010233918128645464,1.0473308026381827e-4,-0.4,1.161834242728283
