method,true_params,bivpois_eta,bivpois_estimated_ha,bivpois_bias,bivpois_mse,pc_eta,pc_bias,pc_mse,lm_eta,lm_bias,lm_mse,team_strength_correlation,mu
bivpois,0.25,0.2988072417129762,0.41525784896285645,0.16525784896285645,0.027310156643830272,0.48917378104028414,0.23917378104028414,0.05720409753710578,0.40058479532163566,0.15058479532163566,0.022675780582058904,-0.4,1.161834242728283
