true_params,bivpois_eta,bivpois_estimated_ha,bivpois_eta_bias,bivpois_eta_mse,lm_eta,lm_eta_bias,lm_eta_mse,team_strength_correlation,lambda3
0.6533417843228734,0.6057403222784106,0.8326084276509405,0.17926664332806708,0.03213652941011241,0.40935672514621185,-0.24398505917666152,0.05952870910143902,-0.5,0.2
