method,true_params,bivpois_eta,bivpois_estimated_ha,bivpois_bias,bivpois_mse,pc_eta,pc_bias,pc_mse,lm_eta,lm_bias,lm_mse,team_strength_correlation,mu
bivpois,0.25,0.3720864697608006,0.4450541853917389,0.1950541853917389,0.03804613523883485,0.5122457251038206,0.2622457251038206,0.06877282033522865,0.2105263157894766,-0.03947368421052341,0.0015581717451521255,-0.4,1.161834242728283
