true_params,bivpois_eta,bivpois_estimated_ha,bivpois_eta_bias,bivpois_eta_mse,lm_eta,lm_eta_bias,lm_eta_mse,team_strength_correlation,lambda3
0.3701674943725795,0.3336507101951282,0.3960554304739565,0.025887936101377018,6.701852355889795e-4,0.4385964912280717,0.0684289968554922,0.004682527610648961,-0.5,0.2
