method,true_params,bivpois_eta,bivpois_estimated_ha,bivpois_bias,bivpois_mse,pc_eta,pc_bias,pc_mse,lm_eta,lm_bias,lm_mse,team_strength_correlation,mu
bivpois,0.25,0.32427741185222536,0.35594644192817193,0.10594644192817193,0.011224648557239507,0.42184539665251924,0.17184539665251924,0.029530840350661672,0.5350877192982286,0.2850877192982286,0.0812750076946656,-0.4,1.161834242728283
