method,true_params,bivpois_eta,bivpois_estimated_ha,bivpois_bias,bivpois_mse,pc_eta,pc_bias,pc_mse,lm_eta,lm_bias,lm_mse,team_strength_correlation,mu
bivpois,0.25,0.4127951964121449,0.44221997555650494,0.19221997555650494,0.03694851900294336,0.5144492142181335,0.2644492142181335,0.06993338690058826,1.3157894736842277,1.0657894736842277,1.1359072022161032,-0.4,1.161834242728283
