true_params,bivpois_eta,bivpois_estimated_ha,bivpois_eta_bias,bivpois_eta_mse,lm_eta,lm_eta_bias,lm_eta_mse,team_strength_correlation,lambda3
0.4440007106932585,0.4205765474874094,0.5228392917334215,0.07883858104016295,0.00621552186042634,-0.014619883040930572,-0.4586205937341891,0.21033284899710014,-0.5,0.2
