true_params,bivpois_eta,bivpois_estimated_ha,bivpois_eta_bias,bivpois_eta_mse,lm_eta,lm_eta_bias,lm_eta_mse,team_strength_correlation,lambda3
0.12842713290773353,0.06414983299425923,0.06625214654521416,-0.06217498636251936,0.0038657289291794687,0.8128654970760337,0.6844383641683002,0.46845587434537866,-0.5,0
