true_params,bivpois_eta,bivpois_estimated_ha,bivpois_eta_bias,bivpois_eta_mse,lm_eta,lm_eta_bias,lm_eta_mse,team_strength_correlation,lambda3
0.04214105066922561,0.041773685327095585,0.04265848313357368,5.174324643480652e-4,2.677363551613117e-7,0.5964912280701667,0.5543501774009412,0.30730411918445494,-0.5,0.2
