method,true_params,bivpois_eta,bivpois_estimated_ha,bivpois_bias,bivpois_mse,pc_eta,pc_bias,pc_mse,lm_eta,lm_bias,lm_mse,team_strength_correlation,mu
bivpois,0.25,0.3498511467206126,0.45675629008635066,0.20675629008635066,0.042748163490271184,0.48717491846435085,0.23717491846435085,0.05625194194857147,1.511695906432741,1.261695906432741,1.5918765603091363,-0.4,1.161834242728283
