method,true_params,bivpois_eta,bivpois_estimated_ha,bivpois_bias,bivpois_mse,pc_eta,pc_bias,pc_mse,lm_eta,lm_bias,lm_mse,team_strength_correlation,mu
bivpois,0.25,0.3919158597218103,0.4967263489289775,0.2467263489289775,0.06087389125582355,0.5610289955096859,0.3110289955096859,0.0967390360477642,-0.12280701754385881,-0.3728070175438588,0.13898507232994706,-0.4,1.161834242728283
