method,true_params,bivpois_eta,bivpois_estimated_ha,bivpois_bias,bivpois_mse,pc_eta,pc_bias,pc_mse,lm_eta,lm_bias,lm_mse,team_strength_correlation,mu
bivpois,0.25,0.31541577196804865,0.3395120905945511,0.08951209059455112,0.008012414362607127,0.37946256732478045,0.12946256732478045,0.016760556338323313,0.8567251461988277,0.6067251461988277,0.3681154030299888,-0.4,1.161834242728283
