true_params,bivpois_eta,bivpois_estimated_ha,bivpois_eta_bias,bivpois_eta_mse,lm_eta,lm_eta_bias,lm_eta_mse,team_strength_correlation,lambda3
0.3384741793307164,0.14076553068813674,0.15115470588767432,-0.18731947344304206,0.03508858513097854,1.514619883040925,1.1761457037102085,1.3833187163559817,-0.5,0.2
