true_params,bivpois_eta,bivpois_estimated_ha,bivpois_eta_bias,bivpois_eta_mse,lm_eta,lm_eta_bias,lm_eta_mse,team_strength_correlation,lambda3
0.5134046915188045,0.4250160935167991,0.5296150363505772,0.01621034483177264,2.627752795649779e-4,0.4590643274853891,-0.05434036403341541,0.0029528751632841074,-0.5,0.2
