method,true_params,bivpois_eta,bivpois_estimated_ha,bivpois_bias,bivpois_mse,pc_eta,pc_bias,pc_mse,lm_eta,lm_bias,lm_mse,team_strength_correlation,mu
bivpois,0.25,0.4476935137805929,0.5631168478469692,0.31311684784696925,0.0980421604056221,0.617603911131372,0.36760391113137203,0.13513263547908166,0.5350877192982388,0.28508771929823884,0.08127500769467143,-0.4,1.161834242728283
