method,true_params,bivpois_eta,bivpois_estimated_ha,bivpois_bias,bivpois_mse,pc_eta,pc_bias,pc_mse,lm_eta,lm_bias,lm_mse,team_strength_correlation,mu
bivpois,0.25,0.3501115196146537,0.47526536288357035,0.22526536288357035,0.05074448371506664,0.5326202658238662,0.28262026582386623,0.07987421465435281,-0.2017543859649223,-0.4517543859649223,0.204082025238544,-0.4,1.161834242728283
