true_params,bivpois_eta,bivpois_estimated_ha,bivpois_eta_bias,bivpois_eta_mse,lm_eta,lm_eta_bias,lm_eta_mse,team_strength_correlation,lambda3
0.3087991635077162,0.2772946417474809,0.3195551097862588,0.010755946278542594,1.1569038034689428e-4,-0.8304093567251606,-1.1392085202328768,1.297796052571181,-0.5,0.2
