method,true_params,bivpois_eta,bivpois_estimated_ha,bivpois_bias,bivpois_mse,pc_eta,pc_bias,pc_mse,lm_eta,lm_bias,lm_mse,team_strength_correlation,mu
bivpois,0.25,0.10678412707982832,0.12820109431529692,-0.12179890568470308,0.014834973425991197,0.15043826822255596,-0.09956173177744404,0.00991253843452371,-0.6666666666666444,-0.9166666666666444,0.840277777777737,-0.4,1.161834242728283
