method,true_params,bivpois_eta,bivpois_estimated_ha,bivpois_bias,bivpois_mse,pc_eta,pc_bias,pc_mse,lm_eta,lm_bias,lm_mse,team_strength_correlation,mu
bivpois,0,-0.10188502722521581,-0.08949005040733882,-0.08949005040733882,0.008008469121908042,-0.09938726347796117,-0.09938726347796117,0.009877828141637676,-0.6637426900584777,-0.6637426900584777,0.44055435860606446,-0.8,1
