true_params,bivpois_eta,bivpois_estimated_ha,bivpois_eta_bias,bivpois_eta_mse,lm_eta,lm_eta_bias,lm_eta_mse,team_strength_correlation,lambda3
0.07758368223045548,0.0961948481368513,0.10097356574367478,0.0233898835132193,5.470866507619681e-4,0.26315789473684015,0.18557421250638467,0.034437788347364814,-0.5,0
