method,true_params,bivpois_eta,bivpois_estimated_ha,bivpois_bias,bivpois_mse,pc_eta,pc_bias,pc_mse,lm_eta,lm_bias,lm_mse,team_strength_correlation,mu
bivpois,0.25,0.30519666968668074,0.4331545614759573,0.18315456147595732,0.03354559338945023,0.4964964439767961,0.2464964439767961,0.06076049689320578,0.39473684210524523,0.14473684210524523,0.02094875346259869,0,1.161834242728283
