method,true_params,bivpois_eta,bivpois_estimated_ha,bivpois_bias,bivpois_mse,pc_eta,pc_bias,pc_mse,lm_eta,lm_bias,lm_mse,team_strength_correlation,mu
bivpois,0.25,0.38756677752133495,0.4034853997212876,0.1534853997212876,0.023557767927603435,0.44344591756475366,0.19344591756475366,0.03742132302246947,1.1754385964912215,0.9254385964912215,0.8564365958756419,0,1.161834242728283
