true_params,bivpois_eta,bivpois_estimated_ha,bivpois_eta_bias,bivpois_eta_mse,lm_eta,lm_eta_bias,lm_eta_mse,team_strength_correlation,lambda3
0.6528996728026756,0.5974282484804282,0.8174387840957051,0.16453911129302956,0.027073119145099966,-0.15204678362572793,-0.8049464564284035,0.6479387977166436,0,0.2
