method,true_params,bivpois_eta,bivpois_estimated_ha,bivpois_bias,bivpois_mse,pc_eta,pc_bias,pc_mse,lm_eta,lm_bias,lm_mse,team_strength_correlation,mu
bivpois,0.25,0.2652541178599116,0.26740496856760654,0.017404968567606538,3.0293293083937157e-4,0.3023391099604295,0.05233910996042951,0.002739382431449931,0.32748538011695294,0.07748538011695294,0.006003984131868686,0,1.161834242728283
