method,true_params,bivpois_eta,bivpois_estimated_ha,bivpois_bias,bivpois_mse,pc_eta,pc_bias,pc_mse,lm_eta,lm_bias,lm_mse,team_strength_correlation,mu
bivpois,0.25,0.37568753993318743,0.3930759249624751,0.14307592496247512,0.02047072030386781,0.4465253295373879,0.19652532953738788,0.038622205149778904,0.39473684210526366,0.14473684210526366,0.020948753462604025,0,1.161834242728283
