true_params,bivpois_eta,bivpois_estimated_ha,bivpois_eta_bias,bivpois_eta_mse,lm_eta,lm_eta_bias,lm_eta_mse,team_strength_correlation,lambda3
0.3633645278619861,0.25355621598087447,0.2885998173518767,-0.07476471051010941,0.005589761937660464,-0.026315789473680837,-0.38968031733566694,0.1518507497188261,0,0.2
