method,true_params,bivpois_eta,bivpois_estimated_ha,bivpois_bias,bivpois_mse,pc_eta,pc_bias,pc_mse,lm_eta,lm_bias,lm_mse,team_strength_correlation,mu
bivpois,0.25,0.3758993299233359,0.5161777080797123,0.2661777080797123,0.07085057227856854,0.5631667353129083,0.3131667353129083,0.09807340410654515,0.3684210526315907,0.1184210526315907,0.014023545706373973,0,1.161834242728283
