true_params,bivpois_eta,bivpois_estimated_ha,bivpois_eta_bias,bivpois_eta_mse,lm_eta,lm_eta_bias,lm_eta_mse,team_strength_correlation,lambda3
0.37632076529122904,0.31707782441801,0.37310942920954426,-0.003211336081684779,1.0312679429530551e-5,0.43567251461988105,0.059351749328652004,0.0035226301483711436,0,0.2
