method,true_params,bivpois_eta,bivpois_estimated_ha,bivpois_bias,bivpois_mse,pc_eta,pc_bias,pc_mse,lm_eta,lm_bias,lm_mse,team_strength_correlation,mu
bivpois,0.25,0.4006891119526055,0.46380943995684454,0.21380943995684454,0.04571447661465951,0.5345856908550883,0.28458569085508834,0.0809890154394679,1.2982456140350707,1.0482456140350707,1.0988188673437622,0,1.161834242728283
