method,true_params,bivpois_eta,bivpois_estimated_ha,bivpois_bias,bivpois_mse,pc_eta,pc_bias,pc_mse,lm_eta,lm_bias,lm_mse,team_strength_correlation,mu
bivpois,0.25,0.3260507307480177,0.319580298145552,0.069580298145552,0.004841417890023907,0.38446143528930515,0.13446143528930515,0.018079877580059998,-0.37134502923976404,-0.621345029239764,0.38606964536096317,0,1.161834242728283
