method,true_params,bivpois_eta,bivpois_estimated_ha,bivpois_bias,bivpois_mse,pc_eta,pc_bias,pc_mse,lm_eta,lm_bias,lm_mse,team_strength_correlation,mu
bivpois,0.25,0.4106509131824966,0.45406178259792274,0.20406178259792274,0.04164121111704188,0.5117285610316806,0.26172856103168063,0.06850183965971417,-0.1695906432748528,-0.4195906432748528,0.17605630792380478,0,1.161834242728283
