method,true_params,bivpois_eta,bivpois_estimated_ha,bivpois_bias,bivpois_mse,pc_eta,pc_bias,pc_mse,lm_eta,lm_bias,lm_mse,team_strength_correlation,mu
bivpois,0.25,0.3494267284142384,0.4176066620112261,0.1676066620112261,0.02809199315054538,0.4458994422060882,0.19589944220608818,0.038376591456656485,0.4473684210526217,0.1973684210526217,0.03895429362880497,0,1.161834242728283
