true_params,bivpois_eta,bivpois_estimated_ha,bivpois_eta_bias,bivpois_eta_mse,lm_eta,lm_eta_bias,lm_eta_mse,team_strength_correlation,lambda3
0.04368242161846302,-0.011445885046724993,-0.011380630108602796,-0.05506305172706582,0.003031939665497526,-0.04093567251461811,-0.08461809413308113,0.00716022185471498,0,0.2
