method,true_params,bivpois_eta,bivpois_estimated_ha,bivpois_bias,bivpois_mse,pc_eta,pc_bias,pc_mse,lm_eta,lm_bias,lm_mse,team_strength_correlation,mu
bivpois,0.25,0.3214011676115648,0.3229843929114101,0.07298439291141012,0.005326721608647092,0.35388142302343967,0.10388142302343967,0.010791350049374822,0.3859649122807011,0.13596491228070112,0.01848645737149875,0,1.161834242728283
