true_params,bivpois_eta,bivpois_estimated_ha,bivpois_eta_bias,bivpois_eta_mse,lm_eta,lm_eta_bias,lm_eta_mse,team_strength_correlation,lambda3
0.3892022335993731,0.2274456876037214,0.25538925470381324,-0.13381297889555988,0.017905913320903553,0.9356725146198821,0.546470281020509,0.29862976803863406,0,0.2
