method,true_params,bivpois_eta,bivpois_estimated_ha,bivpois_bias,bivpois_mse,pc_eta,pc_bias,pc_mse,lm_eta,lm_bias,lm_mse,team_strength_correlation,mu
bivpois,0.25,0.37271934970690496,0.49223771698938523,0.24223771698938523,0.058679111532229496,0.5389268505330334,0.28892685053303335,0.0834787249589378,0.12280701754386816,-0.12719298245613184,0.01617805478608586,0,1.161834242728283
