true_params,bivpois_eta,bivpois_estimated_ha,bivpois_eta_bias,bivpois_eta_mse,lm_eta,lm_eta_bias,lm_eta_mse,team_strength_correlation,lambda3
0.6666797828520538,0.6462854854106753,0.9084387232618027,0.241758940409749,0.05844738526804456,1.3830409356725082,0.7163611528204544,0.5131733012702505,0,0.2
