true_params,bivpois_eta,bivpois_estimated_ha,bivpois_eta_bias,bivpois_eta_mse,lm_eta,lm_eta_bias,lm_eta_mse,team_strength_correlation,lambda3
0.2582369098546654,0.18857274349762856,0.20752491937792228,-0.05071199047674313,0.0025717059781132858,0.13450292397661168,-0.12373398587805373,0.0153100992612704,0,0.2
