true_params,bivpois_eta,bivpois_estimated_ha,bivpois_eta_bias,bivpois_eta_mse,lm_eta,lm_eta_bias,lm_eta_mse,team_strength_correlation,lambda3
0.19421620568897796,0.1966829572172273,0.21735802494152767,0.02314181925254971,5.355437983176805e-4,0.4035087719298189,0.20929256624084092,0.04380337828367678,0,0.2
