method,true_params,bivpois_eta,bivpois_estimated_ha,bivpois_bias,bivpois_mse,pc_eta,pc_bias,pc_mse,lm_eta,lm_bias,lm_mse,team_strength_correlation,mu
bivpois,0.25,0.3739207678948587,0.48130237989746605,0.23130237989746605,0.053500790946231704,0.5203216267676747,0.2703216267676747,0.07307378189832202,-0.020467836257315165,-0.2704678362573152,0.07315285044971385,0,1.161834242728283
