true_params,bivpois_eta,bivpois_estimated_ha,bivpois_eta_bias,bivpois_eta_mse,lm_eta,lm_eta_bias,lm_eta_mse,team_strength_correlation,lambda3
0.2657118420822804,0.16672995783265399,0.18143518490980748,-0.0842766571724729,0.0071025549441665285,-0.40350877192981655,-0.6692206140120969,0.44785623021872795,0,0.2
