method,true_params,bivpois_eta,bivpois_estimated_ha,bivpois_bias,bivpois_mse,pc_eta,pc_bias,pc_mse,lm_eta,lm_bias,lm_mse,team_strength_correlation,mu
bivpois,0.25,0.3864561230587573,0.4165938519308501,0.16659385193085008,0.027753511501158002,0.4866546177959654,0.23665461779596542,0.05600540812415447,0.014619883040932922,-0.23538011695906708,0.055403799459664095,0,1.161834242728283
