true_params,bivpois_eta,bivpois_estimated_ha,bivpois_eta_bias,bivpois_eta_mse,lm_eta,lm_eta_bias,lm_eta_mse,team_strength_correlation,lambda3
0.4136656804249861,0.2828263630107347,0.3268747472772433,-0.08679093314774278,0.007532666076655956,0.9999999999999938,0.5863343195750077,0.34378793431148724,0,0.2
