true_params,bivpois_eta,bivpois_estimated_ha,bivpois_eta_bias,bivpois_eta_mse,lm_eta,lm_eta_bias,lm_eta_mse,team_strength_correlation,lambda3
0.6362958295766254,0.5652157418350464,0.759827410164416,0.12353158058779057,0.015260051402517795,1.175438596491235,0.5391427669146096,0.2906749231163411,0,0.2
