method,true_params,bivpois_eta,bivpois_estimated_ha,bivpois_bias,bivpois_mse,pc_eta,pc_bias,pc_mse,lm_eta,lm_bias,lm_mse,team_strength_correlation,mu
bivpois,0.25,0.2686376120396764,0.33486609175290316,0.08486609175290316,0.007202253529412178,0.3679468706780421,0.1179468706780421,0.013911464302742788,0.3099415204678224,0.05994152046782242,0.0035929858759943738,0,1.161834242728283
