method,true_params,bivpois_eta,bivpois_estimated_ha,bivpois_bias,bivpois_mse,pc_eta,pc_bias,pc_mse,lm_eta,lm_bias,lm_mse,team_strength_correlation,mu
bivpois,0.25,0.3961461793598569,0.39589907247146494,0.14589907247146494,0.02128653934803378,0.4659094237619143,0.2159094237619143,0.04661687926920188,-0.19005847953216323,-0.44005847953216326,0.19365146540815936,0,1.161834242728283
