true_params,bivpois_eta,bivpois_estimated_ha,bivpois_eta_bias,bivpois_eta_mse,lm_eta,lm_eta_bias,lm_eta_mse,team_strength_correlation,lambda3
0.3226384966968138,0.22764866892439795,0.2556441011363537,-0.06699439556046011,0.004488249036511397,0.9005847953216408,0.5779462986248269,0.3340219240941376,0,0.2
