method,true_params,bivpois_eta,bivpois_estimated_ha,bivpois_bias,bivpois_mse,pc_eta,pc_bias,pc_mse,lm_eta,lm_bias,lm_mse,team_strength_correlation,mu
bivpois,0.25,0.3093296187459555,0.3153406755814486,0.06534067558144863,0.004269403885440117,0.34378102316289616,0.09378102316289616,0.008794880305479666,0.11695906432749005,-0.13304093567250996,0.017699890564616932,0,1.161834242728283
