method,true_params,bivpois_eta,bivpois_estimated_ha,bivpois_bias,bivpois_mse,pc_eta,pc_bias,pc_mse,lm_eta,lm_bias,lm_mse,team_strength_correlation,mu
bivpois,0,0.06156104018438326,0.06810086392650172,0.06810086392650172,0.004637727667535904,0.08250273168120402,0.08250273168120402,0.006806700734860746,-0.590643274853803,-0.590643274853803,0.34885947813002505,-0.4,1
