method,true_params,bivpois_eta,bivpois_estimated_ha,bivpois_bias,bivpois_mse,pc_eta,pc_bias,pc_mse,lm_eta,lm_bias,lm_mse,team_strength_correlation,mu
bivpois,0.25,0.3304830283009013,0.3645462370574246,0.11454623705742462,0.013120840424015717,0.42040516259330385,0.17040516259330385,0.02903791943845032,0.6988304093567278,0.4488304093567278,0.20144873636332786,0,1.161834242728283
