true_params,bivpois_eta,bivpois_estimated_ha,bivpois_eta_bias,bivpois_eta_mse,lm_eta,lm_eta_bias,lm_eta_mse,team_strength_correlation,lambda3
0.2880141005460856,0.19313918131389934,0.2130516158881144,-0.07496248465797123,0.0056193741060965715,0.8625730994151968,0.5745589988691111,0.3301180431814752,0,0.2
