method,true_params,bivpois_eta,bivpois_estimated_ha,bivpois_bias,bivpois_mse,pc_eta,pc_bias,pc_mse,lm_eta,lm_bias,lm_mse,team_strength_correlation,mu
bivpois,0.25,0.4613911093133808,0.571422511435375,0.32142251143537504,0.1033124308574238,0.6469845027573689,0.39698450275736885,0.1575966954295154,0.5614035087719296,0.31140350877192957,0.09697214527546921,0,1.161834242728283
