method,true_params,bivpois_eta,bivpois_estimated_ha,bivpois_bias,bivpois_mse,pc_eta,pc_bias,pc_mse,lm_eta,lm_bias,lm_mse,team_strength_correlation,mu
bivpois,0.25,0.3956595990322111,0.43963807611725503,0.18963807611725503,0.03596259991345381,0.4989618311866592,0.2489618311866592,0.0619819933878146,0.16959064327485104,-0.08040935672514896,0.006465664648952258,0,1.161834242728283
