method,true_params,bivpois_eta,bivpois_estimated_ha,bivpois_bias,bivpois_mse,pc_eta,pc_bias,pc_mse,lm_eta,lm_bias,lm_mse,team_strength_correlation,mu
bivpois,0.25,0.25911276683478296,0.32414029134460876,0.07414029134460876,0.005496782800663468,0.35951038448035894,0.10951038448035894,0.011992524309036039,1.0438596491227992,0.7938596491227992,0.6302131425053737,0,1.161834242728283
