method,true_params,bivpois_eta,bivpois_estimated_ha,bivpois_bias,bivpois_mse,pc_eta,pc_bias,pc_mse,lm_eta,lm_bias,lm_mse,team_strength_correlation,mu
bivpois,0.25,0.3362768689104571,0.3577920083529008,0.10779200835290081,0.01161911706475184,0.407659077087111,0.15765907708711102,0.024856384587959614,0.9385964912280763,0.6885964912280763,0.4741651277316182,0,1.161834242728283
