method,true_params,bivpois_eta,bivpois_estimated_ha,bivpois_bias,bivpois_mse,pc_eta,pc_bias,pc_mse,lm_eta,lm_bias,lm_mse,team_strength_correlation,mu
bivpois,0.25,0.42105150939261615,0.4974149775314597,0.2474149775314597,0.0612141711068927,0.5348496217714042,0.28484962177140416,0.08113930702331201,0.5730994152046822,0.3230994152046822,0.10439323210560764,0,1.161834242728283
