true_params,bivpois_eta,bivpois_estimated_ha,bivpois_eta_bias,bivpois_eta_mse,lm_eta,lm_eta_bias,lm_eta_mse,team_strength_correlation,lambda3
0.02343587598353292,0.04675695677797115,0.04786730108326953,0.02443142509973661,5.968945324040401e-4,-0.6257309941520491,-0.649166870135582,0.42141762528162763,0,0.2
