method,true_params,bivpois_eta,bivpois_estimated_ha,bivpois_bias,bivpois_mse,pc_eta,pc_bias,pc_mse,lm_eta,lm_bias,lm_mse,team_strength_correlation,mu
bivpois,0.25,0.3798388295140088,0.3757614129503014,0.1257614129503014,0.01581593298725624,0.4398621376624371,0.1898621376624371,0.03604763131775021,0.5701754385964802,0.32017543859648023,0.10251231148044848,0,1.161834242728283
