method,true_params,bivpois_eta,bivpois_estimated_ha,bivpois_bias,bivpois_mse,pc_eta,pc_bias,pc_mse,lm_eta,lm_bias,lm_mse,team_strength_correlation,mu
bivpois,0.25,0.4119936597338764,0.5143326531385002,0.2643326531385002,0.06987175151523865,0.6033904467336901,0.35339044673369013,0.12488480784263709,0.3859649122807157,0.13596491228071572,0.018486457371502722,0,1.161834242728283
