method,true_params,bivpois_eta,bivpois_estimated_ha,bivpois_bias,bivpois_mse,pc_eta,pc_bias,pc_mse,lm_eta,lm_bias,lm_mse,team_strength_correlation,mu
bivpois,0.25,0.44651366196913683,0.5363892222614381,0.28638922226143815,0.08201878662751141,0.615427636312753,0.365427636312753,0.13353735738112565,1.1988304093567148,0.9488304093567148,0.900279145720031,0,1.161834242728283
