true_params,bivpois_eta,bivpois_estimated_ha,bivpois_eta_bias,bivpois_eta_mse,lm_eta,lm_eta_bias,lm_eta_mse,team_strength_correlation,lambda3
0.32202049519843745,0.3101143853373175,0.3635810788936358,0.04156058369519833,0.001727282117085585,0.07602339181286277,-0.24599710338557468,0.06051457487409312,0,0.2
