method,true_params,bivpois_eta,bivpois_estimated_ha,bivpois_bias,bivpois_mse,pc_eta,pc_bias,pc_mse,lm_eta,lm_bias,lm_mse,team_strength_correlation,mu
bivpois,0.25,0.2694650819711834,0.32513126347816135,0.07513126347816135,0.005644706751824901,0.36421830987824255,0.11421830987824255,0.01304582231144224,1.204678362573093,0.954678362573093,0.911410775965242,0,1.161834242728283
