true_params,bivpois_eta,bivpois_estimated_ha,bivpois_eta_bias,bivpois_eta_mse,lm_eta,lm_eta_bias,lm_eta_mse,team_strength_correlation,lambda3
0.5336753162534126,0.49263737539552094,0.6366269325766152,0.1029516163232026,0.010599035303559916,-0.34502923976608346,-0.878704556019496,0.7721216967694197,0,0.2
