method,true_params,bivpois_eta,bivpois_estimated_ha,bivpois_bias,bivpois_mse,pc_eta,pc_bias,pc_mse,lm_eta,lm_bias,lm_mse,team_strength_correlation,mu
bivpois,0.25,0.4261168173831929,0.4955915621795465,0.24559156217954647,0.06031521541379004,0.5736284896449239,0.32362848964492386,0.1047353993098546,1.1403508771929727,0.8903508771929727,0.7927246845182959,0,1.161834242728283
