method,true_params,bivpois_eta,bivpois_estimated_ha,bivpois_bias,bivpois_mse,pc_eta,pc_bias,pc_mse,lm_eta,lm_bias,lm_mse,team_strength_correlation,mu
bivpois,0.25,0.3190938631881003,0.3304716055788661,0.08047160557886612,0.0064756793044405975,0.3781902648701805,0.12819026487018048,0.016432744007487027,0.9649122807017739,0.7149122807017739,0.511099569098212,0,1.161834242728283
