true_params,bivpois_eta,bivpois_estimated_ha,bivpois_eta_bias,bivpois_eta_mse,lm_eta,lm_eta_bias,lm_eta_mse,team_strength_correlation,lambda3
0.12706254633735578,0.10449017622514392,0.11014448800314058,-0.016918058334215197,2.862206977999083e-4,-0.3274853801169636,-0.4545479264543194,0.20661381744392138,0,0.2
