method,true_params,bivpois_eta,bivpois_estimated_ha,bivpois_bias,bivpois_mse,pc_eta,pc_bias,pc_mse,lm_eta,lm_bias,lm_mse,team_strength_correlation,mu
bivpois,0.25,0.42448648880596174,0.48144974463231904,0.23144974463231904,0.0535689842903657,0.5233248091929262,0.27332480919292623,0.07470645132034953,-0.07894736842106527,-0.32894736842106526,0.10820637119114404,0,1.161834242728283
