method,true_params,bivpois_eta,bivpois_estimated_ha,bivpois_bias,bivpois_mse,pc_eta,pc_bias,pc_mse,lm_eta,lm_bias,lm_mse,team_strength_correlation,mu
bivpois,0.25,0.39032555669428254,0.44988880226512074,0.19988880226512074,0.039955533270984535,0.4956300212146572,0.2456300212146572,0.06033410732191295,0.05555555555556135,-0.19444444444443865,0.03780864197530639,0,1.161834242728283
