method,true_params,bivpois_eta,bivpois_estimated_ha,bivpois_bias,bivpois_mse,pc_eta,pc_bias,pc_mse,lm_eta,lm_bias,lm_mse,team_strength_correlation,mu
bivpois,0.25,0.32644809105169764,0.4384696941121762,0.18846969411217618,0.03552082559873725,0.48462754104508315,0.23462754104508315,0.05505008301686218,0.7953216374268997,0.5453216374268997,0.297375688245955,0,1.161834242728283
