method,true_params,bivpois_eta,bivpois_estimated_ha,bivpois_bias,bivpois_mse,pc_eta,pc_bias,pc_mse,lm_eta,lm_bias,lm_mse,team_strength_correlation,mu
bivpois,0.25,0.4266273708989785,0.4880931562734653,0.23809315627346528,0.05668835106426076,0.515153876133995,0.265153876133995,0.07030657802888196,0.42690058479531806,0.17690058479531806,0.03129381690092552,0,1.161834242728283
