method,true_params,bivpois_eta,bivpois_estimated_ha,bivpois_bias,bivpois_mse,pc_eta,pc_bias,pc_mse,lm_eta,lm_bias,lm_mse,team_strength_correlation,mu
bivpois,0.25,0.31899964766745553,0.3967483216932133,0.14674832169321328,0.021535069919774812,0.44669790595680114,0.19669790595680114,0.038690066207790585,1.0614035087719125,0.8114035087719125,0.6583756540473711,0,1.161834242728283
