true_params,bivpois_eta,bivpois_estimated_ha,bivpois_eta_bias,bivpois_eta_mse,lm_eta,lm_eta_bias,lm_eta_mse,team_strength_correlation,lambda3
0.4993601384000714,0.3959932654052195,0.4858593108573348,-0.013500827542736571,1.822723443387144e-4,1.7807017543859867,1.2813416159859152,1.6418363368573967,0,0.2
