method,true_params,bivpois_eta,bivpois_estimated_ha,bivpois_bias,bivpois_mse,pc_eta,pc_bias,pc_mse,lm_eta,lm_bias,lm_mse,team_strength_correlation,mu
bivpois,0,-0.00636931991370165,-0.0078119314910294335,-0.0078119314910294335,6.102627362053735e-5,-0.0029104856050887872,-0.0029104856050887872,8.470926457429044e-6,-0.9385964912280702,-0.9385964912280702,0.8809633733456449,-0.4,1
