true_params,bivpois_eta,bivpois_estimated_ha,bivpois_eta_bias,bivpois_eta_mse,lm_eta,lm_eta_bias,lm_eta_mse,team_strength_correlation,lambda3
0.35744284361784195,0.31711137500140874,0.3731554986047876,0.01571265498694563,2.4688752673878735e-4,0.10233918128653888,-0.2551036623313031,0.06507787853484351,-0.5,0
