method,true_params,bivpois_eta,bivpois_estimated_ha,bivpois_bias,bivpois_mse,pc_eta,pc_bias,pc_mse,lm_eta,lm_bias,lm_mse,team_strength_correlation,mu
bivpois,0.25,0.31633310289323996,0.35463811051182015,0.10463811051182015,0.010949134171483885,0.4227940639097363,0.17279406390973628,0.029857788522442027,0.6959064327485394,0.44590643274853936,0.19883254676652765,0,1.161834242728283
