method,true_params,bivpois_eta,bivpois_estimated_ha,bivpois_bias,bivpois_mse,pc_eta,pc_bias,pc_mse,lm_eta,lm_bias,lm_mse,team_strength_correlation,mu
bivpois,0.25,0.3081351461430962,0.34994088068153273,0.09994088068153273,0.009988179631400362,0.42408955680774846,0.17408955680774846,0.030307173789518277,-0.2514619883041123,-0.5014619883041123,0.25146412571391363,0,1.161834242728283
