method,true_params,bivpois_eta,bivpois_estimated_ha,bivpois_bias,bivpois_mse,pc_eta,pc_bias,pc_mse,lm_eta,lm_bias,lm_mse,team_strength_correlation,mu
bivpois,0.25,0.3396643959819122,0.4618236692148221,0.2118236692148221,0.04486926683963037,0.5024431369245858,0.25244313692458575,0.06372753738032515,0.27485380116958913,0.02485380116958913,6.1771143257747e-4,0,1.161834242728283
