method,true_params,bivpois_eta,bivpois_estimated_ha,bivpois_bias,bivpois_mse,pc_eta,pc_bias,pc_mse,lm_eta,lm_bias,lm_mse,team_strength_correlation,mu
bivpois,0.25,0.18254556645944595,0.2629388175667551,0.012938817566755079,1.6741300002576982e-4,0.30649058289855935,0.05649058289855935,0.003191185956219006,0.6608187134502815,0.41081871345028154,0.16877201532094452,0,1.161834242728283
