method,true_params,bivpois_eta,bivpois_estimated_ha,bivpois_bias,bivpois_mse,pc_eta,pc_bias,pc_mse,lm_eta,lm_bias,lm_mse,team_strength_correlation,mu
bivpois,0.25,0.26221833680086054,0.3164699299474665,0.06646992994746648,0.0044182515872211005,0.3482913040183414,0.09829130401834141,0.009661180445626017,0.7807017543859751,0.5307017543859751,0.28164435210835187,0,1.161834242728283
