true_params,bivpois_eta,bivpois_estimated_ha,bivpois_eta_bias,bivpois_eta_mse,lm_eta,lm_eta_bias,lm_eta_mse,team_strength_correlation,lambda3
0.05550382693766327,-0.14784021959555074,-0.13743107445617586,-0.19293490139383912,0.03722387617585043,-0.15497076023391784,-0.21047458717158113,0.044299551845047504,0,0.2
