method,true_params,bivpois_eta,bivpois_estimated_ha,bivpois_bias,bivpois_mse,pc_eta,pc_bias,pc_mse,lm_eta,lm_bias,lm_mse,team_strength_correlation,mu
bivpois,0.25,0.26555408445860995,0.3106398664347052,0.0606398664347052,0.0036771934012188867,0.34834124961874413,0.09834124961874413,0.009671001376576142,-0.6081871345029346,-0.8581871345029346,0.7364851578263579,0,1.161834242728283
