method,true_params,bivpois_eta,bivpois_estimated_ha,bivpois_bias,bivpois_mse,pc_eta,pc_bias,pc_mse,lm_eta,lm_bias,lm_mse,team_strength_correlation,mu
bivpois,0.25,0.30192957251491326,0.402197981611492,0.152197981611492,0.02316422560661206,0.47495052283971534,0.22495052283971534,0.05060273772586129,-0.19298245614034276,-0.44298245614034276,0.1962334564481307,0,1.161834242728283
