method,true_params,bivpois_eta,bivpois_estimated_ha,bivpois_bias,bivpois_mse,pc_eta,pc_bias,pc_mse,lm_eta,lm_bias,lm_mse,team_strength_correlation,mu
bivpois,0.25,0.4147847752770396,0.4648330732064807,0.2148330732064807,0.0461532493433411,0.5230952709192261,0.27309527091922614,0.07458102699844553,-0.14035087719298414,-0.3903508771929841,0.15237380732533218,0,1.161834242728283
