method,true_params,bivpois_eta,bivpois_estimated_ha,bivpois_bias,bivpois_mse,pc_eta,pc_bias,pc_mse,lm_eta,lm_bias,lm_mse,team_strength_correlation,mu
bivpois,0.25,0.18000605165659053,0.1748066314106801,-0.07519336858931991,0.005654042679809322,0.20397103424204974,-0.04602896575795026,0.0021186656887465577,-0.6169590643274895,-0.8669590643274895,0.751618019219596,0,1.161834242728283
