true_params,bivpois_eta,bivpois_estimated_ha,bivpois_eta_bias,bivpois_eta_mse,lm_eta,lm_eta_bias,lm_eta_mse,team_strength_correlation,lambda3
0.12057796339103467,0.02376433168355821,0.02404895355793668,-0.09652900983309799,0.00931784973935833,-0.42397660818713756,-0.5445545715781722,0.2965396814266867,0,0.2
