method,true_params,bivpois_eta,bivpois_estimated_ha,bivpois_bias,bivpois_mse,pc_eta,pc_bias,pc_mse,lm_eta,lm_bias,lm_mse,team_strength_correlation,mu
bivpois,0.25,0.46191128400497306,0.5513250095362519,0.30132500953625185,0.09079676137202226,0.620995374289899,0.37099537428989904,0.13763756774450228,1.365497076023407,1.115497076023407,1.2443337266167709,0,1.161834242728283
