method,true_params,bivpois_eta,bivpois_estimated_ha,bivpois_bias,bivpois_mse,pc_eta,pc_bias,pc_mse,lm_eta,lm_bias,lm_mse,team_strength_correlation,mu
bivpois,0.25,0.30639450643926414,0.3504289154417165,0.1004289154417165,0.010085967056799443,0.4079886856133338,0.1579886856133338,0.024960424781828822,0.1578947368421132,-0.09210526315788681,0.008483379501383581,0,1.161834242728283
