true_params,bivpois_eta,bivpois_estimated_ha,bivpois_eta_bias,bivpois_eta_mse,lm_eta,lm_eta_bias,lm_eta_mse,team_strength_correlation,lambda3
0.0926117749522549,0.09795574563373899,0.10291397526947543,0.010302200317220539,1.0613533137613897e-4,-0.20467836257311398,-0.29729013752536887,0.08838142586985273,0,0.2
