method,true_params,bivpois_eta,bivpois_estimated_ha,bivpois_bias,bivpois_mse,pc_eta,pc_bias,pc_mse,lm_eta,lm_bias,lm_mse,team_strength_correlation,mu
bivpois,0.5,0.5046401911112414,0.6444932755275293,0.14449327552752933,0.020878306672674506,0.7054160319297683,0.20541603192976832,0.042195746173771594,0.8274853801169659,0.32748538011696593,0.10724667419035366,-0.8,1.161834242728283
