method,true_params,bivpois_eta,bivpois_estimated_ha,bivpois_bias,bivpois_mse,pc_eta,pc_bias,pc_mse,lm_eta,lm_bias,lm_mse,team_strength_correlation,mu
bivpois,0.5,0.5671381623165276,0.7322348545397828,0.23223485453978276,0.05393302766311406,0.7781566289259819,0.2781566289259819,0.0773711102154664,1.1929824561403508,0.6929824561403508,0.48022468451831324,-0.8,1.161834242728283
