method,true_params,bivpois_eta,bivpois_estimated_ha,bivpois_bias,bivpois_mse,pc_eta,pc_bias,pc_mse,lm_eta,lm_bias,lm_mse,team_strength_correlation,mu
bivpois,0.5,0.4578144494817514,0.5830680770384353,0.08306807703843533,0.006900305422863426,0.6401919801244331,0.14019198012443312,0.019653791291209453,-0.3274853801169772,-0.8274853801169773,0.6847320543073383,-0.8,1.161834242728283
