true_params,bivpois_eta,bivpois_estimated_ha,bivpois_eta_bias,bivpois_eta_mse,lm_eta,lm_eta_bias,lm_eta_mse,team_strength_correlation,lambda3
0.38570222376540664,0.30242041766844197,0.3531299868968789,-0.032572236868527726,0.0010609506146194768,0.07309941520467257,-0.3126028085607341,0.09772051592005895,0,0.2
