method,true_params,bivpois_eta,bivpois_estimated_ha,bivpois_bias,bivpois_mse,pc_eta,pc_bias,pc_mse,lm_eta,lm_bias,lm_mse,team_strength_correlation,mu
bivpois,0.5,0.46828327457742247,0.6686241681743734,0.16862416817437342,0.02843411009249937,0.7391132365168771,0.2391132365168771,0.05717513987757601,-0.602339181286554,-1.102339181286554,1.21515167059951,-0.8,1.161834242728283
