true_params,bivpois_eta,bivpois_estimated_ha,bivpois_eta_bias,bivpois_eta_mse,lm_eta,lm_eta_bias,lm_eta_mse,team_strength_correlation,lambda3
0.0749728046347043,0.3101541041832318,0.3636352398359981,0.2886624352012938,0.08332600149634115,0.6140350877192949,0.5390622830845906,0.2905881450443713,0,0.2
