true_params,bivpois_eta,bivpois_estimated_ha,bivpois_eta_bias,bivpois_eta_mse,lm_eta,lm_eta_bias,lm_eta_mse,team_strength_correlation,lambda3
0.2737884808349109,0.2435878067922972,0.2758183384383597,0.002029857603448759,4.1203218902787405e-6,0.43859649122806077,0.16480801039314985,0.02716168028974859,0,0.2
