true_params,bivpois_eta,bivpois_estimated_ha,bivpois_eta_bias,bivpois_eta_mse,lm_eta,lm_eta_bias,lm_eta_mse,team_strength_correlation,lambda3
0.39260698798556193,0.3833959702675089,0.46725890595751496,0.07465191797195303,0.0055729088568912035,0.4210526315789469,0.028445643593384973,8.091546394418835e-4,0,0.2
