method,true_params,bivpois_eta,bivpois_estimated_ha,bivpois_bias,bivpois_mse,pc_eta,pc_bias,pc_mse,lm_eta,lm_bias,lm_mse,team_strength_correlation,mu
bivpois,0.5,0.5825717800353061,0.7528941090274969,0.25289410902749687,0.06395543038081147,0.8667038452275047,0.36670384522750465,0.13447171010463768,1.2543859649122788,0.7543859649122788,0.5690981840566299,-0.8,1.161834242728283
