method,true_params,bivpois_eta,bivpois_estimated_ha,bivpois_bias,bivpois_mse,pc_eta,pc_bias,pc_mse,lm_eta,lm_bias,lm_mse,team_strength_correlation,mu
bivpois,0.5,0.5324527236403009,0.62078580271914,0.12078580271913997,0.014589210138507,0.7031415028609247,0.2031415028609247,0.041266470184595075,0.16081871345029047,-0.3391812865497095,0.11504394514551616,-0.8,1.161834242728283
