method,true_params,bivpois_eta,bivpois_estimated_ha,bivpois_bias,bivpois_mse,pc_eta,pc_bias,pc_mse,lm_eta,lm_bias,lm_mse,team_strength_correlation,mu
bivpois,0.5,0.5334301189044521,0.69472601121006,0.19472601121005995,0.03791821944178039,0.7814290110260552,0.2814290110260552,0.07920228824710351,1.6345029239765878,1.1345029239765878,1.2870968845114275,-0.8,1.161834242728283
