method,true_params,bivpois_eta,bivpois_estimated_ha,bivpois_bias,bivpois_mse,pc_eta,pc_bias,pc_mse,lm_eta,lm_bias,lm_mse,team_strength_correlation,mu
bivpois,0.5,0.44090029599682384,0.6158419525050456,0.11584195250504559,0.013419357960181238,0.6620131787338893,0.16201317873388932,0.026248270083459167,0.818713450292414,0.31871345029241405,0.10157826339729507,-0.8,1.161834242728283
