method,true_params,bivpois_eta,bivpois_estimated_ha,bivpois_bias,bivpois_mse,pc_eta,pc_bias,pc_mse,lm_eta,lm_bias,lm_mse,team_strength_correlation,mu
bivpois,0.5,0.46574646237048145,0.6383618959333686,0.13836189593336856,0.019144014246276313,0.7284611204757387,0.22846112047573874,0.05219448356903001,2.578947368421052,2.078947368421052,4.322022160664818,-0.8,1.161834242728283
