method,true_params,bivpois_eta,bivpois_estimated_ha,bivpois_bias,bivpois_mse,pc_eta,pc_bias,pc_mse,lm_eta,lm_bias,lm_mse,team_strength_correlation,mu
bivpois,0.5,0.44940363649006637,0.5734504449082616,0.07345044490826158,0.005394967857221569,0.702956302388537,0.202956302388537,0.04119126067922727,0.947368421052634,0.44736842105263397,0.2001385041551268,-0.8,1.161834242728283
