method,true_params,bivpois_eta,bivpois_estimated_ha,bivpois_bias,bivpois_mse,pc_eta,pc_bias,pc_mse,lm_eta,lm_bias,lm_mse,team_strength_correlation,mu
bivpois,0.5,0.5969151468075156,0.7180079815871996,0.21800798158719958,0.04752748003572475,0.8077795050488433,0.3077795050488433,0.09472822372811097,1.6023391812865464,1.1023391812865464,1.2151516705994934,-0.8,1.161834242728283
