method,true_params,bivpois_eta,bivpois_estimated_ha,bivpois_bias,bivpois_mse,pc_eta,pc_bias,pc_mse,lm_eta,lm_bias,lm_mse,team_strength_correlation,mu
bivpois,0.5,0.5567332683142193,0.7588155301932054,0.25881553019320536,0.06698547866919,0.828940414857126,0.328940414857126,0.10820179652637815,1.6315789473684161,1.1315789473684161,1.2804709141274127,-0.8,1.161834242728283
