method,true_params,bivpois_eta,bivpois_estimated_ha,bivpois_bias,bivpois_mse,pc_eta,pc_bias,pc_mse,lm_eta,lm_bias,lm_mse,team_strength_correlation,mu
bivpois,0.5,0.4771554634294044,0.6564914972728992,0.15649149727289924,0.02448958871871383,0.7251910720135363,0.22519107201353628,0.05071101891460568,0.6988304093567188,0.1988304093567188,0.03953353168496038,-0.8,1.161834242728283
