method,true_params,bivpois_eta,bivpois_estimated_ha,bivpois_bias,bivpois_mse,pc_eta,pc_bias,pc_mse,lm_eta,lm_bias,lm_mse,team_strength_correlation,mu
bivpois,0.5,0.466843407920185,0.6104901251605463,0.11049012516054635,0.012208067757993197,0.7110888049528181,0.21108880495281812,0.04455848357640889,1.4824561403508973,0.9824561403508973,0.9652200677131821,-0.8,1.161834242728283
