true_params,bivpois_eta,bivpois_estimated_ha,bivpois_eta_bias,bivpois_eta_mse,lm_eta,lm_eta_bias,lm_eta_mse,team_strength_correlation,lambda3
0.00945695592986212,-0.054463814311224816,-0.05300722417630732,-0.06246418010616944,0.0039017737963359745,-0.19590643274854247,-0.2053633886784046,0.042174121409477475,0,0.2
