method,true_params,bivpois_eta,bivpois_estimated_ha,bivpois_bias,bivpois_mse,pc_eta,pc_bias,pc_mse,lm_eta,lm_bias,lm_mse,team_strength_correlation,mu
bivpois,0,0.023373855732685935,0.021676500807089938,0.021676500807089938,4.6987068723977073e-4,0.02048357042949617,0.02048357042949617,4.1957665754012994e-4,-0.9678362573099434,-0.9678362573099434,0.9367070209637189,-0.4,1
