true_params,bivpois_eta,bivpois_estimated_ha,bivpois_eta_bias,bivpois_eta_mse,lm_eta,lm_eta_bias,lm_eta_mse,team_strength_correlation,lambda3
0.542798244676379,0.5231510861621911,0.6873362232440412,0.14453797856766215,0.020891227248425962,-0.2192982456140352,-0.7620964902904143,0.5807910605129675,0,0.2
