method,true_params,bivpois_eta,bivpois_estimated_ha,bivpois_bias,bivpois_mse,pc_eta,pc_bias,pc_mse,lm_eta,lm_bias,lm_mse,team_strength_correlation,mu
bivpois,0.5,0.4729451585409313,0.6836061373594642,0.18360613735946418,0.03371121367606243,0.8407536545269895,0.34075365452698947,0.1161130530734989,2.0116959064327706,1.5116959064327706,2.285224513525596,-0.8,1.161834242728283
