method,true_params,bivpois_eta,bivpois_estimated_ha,bivpois_bias,bivpois_mse,pc_eta,pc_bias,pc_mse,lm_eta,lm_bias,lm_mse,team_strength_correlation,mu
bivpois,0.5,0.5454655082978501,0.7152006433218489,0.21520064332184885,0.046311316886137606,0.902107266927445,0.40210726692744503,0.16169025411585952,0.4941520467836141,-0.005847953216385926,3.4198556821038497e-5,-0.8,1.161834242728283
