true_params,bivpois_eta,bivpois_estimated_ha,bivpois_eta_bias,bivpois_eta_mse,lm_eta,lm_eta_bias,lm_eta_mse,team_strength_correlation,lambda3
0.11484138490574239,0.12057134535323792,0.12814122572887499,0.013299840823132597,1.7688576592066435e-4,0.5233918128654997,0.4085504279597574,0.1669134521861009,0,0.2
