method,true_params,bivpois_eta,bivpois_estimated_ha,bivpois_bias,bivpois_mse,pc_eta,pc_bias,pc_mse,lm_eta,lm_bias,lm_mse,team_strength_correlation,mu
bivpois,0.5,0.4762185637215974,0.6935218011131872,0.19352180111318718,0.03745068750609197,0.773350980802373,0.27335098080237297,0.07472075870561927,1.640350877192979,1.140350877192979,1.3004001231147964,-0.8,1.161834242728283
