method,true_params,bivpois_eta,bivpois_estimated_ha,bivpois_bias,bivpois_mse,pc_eta,pc_bias,pc_mse,lm_eta,lm_bias,lm_mse,team_strength_correlation,mu
bivpois,0.5,0.559433626297493,0.7711424129243523,0.27114241292435226,0.07351820808643995,0.8624667201831305,0.36246672018313053,0.13138212324031584,0.2690058479532079,-0.23099415204679208,0.053358298279816495,-0.8,1.161834242728283
