true_params,bivpois_eta,bivpois_estimated_ha,bivpois_eta_bias,bivpois_eta_mse,lm_eta,lm_eta_bias,lm_eta_mse,team_strength_correlation,lambda3
0.3516489586118285,0.3417404316758125,0.40739493495314427,0.055745976341315784,0.0031076138782465393,1.0350877192982508,0.6834387606864223,0.4670885396085928,0,0.2
