method,true_params,bivpois_eta,bivpois_estimated_ha,bivpois_bias,bivpois_mse,pc_eta,pc_bias,pc_mse,lm_eta,lm_bias,lm_mse,team_strength_correlation,mu
bivpois,0.5,0.47123542387154843,0.6146433239910338,0.11464332399103383,0.013143091735713153,0.7104211464693992,0.21042114646939925,0.04427705888149637,0.4298245614035101,-0.07017543859648989,0.004924592182209723,-0.8,1.161834242728283
