true_params,bivpois_eta,bivpois_estimated_ha,bivpois_eta_bias,bivpois_eta_mse,lm_eta,lm_eta_bias,lm_eta_mse,team_strength_correlation,lambda3
0.4968465413224237,0.4722782423374726,0.6036435231786159,0.10679698185619224,0.011405595333591855,1.4385964912280693,0.9417499499056456,0.8868929681472861,0,0.2
