true_params,bivpois_eta,bivpois_estimated_ha,bivpois_eta_bias,bivpois_eta_mse,lm_eta,lm_eta_bias,lm_eta_mse,team_strength_correlation,lambda3
0.2843760347542332,0.19729048911944103,0.21809783348398604,-0.06627820127024714,0.004392799963619389,-0.6578947368421008,-0.9422707715963339,0.8878742070047504,0,0.2
