method,true_params,bivpois_eta,bivpois_estimated_ha,bivpois_bias,bivpois_mse,pc_eta,pc_bias,pc_mse,lm_eta,lm_bias,lm_mse,team_strength_correlation,mu
bivpois,0.5,0.5107661619679361,0.6673320907058828,0.16733209070588284,0.028000028580001803,0.7539566500754377,0.25395665007543766,0.06449398011753829,0.27192982456141435,-0.22807017543858565,0.05201600492458724,-0.8,1.161834242728283
