true_params,bivpois_eta,bivpois_estimated_ha,bivpois_eta_bias,bivpois_eta_mse,lm_eta,lm_eta_bias,lm_eta_mse,team_strength_correlation,lambda3
0.33246101574618103,0.21824793880297522,0.2438954393350803,-0.08856557641110074,0.007843861325030524,-0.34795321637426596,-0.6804142321204469,0.4629635272720574,0,0.2
