method,true_params,bivpois_eta,bivpois_estimated_ha,bivpois_bias,bivpois_mse,pc_eta,pc_bias,pc_mse,lm_eta,lm_bias,lm_mse,team_strength_correlation,mu
bivpois,0.5,0.5619615924120103,0.6380239703331775,0.13802397033317748,0.019050616386533856,0.730968097572237,0.23096809757223702,0.0533462620961384,1.0233918128655075,0.5233918128655075,0.2739389897746424,-0.8,1.161834242728283
