method,true_params,bivpois_eta,bivpois_estimated_ha,bivpois_bias,bivpois_mse,pc_eta,pc_bias,pc_mse,lm_eta,lm_bias,lm_mse,team_strength_correlation,mu
bivpois,0.5,0.4764095865394245,0.5649942049887121,0.06499420498871211,0.00422424668211473,0.6684531452764196,0.16845314527641964,0.02837646215351854,0.14912280701756284,-0.35087719298243714,0.12311480455523444,-0.8,1.161834242728283
