true_params,bivpois_eta,bivpois_estimated_ha,bivpois_eta_bias,bivpois_eta_mse,lm_eta,lm_eta_bias,lm_eta_mse,team_strength_correlation,lambda3
0.25121488828502747,0.23179264006563868,0.2608582502351666,0.009643361950139151,9.299442970139157e-5,0.1783625730994053,-0.07285231518562216,0.005307459827905233,0,0.2
