method,true_params,bivpois_eta,bivpois_estimated_ha,bivpois_bias,bivpois_mse,pc_eta,pc_bias,pc_mse,lm_eta,lm_bias,lm_mse,team_strength_correlation,mu
bivpois,0.5,0.6368919855820004,0.7723214337390466,0.2723214337390466,0.07415896327368995,0.9223805839551484,0.42238058395514844,0.17840535770229218,0.7543859649122708,0.25438596491227083,0.06471221914434709,-0.8,1.161834242728283
