true_params,bivpois_eta,bivpois_estimated_ha,bivpois_eta_bias,bivpois_eta_mse,lm_eta,lm_eta_bias,lm_eta_mse,team_strength_correlation,lambda3
0.5351717501045559,0.4861596076616602,0.6260595070564727,0.09088775695191686,0.008260584363750713,0.5146198830409301,-0.020551867063625773,4.223792398009458e-4,0,0.2
