method,true_params,bivpois_eta,bivpois_estimated_ha,bivpois_bias,bivpois_mse,pc_eta,pc_bias,pc_mse,lm_eta,lm_bias,lm_mse,team_strength_correlation,mu
bivpois,0.5,0.4942539186332487,0.6563277706700923,0.1563277706700923,0.024438371882680967,0.7078376470423088,0.20783764704230878,0.043196487528083326,0.5409356725146268,0.04093567251462682,0.0016757292842247736,-0.8,1.161834242728283
