method,true_params,bivpois_eta,bivpois_estimated_ha,bivpois_bias,bivpois_mse,pc_eta,pc_bias,pc_mse,lm_eta,lm_bias,lm_mse,team_strength_correlation,mu
bivpois,0.5,0.4727024013054431,0.6334297973647358,0.1334297973647358,0.01780351082479446,0.7096019386505824,0.2096019386505824,0.04393297268608251,0.9853801169590685,0.48538011695906846,0.235593857939199,-0.8,1.161834242728283
