true_params,bivpois_eta,bivpois_estimated_ha,bivpois_eta_bias,bivpois_eta_mse,lm_eta,lm_eta_bias,lm_eta_mse,team_strength_correlation,lambda3
0.27736051477713175,0.1658740573739835,0.18042442660910418,-0.09693608816802757,0.009396605189319614,0.4356725146198784,0.15831199984274663,0.02506268929420981,0,0.2
