method,true_params,bivpois_eta,bivpois_estimated_ha,bivpois_bias,bivpois_mse,pc_eta,pc_bias,pc_mse,lm_eta,lm_bias,lm_mse,team_strength_correlation,mu
bivpois,0.5,0.523821960932646,0.6907752162741285,0.19077521627412852,0.03639518314444051,0.7355109569650552,0.2355109569650552,0.05546541085059608,0.5730994152046789,0.07309941520467889,0.005343524503266039,-0.8,1.161834242728283
