method,true_params,bivpois_eta,bivpois_estimated_ha,bivpois_bias,bivpois_mse,pc_eta,pc_bias,pc_mse,lm_eta,lm_bias,lm_mse,team_strength_correlation,mu
bivpois,0.5,0.4927158167300874,0.6317360028655999,0.13173600286559994,0.017354374451005357,0.7265441296946483,0.22654412969464832,0.05132224269910564,0.5263157894736936,0.026315789473693618,6.925207756237639e-4,-0.8,1.161834242728283
