method,true_params,bivpois_eta,bivpois_estimated_ha,bivpois_bias,bivpois_mse,pc_eta,pc_bias,pc_mse,lm_eta,lm_bias,lm_mse,team_strength_correlation,mu
bivpois,0.5,0.46939094548237315,0.645489987115655,0.14548998711565497,0.02116733635091345,0.6978461828288774,0.19784618282887745,0.0391431120599576,0.8947368421052637,0.3947368421052637,0.1558171745152359,-0.8,1.161834242728283
