true_params,bivpois_eta,bivpois_estimated_ha,bivpois_eta_bias,bivpois_eta_mse,lm_eta,lm_eta_bias,lm_eta_mse,team_strength_correlation,lambda3
0.4054628295032068,0.38370942309519357,0.4677188944991211,0.062256064995914295,0.0038758176287755053,-0.5116959064327309,-0.9171587359359377,0.841180146903607,0,0.2
