true_params,bivpois_eta,bivpois_estimated_ha,bivpois_eta_bias,bivpois_eta_mse,lm_eta,lm_eta_bias,lm_eta_mse,team_strength_correlation,lambda3
0.4294782409776226,0.48934173692813515,0.6312420800382834,0.2017638390606608,0.04070864675249624,-0.1140350877192878,-0.5435133286969104,0.29540673847119575,0,0.2
