method,true_params,bivpois_eta,bivpois_estimated_ha,bivpois_bias,bivpois_mse,pc_eta,pc_bias,pc_mse,lm_eta,lm_bias,lm_mse,team_strength_correlation,mu
bivpois,0.5,0.4427416483325512,0.61403225947487,0.11403225947486995,0.013003356200944066,0.6780826908871583,0.17808269088715833,0.031713444793611184,0.02923976608186399,-0.470760233918136,0.2216151978386581,-0.8,1.161834242728283
