method,true_params,bivpois_eta,bivpois_estimated_ha,bivpois_bias,bivpois_mse,pc_eta,pc_bias,pc_mse,lm_eta,lm_bias,lm_mse,team_strength_correlation,mu
bivpois,0.5,0.5925976053511409,0.7977861035882587,0.29778610358825874,0.08867656349027717,0.9254620309774073,0.4254620309774073,0.1810179398034203,1.7514619883040967,1.2514619883040967,1.5661571081700432,-0.8,1.161834242728283
