true_params,bivpois_eta,bivpois_estimated_ha,bivpois_eta_bias,bivpois_eta_mse,lm_eta,lm_eta_bias,lm_eta_mse,team_strength_correlation,lambda3
0.334991951479832,0.3132882934409009,0.3679158353502352,0.03292388387040318,0.0010839821291117947,0.2251461988304092,-0.10984575264942281,0.012066089375118178,0,0.2
