method,true_params,bivpois_eta,bivpois_estimated_ha,bivpois_bias,bivpois_mse,pc_eta,pc_bias,pc_mse,lm_eta,lm_bias,lm_mse,team_strength_correlation,mu
bivpois,0.5,0.46026956435874883,0.6125182025045712,0.11251820250457123,0.0126603458948597,0.6890861093074394,0.1890861093074394,0.035753556733024924,1.0701754385964943,0.5701754385964943,0.3251000307787047,-0.8,1.161834242728283
