method,true_params,bivpois_eta,bivpois_estimated_ha,bivpois_bias,bivpois_mse,pc_eta,pc_bias,pc_mse,lm_eta,lm_bias,lm_mse,team_strength_correlation,mu
bivpois,0.5,0.5431619547444748,0.7232078638768202,0.22320786387682023,0.04982175049645311,0.8057020822243767,0.30570208222437667,0.09345376307631956,1.6549707602339216,1.1549707602339216,1.333957456995323,-0.8,1.161834242728283
