method,true_params,bivpois_eta,bivpois_estimated_ha,bivpois_bias,bivpois_mse,pc_eta,pc_bias,pc_mse,lm_eta,lm_bias,lm_mse,team_strength_correlation,mu
bivpois,0.5,0.4251957759167652,0.5391230450916884,0.0391230450916884,0.0015306126572462839,0.5933748219093227,0.09337482190932267,0.008718857366597724,1.6228070175438691,1.1228070175438691,1.2606955986457584,-0.8,1.161834242728283
