true_params,bivpois_eta,bivpois_estimated_ha,bivpois_eta_bias,bivpois_eta_mse,lm_eta,lm_eta_bias,lm_eta_mse,team_strength_correlation,lambda3
0.6865037117384695,0.6381689798463586,0.8930115617584014,0.20650785001993188,0.04264549211985468,1.4444444444444684,0.7579407327059989,0.5744741542949066,0,0.2
