true_params,bivpois_eta,bivpois_estimated_ha,bivpois_eta_bias,bivpois_eta_mse,lm_eta,lm_eta_bias,lm_eta_mse,team_strength_correlation,lambda3
0.39493132055099256,0.45058412228382627,0.5692285391909633,0.17429721863997072,0.030379520425629757,0.8391812865496948,0.44424996599870226,0.1973580322898481,0,0.2
