method,true_params,bivpois_eta,bivpois_estimated_ha,bivpois_bias,bivpois_mse,pc_eta,pc_bias,pc_mse,lm_eta,lm_bias,lm_mse,team_strength_correlation,mu
bivpois,0.5,0.5464628034710771,0.7359030213138609,0.23590302131386087,0.0556502354650079,0.9361796286587476,0.4361796286587476,0.19025266845688296,1.7397660818713576,1.2397660818713576,1.5370199377586578,-0.8,1.161834242728283
