method,true_params,bivpois_eta,bivpois_estimated_ha,bivpois_bias,bivpois_mse,pc_eta,pc_bias,pc_mse,lm_eta,lm_bias,lm_mse,team_strength_correlation,mu
bivpois,0.5,0.6151997676331603,0.8017262791187288,0.30172627911872885,0.09103874751083307,0.9124999714281906,0.4124999714281906,0.17015622642825806,1.9269005847953269,1.4269005847953269,2.036045278889246,-0.8,1.161834242728283
