method,true_params,bivpois_eta,bivpois_estimated_ha,bivpois_bias,bivpois_mse,pc_eta,pc_bias,pc_mse,lm_eta,lm_bias,lm_mse,team_strength_correlation,mu
bivpois,0.5,0.5082459210058695,0.6680215231056787,0.16802152310567875,0.028231232226752136,0.7196758058700691,0.21967580587006907,0.04825745968466427,0.5906432748537931,0.09064327485379309,0.008216203276220278,-0.8,1.161834242728283
