method,true_params,bivpois_eta,bivpois_estimated_ha,bivpois_bias,bivpois_mse,pc_eta,pc_bias,pc_mse,lm_eta,lm_bias,lm_mse,team_strength_correlation,mu
bivpois,0.5,0.5134246232561015,0.6734481967234369,0.17344819672343692,0.030084276946612074,0.7572140494624691,0.25721404946246906,0.06615906724088148,0.21929824561403086,-0.2807017543859691,0.07879347491536093,-0.8,1.161834242728283
