method,true_params,bivpois_eta,bivpois_estimated_ha,bivpois_bias,bivpois_mse,pc_eta,pc_bias,pc_mse,lm_eta,lm_bias,lm_mse,team_strength_correlation,mu
bivpois,0.5,0.5484671282066572,0.713751270702212,0.213751270702212,0.045689605726810315,0.7786484472233762,0.27864844722337623,0.0776449571399987,0.584795321637434,0.08479532163743397,0.007190246571595878,-0.8,1.161834242728283
