true_params,bivpois_eta,bivpois_estimated_ha,bivpois_eta_bias,bivpois_eta_mse,lm_eta,lm_eta_bias,lm_eta_mse,team_strength_correlation,lambda3
0.2879265207732975,0.1946102238205468,0.21483737952292237,-0.07308914125037513,0.005342022568717288,0.415204678362575,0.12727815758927752,0.01619972939932096,0.5,0.2
