method,true_params,bivpois_eta,bivpois_estimated_ha,bivpois_bias,bivpois_mse,pc_eta,pc_bias,pc_mse,lm_eta,lm_bias,lm_mse,team_strength_correlation,mu
bivpois,0.5,0.48021362955194935,0.5991164187987453,0.09911641879874533,0.009824064475488278,0.6897316555586032,0.18973165555860316,0.03599810112100843,1.5175438596491113,1.0175438596491113,1.0353955063096103,-0.4,1.161834242728283
