true_params,bivpois_eta,bivpois_estimated_ha,bivpois_eta_bias,bivpois_eta_mse,lm_eta,lm_eta_bias,lm_eta_mse,team_strength_correlation,lambda3
0.09656132393127384,0.11110230447272025,0.1175092271988658,0.020947903267591966,4.388146513083902e-4,0.9590643274853808,0.862503003554107,0.7439114311398559,0.5,0.2
