method,true_params,bivpois_eta,bivpois_estimated_ha,bivpois_bias,bivpois_mse,pc_eta,pc_bias,pc_mse,lm_eta,lm_bias,lm_mse,team_strength_correlation,mu
bivpois,0.5,0.542669800063727,0.6662097542338905,0.1662097542338905,0.027625682402490283,0.7471579392598313,0.24715793925983132,0.061087046939166466,1.06140350877192,0.56140350877192,0.3151738996614233,-0.4,1.161834242728283
