method,true_params,bivpois_eta,bivpois_estimated_ha,bivpois_bias,bivpois_mse,pc_eta,pc_bias,pc_mse,lm_eta,lm_bias,lm_mse,team_strength_correlation,mu
bivpois,0.5,0.45033686365652287,0.4895111483958161,-0.01048885160418389,1.1001600797459098e-4,0.5863961631003076,0.08639616310030762,0.007464296998454956,1.5701754385964921,1.0701754385964921,1.1452754693751943,-0.4,1.161834242728283
