method,true_params,bivpois_eta,bivpois_estimated_ha,bivpois_bias,bivpois_mse,pc_eta,pc_bias,pc_mse,lm_eta,lm_bias,lm_mse,team_strength_correlation,mu
bivpois,0.5,0.6413134108869338,0.8182419990118941,0.3182419990118941,0.1012779699350864,0.9719228348775883,0.47192283487758835,0.22271116207889952,1.0877192982456267,0.5877192982456267,0.34541397353033193,-0.4,1.161834242728283
