method,true_params,bivpois_eta,bivpois_estimated_ha,bivpois_bias,bivpois_mse,pc_eta,pc_bias,pc_mse,lm_eta,lm_bias,lm_mse,team_strength_correlation,mu
bivpois,0.5,0.48108114946539593,0.6693635099748421,0.16936350997484206,0.028683998510998426,0.7462820433680906,0.24628204336809056,0.06065484488556204,0.6754385964912154,0.1754385964912154,0.0307787011388075,-0.4,1.161834242728283
