method,true_params,bivpois_eta,bivpois_estimated_ha,bivpois_bias,bivpois_mse,pc_eta,pc_bias,pc_mse,lm_eta,lm_bias,lm_mse,team_strength_correlation,mu
bivpois,0.5,0.6157798443195454,0.8194502494003946,0.31945024940039457,0.10204846184197429,0.9156674789798929,0.41566747897989287,0.17277945308149967,1.815789473684198,1.315789473684198,1.7313019390581388,-0.4,1.161834242728283
