true_params,bivpois_eta,bivpois_estimated_ha,bivpois_eta_bias,bivpois_eta_mse,lm_eta,lm_eta_bias,lm_eta_mse,team_strength_correlation,lambda3
0.6572494097627873,0.5219787619667581,0.6853592772009582,0.0281098674381709,7.901646473915405e-4,1.3801169590643145,0.7228675493015272,0.5225374938331958,0.5,0.2
