method,true_params,bivpois_eta,bivpois_estimated_ha,bivpois_bias,bivpois_mse,pc_eta,pc_bias,pc_mse,lm_eta,lm_bias,lm_mse,team_strength_correlation,mu
bivpois,0.5,0.4287248776847529,0.5211318802590731,0.021131880259073088,4.4655636328380286e-4,0.6311140799340764,0.13111407993407642,0.01719090195695938,0.7456140350877333,0.24561403508773327,0.06032625423207827,-0.4,1.161834242728283
