true_params,bivpois_eta,bivpois_estimated_ha,bivpois_eta_bias,bivpois_eta_mse,lm_eta,lm_eta_bias,lm_eta_mse,team_strength_correlation,lambda3
0.3172379853134743,0.3079957643010237,0.36069522542957055,0.04345724011609625,0.0018885317185080453,-0.2923976608187176,-0.6096356461321919,0.3716556210350151,0.5,0.2
