true_params,bivpois_eta,bivpois_estimated_ha,bivpois_eta_bias,bivpois_eta_mse,lm_eta,lm_eta_bias,lm_eta_mse,team_strength_correlation,lambda3
0.0966923918795081,0.06897227528124837,0.07140650429256845,-0.025285887586939643,6.393761110593483e-4,0.2748538011695973,0.1781614092900892,0.03174148776023068,0.5,0.2
