method,true_params,bivpois_eta,bivpois_estimated_ha,bivpois_bias,bivpois_mse,pc_eta,pc_bias,pc_mse,lm_eta,lm_bias,lm_mse,team_strength_correlation,mu
bivpois,0.5,0.4729558741804427,0.6676862232776508,0.16768622327765081,0.02811866947712216,0.7613816240799764,0.26138162407997645,0.06832035340668613,1.0467836257310008,0.5467836257310008,0.29897233336753914,-0.4,1.161834242728283
