true_params,bivpois_eta,bivpois_estimated_ha,bivpois_eta_bias,bivpois_eta_mse,lm_eta,lm_eta_bias,lm_eta_mse,team_strength_correlation,lambda3
0.03191484124187272,0.05836906351715888,0.06010617003343599,0.028191328791563268,7.94751019034024e-4,0.026315789473692293,-0.00559905176818043,3.13493807027644e-5,-0.5,0
