method,true_params,bivpois_eta,bivpois_estimated_ha,bivpois_bias,bivpois_mse,pc_eta,pc_bias,pc_mse,lm_eta,lm_bias,lm_mse,team_strength_correlation,mu
bivpois,0,-0.09715976955716156,-0.1038286856770152,-0.1038286856770152,0.01078039596941642,-0.1293174683187914,-0.1293174683187914,0.01672300761238162,-0.8011695906432721,-0.8011695906432721,0.6418727129715082,-0.4,1
