true_params,bivpois_eta,bivpois_estimated_ha,bivpois_eta_bias,bivpois_eta_mse,lm_eta,lm_eta_bias,lm_eta_mse,team_strength_correlation,lambda3
0.15889763470002213,0.2021138494888358,0.22398735051337448,0.06508971581335235,0.004236671104662971,0.511695906432745,0.3527982717327228,0.12446662053759613,0.5,0.2
