method,true_params,bivpois_eta,bivpois_estimated_ha,bivpois_bias,bivpois_mse,pc_eta,pc_bias,pc_mse,lm_eta,lm_bias,lm_mse,team_strength_correlation,mu
bivpois,0.5,0.5573835185040479,0.6297482553526224,0.12974825535262235,0.016834609767049296,0.7127162805326005,0.2127162805326005,0.04524821600362399,0.3187134502923956,-0.18128654970760438,0.032864813104887716,-0.4,1.161834242728283
