method,true_params,bivpois_eta,bivpois_estimated_ha,bivpois_bias,bivpois_mse,pc_eta,pc_bias,pc_mse,lm_eta,lm_bias,lm_mse,team_strength_correlation,mu
bivpois,0.5,0.5428199297619114,0.7309356510702087,0.23093565107020875,0.053331274935221204,0.8450374473490799,0.34503744734907993,0.1190508400731691,1.4532163742690138,0.9532163742690138,0.9086214561745647,-0.4,1.161834242728283
