method,true_params,bivpois_eta,bivpois_estimated_ha,bivpois_bias,bivpois_mse,pc_eta,pc_bias,pc_mse,lm_eta,lm_bias,lm_mse,team_strength_correlation,mu
bivpois,0.5,0.6015695447236675,0.7351485012796566,0.23514850127965659,0.055294817654068656,0.8131734119494142,0.31317341194941417,0.09807758595203747,0.5438596491228093,0.04385964912280926,0.0019236688211759433,-0.4,1.161834242728283
