method,true_params,bivpois_eta,bivpois_estimated_ha,bivpois_bias,bivpois_mse,pc_eta,pc_bias,pc_mse,lm_eta,lm_bias,lm_mse,team_strength_correlation,mu
bivpois,0.5,0.41605896977658924,0.5632279484431244,0.0632279484431244,0.003997773464326398,0.6181864632048054,0.11818646320480541,0.013968040084860824,0.6520467836257194,0.15204678362571944,0.023118224410926345,-0.4,1.161834242728283
