method,true_params,bivpois_eta,bivpois_estimated_ha,bivpois_bias,bivpois_mse,pc_eta,pc_bias,pc_mse,lm_eta,lm_bias,lm_mse,team_strength_correlation,mu
bivpois,0.5,0.5500772599811464,0.637810385369295,0.13781038536929502,0.018991702315633602,0.7634371341232906,0.2634371341232906,0.06939912363509261,1.2602339181286548,0.7602339181286548,0.5779556102732463,-0.4,1.161834242728283
