method,true_params,bivpois_eta,bivpois_estimated_ha,bivpois_bias,bivpois_mse,pc_eta,pc_bias,pc_mse,lm_eta,lm_bias,lm_mse,team_strength_correlation,mu
bivpois,0.5,0.5674327342491783,0.8240959130660981,0.3240959130660981,0.10503816086614781,0.9306676368395772,0.4306676368395772,0.18547461342098595,0.3538011695906406,-0.14619883040935938,0.021374098013064627,-0.4,1.161834242728283
