method,true_params,bivpois_eta,bivpois_estimated_ha,bivpois_bias,bivpois_mse,pc_eta,pc_bias,pc_mse,lm_eta,lm_bias,lm_mse,team_strength_correlation,mu
bivpois,0.5,0.5872348446171305,0.6667586213543212,0.16675862135432118,0.027808437795993863,0.7520359225658703,0.25203592256587026,0.06352210626362935,1.5526315789473797,1.0526315789473797,1.1080332409972535,-0.4,1.161834242728283
