true_params,bivpois_eta,bivpois_estimated_ha,bivpois_eta_bias,bivpois_eta_mse,lm_eta,lm_eta_bias,lm_eta_mse,team_strength_correlation,lambda3
0.0825425807760412,0.1447493283093492,0.1557498201920713,0.07320723941603009,0.00535929990291595,0.4298245614035058,0.34728198062746457,0.12060477406853468,0.5,0.2
