true_params,bivpois_eta,bivpois_estimated_ha,bivpois_eta_bias,bivpois_eta_mse,lm_eta,lm_eta_bias,lm_eta_mse,team_strength_correlation,lambda3
0.2413697939298376,0.23617297725854738,0.2663933484716723,0.02502355454183469,6.261782819081756e-4,0.447368421052639,0.20599862712280143,0.04243543437647898,0.5,0.2
