true_params,bivpois_eta,bivpois_estimated_ha,bivpois_eta_bias,bivpois_eta_mse,lm_eta,lm_eta_bias,lm_eta_mse,team_strength_correlation,lambda3
0.10310183451715067,0.1515153684700029,0.16359618436531642,0.06049434984816575,0.0036595663635522716,0.47660818713450365,0.373506352617353,0.13950699544551842,0.5,0.2
