method,true_params,bivpois_eta,bivpois_estimated_ha,bivpois_bias,bivpois_mse,pc_eta,pc_bias,pc_mse,lm_eta,lm_bias,lm_mse,team_strength_correlation,mu
bivpois,0.5,0.4879561071454389,0.6793038134212117,0.1793038134212117,0.0321498575073887,0.7737968633328381,0.27379686333283815,0.07496472237090085,0.3625730994151883,-0.13742690058481172,0.018886153004347723,-0.4,1.161834242728283
