method,true_params,bivpois_eta,bivpois_estimated_ha,bivpois_bias,bivpois_mse,pc_eta,pc_bias,pc_mse,lm_eta,lm_bias,lm_mse,team_strength_correlation,mu
bivpois,0.5,0.4868820851719896,0.6351031242829654,0.13510312428296545,0.01825285419101841,0.7610880406389241,0.2610880406389241,0.06816696496467248,2.043859649122805,1.5438596491228052,2.383502616189591,-0.4,1.161834242728283
