true_params,bivpois_eta,bivpois_estimated_ha,bivpois_eta_bias,bivpois_eta_mse,lm_eta,lm_eta_bias,lm_eta_mse,team_strength_correlation,lambda3
0.01594123595484105,0.09291570626194129,0.09736923001490139,0.08142799406006034,0.006630518216645221,-0.8538011695906412,-0.8697424055454823,0.7564518520040422,0.5,0.2
