method,true_params,bivpois_eta,bivpois_estimated_ha,bivpois_bias,bivpois_mse,pc_eta,pc_bias,pc_mse,lm_eta,lm_bias,lm_mse,team_strength_correlation,mu
bivpois,0.5,0.4138848083416881,0.5965950279287786,0.09659502792877861,0.00933059942056152,0.6789525339682323,0.1789525339682323,0.032024009413651335,0.6286549707602351,0.12865497076023513,0.016552101501316956,-0.4,1.161834242728283
