method,true_params,bivpois_eta,bivpois_estimated_ha,bivpois_bias,bivpois_mse,pc_eta,pc_bias,pc_mse,lm_eta,lm_bias,lm_mse,team_strength_correlation,mu
bivpois,0.5,0.595067117562261,0.7017803340953217,0.2017803340953217,0.04071530322761965,0.800706621170419,0.300706621170419,0.0904244720157299,0.38888888888887635,-0.11111111111112365,0.012345679012348466,-0.4,1.161834242728283
