true_params,bivpois_eta,bivpois_estimated_ha,bivpois_eta_bias,bivpois_eta_mse,lm_eta,lm_eta_bias,lm_eta_mse,team_strength_correlation,lambda3
0.04436956616393205,-0.08835375198369827,-0.08456301821079304,-0.1289325843747251,0.016623611313545606,0.23684210526314686,0.1924725390992148,0.03704567830729877,0.5,0.2
