true_params,bivpois_eta,bivpois_estimated_ha,bivpois_eta_bias,bivpois_eta_mse,lm_eta,lm_eta_bias,lm_eta_mse,team_strength_correlation,lambda3
0.18511116124498497,0.24009029333786935,0.2713639408327819,0.08625277958779695,0.007439541986621083,-0.02046783625730385,-0.20557899750228883,0.04226272421404608,0.5,0.2
