method,true_params,bivpois_eta,bivpois_estimated_ha,bivpois_bias,bivpois_mse,pc_eta,pc_bias,pc_mse,lm_eta,lm_bias,lm_mse,team_strength_correlation,mu
bivpois,0,0.016087623795943536,0.015876675171091703,0.015876675171091703,2.5206881448835977e-4,0.021121272432368804,0.021121272432368804,4.4610814916234244e-4,-0.3040935672514625,-0.3040935672514625,0.09247289764371976,-0.4,1
