true_params,bivpois_eta,bivpois_estimated_ha,bivpois_eta_bias,bivpois_eta_mse,lm_eta,lm_eta_bias,lm_eta_mse,team_strength_correlation,lambda3
0.243315279217831,0.1083441329407248,0.11443119188769701,-0.12888408733013398,0.016611107966921602,-0.18421052631580054,-0.4275258055336315,0.1827783143971805,0.5,0.2
