method,true_params,bivpois_eta,bivpois_estimated_ha,bivpois_bias,bivpois_mse,pc_eta,pc_bias,pc_mse,lm_eta,lm_bias,lm_mse,team_strength_correlation,mu
bivpois,0.5,0.4067419847207602,0.5089274877820213,0.008927487782021348,7.970003809814046e-5,0.5774841572565255,0.07748415725652547,0.0060037946257539675,0.6345029239765971,0.13450292397659713,0.018091036558254267,-0.4,1.161834242728283
