true_params,bivpois_eta,bivpois_estimated_ha,bivpois_eta_bias,bivpois_eta_mse,lm_eta,lm_eta_bias,lm_eta_mse,team_strength_correlation,lambda3
0.4951675380532988,0.3667382658155492,0.443020181973498,-0.052147356079800755,0.0027193467461135326,-0.3684210526315839,-0.8635885906848827,0.7457852539611018,0.5,0.2
