method,true_params,bivpois_eta,bivpois_estimated_ha,bivpois_bias,bivpois_mse,pc_eta,pc_bias,pc_mse,lm_eta,lm_bias,lm_mse,team_strength_correlation,mu
bivpois,0.5,0.5580199988037235,0.6848300064458279,0.18483000644582792,0.03416213128276479,0.7714917197490037,0.27149171974900366,0.07370775389227155,0.8040935672514601,0.3040935672514601,0.09247289764371827,-0.4,1.161834242728283
