method,true_params,bivpois_eta,bivpois_estimated_ha,bivpois_bias,bivpois_mse,pc_eta,pc_bias,pc_mse,lm_eta,lm_bias,lm_mse,team_strength_correlation,mu
bivpois,0.5,0.5118735986425897,0.5918347131880937,0.09183471318809366,0.008433614546339424,0.6593372554056699,0.1593372554056699,0.02538836096021168,1.3742690058479459,0.8742690058479459,0.7643462945863556,-0.4,1.161834242728283
