method,true_params,bivpois_eta,bivpois_estimated_ha,bivpois_bias,bivpois_mse,pc_eta,pc_bias,pc_mse,lm_eta,lm_bias,lm_mse,team_strength_correlation,mu
bivpois,0.5,0.484251605008534,0.6431244992303056,0.14312449923030557,0.02048462227992574,0.7148560981411549,0.21485609814115492,0.04616314290844159,0.6520467836257293,0.15204678362572932,0.02311822441092935,-0.4,1.161834242728283
