true_params,bivpois_eta,bivpois_estimated_ha,bivpois_eta_bias,bivpois_eta_mse,lm_eta,lm_eta_bias,lm_eta_mse,team_strength_correlation,lambda3
0.3704999462688924,0.32849990739539475,0.38888311171112466,0.018383165442232285,3.3794077167648335e-4,0.3421052631578887,-0.028394683111003682,8.062580289743178e-4,0.5,0.2
