method,true_params,bivpois_eta,bivpois_estimated_ha,bivpois_bias,bivpois_mse,pc_eta,pc_bias,pc_mse,lm_eta,lm_bias,lm_mse,team_strength_correlation,mu
bivpois,0.5,0.47589678476933195,0.584003259198977,0.084003259198977,0.007056547556050514,0.6637015073732236,0.16370150737322364,0.026798183516265596,-0.0730994152046598,-0.5730994152046598,0.32844293970792304,-0.4,1.161834242728283
