method,true_params,bivpois_eta,bivpois_estimated_ha,bivpois_bias,bivpois_mse,pc_eta,pc_bias,pc_mse,lm_eta,lm_bias,lm_mse,team_strength_correlation,mu
bivpois,0.5,0.45159036426624,0.6815638835449593,0.18156388354495934,0.032965443807927555,0.7779192906159972,0.2779192906159972,0.0772391320964991,0.35964912280702716,-0.14035087719297284,0.019698368728836946,-0.4,1.161834242728283
