method,true_params,bivpois_eta,bivpois_estimated_ha,bivpois_bias,bivpois_mse,pc_eta,pc_bias,pc_mse,lm_eta,lm_bias,lm_mse,team_strength_correlation,mu
bivpois,0.5,0.4301643588371414,0.6066546101771508,0.10665461017715083,0.011375205872040006,0.6634873758106296,0.16348737581062955,0.02672812204944602,0.14912280701753602,-0.350877192982464,0.12311480455525328,-0.4,1.161834242728283
