method,true_params,bivpois_eta,bivpois_estimated_ha,bivpois_bias,bivpois_mse,pc_eta,pc_bias,pc_mse,lm_eta,lm_bias,lm_mse,team_strength_correlation,mu
bivpois,0,-0.06720642182163927,-0.06462839965349887,-0.06462839965349887,0.004176830041772372,-0.07355553814232015,-0.07355553814232015,0.005410417191406313,-0.02923976608186505,-0.02923976608186505,8.549639205221859e-4,-0.4,1
