true_params,bivpois_eta,bivpois_estimated_ha,bivpois_eta_bias,bivpois_eta_mse,lm_eta,lm_eta_bias,lm_eta_mse,team_strength_correlation,lambda3
0.4907992975537273,0.42057478187924285,0.5228366029983051,0.032037305444577835,0.0010263889401491766,1.938596491228075,1.4477971936743477,2.0961167140113166,0.5,0.2
