method,true_params,bivpois_eta,bivpois_estimated_ha,bivpois_bias,bivpois_mse,pc_eta,pc_bias,pc_mse,lm_eta,lm_bias,lm_mse,team_strength_correlation,mu
bivpois,0.5,0.5197927611376729,0.7493261837548562,0.24932618375485616,0.0621635459057603,0.8386785395771363,0.33867853957713634,0.11470315317010191,0.900584795321639,0.40058479532163904,0.16046817824287946,-0.4,1.161834242728283
