method,true_params,bivpois_eta,bivpois_estimated_ha,bivpois_bias,bivpois_mse,pc_eta,pc_bias,pc_mse,lm_eta,lm_bias,lm_mse,team_strength_correlation,mu
bivpois,0.5,0.6011353473755889,0.7715783750392907,0.2715783750392907,0.07375481378898165,0.8376390127453486,0.3376390127453486,0.11400010292765365,0.8450292397660789,0.3450292397660789,0.11904517629355837,-0.4,1.161834242728283
