true_params,bivpois_eta,bivpois_estimated_ha,bivpois_eta_bias,bivpois_eta_mse,lm_eta,lm_eta_bias,lm_eta_mse,team_strength_correlation,lambda3
0.14494743052444276,0.12134604532780098,0.12901553532783572,-0.015931895196607038,2.538252845556704e-4,-0.37426900584794015,-0.5192164363723829,0.26958570779923674,0.5,0.2
