true_params,bivpois_eta,bivpois_estimated_ha,bivpois_eta_bias,bivpois_eta_mse,lm_eta,lm_eta_bias,lm_eta_mse,team_strength_correlation,lambda3
0.28348283220212817,0.2487414933841193,0.2824104786241497,-0.0010723535779784688,1.149942196203224e-6,-0.6871345029239827,-0.9706173351261109,0.9420980112473131,0.5,0.2
