method,true_params,bivpois_eta,bivpois_estimated_ha,bivpois_bias,bivpois_mse,pc_eta,pc_bias,pc_mse,lm_eta,lm_bias,lm_mse,team_strength_correlation,mu
bivpois,0.5,0.5009327953772836,0.6316723082231066,0.1316723082231066,0.017337596752800787,0.700577083020273,0.200577083020273,0.040231166232921486,0.891812865497064,0.39181286549706396,0.15351732156902034,-0.4,1.161834242728283
