method,true_params,bivpois_eta,bivpois_estimated_ha,bivpois_bias,bivpois_mse,pc_eta,pc_bias,pc_mse,lm_eta,lm_bias,lm_mse,team_strength_correlation,mu
bivpois,0.5,0.5155118835719111,0.5908877162120673,0.09088771621206726,0.008260576958245273,0.7410941487027861,0.24109414870278612,0.058126388538721145,0.18128654970760305,-0.31871345029239695,0.10157826339728418,-0.4,1.161834242728283
