true_params,bivpois_eta,bivpois_estimated_ha,bivpois_eta_bias,bivpois_eta_mse,lm_eta,lm_eta_bias,lm_eta_mse,team_strength_correlation,lambda3
0.5887193063342483,0.5387745676048169,0.7139052997099395,0.12518599337569125,0.015671532937458613,1.2631578947368407,0.6744385884025924,0.45486740952648147,0.5,0.2
