method,true_params,bivpois_eta,bivpois_estimated_ha,bivpois_bias,bivpois_mse,pc_eta,pc_bias,pc_mse,lm_eta,lm_bias,lm_mse,team_strength_correlation,mu
bivpois,0.5,0.3539047388125675,0.44223484986043826,-0.05776515013956174,0.0033368125706461096,0.48561737473962835,-0.014382625260371651,2.068599093802807e-4,0.5730994152046783,0.07309941520467833,0.005343524503265957,-0.4,1.161834242728283
