true_params,bivpois_eta,bivpois_estimated_ha,bivpois_eta_bias,bivpois_eta_mse,lm_eta,lm_eta_bias,lm_eta_mse,team_strength_correlation,lambda3
0.25034009437747057,0.18050470670897,0.19782175926563772,-0.05251833511183285,0.002758175522918775,0.1725146198830432,-0.07782547449442737,0.006056804480282765,0.5,0.2
