method,true_params,bivpois_eta,bivpois_estimated_ha,bivpois_bias,bivpois_mse,pc_eta,pc_bias,pc_mse,lm_eta,lm_bias,lm_mse,team_strength_correlation,mu
bivpois,0.5,0.6128377243956846,0.9889447890064396,0.48894478900643956,0.2390670066965517,1.1038353834078747,0.6038353834078747,0.364617170255335,1.6081871345029242,1.1081871345029242,1.228078725077802,-0.4,1.161834242728283
