method,true_params,bivpois_eta,bivpois_estimated_ha,bivpois_bias,bivpois_mse,pc_eta,pc_bias,pc_mse,lm_eta,lm_bias,lm_mse,team_strength_correlation,mu
bivpois,0.5,0.519584557485824,0.6057197440444275,0.10571974404442752,0.011176664280819268,0.6607807508218738,0.16078075082187382,0.02585044983484548,0.9883040935672458,0.4883040935672458,0.23844088779452954,-0.4,1.161834242728283
