true_params,bivpois_eta,bivpois_estimated_ha,bivpois_eta_bias,bivpois_eta_mse,lm_eta,lm_eta_bias,lm_eta_mse,team_strength_correlation,lambda3
0.3651677779427185,0.33208611854843345,0.39387288165317114,0.02870510371045265,8.239829790278425e-4,0.5497076023391794,0.18453982439646088,0.03405494678827662,0.5,0.2
