method,true_params,bivpois_eta,bivpois_estimated_ha,bivpois_bias,bivpois_mse,pc_eta,pc_bias,pc_mse,lm_eta,lm_bias,lm_mse,team_strength_correlation,mu
bivpois,0.5,0.5935834252463337,0.8471162129086136,0.3471162129086136,0.12048966526401797,0.9887589286615529,0.4887589286615529,0.23888529034638897,1.011695906432735,0.5116959064327351,0.2618327006600184,-0.4,1.161834242728283
