true_params,bivpois_eta,bivpois_estimated_ha,bivpois_eta_bias,bivpois_eta_mse,lm_eta,lm_eta_bias,lm_eta_mse,team_strength_correlation,lambda3
0.05303250877088156,0.06502495919990559,0.06718566015201555,0.014153151381133988,2.0031169401729491e-4,0.1315789473684357,0.07854643859755414,0.006169543016359343,-0.5,0
