method,true_params,bivpois_eta,bivpois_estimated_ha,bivpois_bias,bivpois_mse,pc_eta,pc_bias,pc_mse,lm_eta,lm_bias,lm_mse,team_strength_correlation,mu
bivpois,0,-0.040830025793919124,-0.04427871136029471,-0.04427871136029471,0.0019606042797282917,-0.04511939260778846,-0.04511939260778846,0.0020357595892957557,-0.44736842105263014,-0.44736842105263014,0.20013850415512335,-0.4,1
