method,true_params,bivpois_eta,bivpois_estimated_ha,bivpois_bias,bivpois_mse,pc_eta,pc_bias,pc_mse,lm_eta,lm_bias,lm_mse,team_strength_correlation,mu
bivpois,0.5,0.4999135320034592,0.7176805926190908,0.21768059261909078,0.04738484040299856,0.8337862412895775,0.33378624128957746,0.11141325487422402,-0.20467836257310176,-0.7046783625731018,0.49657159467870793,-0.4,1.161834242728283
