method,true_params,bivpois_eta,bivpois_estimated_ha,bivpois_bias,bivpois_mse,pc_eta,pc_bias,pc_mse,lm_eta,lm_bias,lm_mse,team_strength_correlation,mu
bivpois,0.5,0.4344531757604974,0.5126575168801496,0.0126575168801496,1.6021273357127205e-4,0.5814472364510711,0.0814472364510711,0.006633652325516685,0.13157894736842815,-0.3684210526315719,0.13573407202215546,-0.4,1.161834242728283
