true_params,bivpois_eta,bivpois_estimated_ha,bivpois_eta_bias,bivpois_eta_mse,lm_eta,lm_eta_bias,lm_eta_mse,team_strength_correlation,lambda3
0.4363052433364716,0.4044684735387209,0.49850579285876084,0.06220054952228926,0.003868908360874759,-0.4327485380116976,-0.8690537813481691,0.7552544748755513,0.5,0.2
