method,true_params,bivpois_eta,bivpois_estimated_ha,bivpois_bias,bivpois_mse,pc_eta,pc_bias,pc_mse,lm_eta,lm_bias,lm_mse,team_strength_correlation,mu
bivpois,0.5,0.3468732886830054,0.5073124879407682,0.00731248794076822,5.347247988388064e-5,0.5820817934339835,0.08208179343398347,0.006737420813339132,1.0730994152046773,0.5730994152046773,0.32844293970794314,-0.4,1.161834242728283
