method,true_params,bivpois_eta,bivpois_estimated_ha,bivpois_bias,bivpois_mse,pc_eta,pc_bias,pc_mse,lm_eta,lm_bias,lm_mse,team_strength_correlation,mu
bivpois,0.5,0.6148320427681955,0.7849992420118059,0.28499924201180593,0.08122456794730393,0.8770989754857684,0.37709897548576843,0.14220363731241617,0.5263157894736855,0.026315789473685514,6.925207756233373e-4,-0.4,1.161834242728283
