true_params,bivpois_eta,bivpois_estimated_ha,bivpois_eta_bias,bivpois_eta_mse,lm_eta,lm_eta_bias,lm_eta_mse,team_strength_correlation,lambda3
0.23396424924896014,0.3366452229941801,0.4002422018703615,0.16627795262140138,0.027648357527965003,0.38888888888888035,0.1549246396399202,0.024001643967559133,-0.5,0
