method,true_params,bivpois_eta,bivpois_estimated_ha,bivpois_bias,bivpois_mse,pc_eta,pc_bias,pc_mse,lm_eta,lm_bias,lm_mse,team_strength_correlation,mu
bivpois,0.5,0.6367510839041209,0.7244833676008118,0.22448336760081178,0.05039278232940119,0.8626228961111145,0.36262289611111453,0.13149536478401216,1.8128654970760216,1.3128654970760216,1.7236158134126693,-0.4,1.161834242728283
