method,true_params,bivpois_eta,bivpois_estimated_ha,bivpois_bias,bivpois_mse,pc_eta,pc_bias,pc_mse,lm_eta,lm_bias,lm_mse,team_strength_correlation,mu
bivpois,0.5,0.5052576756645717,0.7029660390863608,0.2029660390863608,0.04119521302240614,0.826114760329923,0.32611476032992304,0.10635083690504314,0.35964912280700545,-0.14035087719299455,0.01969836872884304,0,1.161834242728283
