method,true_params,bivpois_eta,bivpois_estimated_ha,bivpois_bias,bivpois_mse,pc_eta,pc_bias,pc_mse,lm_eta,lm_bias,lm_mse,team_strength_correlation,mu
bivpois,0.5,0.5272129186059953,0.5836475363242237,0.08364753632422373,0.006996910333112328,0.7216933825337938,0.22169338253379378,0.04914795585927502,1.1432748538011785,0.6432748538011785,0.4138025375329276,0,1.161834242728283
