method,true_params,bivpois_eta,bivpois_estimated_ha,bivpois_bias,bivpois_mse,pc_eta,pc_bias,pc_mse,lm_eta,lm_bias,lm_mse,team_strength_correlation,mu
bivpois,0.5,0.5415866467851612,0.61796701127493,0.11796701127493003,0.01391621574913947,0.7309772230260184,0.23097722302601842,0.053350477556811056,-0.14619883040936268,-0.6461988304093627,0.4175729284224282,0,1.161834242728283
