true_params,bivpois_eta,bivpois_estimated_ha,bivpois_eta_bias,bivpois_eta_mse,lm_eta,lm_eta_bias,lm_eta_mse,team_strength_correlation,lambda3
0.1704295553446569,0.06893054695013266,0.07136179721998026,-0.09906775812467664,0.009814420699849434,0.4415204678362613,0.27109091249160444,0.07349028283553073,0.5,0.2
