method,true_params,bivpois_eta,bivpois_estimated_ha,bivpois_bias,bivpois_mse,pc_eta,pc_bias,pc_mse,lm_eta,lm_bias,lm_mse,team_strength_correlation,mu
bivpois,0.5,0.4900971070478631,0.6285268025603086,0.12852680256030857,0.01651913897637654,0.6995077452605204,0.1995077452605204,0.0398033404189367,0.9415204678362542,0.4415204678362542,0.19494032351834478,0,1.161834242728283
