true_params,bivpois_eta,bivpois_estimated_ha,bivpois_eta_bias,bivpois_eta_mse,lm_eta,lm_eta_bias,lm_eta_mse,team_strength_correlation,lambda3
0.14438236327987108,0.03283947596684553,0.03338464285581222,-0.11099772042405887,0.012320493939337535,-0.10818713450293184,-0.2525694977828029,0.06379135121025728,0.5,0.2
