true_params,bivpois_eta,bivpois_estimated_ha,bivpois_eta_bias,bivpois_eta_mse,lm_eta,lm_eta_bias,lm_eta_mse,team_strength_correlation,lambda3
0.5658995136162345,0.4814895125073793,0.6184833588679783,0.052583845251743866,0.0027650607814593458,1.0818713450292468,0.5159718314130123,0.26622693081169796,0.5,0.2
