method,true_params,bivpois_eta,bivpois_estimated_ha,bivpois_bias,bivpois_mse,pc_eta,pc_bias,pc_mse,lm_eta,lm_bias,lm_mse,team_strength_correlation,mu
bivpois,0.5,0.49434629351167403,0.598034230966016,0.09803423096601604,0.009610710441098179,0.6852375408560607,0.1852375408560607,0.03431294654240076,0.6871345029239705,0.1871345029239705,0.03501932218460152,0,1.161834242728283
