method,true_params,bivpois_eta,bivpois_estimated_ha,bivpois_bias,bivpois_mse,pc_eta,pc_bias,pc_mse,lm_eta,lm_bias,lm_mse,team_strength_correlation,mu
bivpois,0.5,0.45337339535180043,0.7021478319923058,0.2021478319923058,0.040863745979189486,0.7982664891260711,0.2982664891260711,0.08896289853559271,-0.0555555555555544,-0.5555555555555544,0.3086419753086406,0,1.161834242728283
