true_params,bivpois_eta,bivpois_estimated_ha,bivpois_eta_bias,bivpois_eta_mse,lm_eta,lm_eta_bias,lm_eta_mse,team_strength_correlation,lambda3
0.5980348840160007,0.5173703689816023,0.6776103480995419,0.07957546408354121,0.006332254484110958,0.312865497076012,-0.28516938693998867,0.08132157924772898,0.5,0.2
