method,true_params,bivpois_eta,bivpois_estimated_ha,bivpois_bias,bivpois_mse,pc_eta,pc_bias,pc_mse,lm_eta,lm_bias,lm_mse,team_strength_correlation,mu
bivpois,0.5,0.5133870373329804,0.6061947917896985,0.10619479178969848,0.011277333803257412,0.6838158936610721,0.1838158936610721,0.03378828276241856,1.0818713450292474,0.5818713450292474,0.3385742621661455,0,1.161834242728283
