true_params,bivpois_eta,bivpois_estimated_ha,bivpois_eta_bias,bivpois_eta_mse,lm_eta,lm_eta_bias,lm_eta_mse,team_strength_correlation,lambda3
0.2869508680993693,0.25059710023331716,0.28479233750514465,-0.0021585305942246613,4.659254326203869e-6,1.6023391812865608,1.3153883131871915,1.730246414469445,0.5,0.2
