true_params,bivpois_eta,bivpois_estimated_ha,bivpois_eta_bias,bivpois_eta_mse,lm_eta,lm_eta_bias,lm_eta_mse,team_strength_correlation,lambda3
0.12500549174607317,0.06303357524672422,0.0650625983705082,-0.059942893375564965,0.00359315046623435,0.4035087719298249,0.27850328018375176,0.07756407707310933,0.5,0.2
