method,true_params,bivpois_eta,bivpois_estimated_ha,bivpois_bias,bivpois_mse,pc_eta,pc_bias,pc_mse,lm_eta,lm_bias,lm_mse,team_strength_correlation,mu
bivpois,0.5,0.583484928857889,0.6423340176576295,0.14233401765762954,0.020258972582562398,0.7250641058064293,0.22506410580642933,0.050653851722447615,0.529239766081875,0.02923976608187495,8.549639205227648e-4,0,1.161834242728283
