method,true_params,bivpois_eta,bivpois_estimated_ha,bivpois_bias,bivpois_mse,pc_eta,pc_bias,pc_mse,lm_eta,lm_bias,lm_mse,team_strength_correlation,mu
bivpois,0.5,0.5683787576043948,0.6869274463797044,0.18692744637970438,0.03494187021003725,0.7905326022914135,0.29053260229141353,0.08440919299422067,-0.3245614035087758,-0.8245614035087758,0.6799015081563622,0,1.161834242728283
