true_params,bivpois_eta,bivpois_estimated_ha,bivpois_eta_bias,bivpois_eta_mse,lm_eta,lm_eta_bias,lm_eta_mse,team_strength_correlation,lambda3
0.1493644621788864,0.09960646656159157,0.10473608193112183,-0.04462838024776458,0.001991692323539064,0.6725146198830438,0.5231501577041574,0.27368608750588475,0.5,0.2
