method,true_params,bivpois_eta,bivpois_estimated_ha,bivpois_bias,bivpois_mse,pc_eta,pc_bias,pc_mse,lm_eta,lm_bias,lm_mse,team_strength_correlation,mu
bivpois,0.5,0.5388218311658736,0.7045962407293422,0.20459624072934224,0.04185962172057896,0.7670261622970793,0.2670261622970793,0.07130297135110614,0.3713450292397755,-0.12865497076022447,0.016552101501314215,0,1.161834242728283
