true_params,bivpois_eta,bivpois_estimated_ha,bivpois_eta_bias,bivpois_eta_mse,lm_eta,lm_eta_bias,lm_eta_mse,team_strength_correlation,lambda3
0.5965817333802051,0.5829732634303201,0.7913566958850691,0.19477496250486392,0.037937286018771145,0.9269005847953217,0.3303188514151165,0.10911054360020182,0.5,0.2
