method,true_params,bivpois_eta,bivpois_estimated_ha,bivpois_bias,bivpois_mse,pc_eta,pc_bias,pc_mse,lm_eta,lm_bias,lm_mse,team_strength_correlation,mu
bivpois,0.5,0.4658315355850896,0.6082974626818696,0.10829746268186957,0.011728340423330933,0.669573684842189,0.16957368484218904,0.028755234590958054,0.3099415204678245,-0.19005847953217547,0.03612222564208236,0,1.161834242728283
