true_params,bivpois_eta,bivpois_estimated_ha,bivpois_eta_bias,bivpois_eta_mse,lm_eta,lm_eta_bias,lm_eta_mse,team_strength_correlation,lambda3
0.2949417609072411,0.21448015284556002,0.2392175257887983,-0.05572423511844282,0.003105190379535496,0.8157894736842032,0.5208477127769621,0.2712823399049928,0.5,0.2
