method,true_params,bivpois_eta,bivpois_estimated_ha,bivpois_bias,bivpois_mse,pc_eta,pc_bias,pc_mse,lm_eta,lm_bias,lm_mse,team_strength_correlation,mu
bivpois,0.5,0.5386407227844999,0.6973928046908259,0.19739280469082587,0.03896391934371053,0.7854575858504637,0.28545758585046366,0.08148603331957482,0.7894736842105433,0.2894736842105433,0.08379501385042536,0,1.161834242728283
