method,true_params,bivpois_eta,bivpois_estimated_ha,bivpois_bias,bivpois_mse,pc_eta,pc_bias,pc_mse,lm_eta,lm_bias,lm_mse,team_strength_correlation,mu
bivpois,0.5,0.5635675998321047,0.6562862675213402,0.15628626752134023,0.024425397415751924,0.7413929305722868,0.24139293057228683,0.05827054693027689,0.4532163742690101,-0.046783625730989875,0.002188707636537338,0,1.161834242728283
