true_params,bivpois_eta,bivpois_estimated_ha,bivpois_eta_bias,bivpois_eta_mse,lm_eta,lm_eta_bias,lm_eta_mse,team_strength_correlation,lambda3
0.34396930658949515,0.2564919569654745,0.2923883710335884,-0.05158093555590676,0.002660592912822606,1.1228070175438667,0.7788377109543716,0.6065881800046453,0.5,0.2
