method,true_params,bivpois_eta,bivpois_estimated_ha,bivpois_bias,bivpois_mse,pc_eta,pc_bias,pc_mse,lm_eta,lm_bias,lm_mse,team_strength_correlation,mu
bivpois,0.5,0.6809188712983615,0.9004994986300365,0.40049949863003653,0.16039984840291063,0.9941228936966972,0.49412289369669715,0.24415743407519747,1.2807017543859616,0.7807017543859616,0.6094952293013183,0,1.161834242728283
