true_params,bivpois_eta,bivpois_estimated_ha,bivpois_eta_bias,bivpois_eta_mse,lm_eta,lm_eta_bias,lm_eta_mse,team_strength_correlation,lambda3
0.6709958976412006,0.48715817083879825,0.6276840411690379,-0.043311856472162735,0.001875916911065225,0.6257309941520427,-0.045264903489157904,0.0020489114878827794,0.5,0.2
