method,true_params,bivpois_eta,bivpois_estimated_ha,bivpois_bias,bivpois_mse,pc_eta,pc_bias,pc_mse,lm_eta,lm_bias,lm_mse,team_strength_correlation,mu
bivpois,0.5,0.4271306171224769,0.5034431344326198,0.0034431344326197877,1.1855174721091987e-5,0.5821836473586164,0.08218364735861639,0.006754151893165414,0.9093567251462138,0.4093567251462138,0.16757292842243282,0,1.161834242728283
