method,true_params,bivpois_eta,bivpois_estimated_ha,bivpois_bias,bivpois_mse,pc_eta,pc_bias,pc_mse,lm_eta,lm_bias,lm_mse,team_strength_correlation,mu
bivpois,0.5,0.4876726562429834,0.5750207266775977,0.07502072667759774,0.005628109431234825,0.651153038504609,0.15115303850460904,0.022847241049175824,-0.05847953216373999,-0.55847953216374,0.31189938784582993,0,1.161834242728283
