method,true_params,bivpois_eta,bivpois_estimated_ha,bivpois_bias,bivpois_mse,pc_eta,pc_bias,pc_mse,lm_eta,lm_bias,lm_mse,team_strength_correlation,mu
bivpois,0.5,0.4490261376705528,0.5794664508868275,0.07946645088682747,0.006314916816548562,0.6302341824611084,0.1302341824611084,0.016960942281313278,0.41228070175438675,-0.08771929824561325,0.007694675284702849,0,1.161834242728283
