method,true_params,bivpois_eta,bivpois_estimated_ha,bivpois_bias,bivpois_mse,pc_eta,pc_bias,pc_mse,lm_eta,lm_bias,lm_mse,team_strength_correlation,mu
bivpois,0.5,0.6181269378564109,0.7715932259577575,0.2715932259577575,0.07376288038614151,0.8382891184356597,0.3382891184356597,0.11443952765197578,0.34502923976608674,-0.15497076023391326,0.024015936527477032,0,1.161834242728283
