true_params,bivpois_eta,bivpois_estimated_ha,bivpois_eta_bias,bivpois_eta_mse,lm_eta,lm_eta_bias,lm_eta_mse,team_strength_correlation,lambda3
0.047155539396441376,0.12609140694105603,0.13438585428506,0.08723031488861863,0.007609127835567561,0.2748538011696041,0.22769826177316274,0.05184649841451974,0.5,0.2
