method,true_params,bivpois_eta,bivpois_estimated_ha,bivpois_bias,bivpois_mse,pc_eta,pc_bias,pc_mse,lm_eta,lm_bias,lm_mse,team_strength_correlation,mu
bivpois,0.5,0.3980293175715071,0.5820607099355679,0.08206070993556791,0.006733960115129414,0.6538470719841625,0.15384707198416248,0.023668921558100072,1.16666666666665,0.6666666666666501,0.4444444444444223,0,1.161834242728283
