method,true_params,bivpois_eta,bivpois_estimated_ha,bivpois_bias,bivpois_mse,pc_eta,pc_bias,pc_mse,lm_eta,lm_bias,lm_mse,team_strength_correlation,mu
bivpois,0.5,0.5137294355194378,0.6994267829374337,0.19942678293743366,0.03977104175277428,0.7772006749984327,0.2772006749984327,0.07684021421958671,0.973684210526319,0.47368421052631904,0.22437673130194213,0,1.161834242728283
