method,true_params,bivpois_eta,bivpois_estimated_ha,bivpois_bias,bivpois_mse,pc_eta,pc_bias,pc_mse,lm_eta,lm_bias,lm_mse,team_strength_correlation,mu
bivpois,0.5,0.5957423751305666,0.8959908550343956,0.3959908550343956,0.15680875727087168,0.9600152843776696,0.4600152843776696,0.2116140618610682,-0.2309941520467789,-0.7309941520467789,0.5343524503265893,0,1.161834242728283
