method,true_params,bivpois_eta,bivpois_estimated_ha,bivpois_bias,bivpois_mse,pc_eta,pc_bias,pc_mse,lm_eta,lm_bias,lm_mse,team_strength_correlation,mu
bivpois,0.5,0.4556844343068546,0.6679465835364262,0.16794658353642622,0.02820605492155779,0.7517288590120026,0.2517288590120026,0.06336741845948468,1.1111111111111045,0.6111111111111045,0.37345679012344873,0,1.161834242728283
