method,true_params,bivpois_eta,bivpois_estimated_ha,bivpois_bias,bivpois_mse,pc_eta,pc_bias,pc_mse,lm_eta,lm_bias,lm_mse,team_strength_correlation,mu
bivpois,0.5,0.4888051207010657,0.6522567928329821,0.1522567928329821,0.02318213096378563,0.7854373266174693,0.28543732661746934,0.08147446742652788,0.736842105263157,0.23684210526315697,0.056094182825484326,0,1.161834242728283
