true_params,bivpois_eta,bivpois_estimated_ha,bivpois_eta_bias,bivpois_eta_mse,lm_eta,lm_eta_bias,lm_eta_mse,team_strength_correlation,lambda3
0.6252732664079773,0.5945685583007838,0.8122488965248154,0.18697563011683804,0.034959886257588633,3.008771929824555,2.3834986634165776,5.681065878508612,0.5,0.2
