true_params,bivpois_eta,bivpois_estimated_ha,bivpois_eta_bias,bivpois_eta_mse,lm_eta,lm_eta_bias,lm_eta_mse,team_strength_correlation,lambda3
0.35247690396664205,0.23384395129222998,0.26344731750251715,-0.0890295864641249,0.007926267265973092,0.6140350877193118,0.26155818375266976,0.06841268348799535,0.5,0.2
