method,true_params,bivpois_eta,bivpois_estimated_ha,bivpois_bias,bivpois_mse,pc_eta,pc_bias,pc_mse,lm_eta,lm_bias,lm_mse,team_strength_correlation,mu
bivpois,0.5,0.38895523709629704,0.5107291148674542,0.010729114867454204,1.1511390583902683e-4,0.5729704376911035,0.07297043769110345,0.005324684776831211,0.08479532163743282,-0.4152046783625672,0.17239492493416286,0,1.161834242728283
