true_params,bivpois_eta,bivpois_estimated_ha,bivpois_eta_bias,bivpois_eta_mse,lm_eta,lm_eta_bias,lm_eta_mse,team_strength_correlation,lambda3
0.23163323159521998,0.16136487062447175,0.17511365505475252,-0.056519576540467464,0.0031944625323137603,0.23099415204681129,-6.390795484086942e-4,4.084226691942605e-7,0.5,0.2
