method,true_params,bivpois_eta,bivpois_estimated_ha,bivpois_bias,bivpois_mse,pc_eta,pc_bias,pc_mse,lm_eta,lm_bias,lm_mse,team_strength_correlation,mu
bivpois,0.5,0.5125143949791959,0.6398742222873284,0.13987422228732838,0.01956479806048495,0.7302781739165436,0.2302781739165436,0.0530280373823379,0.12865497076024418,-0.3713450292397558,0.1378971307410751,0,1.161834242728283
