method,true_params,bivpois_eta,bivpois_estimated_ha,bivpois_bias,bivpois_mse,pc_eta,pc_bias,pc_mse,lm_eta,lm_bias,lm_mse,team_strength_correlation,mu
bivpois,0.5,0.5135368172286948,0.7491236260538816,0.2491236260538816,0.06206258105823424,0.8004437807309465,0.30044378073094646,0.09026646537990504,0.7777777777777682,0.27777777777776824,0.0771604938271552,0,1.161834242728283
