true_params,bivpois_eta,bivpois_estimated_ha,bivpois_eta_bias,bivpois_eta_mse,lm_eta,lm_eta_bias,lm_eta_mse,team_strength_correlation,lambda3
0.027727901505689833,-0.0484465190300949,-0.047291710293245526,-0.07501961179893536,0.005627942154462962,0.6812865497076074,0.6535586482019176,0.4271389066395178,0.5,0.2
