method,true_params,bivpois_eta,bivpois_estimated_ha,bivpois_bias,bivpois_mse,pc_eta,pc_bias,pc_mse,lm_eta,lm_bias,lm_mse,team_strength_correlation,mu
bivpois,0.5,0.5034096787895243,0.6505079569118046,0.15050795691180463,0.02265264509376564,0.7429190327973186,0.24291903279731863,0.05900965649518477,0.3391812865497051,-0.16081871345029491,0.025862658595808066,0,1.161834242728283
