true_params,bivpois_eta,bivpois_estimated_ha,bivpois_eta_bias,bivpois_eta_mse,lm_eta,lm_eta_bias,lm_eta_mse,team_strength_correlation,lambda3
0.4204698833129915,0.42770370572373734,0.5337315777497431,0.1132616944367516,0.01282821142668409,1.1929824561403575,0.772512572827366,0.5967756751763564,0.5,0.2
