method,true_params,bivpois_eta,bivpois_estimated_ha,bivpois_bias,bivpois_mse,pc_eta,pc_bias,pc_mse,lm_eta,lm_bias,lm_mse,team_strength_correlation,mu
bivpois,0.5,0.4635052323359887,0.5363069732123165,0.03630697321231646,0.0013181963038398652,0.6193596997994119,0.11935969979941186,0.014246737936205718,1.7543859649122941,1.2543859649122941,1.5734841489689473,0,1.161834242728283
