method,true_params,bivpois_eta,bivpois_estimated_ha,bivpois_bias,bivpois_mse,pc_eta,pc_bias,pc_mse,lm_eta,lm_bias,lm_mse,team_strength_correlation,mu
bivpois,0.5,0.40100572421994296,0.489567702302962,-0.010432297697038018,1.0883283523962473e-4,0.5362262720559633,0.03622627205596329,0.001312342787072667,1.0760233918128757,0.5760233918128757,0.33180294791560966,0,1.161834242728283
