method,true_params,bivpois_eta,bivpois_estimated_ha,bivpois_bias,bivpois_mse,pc_eta,pc_bias,pc_mse,lm_eta,lm_bias,lm_mse,team_strength_correlation,mu
bivpois,0.5,0.416877458248382,0.5490813628052942,0.04908136280529418,0.002408980174824915,0.615320762627498,0.11532076262749802,0.013298878292987744,0.9239766081871319,0.4239766081871319,0.17975616428986477,0,1.161834242728283
