method,true_params,bivpois_eta,bivpois_estimated_ha,bivpois_bias,bivpois_mse,pc_eta,pc_bias,pc_mse,lm_eta,lm_bias,lm_mse,team_strength_correlation,mu
bivpois,0.5,0.5235811660620768,0.6548993396558056,0.1548993396558056,0.02399380542580463,0.7380964552346676,0.2380964552346676,0.05668992199531407,1.4005847953216437,0.9005847953216437,0.8110529735645269,0,1.161834242728283
