true_params,bivpois_eta,bivpois_estimated_ha,bivpois_eta_bias,bivpois_eta_mse,lm_eta,lm_eta_bias,lm_eta_mse,team_strength_correlation,lambda3
0.2939622749953164,0.25402315464902075,0.28920165493404904,-0.004760620061267373,2.266350336774137e-5,0.7631578947368408,0.4691956197415244,0.22014452958463315,0.5,0.2
