method,true_params,bivpois_eta,bivpois_estimated_ha,bivpois_bias,bivpois_mse,pc_eta,pc_bias,pc_mse,lm_eta,lm_bias,lm_mse,team_strength_correlation,mu
bivpois,0.5,0.40157534698665925,0.5157567266485339,0.015756726648533892,2.482744346766181e-4,0.581028269221062,0.08102826922106199,0.006565580412960901,0.24561403508771906,-0.25438596491228094,0.06471221914435223,0,1.161834242728283
