method,true_params,bivpois_eta,bivpois_estimated_ha,bivpois_bias,bivpois_mse,pc_eta,pc_bias,pc_mse,lm_eta,lm_bias,lm_mse,team_strength_correlation,mu
bivpois,0.5,0.5034346450834972,0.7145400884294375,0.2145400884294375,0.04602744954331087,0.8126944458727551,0.3126944458727551,0.09777781647966935,0.6461988304093539,0.14619883040935389,0.021374098013063017,0,1.161834242728283
