true_params,bivpois_eta,bivpois_estimated_ha,bivpois_eta_bias,bivpois_eta_mse,lm_eta,lm_eta_bias,lm_eta_mse,team_strength_correlation,lambda3
0.3161115154140576,0.2953650804941266,0.34361679744034435,0.02750528202628677,7.56540539345574e-4,0.6286549707602421,0.31254345534618455,0.09768341147973246,0.5,0.2
