method,true_params,bivpois_eta,bivpois_estimated_ha,bivpois_bias,bivpois_mse,pc_eta,pc_bias,pc_mse,lm_eta,lm_bias,lm_mse,team_strength_correlation,mu
bivpois,0.5,0.5335169760937863,0.6865791734188892,0.1865791734188892,0.03481178795367593,0.7537324339038788,0.2537324339038788,0.06438014801478621,1.269005847953211,0.7690058479532109,0.5913699941862369,0,1.161834242728283
