method,true_params,bivpois_eta,bivpois_estimated_ha,bivpois_bias,bivpois_mse,pc_eta,pc_bias,pc_mse,lm_eta,lm_bias,lm_mse,team_strength_correlation,mu
bivpois,0.5,0.5247096642776726,0.727500930220019,0.22750093022001905,0.051756673250973974,0.843307011069337,0.34330701106933703,0.1178597038493619,0.06140350877193395,-0.43859649122806604,0.19236688211757103,0,1.161834242728283
