true_params,bivpois_eta,bivpois_estimated_ha,bivpois_eta_bias,bivpois_eta_mse,lm_eta,lm_eta_bias,lm_eta_mse,team_strength_correlation,lambda3
0.20289005427117537,0.24448627981830695,0.27696514191038113,0.07407508763920576,0.0054871186087560135,0.1959064327485343,-0.006983621522641065,4.87709695714955e-5,0.5,0.2
