method,true_params,bivpois_eta,bivpois_estimated_ha,bivpois_bias,bivpois_mse,pc_eta,pc_bias,pc_mse,lm_eta,lm_bias,lm_mse,team_strength_correlation,mu
bivpois,0.5,0.5043349927282696,0.5585709219710395,0.058570921971039525,0.0034305529005376006,0.5874471561668002,0.08744715616680021,0.007647005121660744,1.1228070175438603,0.6228070175438603,0.38788858110187824,0,1.161834242728283
