method,true_params,bivpois_eta,bivpois_estimated_ha,bivpois_bias,bivpois_mse,pc_eta,pc_bias,pc_mse,lm_eta,lm_bias,lm_mse,team_strength_correlation,mu
bivpois,0.5,0.5106445934868571,0.6480365559067497,0.1480365559067497,0.021914821884732226,0.7543636618192135,0.25436366181921355,0.06470087245407924,0.6608187134502841,0.1608187134502841,0.025862658595804586,0,1.161834242728283
