true_params,bivpois_eta,bivpois_estimated_ha,bivpois_eta_bias,bivpois_eta_mse,lm_eta,lm_eta_bias,lm_eta_mse,team_strength_correlation,lambda3
0.10345059429769674,0.061909197574830876,0.06386573875293844,-0.039584855544758296,0.0015669607884993817,-0.8625730994152147,-0.9660236937129114,0.9332017768147369,0.5,0.2
