method,true_params,bivpois_eta,bivpois_estimated_ha,bivpois_bias,bivpois_mse,pc_eta,pc_bias,pc_mse,lm_eta,lm_bias,lm_mse,team_strength_correlation,mu
bivpois,0.5,0.48432461382197806,0.6923857534088871,0.19238575340888708,0.03701227811470511,0.7462008503220631,0.24620085032206307,0.060614858699306905,-0.4385964912280693,-0.9385964912280693,0.8809633733456432,0,1.161834242728283
