true_params,bivpois_eta,bivpois_estimated_ha,bivpois_eta_bias,bivpois_eta_mse,lm_eta,lm_eta_bias,lm_eta_mse,team_strength_correlation,lambda3
0.05493709612719115,0.06588736341940339,0.06810640253731126,0.01316930641012011,1.7343063132363063e-4,0.9649122807017522,0.9099751845745611,0.8280548365415065,0.5,0.2
