method,true_params,bivpois_eta,bivpois_estimated_ha,bivpois_bias,bivpois_mse,pc_eta,pc_bias,pc_mse,lm_eta,lm_bias,lm_mse,team_strength_correlation,mu
bivpois,0.5,0.5813124704858786,0.8102343993948922,0.31023439939489217,0.09624538256790947,0.909021952547408,0.40902195254740803,0.1672989576656941,0.9912280701754195,0.4912280701754195,0.24130501692826684,0,1.161834242728283
