method,true_params,bivpois_eta,bivpois_estimated_ha,bivpois_bias,bivpois_mse,pc_eta,pc_bias,pc_mse,lm_eta,lm_bias,lm_mse,team_strength_correlation,mu
bivpois,0.5,0.511806870534075,0.5524020756534738,0.05240207565347377,0.002745977532792388,0.6411342128337025,0.14113421283370253,0.019918866032188846,0.5672514619882877,0.06725146198828769,0.0045227591395621035,0,1.161834242728283
