true_params,bivpois_eta,bivpois_estimated_ha,bivpois_eta_bias,bivpois_eta_mse,lm_eta,lm_eta_bias,lm_eta_mse,team_strength_correlation,lambda3
0.3942170392885047,0.3493898952791748,0.4182020328371625,0.023984993548657796,5.752799155291561e-4,0.730994152046788,0.33677711275828326,0.11341882367780544,0.5,0.2
