true_params,bivpois_eta,bivpois_estimated_ha,bivpois_eta_bias,bivpois_eta_mse,lm_eta,lm_eta_bias,lm_eta_mse,team_strength_correlation,lambda3
0.5837245425150153,0.4812765509125415,0.6181387207692974,0.03441417825428217,0.0011843356649175077,0.7865497076023448,0.2028251650873295,0.04113804759270247,0.5,0.2
