method,true_params,bivpois_eta,bivpois_estimated_ha,bivpois_bias,bivpois_mse,pc_eta,pc_bias,pc_mse,lm_eta,lm_bias,lm_mse,team_strength_correlation,mu
bivpois,0.5,0.4186308821410688,0.45522654096395765,-0.04477345903604235,0.0020046626340521623,0.546610775823945,0.046610775823945017,0.0021725644229100573,0.8888888888888865,0.3888888888888865,0.1512345679012327,0,1.161834242728283
