true_params,bivpois_eta,bivpois_estimated_ha,bivpois_eta_bias,bivpois_eta_mse,lm_eta,lm_eta_bias,lm_eta_mse,team_strength_correlation,lambda3
0.32961089452169984,0.32306470782834046,0.3813547324786615,0.051743837956961636,0.002677424766516304,0.4502923976608155,0.12068150313911569,0.014564025199916389,0.5,0.2
