method,true_params,bivpois_eta,bivpois_estimated_ha,bivpois_bias,bivpois_mse,pc_eta,pc_bias,pc_mse,lm_eta,lm_bias,lm_mse,team_strength_correlation,mu
bivpois,0.5,0.42117165270970547,0.4986966824178568,-0.001303317582143193,1.6986367199235787e-6,0.599998973674589,0.09999897367458899,0.009999794735971141,1.0000000000000016,0.5000000000000016,0.25000000000000155,0,1.161834242728283
