true_params,bivpois_eta,bivpois_estimated_ha,bivpois_eta_bias,bivpois_eta_mse,lm_eta,lm_eta_bias,lm_eta_mse,team_strength_correlation,lambda3
0.566768863654471,0.5429811599130043,0.7211301859822254,0.15436132232775446,0.023827417830772905,0.3859649122806978,-0.1808039513737732,0.032690068832369745,0.5,0.2
