method,true_params,bivpois_eta,bivpois_estimated_ha,bivpois_bias,bivpois_mse,pc_eta,pc_bias,pc_mse,lm_eta,lm_bias,lm_mse,team_strength_correlation,mu
bivpois,0.5,0.4988756031448482,0.7014551567993657,0.20145515679936565,0.040584180201057,0.7601184781978664,0.2601184781978664,0.06766162269997389,1.2719298245614223,0.7719298245614223,0.5958756540474283,0,1.161834242728283
