method,true_params,bivpois_eta,bivpois_estimated_ha,bivpois_bias,bivpois_mse,pc_eta,pc_bias,pc_mse,lm_eta,lm_bias,lm_mse,team_strength_correlation,mu
bivpois,0,-0.019170237008537212,-0.020701216039228143,-0.020701216039228143,4.2854034550279655e-4,-0.020280888531458256,-0.020280888531458256,4.1131443962543504e-4,-0.9766081871345011,-0.9766081871345011,0.9537635511781368,-0.8,1
