true_params,bivpois_eta,bivpois_estimated_ha,bivpois_eta_bias,bivpois_eta_mse,lm_eta,lm_eta_bias,lm_eta_mse,team_strength_correlation,lambda3
0.09818573034900897,0.12184242081261297,0.12957609007285154,0.03139035972384256,9.853546835922372e-4,0.9444444444444362,0.8462587140954272,0.716153811182446,0.5,0.2
