method,true_params,bivpois_eta,bivpois_estimated_ha,bivpois_bias,bivpois_mse,pc_eta,pc_bias,pc_mse,lm_eta,lm_bias,lm_mse,team_strength_correlation,mu
bivpois,0.5,0.5664743303561156,0.7907967296613501,0.29079672966135006,0.08456273798173632,0.8472008867616606,0.3472008867616606,0.12054845576808347,0.39473684210526516,-0.10526315789473484,0.011080332409971878,0,1.161834242728283
