method,true_params,bivpois_eta,bivpois_estimated_ha,bivpois_bias,bivpois_mse,pc_eta,pc_bias,pc_mse,lm_eta,lm_bias,lm_mse,team_strength_correlation,mu
bivpois,0,0.4126836906931995,0.42379959155792246,0.42379959155792246,0.17960609380466191,0.4916847021208485,0.4916847021208485,0.24175384629966754,1.1754385964912268,1.1754385964912268,1.381655894121265,-0.8,1.3498588075760032
