method,true_params,bivpois_eta,bivpois_estimated_ha,bivpois_bias,bivpois_mse,pc_eta,pc_bias,pc_mse,lm_eta,lm_bias,lm_mse,team_strength_correlation,mu
bivpois,0,0.32464608393594835,0.37705827046974094,0.37705827046974094,0.14217293932963232,0.41225981634931796,0.41225981634931796,0.1699581561763734,0.821637426900577,0.821637426900577,0.6750880612838009,-0.8,1.3498588075760032
