method,true_params,bivpois_eta,bivpois_estimated_ha,bivpois_bias,bivpois_mse,pc_eta,pc_bias,pc_mse,lm_eta,lm_bias,lm_mse,team_strength_correlation,mu
bivpois,0,0.31520843325404985,0.3483853031729235,0.3483853031729235,0.12137231946688981,0.3975339985014759,0.3975339985014759,0.15803327996457145,0.4444444444444509,0.4444444444444509,0.19753086419753663,-0.8,1.3498588075760032
