method,true_params,bivpois_eta,bivpois_estimated_ha,bivpois_bias,bivpois_mse,pc_eta,pc_bias,pc_mse,lm_eta,lm_bias,lm_mse,team_strength_correlation,mu
bivpois,0,0.3842218965376927,0.5043542562456482,0.5043542562456482,0.254373215793101,0.5705984102308573,0.5705984102308573,0.32558254575798173,0.4795321637426944,0.4795321637426944,0.22995109606375028,-0.8,1.3498588075760032
