method,true_params,bivpois_eta,bivpois_estimated_ha,bivpois_bias,bivpois_mse,pc_eta,pc_bias,pc_mse,lm_eta,lm_bias,lm_mse,team_strength_correlation,mu
bivpois,0,0.28413961806300736,0.35347806949142924,0.35347806949142924,0.12494674561138767,0.39555649049863734,0.39555649049863734,0.15646493717559856,0.17251461988304553,0.17251461988304553,0.02976129407339169,-0.8,1.3498588075760032
