method,true_params,bivpois_eta,bivpois_estimated_ha,bivpois_bias,bivpois_mse,pc_eta,pc_bias,pc_mse,lm_eta,lm_bias,lm_mse,team_strength_correlation,mu
bivpois,0,0.3342885328250812,0.4118813118099296,0.4118813118099296,0.16964621501826846,0.4872111677687403,0.4872111677687403,0.2373747219985796,0.5701754385964914,0.5701754385964914,0.32510003077870137,-0.8,1.3498588075760032
