method,true_params,bivpois_eta,bivpois_estimated_ha,bivpois_bias,bivpois_mse,pc_eta,pc_bias,pc_mse,lm_eta,lm_bias,lm_mse,team_strength_correlation,mu
bivpois,0,0.41320559811338603,0.48473458554738513,0.48473458554738513,0.23496761842579525,0.5885546993690879,0.5885546993690879,0.34639663414943744,1.2339181286549568,1.2339181286549568,1.5225539482233503,-0.8,1.3498588075760032
