method,true_params,bivpois_eta,bivpois_estimated_ha,bivpois_bias,bivpois_mse,pc_eta,pc_bias,pc_mse,lm_eta,lm_bias,lm_mse,team_strength_correlation,mu
bivpois,0,0.26673180874441027,0.34031745943409675,0.34031745943409675,0.11581597319567809,0.3844416818190628,0.3844416818190628,0.14779540671986952,-0.7543859649122718,-0.7543859649122718,0.5690981840566194,-0.8,1.3498588075760032
