method,true_params,bivpois_eta,bivpois_estimated_ha,bivpois_bias,bivpois_mse,pc_eta,pc_bias,pc_mse,lm_eta,lm_bias,lm_mse,team_strength_correlation,mu
bivpois,0,0.29541009530335094,0.33951794048520234,0.33951794048520234,0.1152724319113134,0.3834037451480451,0.3834037451480451,0.1469984317935471,0.2953216374268966,0.2953216374268966,0.08721486953250338,-0.8,1.3498588075760032
