method,true_params,bivpois_eta,bivpois_estimated_ha,bivpois_bias,bivpois_mse,pc_eta,pc_bias,pc_mse,lm_eta,lm_bias,lm_mse,team_strength_correlation,mu
bivpois,0,0.3217765753616634,0.3735070285287103,0.3735070285287103,0.13950750036034681,0.4502853336205245,0.4502853336205245,0.20275688167374703,-0.1666666666666554,-0.1666666666666554,0.02777777777777402,-0.8,1.3498588075760032
