method,true_params,bivpois_eta,bivpois_estimated_ha,bivpois_bias,bivpois_mse,pc_eta,pc_bias,pc_mse,lm_eta,lm_bias,lm_mse,team_strength_correlation,mu
bivpois,0,0.2594724889479717,0.31264725476904354,0.31264725476904354,0.09774830591461922,0.3484226464349629,0.3484226464349629,0.12139834054874317,1.3888888888888895,1.3888888888888895,1.929012345679014,-0.8,1.3498588075760032
