method,true_params,bivpois_eta,bivpois_estimated_ha,bivpois_bias,bivpois_mse,pc_eta,pc_bias,pc_mse,lm_eta,lm_bias,lm_mse,team_strength_correlation,mu
bivpois,0,0.24696139626010574,0.29971628747754475,0.29971628747754475,0.08982985297932225,0.3369120453875964,0.3369120453875964,0.11350972632725381,0.12573099415205194,0.12573099415205194,0.015808282890463318,-0.8,1.3498588075760032
