method,true_params,bivpois_eta,bivpois_estimated_ha,bivpois_bias,bivpois_mse,pc_eta,pc_bias,pc_mse,lm_eta,lm_bias,lm_mse,team_strength_correlation,mu
bivpois,0,0.15765966662381675,0.18508608159163709,0.18508608159163709,0.03425685759894614,0.20360228817307638,0.20360228817307638,0.04145389174931244,0.438596491228064,0.438596491228064,0.19236688211756922,-0.8,1.3498588075760032
