method,true_params,bivpois_eta,bivpois_estimated_ha,bivpois_bias,bivpois_mse,pc_eta,pc_bias,pc_mse,lm_eta,lm_bias,lm_mse,team_strength_correlation,mu
bivpois,0,0.2548497189399358,0.30460384296420373,0.30460384296420373,0.09278350114856129,0.34340896030250756,0.34340896030250756,0.11792971401604921,1.0087719298245539,1.0087719298245539,1.0176208064019547,-0.8,1.3498588075760032
