true_params,bivpois_eta,bivpois_estimated_ha,bivpois_eta_bias,bivpois_eta_mse,lm_eta,lm_eta_bias,lm_eta_mse,team_strength_correlation,lambda3
0.09176188950653759,0.10913989285431253,0.11531836449803734,0.02355647499149975,5.549075140251532e-4,-0.023391812865495683,-0.11515370237203328,0.013260375169986823,-0.5,0
