method,true_params,bivpois_eta,bivpois_estimated_ha,bivpois_bias,bivpois_mse,pc_eta,pc_bias,pc_mse,lm_eta,lm_bias,lm_mse,team_strength_correlation,mu
bivpois,0,-0.033389116811799284,-0.029931504382514906,-0.029931504382514906,8.95894954600509e-4,-0.03274337826045198,-0.03274337826045198,0.0010721288199070395,-0.07309941520467304,-0.07309941520467304,0.005343524503265184,-0.4,1
