method,true_params,bivpois_eta,bivpois_estimated_ha,bivpois_bias,bivpois_mse,pc_eta,pc_bias,pc_mse,lm_eta,lm_bias,lm_mse,team_strength_correlation,mu
bivpois,0,0.28266770079809744,0.31048472920366754,0.31048472920366754,0.09640076706867476,0.37946219165415634,0.37946219165415634,0.14399155489497567,1.4649122807017725,1.4649122807017725,2.1459679901508686,-0.8,1.3498588075760032
