method,true_params,bivpois_eta,bivpois_estimated_ha,bivpois_bias,bivpois_mse,pc_eta,pc_bias,pc_mse,lm_eta,lm_bias,lm_mse,team_strength_correlation,mu
bivpois,0,0.2240210562645256,0.2523643860757836,0.2523643860757836,0.06368778335940715,0.2761013802700311,0.2761013802700311,0.07623197218701633,0.9152046783625735,0.9152046783625735,0.8375996032967415,-0.8,1.3498588075760032
