method,true_params,bivpois_eta,bivpois_estimated_ha,bivpois_bias,bivpois_mse,pc_eta,pc_bias,pc_mse,lm_eta,lm_bias,lm_mse,team_strength_correlation,mu
bivpois,0,0.27459334017076514,0.3002472186614793,0.3002472186614793,0.09014839231395416,0.35072498103034166,0.35072498103034166,0.12300801231873353,0.6140350877193139,0.6140350877193139,0.37703908895046556,-0.8,1.3498588075760032
