method,true_params,bivpois_eta,bivpois_estimated_ha,bivpois_bias,bivpois_mse,pc_eta,pc_bias,pc_mse,lm_eta,lm_bias,lm_mse,team_strength_correlation,mu
bivpois,0,0.39891439458248146,0.4768063089068195,0.4768063089068195,0.2273442562133454,0.5366223699123572,0.5366223699123572,0.28796356789035477,0.2923976608187138,0.2923976608187138,0.08549639205225561,-0.8,1.3498588075760032
