method,true_params,bivpois_eta,bivpois_estimated_ha,bivpois_bias,bivpois_mse,pc_eta,pc_bias,pc_mse,lm_eta,lm_bias,lm_mse,team_strength_correlation,mu
bivpois,0,0.17642966887651676,0.20877666957245178,0.20877666957245178,0.043587697757764714,0.2195898244716325,0.2195898244716325,0.04821969101148237,-0.13742690058478585,-0.13742690058478585,0.018886153004340614,-0.8,1.3498588075760032
