method,true_params,bivpois_eta,bivpois_estimated_ha,bivpois_bias,bivpois_mse,pc_eta,pc_bias,pc_mse,lm_eta,lm_bias,lm_mse,team_strength_correlation,mu
bivpois,0,0.3765111686648497,0.4273048864203741,0.4273048864203741,0.18258946595872882,0.4473246686469936,0.4473246686469936,0.20009935918014263,2.1666666666666754,2.1666666666666754,4.694444444444482,-0.8,1.3498588075760032
