method,true_params,bivpois_eta,bivpois_estimated_ha,bivpois_bias,bivpois_mse,pc_eta,pc_bias,pc_mse,lm_eta,lm_bias,lm_mse,team_strength_correlation,mu
bivpois,0,0.2799398422167372,0.3199993915253594,0.3199993915253594,0.10239961057660026,0.3601929930808372,0.3601929930808372,0.12973899226453203,-0.1783625730994127,-0.1783625730994127,0.03181320748264334,-0.8,1.3498588075760032
