method,true_params,bivpois_eta,bivpois_estimated_ha,bivpois_bias,bivpois_mse,pc_eta,pc_bias,pc_mse,lm_eta,lm_bias,lm_mse,team_strength_correlation,mu
bivpois,0,0.2930848646150067,0.31027100337637714,0.31027100337637714,0.09626809553618383,0.33990991481097105,0.33990991481097105,0.1155387501868016,0.6228070175438527,0.6228070175438527,0.38788858110186886,-0.8,1.3498588075760032
