method,true_params,bivpois_eta,bivpois_estimated_ha,bivpois_bias,bivpois_mse,pc_eta,pc_bias,pc_mse,lm_eta,lm_bias,lm_mse,team_strength_correlation,mu
bivpois,0,0.20255098710488964,0.23874278541912242,0.23874278541912242,0.05699811758968113,0.27012040839089496,0.27012040839089496,0.07296503502926388,0.9239766081871293,0.9239766081871293,0.853732772476992,-0.8,1.3498588075760032
