method,true_params,bivpois_eta,bivpois_estimated_ha,bivpois_bias,bivpois_mse,pc_eta,pc_bias,pc_mse,lm_eta,lm_bias,lm_mse,team_strength_correlation,mu
bivpois,0,0.2567022018232088,0.3033754113246734,0.3033754113246734,0.09203664019641476,0.3298915190959997,0.3298915190959997,0.10882841437146631,0.7982456140350959,0.7982456140350959,0.6371960603262672,-0.8,1.3498588075760032
