method,true_params,bivpois_eta,bivpois_estimated_ha,bivpois_bias,bivpois_mse,pc_eta,pc_bias,pc_mse,lm_eta,lm_bias,lm_mse,team_strength_correlation,mu
bivpois,0,0.3167674751122933,0.33334510092851755,0.33334510092851755,0.11111895631304355,0.3610057006078016,0.3610057006078016,0.1303251158713297,-0.5730994152046854,-0.5730994152046854,0.3284429397079524,-0.8,1.3498588075760032
