method,true_params,bivpois_eta,bivpois_estimated_ha,bivpois_bias,bivpois_mse,pc_eta,pc_bias,pc_mse,lm_eta,lm_bias,lm_mse,team_strength_correlation,mu
bivpois,0,0.4115481637137506,0.47290674560737533,0.47290674560737533,0.2236407900409588,0.5367866572566441,0.5367866572566441,0.2881399154087619,-0.20467836257309174,-0.20467836257309174,0.041893232105602,-0.8,1.3498588075760032
