method,true_params,bivpois_eta,bivpois_estimated_ha,bivpois_bias,bivpois_mse,pc_eta,pc_bias,pc_mse,lm_eta,lm_bias,lm_mse,team_strength_correlation,mu
bivpois,0,0.27867162895399217,0.2655100028065419,0.2655100028065419,0.0704955615903299,0.31067875337867595,0.31067875337867595,0.09652128780092815,0.6578947368421086,0.6578947368421086,0.4328254847645474,-0.8,1.3498588075760032
