method,true_params,bivpois_eta,bivpois_estimated_ha,bivpois_bias,bivpois_mse,pc_eta,pc_bias,pc_mse,lm_eta,lm_bias,lm_mse,team_strength_correlation,mu
bivpois,0,0.39031831042760706,0.46047982215412697,0.46047982215412697,0.2120416666110964,0.5408800854178111,0.5408800854178111,0.2925512668015786,0.45321637426902023,0.45321637426902023,0.20540508190555662,-0.8,1.3498588075760032
