method,true_params,bivpois_eta,bivpois_estimated_ha,bivpois_bias,bivpois_mse,pc_eta,pc_bias,pc_mse,lm_eta,lm_bias,lm_mse,team_strength_correlation,mu
bivpois,0,0.3826821635727244,0.5010682507460109,0.5010682507460109,0.25106939190566724,0.5620593320435439,0.5620593320435439,0.3159106927372347,0.15497076023391576,0.15497076023391576,0.024015936527477806,-0.8,1.3498588075760032
