true_params,bivpois_eta,bivpois_estimated_ha,bivpois_eta_bias,bivpois_eta_mse,lm_eta,lm_eta_bias,lm_eta_mse,team_strength_correlation,lambda3
0.45577277840491504,0.5119386194540304,0.6685226921626557,0.21274991375774066,0.04526252580392609,0.7660818713450163,0.31030909294010123,0.09629173316130839,-0.5,0
