method,true_params,bivpois_eta,bivpois_estimated_ha,bivpois_bias,bivpois_mse,pc_eta,pc_bias,pc_mse,lm_eta,lm_bias,lm_mse,team_strength_correlation,mu
bivpois,0,0.2649276203833681,0.35616792672049025,0.35616792672049025,0.12685559202437252,0.37142716205700455,0.37142716205700455,0.13795813671372031,-1.0263157894736794,-1.0263157894736794,1.0533240997229818,-0.8,1.3498588075760032
