method,true_params,bivpois_eta,bivpois_estimated_ha,bivpois_bias,bivpois_mse,pc_eta,pc_bias,pc_mse,lm_eta,lm_bias,lm_mse,team_strength_correlation,mu
bivpois,0,0.29743256038879307,0.31400327760704894,0.31400327760704894,0.09859805834796943,0.38071442436038694,0.38071442436038694,0.1449434729160608,0.8596491228070355,0.8596491228070355,0.7389966143429056,-0.8,1.3498588075760032
