method,true_params,bivpois_eta,bivpois_estimated_ha,bivpois_bias,bivpois_mse,pc_eta,pc_bias,pc_mse,lm_eta,lm_bias,lm_mse,team_strength_correlation,mu
bivpois,0,0.1450782736292606,0.1562312307897602,0.1562312307897602,0.024408197474083317,0.16946934669318897,0.16946934669318897,0.028719859468616278,-0.13450292397661195,-0.13450292397661195,0.018091036558258253,-0.8,1.3498588075760032
