method,true_params,bivpois_eta,bivpois_estimated_ha,bivpois_bias,bivpois_mse,pc_eta,pc_bias,pc_mse,lm_eta,lm_bias,lm_mse,team_strength_correlation,mu
bivpois,0,0.31487247382740474,0.3923337785280363,0.3923337785280363,0.15392579377408624,0.41171026317648873,0.41171026317648873,0.1695053408048536,-0.18128654970761057,-0.18128654970761057,0.03286481310488996,-0.8,1.3498588075760032
