true_params,bivpois_eta,bivpois_estimated_ha,bivpois_eta_bias,bivpois_eta_mse,lm_eta,lm_eta_bias,lm_eta_mse,team_strength_correlation,lambda3
0.22456640203621137,0.20473275274273978,0.22719705608803653,0.0026306540518251653,6.9203407403841595e-6,-1.3421052631579005,-1.5666716651941117,2.454460106522091,-0.5,0
