method,true_params,bivpois_eta,bivpois_estimated_ha,bivpois_bias,bivpois_mse,pc_eta,pc_bias,pc_mse,lm_eta,lm_bias,lm_mse,team_strength_correlation,mu
bivpois,0,0.21479838311020905,0.24521385856575062,0.24521385856575062,0.06012983643270395,0.2994422271967418,0.2994422271967418,0.08966564742854513,0.052631578947380846,0.052631578947380846,0.0027700831024943828,-0.8,1.3498588075760032
