method,true_params,bivpois_eta,bivpois_estimated_ha,bivpois_bias,bivpois_mse,pc_eta,pc_bias,pc_mse,lm_eta,lm_bias,lm_mse,team_strength_correlation,mu
bivpois,0,0.3805536780081437,0.4486522007251359,0.4486522007251359,0.20128879721550763,0.513768817097487,0.513768817097487,0.26395839742175103,0.48830409356723414,0.48830409356723414,0.23844088779451816,-0.8,1.3498588075760032
