method,true_params,bivpois_eta,bivpois_estimated_ha,bivpois_bias,bivpois_mse,pc_eta,pc_bias,pc_mse,lm_eta,lm_bias,lm_mse,team_strength_correlation,mu
bivpois,0,0.32086737331306187,0.3761248297042906,0.3761248297042906,0.14146988752008163,0.4336569223825269,0.4336569223825269,0.18805832633028496,0.6286549707602308,0.6286549707602308,0.39520707226154667,-0.8,1.3498588075760032
