method,true_params,bivpois_eta,bivpois_estimated_ha,bivpois_bias,bivpois_mse,pc_eta,pc_bias,pc_mse,lm_eta,lm_bias,lm_mse,team_strength_correlation,mu
bivpois,0,0.2329849549993019,0.27458547447887915,0.27458547447887915,0.0753971827947912,0.3057654833566352,0.3057654833566352,0.09349253081231677,-0.17543859649122812,-0.17543859649122812,0.030778701138811957,-0.8,1.3498588075760032
