method,true_params,bivpois_eta,bivpois_estimated_ha,bivpois_bias,bivpois_mse,pc_eta,pc_bias,pc_mse,lm_eta,lm_bias,lm_mse,team_strength_correlation,mu
bivpois,0,0.2789512009529949,0.3340391825994258,0.3340391825994258,0.11158217551169251,0.3751015672399857,0.3751015672399857,0.14070118574589352,0.03216374269006327,0.03216374269006327,0.0010345063438325986,-0.8,1.3498588075760032
