method,true_params,bivpois_eta,bivpois_estimated_ha,bivpois_bias,bivpois_mse,pc_eta,pc_bias,pc_mse,lm_eta,lm_bias,lm_mse,team_strength_correlation,mu
bivpois,0,0.275010081992036,0.3228995713373093,0.3228995713373093,0.10426413316981809,0.36473809312183186,0.36473809312183186,0.13303387657415008,0.5380116959064427,0.5380116959064427,0.28945658493212656,-0.8,1.3498588075760032
