method,true_params,bivpois_eta,bivpois_estimated_ha,bivpois_bias,bivpois_mse,pc_eta,pc_bias,pc_mse,lm_eta,lm_bias,lm_mse,team_strength_correlation,mu
bivpois,0,0.28705172052741634,0.32326577686076696,0.32326577686076696,0.10450076248939517,0.3408670905384348,0.3408670905384348,0.11619037341213749,0.00877192982456746,0.00877192982456746,7.694675284713612e-5,-0.4,1.3498588075760032
