method,true_params,bivpois_eta,bivpois_estimated_ha,bivpois_bias,bivpois_mse,pc_eta,pc_bias,pc_mse,lm_eta,lm_bias,lm_mse,team_strength_correlation,mu
bivpois,0,0.2778663092786856,0.31597711301309483,0.31597711301309483,0.0998415359480901,0.3562626294571994,0.3562626294571994,0.12692306114775775,-0.06140350877193193,-0.06140350877193193,0.0037703908895047214,-0.4,1.3498588075760032
