method,true_params,bivpois_eta,bivpois_estimated_ha,bivpois_bias,bivpois_mse,pc_eta,pc_bias,pc_mse,lm_eta,lm_bias,lm_mse,team_strength_correlation,mu
bivpois,0,0.29461079055411515,0.320808541878558,0.320808541878558,0.1029181205422465,0.3686786359591188,0.3686786359591188,0.13592393661267646,0.09064327485379592,0.09064327485379592,0.008216203276220791,-0.4,1.3498588075760032
