method,true_params,bivpois_eta,bivpois_estimated_ha,bivpois_bias,bivpois_mse,pc_eta,pc_bias,pc_mse,lm_eta,lm_bias,lm_mse,team_strength_correlation,mu
bivpois,0,0.43788186136986207,0.48732980048142016,0.48732980048142016,0.23749033443726078,0.5325480587538474,0.5325480587538474,0.28360743488249124,-0.04093567251460717,-0.04093567251460717,0.001675729284223165,-0.4,1.3498588075760032
