method,true_params,bivpois_eta,bivpois_estimated_ha,bivpois_bias,bivpois_mse,pc_eta,pc_bias,pc_mse,lm_eta,lm_bias,lm_mse,team_strength_correlation,mu
bivpois,0,0.09388167080116185,0.08371841736686603,0.08371841736686603,0.007008773406412775,0.09073493272985952,0.09073493272985952,0.008232828017492134,0.4532163742690059,0.4532163742690059,0.20540508190554363,-0.4,1
