method,true_params,bivpois_eta,bivpois_estimated_ha,bivpois_bias,bivpois_mse,pc_eta,pc_bias,pc_mse,lm_eta,lm_bias,lm_mse,team_strength_correlation,mu
bivpois,0,0.256774614491025,0.33399831955946646,0.33399831955946646,0.11155487746854748,0.3942308020488376,0.3942308020488376,0.15541792528406978,0.7280701754385946,0.7280701754385946,0.530086180363186,-0.4,1.3498588075760032
