method,true_params,bivpois_eta,bivpois_estimated_ha,bivpois_bias,bivpois_mse,pc_eta,pc_bias,pc_mse,lm_eta,lm_bias,lm_mse,team_strength_correlation,mu
bivpois,0,0.23824151733115229,0.3059320218417918,0.3059320218417918,0.09359440198820658,0.35285664978501535,0.35285664978501535,0.12450781529750497,-0.7748538011695968,-0.7748538011695968,0.6003984131869731,-0.4,1.3498588075760032
