method,true_params,bivpois_eta,bivpois_estimated_ha,bivpois_bias,bivpois_mse,pc_eta,pc_bias,pc_mse,lm_eta,lm_bias,lm_mse,team_strength_correlation,mu
bivpois,0,0.33104717705058556,0.44465589023211094,0.44465589023211094,0.1977188607181111,0.5252862694678211,0.5252862694678211,0.27592566489142034,0.5818713450292422,0.5818713450292422,0.33857426216613945,-0.4,1.3498588075760032
