method,true_params,bivpois_eta,bivpois_estimated_ha,bivpois_bias,bivpois_mse,pc_eta,pc_bias,pc_mse,lm_eta,lm_bias,lm_mse,team_strength_correlation,mu
bivpois,0,0.3466811985494503,0.41623646461142005,0.41623646461142005,0.17325279447221395,0.4639313371778404,0.4639313371778404,0.21523228561561905,-0.2953216374269058,-0.2953216374269058,0.08721486953250882,-0.4,1.3498588075760032
