method,true_params,bivpois_eta,bivpois_estimated_ha,bivpois_bias,bivpois_mse,pc_eta,pc_bias,pc_mse,lm_eta,lm_bias,lm_mse,team_strength_correlation,mu
bivpois,0,0.3081202578026687,0.3196103543478801,0.3196103543478801,0.10215077860637747,0.3592827606422439,0.3592827606422439,0.1290841020947119,0.8801169590643262,0.8801169590643262,0.7746058616326368,-0.4,1.3498588075760032
