method,true_params,bivpois_eta,bivpois_estimated_ha,bivpois_bias,bivpois_mse,pc_eta,pc_bias,pc_mse,lm_eta,lm_bias,lm_mse,team_strength_correlation,mu
bivpois,0,0.2832450392202544,0.35080272730937856,0.35080272730937856,0.12306255348769822,0.43044043030570167,0.43044043030570167,0.18527896404175762,0.1315789473684026,0.1315789473684026,0.017313019390576858,-0.4,1.3498588075760032
