method,true_params,bivpois_eta,bivpois_estimated_ha,bivpois_bias,bivpois_mse,pc_eta,pc_bias,pc_mse,lm_eta,lm_bias,lm_mse,team_strength_correlation,mu
bivpois,0,0.40033230641831996,0.5675781350887821,0.5675781350887821,0.32214493943085976,0.6157030088964914,0.6157030088964914,0.379090195164193,1.2076023391812885,1.2076023391812885,1.4583034095961196,-0.4,1.3498588075760032
