method,true_params,bivpois_eta,bivpois_estimated_ha,bivpois_bias,bivpois_mse,pc_eta,pc_bias,pc_mse,lm_eta,lm_bias,lm_mse,team_strength_correlation,mu
bivpois,0,0.3073506844956579,0.3449293288230303,0.3449293288230303,0.11897624188230616,0.403138468240419,0.403138468240419,0.1625206245752313,0.9970760233918163,0.9970760233918163,0.9941605964228378,-0.4,1.3498588075760032
