method,true_params,bivpois_eta,bivpois_estimated_ha,bivpois_bias,bivpois_mse,pc_eta,pc_bias,pc_mse,lm_eta,lm_bias,lm_mse,team_strength_correlation,mu
bivpois,0,0.26278798969185463,0.3084947701322669,0.3084947701322669,0.09516902319896019,0.30503456175093496,0.30503456175093496,0.09304608386258495,0.5994152046783621,0.5994152046783621,0.3592985875996027,-0.4,1.3498588075760032
