method,true_params,bivpois_eta,bivpois_estimated_ha,bivpois_bias,bivpois_mse,pc_eta,pc_bias,pc_mse,lm_eta,lm_bias,lm_mse,team_strength_correlation,mu
bivpois,0,0.34276908459528194,0.46008927846640013,0.46008927846640013,0.2116821441597327,0.5115060235562207,0.5115060235562207,0.26163841213429695,0.7076023391812643,0.7076023391812643,0.500701070414797,-0.4,1.3498588075760032
