method,true_params,bivpois_eta,bivpois_estimated_ha,bivpois_bias,bivpois_mse,pc_eta,pc_bias,pc_mse,lm_eta,lm_bias,lm_mse,team_strength_correlation,mu
bivpois,0,0.4111649799782951,0.43258630466544945,0.43258630466544945,0.18713091098410906,0.4838908982493937,0.4838908982493937,0.23415040140860507,1.1286549707602398,1.1286549707602398,1.2738620430217977,-0.4,1.3498588075760032
