method,true_params,bivpois_eta,bivpois_estimated_ha,bivpois_bias,bivpois_mse,pc_eta,pc_bias,pc_mse,lm_eta,lm_bias,lm_mse,team_strength_correlation,mu
bivpois,0,0.31242747976523405,0.39314037540206526,0.39314037540206526,0.1545593547712768,0.4567103926892468,0.4567103926892468,0.208584382790366,-0.3888888888888935,-0.3888888888888935,0.15123456790123815,-0.4,1.3498588075760032
