method,true_params,bivpois_eta,bivpois_estimated_ha,bivpois_bias,bivpois_mse,pc_eta,pc_bias,pc_mse,lm_eta,lm_bias,lm_mse,team_strength_correlation,mu
bivpois,0,0.2738722280781258,0.29754871262085414,0.29754871262085414,0.08853523638232765,0.3206916029123106,0.3206916029123106,0.10284310417846709,-0.2456140350877351,-0.2456140350877351,0.06032625423207917,-0.4,1.3498588075760032
