method,true_params,bivpois_eta,bivpois_estimated_ha,bivpois_bias,bivpois_mse,pc_eta,pc_bias,pc_mse,lm_eta,lm_bias,lm_mse,team_strength_correlation,mu
bivpois,0,0.26580305866381104,0.30938499871464353,0.30938499871464353,0.09571907742965997,0.35146887696672974,0.35146887696672974,0.1235303714762542,0.722222222222231,0.722222222222231,0.5216049382716176,-0.4,1.3498588075760032
