method,true_params,bivpois_eta,bivpois_estimated_ha,bivpois_bias,bivpois_mse,pc_eta,pc_bias,pc_mse,lm_eta,lm_bias,lm_mse,team_strength_correlation,mu
bivpois,0,0.28473831332096095,0.3346306835875186,0.3346306835875186,0.11197769439824998,0.40974365666614715,0.40974365666614715,0.16788986417814547,-0.17836257309942832,-0.17836257309942832,0.03181320748264891,-0.4,1.3498588075760032
