method,true_params,bivpois_eta,bivpois_estimated_ha,bivpois_bias,bivpois_mse,pc_eta,pc_bias,pc_mse,lm_eta,lm_bias,lm_mse,team_strength_correlation,mu
bivpois,0,0.2954519157669676,0.34036101974806565,0.34036101974806565,0.11584562376394314,0.3672890010768015,0.3672890010768015,0.1349012103119947,0.31578947368420274,0.31578947368420274,0.09972299168974577,-0.4,1.3498588075760032
