method,true_params,bivpois_eta,bivpois_estimated_ha,bivpois_bias,bivpois_mse,pc_eta,pc_bias,pc_mse,lm_eta,lm_bias,lm_mse,team_strength_correlation,mu
bivpois,0,0.22469792927412746,0.30329565145875215,0.30329565145875215,0.09198825219378887,0.3546774149041782,0.3546774149041782,0.12579606864311058,-0.6140350877193105,-0.6140350877193105,0.37703908895046134,-0.4,1.3498588075760032
