method,true_params,bivpois_eta,bivpois_estimated_ha,bivpois_bias,bivpois_mse,pc_eta,pc_bias,pc_mse,lm_eta,lm_bias,lm_mse,team_strength_correlation,mu
bivpois,0,0.20693286579031045,0.2549681595493567,0.2549681595493567,0.06500876238398622,0.27608417086151765,0.27608417086151765,0.07622246940029168,0.1345029239766222,0.1345029239766222,0.01809103655826101,-0.4,1.3498588075760032
