method,true_params,bivpois_eta,bivpois_estimated_ha,bivpois_bias,bivpois_mse,pc_eta,pc_bias,pc_mse,lm_eta,lm_bias,lm_mse,team_strength_correlation,mu
bivpois,0,0.38784156836685213,0.4329465256678964,0.4329465256678964,0.18744269408790246,0.46065715041618616,0.46065715041618616,0.21220501022956076,0.21345029239767188,0.21345029239767188,0.04556102732465162,-0.4,1.3498588075760032
