method,true_params,bivpois_eta,bivpois_estimated_ha,bivpois_bias,bivpois_mse,pc_eta,pc_bias,pc_mse,lm_eta,lm_bias,lm_mse,team_strength_correlation,mu
bivpois,0,0.29317334536519196,0.29861719578297197,0.29861719578297197,0.08917222961728581,0.3215911334000403,0.3215911334000403,0.10342085708152252,-0.08187134502923438,-0.08187134502923438,0.006702917136895941,-0.4,1.3498588075760032
