method,true_params,bivpois_eta,bivpois_estimated_ha,bivpois_bias,bivpois_mse,pc_eta,pc_bias,pc_mse,lm_eta,lm_bias,lm_mse,team_strength_correlation,mu
bivpois,0,0.33627101434119555,0.37782220740419825,0.37782220740419825,0.142749620407781,0.4175453642930306,0.4175453642930306,0.17434413124259962,1.0964912280701515,1.0964912280701515,1.202293013234789,-0.4,1.3498588075760032
