true_params,bivpois_eta,bivpois_estimated_ha,bivpois_eta_bias,bivpois_eta_mse,lm_eta,lm_eta_bias,lm_eta_mse,team_strength_correlation,lambda3
0.3703050253421191,0.32973587563611995,0.39060078840553736,0.020295763063418237,4.11917998326412e-4,0.880116959064316,0.5098119337221969,0.25990820776556567,-0.5,0
