method,true_params,bivpois_eta,bivpois_estimated_ha,bivpois_bias,bivpois_mse,pc_eta,pc_bias,pc_mse,lm_eta,lm_bias,lm_mse,team_strength_correlation,mu
bivpois,0,0.37090992521451294,0.39919899433507544,0.39919899433507544,0.15935983707813559,0.44510397102743005,0.44510397102743005,0.19811754502438728,0.672514619883036,0.672514619883036,0.45227591395642436,-0.4,1.3498588075760032
