method,true_params,bivpois_eta,bivpois_estimated_ha,bivpois_bias,bivpois_mse,pc_eta,pc_bias,pc_mse,lm_eta,lm_bias,lm_mse,team_strength_correlation,mu
bivpois,0,0.25863900200593043,0.30856459611852305,0.30856459611852305,0.09521210997778724,0.3681453509357351,0.3681453509357351,0.13553099941559554,0.31286549707602657,0.31286549707602657,0.09788481926062918,-0.4,1.3498588075760032
