method,true_params,bivpois_eta,bivpois_estimated_ha,bivpois_bias,bivpois_mse,pc_eta,pc_bias,pc_mse,lm_eta,lm_bias,lm_mse,team_strength_correlation,mu
bivpois,0,0.4653344955490593,0.5773306229976317,0.5773306229976317,0.33331064825083356,0.6841844181550805,0.6841844181550805,0.468108318046206,1.187134502923965,1.187134502923965,1.4092883280325297,-0.4,1.3498588075760032
