true_params,bivpois_eta,bivpois_estimated_ha,bivpois_eta_bias,bivpois_eta_mse,lm_eta,lm_eta_bias,lm_eta_mse,team_strength_correlation,lambda3
0.4543908031489037,0.5212031788848058,0.6840526478238675,0.22966184467496387,0.05274456289950723,2.4298245614034966,1.9754337582545929,3.902338533251865,-0.5,0
