method,true_params,bivpois_eta,bivpois_estimated_ha,bivpois_bias,bivpois_mse,pc_eta,pc_bias,pc_mse,lm_eta,lm_bias,lm_mse,team_strength_correlation,mu
bivpois,0,0.4439918084301531,0.5703065323857546,0.5703065323857546,0.32524954088186375,0.6108025586407009,0.6108025586407009,0.37307976564202683,-0.12573099415205655,-0.12573099415205655,0.015808282890464476,-0.4,1.3498588075760032
