method,true_params,bivpois_eta,bivpois_estimated_ha,bivpois_bias,bivpois_mse,pc_eta,pc_bias,pc_mse,lm_eta,lm_bias,lm_mse,team_strength_correlation,mu
bivpois,0,0.35435805520685615,0.34646056887808385,0.34646056887808385,0.12003492578732548,0.37399286406811966,0.37399286406811966,0.13987066237387502,0.42105263157893524,0.42105263157893524,0.17728531855954657,-0.4,1.3498588075760032
