method,true_params,bivpois_eta,bivpois_estimated_ha,bivpois_bias,bivpois_mse,pc_eta,pc_bias,pc_mse,lm_eta,lm_bias,lm_mse,team_strength_correlation,mu
bivpois,0,0.3627164875796637,0.46068431162436196,0.46068431162436196,0.21223003497681225,0.4972675436885135,0.4972675436885135,0.24727501000600768,-0.05263157894737119,-0.05263157894737119,0.002770083102493366,-0.4,1.3498588075760032
