method,true_params,bivpois_eta,bivpois_estimated_ha,bivpois_bias,bivpois_mse,pc_eta,pc_bias,pc_mse,lm_eta,lm_bias,lm_mse,team_strength_correlation,mu
bivpois,0,0.2898897398139549,0.364524232603896,0.364524232603896,0.13287791615545927,0.4157453161313369,0.4157453161313369,0.17284416788514528,0.6491228070175418,0.6491228070175418,0.4213604185903328,-0.4,1.3498588075760032
