method,true_params,bivpois_eta,bivpois_estimated_ha,bivpois_bias,bivpois_mse,pc_eta,pc_bias,pc_mse,lm_eta,lm_bias,lm_mse,team_strength_correlation,mu
bivpois,0,0.23777380932502556,0.2853670490738016,0.2853670490738016,0.0814343526970895,0.3089115761038754,0.3089115761038754,0.09542636185098038,0.3245614035087689,0.3245614035087689,0.1053401046475819,-0.4,1.3498588075760032
