method,true_params,bivpois_eta,bivpois_estimated_ha,bivpois_bias,bivpois_mse,pc_eta,pc_bias,pc_mse,lm_eta,lm_bias,lm_mse,team_strength_correlation,mu
bivpois,0,0.4339985747824041,0.45596084617201094,0.45596084617201094,0.2079002932418962,0.5237392696662718,0.5237392696662718,0.27430282259055977,0.029239766081868446,0.029239766081868446,8.549639205223845e-4,-0.4,1.3498588075760032
