method,true_params,bivpois_eta,bivpois_estimated_ha,bivpois_bias,bivpois_mse,pc_eta,pc_bias,pc_mse,lm_eta,lm_bias,lm_mse,team_strength_correlation,mu
bivpois,0,0.27982666712058873,0.33300859004022354,0.33300859004022354,0.11089472104057767,0.3809352392216154,0.3809352392216154,0.14511165648082933,0.5233918128654993,0.5233918128654993,0.2739389897746338,-0.4,1.3498588075760032
