method,true_params,bivpois_eta,bivpois_estimated_ha,bivpois_bias,bivpois_mse,pc_eta,pc_bias,pc_mse,lm_eta,lm_bias,lm_mse,team_strength_correlation,mu
bivpois,0,0.1846107743665761,0.21708588413009644,0.21708588413009644,0.047126281088545656,0.24860180013851046,0.24860180013851046,0.0618028550321079,0.1140350877192826,0.1140350877192826,0.013004001231144476,-0.4,1.3498588075760032
