method,true_params,bivpois_eta,bivpois_estimated_ha,bivpois_bias,bivpois_mse,pc_eta,pc_bias,pc_mse,lm_eta,lm_bias,lm_mse,team_strength_correlation,mu
bivpois,0,0.30967541569106943,0.33782062974483984,0.33782062974483984,0.11412277788120016,0.37346726263946545,0.37346726263946545,0.13947779626341547,0.9152046783625633,0.9152046783625633,0.8375996032967229,-0.4,1.3498588075760032
