method,true_params,bivpois_eta,bivpois_estimated_ha,bivpois_bias,bivpois_mse,pc_eta,pc_bias,pc_mse,lm_eta,lm_bias,lm_mse,team_strength_correlation,mu
bivpois,0,0.2900867430654348,0.29335815776549756,0.29335815776549756,0.08605900872756655,0.3459637660844471,0.3459637660844471,0.11969092744333404,-0.10818713450290743,-0.10818713450290743,0.011704456071950182,-0.4,1.3498588075760032
