method,true_params,bivpois_eta,bivpois_estimated_ha,bivpois_bias,bivpois_mse,pc_eta,pc_bias,pc_mse,lm_eta,lm_bias,lm_mse,team_strength_correlation,mu
bivpois,0,0.3302422335589205,0.407623045303231,0.407623045303231,0.16615654706227992,0.47086276258366755,0.47086276258366755,0.22171174118792328,-0.18421052631580273,-0.18421052631580273,0.03393351800554505,-0.4,1.3498588075760032
