method,true_params,bivpois_eta,bivpois_estimated_ha,bivpois_bias,bivpois_mse,pc_eta,pc_bias,pc_mse,lm_eta,lm_bias,lm_mse,team_strength_correlation,mu
bivpois,0,0.26703490664707896,0.35902561121935306,0.35902561121935306,0.12889938951143004,0.4041509950607842,0.4041509950607842,0.16333802680862203,0.7134502923976508,0.7134502923976508,0.5090113197222934,-0.4,1.3498588075760032
