method,true_params,bivpois_eta,bivpois_estimated_ha,bivpois_bias,bivpois_mse,pc_eta,pc_bias,pc_mse,lm_eta,lm_bias,lm_mse,team_strength_correlation,mu
bivpois,0,0.34612079821914,0.39222062950710235,0.39222062950710235,0.15383702221094764,0.4217062689564986,0.4217062689564986,0.17783617727721074,1.3099415204678229,1.3099415204678229,1.7159467870455516,0,1.3498588075760032
