method,true_params,bivpois_eta,bivpois_estimated_ha,bivpois_bias,bivpois_mse,pc_eta,pc_bias,pc_mse,lm_eta,lm_bias,lm_mse,team_strength_correlation,mu
bivpois,0,0.2499251325183117,0.35706673513565423,0.35706673513565423,0.12749665334043545,0.37026671328477045,0.37026671328477045,0.1370974389667064,-0.13742690058478388,-0.13742690058478388,0.018886153004340073,0,1.3498588075760032
