method,true_params,bivpois_eta,bivpois_estimated_ha,bivpois_bias,bivpois_mse,pc_eta,pc_bias,pc_mse,lm_eta,lm_bias,lm_mse,team_strength_correlation,mu
bivpois,0,0.24710886099255303,0.2846374690716156,0.2846374690716156,0.08101848879949491,0.31481891985299093,0.31481891985299093,0.09911095229740392,-0.40350877192982487,-0.40350877192982487,0.16281932902431542,0,1.3498588075760032
