method,true_params,bivpois_eta,bivpois_estimated_ha,bivpois_bias,bivpois_mse,pc_eta,pc_bias,pc_mse,lm_eta,lm_bias,lm_mse,team_strength_correlation,mu
bivpois,0,0.20659486353106832,0.19753832495947354,0.19753832495947354,0.039021389827794566,0.2210953923211682,0.2210953923211682,0.04888317250565129,0.6432748538011743,0.6432748538011743,0.41380253753292223,0,1.3498588075760032
