method,true_params,bivpois_eta,bivpois_estimated_ha,bivpois_bias,bivpois_mse,pc_eta,pc_bias,pc_mse,lm_eta,lm_bias,lm_mse,team_strength_correlation,mu
bivpois,0,0.3119554169350282,0.3166096550778833,0.3166096550778833,0.10024167368853623,0.3464600840123691,0.3464600840123691,0.12003458981385785,0.5058479532163821,0.5058479532163821,0.2558821517732031,0,1.3498588075760032
