method,true_params,bivpois_eta,bivpois_estimated_ha,bivpois_bias,bivpois_mse,pc_eta,pc_bias,pc_mse,lm_eta,lm_bias,lm_mse,team_strength_correlation,mu
bivpois,0,0.24951858380956782,0.22940990991135368,0.22940990991135368,0.05262890676553541,0.2562798480605131,0.2562798480605131,0.0656793605219197,1.2134502923976547,1.2134502923976547,1.4724616121199536,0,1.3498588075760032
