method,true_params,bivpois_eta,bivpois_estimated_ha,bivpois_bias,bivpois_mse,pc_eta,pc_bias,pc_mse,lm_eta,lm_bias,lm_mse,team_strength_correlation,mu
bivpois,0,0.27795842786468866,0.3050364954130277,0.3050364954130277,0.09304726353386206,0.3353082815593319,0.3353082815593319,0.1124316436822722,0.5701754385964983,0.5701754385964983,0.32510003077870925,0,1.3498588075760032
