method,true_params,bivpois_eta,bivpois_estimated_ha,bivpois_bias,bivpois_mse,pc_eta,pc_bias,pc_mse,lm_eta,lm_bias,lm_mse,team_strength_correlation,mu
bivpois,0,0.3458029885592164,0.43906932079162897,0.43906932079162897,0.1927818684604224,0.49731219822959194,0.49731219822959194,0.24731942250794894,0.8918128654970796,0.8918128654970796,0.7953301870661122,0,1.3498588075760032
