method,true_params,bivpois_eta,bivpois_estimated_ha,bivpois_bias,bivpois_mse,pc_eta,pc_bias,pc_mse,lm_eta,lm_bias,lm_mse,team_strength_correlation,mu
bivpois,0,0.2968138476811571,0.41480466287832773,0.41480466287832773,0.17206290834560312,0.4719963937096675,0.4719963937096675,0.22278059567493144,0.9210526315789572,0.9210526315789572,0.8483379501385223,0,1.3498588075760032
