method,true_params,bivpois_eta,bivpois_estimated_ha,bivpois_bias,bivpois_mse,pc_eta,pc_bias,pc_mse,lm_eta,lm_bias,lm_mse,team_strength_correlation,mu
bivpois,0,0.2507696146823514,0.24499465956588562,0.24499465956588562,0.06002238321580419,0.2778382152145501,0.2778382152145501,0.07719407383360666,0.6929824561403576,0.6929824561403576,0.4802246845183226,0,1.3498588075760032
