method,true_params,bivpois_eta,bivpois_estimated_ha,bivpois_bias,bivpois_mse,pc_eta,pc_bias,pc_mse,lm_eta,lm_bias,lm_mse,team_strength_correlation,mu
bivpois,0,0.3917773151803912,0.3431242443865803,0.3431242443865803,0.11773424708586168,0.36712367765478215,0.36712367765478215,0.1347797946947724,0.757309941520473,0.757309941520473,0.5735183475257423,0,1.3498588075760032
