method,true_params,bivpois_eta,bivpois_estimated_ha,bivpois_bias,bivpois_mse,pc_eta,pc_bias,pc_mse,lm_eta,lm_bias,lm_mse,team_strength_correlation,mu
bivpois,0,0.24170640250016162,0.27868802844266494,0.27868802844266494,0.07766701719725962,0.3268900414412161,0.3268900414412161,0.10685709919343997,0.1900584795321554,0.1900584795321554,0.036122225642074735,0,1.3498588075760032
