method,true_params,bivpois_eta,bivpois_estimated_ha,bivpois_bias,bivpois_mse,pc_eta,pc_bias,pc_mse,lm_eta,lm_bias,lm_mse,team_strength_correlation,mu
bivpois,0,0.2575202662694952,0.23401058182784096,0.23401058182784096,0.054760952407404646,0.2649718459961498,0.2649718459961498,0.07021007917060733,0.9269005847953123,0.9269005847953123,0.859144694093892,0,1.3498588075760032
