method,true_params,bivpois_eta,bivpois_estimated_ha,bivpois_bias,bivpois_mse,pc_eta,pc_bias,pc_mse,lm_eta,lm_bias,lm_mse,team_strength_correlation,mu
bivpois,0,0.413558279758954,0.4948099255748988,0.4948099255748988,0.24483686244743688,0.5592295052592063,0.5592295052592063,0.3127376395524567,1.099415204678355,1.099415204678355,1.2087137922779492,0,1.3498588075760032
