method,true_params,bivpois_eta,bivpois_estimated_ha,bivpois_bias,bivpois_mse,pc_eta,pc_bias,pc_mse,lm_eta,lm_bias,lm_mse,team_strength_correlation,mu
bivpois,0,0.2504179892034025,0.27967494328323594,0.27967494328323594,0.07821807390048124,0.3193000871256276,0.3193000871256276,0.10195254563843335,-0.5760233918128697,-0.5760233918128697,0.3318029479156028,0,1.3498588075760032
