method,true_params,bivpois_eta,bivpois_estimated_ha,bivpois_bias,bivpois_mse,pc_eta,pc_bias,pc_mse,lm_eta,lm_bias,lm_mse,team_strength_correlation,mu
bivpois,0,0.30090297173164327,0.33838471884743837,0.33838471884743837,0.11450421794945992,0.36766199080135825,0.36766199080135825,0.13517533948001803,1.4795321637426952,1.4795321637426952,2.1890154235491415,0,1.3498588075760032
