method,true_params,bivpois_eta,bivpois_estimated_ha,bivpois_bias,bivpois_mse,pc_eta,pc_bias,pc_mse,lm_eta,lm_bias,lm_mse,team_strength_correlation,mu
bivpois,0,0.386735235280653,0.516758846748494,0.516758846748494,0.26703970569283353,0.5514036265284291,0.5514036265284291,0.3040459593487033,0.052631578947365705,0.052631578947365705,0.002770083102492789,0,1.3498588075760032
