method,true_params,bivpois_eta,bivpois_estimated_ha,bivpois_bias,bivpois_mse,pc_eta,pc_bias,pc_mse,lm_eta,lm_bias,lm_mse,team_strength_correlation,mu
bivpois,0,0.24591583323586744,0.2994594206746637,0.2994594206746637,0.0896759446308052,0.34672393795722817,0.34672393795722817,0.1202174891525678,0.11695906432748636,0.11695906432748636,0.013679422728361092,0,1.3498588075760032
