method,true_params,bivpois_eta,bivpois_estimated_ha,bivpois_bias,bivpois_mse,pc_eta,pc_bias,pc_mse,lm_eta,lm_bias,lm_mse,team_strength_correlation,mu
bivpois,0,0.36190185721240753,0.49882715575975345,0.49882715575975345,0.24882853132336533,0.5910390717085512,0.5910390717085512,0.34932718428610593,0.28947368421051034,0.28947368421051034,0.08379501385040626,0,1.3498588075760032
