method,true_params,bivpois_eta,bivpois_estimated_ha,bivpois_bias,bivpois_mse,pc_eta,pc_bias,pc_mse,lm_eta,lm_bias,lm_mse,team_strength_correlation,mu
bivpois,0,0.34041549827548057,0.4187913397619727,0.4187913397619727,0.17538618625962804,0.4485173036568494,0.4485173036568494,0.20116777167961045,0.6052631578947218,0.6052631578947218,0.366343490304691,0,1.3498588075760032
