method,true_params,bivpois_eta,bivpois_estimated_ha,bivpois_bias,bivpois_mse,pc_eta,pc_bias,pc_mse,lm_eta,lm_bias,lm_mse,team_strength_correlation,mu
bivpois,0,0.2938009029635065,0.3353919561930351,0.3353919561930351,0.11248776427899077,0.37222214924901537,0.37222214924901537,0.13854932839155626,-0.35672514619884366,-0.35672514619884366,0.12725282993058637,0,1.3498588075760032
