method,true_params,bivpois_eta,bivpois_estimated_ha,bivpois_bias,bivpois_mse,pc_eta,pc_bias,pc_mse,lm_eta,lm_bias,lm_mse,team_strength_correlation,mu
bivpois,0,0.39782210831427994,0.4428199168402194,0.4428199168402194,0.1960894787503788,0.5129710134204589,0.5129710134204589,0.2631392606096126,0.9883040935672491,0.9883040935672491,0.9767449813617819,0,1.3498588075760032
