method,true_params,bivpois_eta,bivpois_estimated_ha,bivpois_bias,bivpois_mse,pc_eta,pc_bias,pc_mse,lm_eta,lm_bias,lm_mse,team_strength_correlation,mu
bivpois,0,0.24732873629202007,0.32254996497264377,0.32254996497264377,0.10403847990385372,0.3704574264683685,0.3704574264683685,0.13723870482556666,-0.2397660818713674,-0.2397660818713674,0.05748777401594725,0,1.3498588075760032
