method,true_params,bivpois_eta,bivpois_estimated_ha,bivpois_bias,bivpois_mse,pc_eta,pc_bias,pc_mse,lm_eta,lm_bias,lm_mse,team_strength_correlation,mu
bivpois,0,0.2605010287010946,0.283442082374718,0.283442082374718,0.08033941406091644,0.31380700262458344,0.31380700262458344,0.09847483489622531,0.48538011695906697,0.48538011695906697,0.23559385793919752,0,1.3498588075760032
