method,true_params,bivpois_eta,bivpois_estimated_ha,bivpois_bias,bivpois_mse,pc_eta,pc_bias,pc_mse,lm_eta,lm_bias,lm_mse,team_strength_correlation,mu
bivpois,0,0.3128044325429761,0.3192585300004589,0.3192585300004589,0.10192600897805391,0.35874771835812713,0.35874771835812713,0.1286999254271621,0.9912280701754385,0.9912280701754385,0.982533087103724,0,1.3498588075760032
