method,true_params,bivpois_eta,bivpois_estimated_ha,bivpois_bias,bivpois_mse,pc_eta,pc_bias,pc_mse,lm_eta,lm_bias,lm_mse,team_strength_correlation,mu
bivpois,0,0.32097299689545145,0.3682602428191514,0.3682602428191514,0.13561560644122034,0.40888749429716115,0.40888749429716115,0.16718898299261098,0.6549707602339172,0.6549707602339172,0.42898669676139545,0,1.3498588075760032
