method,true_params,bivpois_eta,bivpois_estimated_ha,bivpois_bias,bivpois_mse,pc_eta,pc_bias,pc_mse,lm_eta,lm_bias,lm_mse,team_strength_correlation,mu
bivpois,0,0.32413489864688505,0.3578999384724144,0.3578999384724144,0.12809236595855802,0.4224804760283917,0.4224804760283917,0.17848975262517647,0.5847953216374427,0.5847953216374427,0.34198556820904014,0,1.3498588075760032
