method,true_params,bivpois_eta,bivpois_estimated_ha,bivpois_bias,bivpois_mse,pc_eta,pc_bias,pc_mse,lm_eta,lm_bias,lm_mse,team_strength_correlation,mu
bivpois,0,0.18181253935441882,0.18256709692316442,0.18256709692316442,0.03333074487895211,0.21150492334601836,0.21150492334601836,0.0447343325996051,0.3187134502924108,0.3187134502924108,0.10157826339729303,0,1.3498588075760032
