method,true_params,bivpois_eta,bivpois_estimated_ha,bivpois_bias,bivpois_mse,pc_eta,pc_bias,pc_mse,lm_eta,lm_bias,lm_mse,team_strength_correlation,mu
bivpois,0,0.25870297469825226,0.33356670707044445,0.33356670707044445,0.1112667480658197,0.3709381120867114,0.3709381120867114,0.13759508299845366,0.9181286549707566,0.9181286549707566,0.8429602270784106,0,1.3498588075760032
