method,true_params,bivpois_eta,bivpois_estimated_ha,bivpois_bias,bivpois_mse,pc_eta,pc_bias,pc_mse,lm_eta,lm_bias,lm_mse,team_strength_correlation,mu
bivpois,0,0.3173412136470638,0.322868627542822,0.322868627542822,0.1042441506513855,0.35238026471948514,0.35238026471948514,0.12417185096377442,0.05555555555555608,0.05555555555555608,0.003086419753086478,0,1.3498588075760032
