method,true_params,bivpois_eta,bivpois_estimated_ha,bivpois_bias,bivpois_mse,pc_eta,pc_bias,pc_mse,lm_eta,lm_bias,lm_mse,team_strength_correlation,mu
bivpois,0,0.24446127825741717,0.33947136935955546,0.33947136935955546,0.11524081061485174,0.3719114725747119,0.3719114725747119,0.1383181434326907,0.6403508771929884,0.6403508771929884,0.4100492459218298,0,1.3498588075760032
