method,true_params,bivpois_eta,bivpois_estimated_ha,bivpois_bias,bivpois_mse,pc_eta,pc_bias,pc_mse,lm_eta,lm_bias,lm_mse,team_strength_correlation,mu
bivpois,0,0.3104142391991639,0.30997461551075134,0.30997461551075134,0.09608426226103813,0.3445691264134601,0.3445691264134601,0.11872788287733504,0.672514619883038,0.672514619883038,0.452275913956427,0,1.3498588075760032
