method,true_params,bivpois_eta,bivpois_estimated_ha,bivpois_bias,bivpois_mse,pc_eta,pc_bias,pc_mse,lm_eta,lm_bias,lm_mse,team_strength_correlation,mu
bivpois,0,0.2543684029682922,0.2271399877912924,0.2271399877912924,0.051592574053828465,0.2582000036789231,0.2582000036789231,0.0666672418997959,0.27192982456140063,0.27192982456140063,0.07394582948599412,0,1.3498588075760032
