method,true_params,bivpois_eta,bivpois_estimated_ha,bivpois_bias,bivpois_mse,pc_eta,pc_bias,pc_mse,lm_eta,lm_bias,lm_mse,team_strength_correlation,mu
bivpois,0,0.42261122370726806,0.49077157734773924,0.49077157734773924,0.240856741132388,0.5461548486513719,0.5461548486513719,0.2982851187054029,0.7777777777777826,0.7777777777777826,0.6049382716049457,0,1.3498588075760032
