method,true_params,bivpois_eta,bivpois_estimated_ha,bivpois_bias,bivpois_mse,pc_eta,pc_bias,pc_mse,lm_eta,lm_bias,lm_mse,team_strength_correlation,mu
bivpois,0,0.2562009931924647,0.3071035764080037,0.3071035764080037,0.09431260664258655,0.3455030194080515,0.3455030194080515,0.11937233642008041,0.9502923976608211,0.9502923976608211,0.9030556410519521,0,1.3498588075760032
