method,true_params,bivpois_eta,bivpois_estimated_ha,bivpois_bias,bivpois_mse,pc_eta,pc_bias,pc_mse,lm_eta,lm_bias,lm_mse,team_strength_correlation,mu
bivpois,0,0.31673748497279014,0.3247365827852572,0.3247365827852572,0.1054538481990462,0.3730930992749501,0.3730930992749501,0.13919846072658779,1.0877192982456245,1.0877192982456245,1.183133271775954,0,1.3498588075760032
