method,true_params,bivpois_eta,bivpois_estimated_ha,bivpois_bias,bivpois_mse,pc_eta,pc_bias,pc_mse,lm_eta,lm_bias,lm_mse,team_strength_correlation,mu
bivpois,0.25,0.419104430701797,0.5155910302971355,0.2655910302971355,0.07053859537429394,0.5652523306160152,0.3152523306160152,0.09938403195882936,1.1520467836257413,0.9020467836257413,0.813688399849545,-0.8,1.3498588075760032
