method,true_params,bivpois_eta,bivpois_estimated_ha,bivpois_bias,bivpois_mse,pc_eta,pc_bias,pc_mse,lm_eta,lm_bias,lm_mse,team_strength_correlation,mu
bivpois,0.25,0.4233950045062409,0.5316508009681249,0.2816508009681249,0.0793271736859863,0.5806905654084175,0.33069056540841746,0.10935625005013883,1.0204678362572996,0.7704678362572996,0.5936206867070051,-0.8,1.3498588075760032
