method,true_params,bivpois_eta,bivpois_estimated_ha,bivpois_bias,bivpois_mse,pc_eta,pc_bias,pc_mse,lm_eta,lm_bias,lm_mse,team_strength_correlation,mu
bivpois,0.25,0.45249968432015497,0.5393364071767687,0.2893364071767687,0.08371555651796088,0.6094421309022926,0.3594421309022926,0.12919864546758084,-0.5672514619883138,-0.8172514619883138,0.6678999521220362,-0.8,1.3498588075760032
