method,true_params,bivpois_eta,bivpois_estimated_ha,bivpois_bias,bivpois_mse,pc_eta,pc_bias,pc_mse,lm_eta,lm_bias,lm_mse,team_strength_correlation,mu
bivpois,0.25,0.4268821559848153,0.5207747223067031,0.2707747223067031,0.07331895024027216,0.592650967883577,0.34265096788357696,0.11740968579155209,0.40058479532163854,0.15058479532163854,0.02267578058205977,-0.8,1.3498588075760032
