method,true_params,bivpois_eta,bivpois_estimated_ha,bivpois_bias,bivpois_mse,pc_eta,pc_bias,pc_mse,lm_eta,lm_bias,lm_mse,team_strength_correlation,mu
bivpois,0.25,0.45365879571885204,0.6201510264521544,0.37015102645215436,0.13701178238358347,0.6799235659439116,0.42992356594391157,0.18483427255392887,0.6900584795321582,0.44005847953215815,0.19365146540815487,-0.8,1.3498588075760032
