method,true_params,bivpois_eta,bivpois_estimated_ha,bivpois_bias,bivpois_mse,pc_eta,pc_bias,pc_mse,lm_eta,lm_bias,lm_mse,team_strength_correlation,mu
bivpois,0.25,0.46538177948008896,0.5511328964733498,0.30113289647334984,0.09068102133842923,0.6398007353901682,0.38980073539016824,0.15194461331071596,0.5730994152046849,0.3230994152046849,0.10439323210560936,-0.8,1.3498588075760032
