method,true_params,bivpois_eta,bivpois_estimated_ha,bivpois_bias,bivpois_mse,pc_eta,pc_bias,pc_mse,lm_eta,lm_bias,lm_mse,team_strength_correlation,mu
bivpois,0.25,0.46898994318780485,0.5712895647587893,0.32128956475878934,0.10322698442289228,0.6328082305938423,0.3828082305938423,0.14654214141038832,1.0730994152046704,0.8230994152046704,0.6774926473102705,-0.8,1.3498588075760032
