method,true_params,bivpois_eta,bivpois_estimated_ha,bivpois_bias,bivpois_mse,pc_eta,pc_bias,pc_mse,lm_eta,lm_bias,lm_mse,team_strength_correlation,mu
bivpois,0.25,0.4755296536792906,0.5587414803252166,0.30874148032521664,0.09532130167340613,0.6722936756270798,0.42229367562707976,0.17833194847462924,1.6900584795321527,1.4400584795321527,2.0737684244724557,-0.8,1.3498588075760032
