method,true_params,bivpois_eta,bivpois_estimated_ha,bivpois_bias,bivpois_mse,pc_eta,pc_bias,pc_mse,lm_eta,lm_bias,lm_mse,team_strength_correlation,mu
bivpois,0.25,0.4625714424905501,0.5500812021293616,0.3000812021293616,0.09004872787140279,0.6459572894025272,0.39595728940252717,0.15678217503099665,0.16959064327483184,-0.08040935672516816,0.006465664648955346,-0.8,1.3498588075760032
