method,true_params,bivpois_eta,bivpois_estimated_ha,bivpois_bias,bivpois_mse,pc_eta,pc_bias,pc_mse,lm_eta,lm_bias,lm_mse,team_strength_correlation,mu
bivpois,0.25,0.47475892712169643,0.5809177106019755,0.3309177106019755,0.10950653119005281,0.6278637552494684,0.37786375524946836,0.14278101753123013,0.7485380116959169,0.49853801169591694,0.24854014910571823,-0.8,1.3498588075760032
