method,true_params,bivpois_eta,bivpois_estimated_ha,bivpois_bias,bivpois_mse,pc_eta,pc_bias,pc_mse,lm_eta,lm_bias,lm_mse,team_strength_correlation,mu
bivpois,0.25,0.44970412654712427,0.5449042186963338,0.29490421869633376,0.08696849820489505,0.6501438494206203,0.4001438494206203,0.16011510022915207,-0.3304093567251441,-0.580409356725144,0.33687502137409553,-0.8,1.3498588075760032
