method,true_params,bivpois_eta,bivpois_estimated_ha,bivpois_bias,bivpois_mse,pc_eta,pc_bias,pc_mse,lm_eta,lm_bias,lm_mse,team_strength_correlation,mu
bivpois,0.25,0.5428619361585956,0.7298833671028193,0.4798833671028193,0.23028804602193925,0.809706393881117,0.559706393881117,0.31327124735140405,1.3742690058479496,1.1242690058479496,1.263980797510337,-0.8,1.3498588075760032
