method,true_params,bivpois_eta,bivpois_estimated_ha,bivpois_bias,bivpois_mse,pc_eta,pc_bias,pc_mse,lm_eta,lm_bias,lm_mse,team_strength_correlation,mu
bivpois,0.25,0.4032973602934109,0.5176589955624991,0.26765899556249906,0.07164133790552589,0.5931170521046975,0.34311705210469745,0.11772931144501766,0.9532163742690124,0.7032163742690124,0.4945132690400557,-0.8,1.3498588075760032
