method,true_params,bivpois_eta,bivpois_estimated_ha,bivpois_bias,bivpois_mse,pc_eta,pc_bias,pc_mse,lm_eta,lm_bias,lm_mse,team_strength_correlation,mu
bivpois,0.25,0.5566423709741881,0.7642379710534632,0.5142379710534632,0.2644406908731825,0.8853279236654449,0.6353279236654449,0.4036415705890454,0.46198830409357855,0.21198830409357855,0.044939041072471535,-0.8,1.3498588075760032
