method,true_params,bivpois_eta,bivpois_estimated_ha,bivpois_bias,bivpois_mse,pc_eta,pc_bias,pc_mse,lm_eta,lm_bias,lm_mse,team_strength_correlation,mu
bivpois,0.25,0.5042824350011715,0.5868928464660131,0.33689284646601314,0.1134967899999727,0.6646514001258865,0.4146514001258865,0.17193578362635806,0.9824561403508949,0.7324561403508949,0.5364919975377298,-0.8,1.3498588075760032
