method,true_params,bivpois_eta,bivpois_estimated_ha,bivpois_bias,bivpois_mse,pc_eta,pc_bias,pc_mse,lm_eta,lm_bias,lm_mse,team_strength_correlation,mu
bivpois,0.25,0.47047310701604445,0.5691176763820486,0.3191176763820486,0.10183609137947788,0.636239754888907,0.38623975488890705,0.149181148256643,1.35087719298247,1.10087719298247,1.2119305940289626,-0.8,1.3498588075760032
