method,true_params,bivpois_eta,bivpois_estimated_ha,bivpois_bias,bivpois_mse,pc_eta,pc_bias,pc_mse,lm_eta,lm_bias,lm_mse,team_strength_correlation,mu
bivpois,0.25,0.42132548228639877,0.5761949725524318,0.3261949725524318,0.10640316011848173,0.6231800333385068,0.3731800333385068,0.13926333728252904,0.5321637426900466,0.2821637426900466,0.07961637768885484,-0.8,1.3498588075760032
