method,true_params,bivpois_eta,bivpois_estimated_ha,bivpois_bias,bivpois_mse,pc_eta,pc_bias,pc_mse,lm_eta,lm_bias,lm_mse,team_strength_correlation,mu
bivpois,0.25,0.4803499824175462,0.6121570214642219,0.3621570214642219,0.1311577081958369,0.6525572097542182,0.40255720975421816,0.1620523071251016,0.1052631578947369,-0.1447368421052631,0.020948753462603865,-0.8,1.3498588075760032
