method,true_params,bivpois_eta,bivpois_estimated_ha,bivpois_bias,bivpois_mse,pc_eta,pc_bias,pc_mse,lm_eta,lm_bias,lm_mse,team_strength_correlation,mu
bivpois,0.25,0.619506839625162,0.7775738642509311,0.5275738642509311,0.27833418224065987,0.8996733044931872,0.6496733044931872,0.4220754025710975,1.2222222222222172,0.9722222222222172,0.9452160493827063,-0.8,1.3498588075760032
