method,true_params,bivpois_eta,bivpois_estimated_ha,bivpois_bias,bivpois_mse,pc_eta,pc_bias,pc_mse,lm_eta,lm_bias,lm_mse,team_strength_correlation,mu
bivpois,0.25,0.4696567206813061,0.6691852317732145,0.41918523177321454,0.1757162585367636,0.7561688943547722,0.5061688943547722,0.25620694961233254,0.8801169590643422,0.6301169590643422,0.3970473821004939,-0.8,1.3498588075760032
