method,true_params,bivpois_eta,bivpois_estimated_ha,bivpois_bias,bivpois_mse,pc_eta,pc_bias,pc_mse,lm_eta,lm_bias,lm_mse,team_strength_correlation,mu
bivpois,0.25,0.4860588895628031,0.564884375568667,0.314884375568667,0.09915216997726933,0.6419712490458342,0.39197124904583425,0.15364146007855142,0.06140350877192904,-0.18859649122807096,0.03556863650353984,-0.8,1.3498588075760032
