method,true_params,bivpois_eta,bivpois_estimated_ha,bivpois_bias,bivpois_mse,pc_eta,pc_bias,pc_mse,lm_eta,lm_bias,lm_mse,team_strength_correlation,mu
bivpois,0.25,0.4821746913867463,0.654548102168375,0.404548102168375,0.16365916696803398,0.7449153084353313,0.49491530843533127,0.2449411625236391,0.28654970760234105,0.03654970760234105,0.0013358811258166274,-0.8,1.3498588075760032
