method,true_params,bivpois_eta,bivpois_estimated_ha,bivpois_bias,bivpois_mse,pc_eta,pc_bias,pc_mse,lm_eta,lm_bias,lm_mse,team_strength_correlation,mu
bivpois,0.25,0.46678415126424744,0.6168533928559987,0.3668533928559987,0.13458141184995773,0.710324090220783,0.460324090220783,0.2118982680375916,0.4327485380116865,0.1827485380116865,0.033397028145408826,-0.8,1.3498588075760032
