method,true_params,bivpois_eta,bivpois_estimated_ha,bivpois_bias,bivpois_mse,pc_eta,pc_bias,pc_mse,lm_eta,lm_bias,lm_mse,team_strength_correlation,mu
bivpois,0.25,0.5138972931720254,0.6574797808715102,0.40747978087151016,0.16603977181909393,0.7384703903960554,0.48847039039605544,0.2386033222936748,-0.09941520467836783,-0.34941520467836784,0.1220909852604257,-0.8,1.3498588075760032
