method,true_params,bivpois_eta,bivpois_estimated_ha,bivpois_bias,bivpois_mse,pc_eta,pc_bias,pc_mse,lm_eta,lm_bias,lm_mse,team_strength_correlation,mu
bivpois,0.25,0.4631790503536542,0.546457545275978,0.296457545275978,0.08788707615105855,0.5951233213032844,0.3451233213032844,0.11911010690741007,-0.11111111111111573,-0.3611111111111157,0.13040123456790456,-0.8,1.3498588075760032
