method,true_params,bivpois_eta,bivpois_estimated_ha,bivpois_bias,bivpois_mse,pc_eta,pc_bias,pc_mse,lm_eta,lm_bias,lm_mse,team_strength_correlation,mu
bivpois,0.25,0.4657914004959383,0.6700280110624537,0.4200280110624537,0.17642353007708073,0.7468853934899506,0.49688539348995064,0.24689509426366307,0.33918128654971497,0.08918128654971497,0.007953301870662371,-0.8,1.3498588075760032
