method,true_params,bivpois_eta,bivpois_estimated_ha,bivpois_bias,bivpois_mse,pc_eta,pc_bias,pc_mse,lm_eta,lm_bias,lm_mse,team_strength_correlation,mu
bivpois,0.25,0.45166814920616305,0.5761521038746502,0.3261521038746502,0.10637519486186062,0.6247487950470137,0.37474879504701375,0.14043665938918873,0.581871345029232,0.331871345029232,0.11013858965151155,-0.8,1.3498588075760032
