method,true_params,bivpois_eta,bivpois_estimated_ha,bivpois_bias,bivpois_mse,pc_eta,pc_bias,pc_mse,lm_eta,lm_bias,lm_mse,team_strength_correlation,mu
bivpois,0.25,0.5161328366080427,0.7255045755644478,0.4755045755644478,0.22610460138272565,0.8131493282978233,0.5631493282978233,0.3171371659622895,0.7602339181286377,0.5102339181286377,0.2603386512089014,-0.8,1.3498588075760032
