method,true_params,bivpois_eta,bivpois_estimated_ha,bivpois_bias,bivpois_mse,pc_eta,pc_bias,pc_mse,lm_eta,lm_bias,lm_mse,team_strength_correlation,mu
bivpois,0.25,0.4007608726350897,0.4701392495584199,0.2201392495584199,0.04846128919614428,0.537722493624545,0.28772249362454505,0.08278423333752637,0.956140350877189,0.706140350877189,0.49863419513695956,-0.8,1.3498588075760032
