method,true_params,bivpois_eta,bivpois_estimated_ha,bivpois_bias,bivpois_mse,pc_eta,pc_bias,pc_mse,lm_eta,lm_bias,lm_mse,team_strength_correlation,mu
bivpois,0.25,0.4505527821723756,0.5465159487860892,0.2965159487860892,0.08792170788451469,0.7005527076069327,0.45055270760693267,0.20299774233193815,1.6725146198830394,1.4225146198830394,2.023547843780988,-0.8,1.3498588075760032
