method,true_params,bivpois_eta,bivpois_estimated_ha,bivpois_bias,bivpois_mse,pc_eta,pc_bias,pc_mse,lm_eta,lm_bias,lm_mse,team_strength_correlation,mu
bivpois,0.25,0.44173712531330833,0.5984756040012569,0.3484756040012569,0.1214352465840408,0.7022441506233752,0.4522441506233752,0.20452477177305808,1.0029239766082019,0.7529239766082019,0.5668945145515081,-0.8,1.3498588075760032
