method,true_params,bivpois_eta,bivpois_estimated_ha,bivpois_bias,bivpois_mse,pc_eta,pc_bias,pc_mse,lm_eta,lm_bias,lm_mse,team_strength_correlation,mu
bivpois,0.25,0.43033367229574804,0.5385093141650206,0.28850931416502057,0.08323762435997054,0.5923627796819925,0.34236277968199247,0.11721227291158051,-0.6023391812865551,-0.8523391812865551,0.7264820799562349,-0.8,1.3498588075760032
