method,true_params,bivpois_eta,bivpois_estimated_ha,bivpois_bias,bivpois_mse,pc_eta,pc_bias,pc_mse,lm_eta,lm_bias,lm_mse,team_strength_correlation,mu
bivpois,0.25,0.43971031650254744,0.5143331002324871,0.26433310023248713,0.06987198787851809,0.5588295498690654,0.3088295498690654,0.09537569087232955,-0.008771929824571012,-0.25877192982457103,0.06696291166513271,-0.8,1.3498588075760032
