method,true_params,bivpois_eta,bivpois_estimated_ha,bivpois_bias,bivpois_mse,pc_eta,pc_bias,pc_mse,lm_eta,lm_bias,lm_mse,team_strength_correlation,mu
bivpois,0.25,0.41181516313556116,0.48322850097263326,0.23322850097263326,0.05439553366594159,0.5263257744238747,0.27632577442387474,0.07635593361095411,0.5263157894736994,0.2763157894736994,0.07635041551247376,-0.8,1.3498588075760032
