method,true_params,bivpois_eta,bivpois_estimated_ha,bivpois_bias,bivpois_mse,pc_eta,pc_bias,pc_mse,lm_eta,lm_bias,lm_mse,team_strength_correlation,mu
bivpois,0,-0.034459390734979736,-0.0395898101466603,-0.0395898101466603,0.0015673530674486067,-0.053097092423997606,-0.053097092423997606,0.002819301223882544,-0.22222222222222113,-0.22222222222222113,0.04938271604938223,0,1
