method,true_params,bivpois_eta,bivpois_estimated_ha,bivpois_bias,bivpois_mse,pc_eta,pc_bias,pc_mse,lm_eta,lm_bias,lm_mse,team_strength_correlation,mu
bivpois,0.25,0.49373704008332014,0.6527625530399661,0.4027625530399661,0.1622176741312715,0.7291031583576177,0.47910315835761774,0.22953983634824454,0.7397660818713518,0.48976608187135184,0.23987081495161572,-0.8,1.3498588075760032
