method,true_params,bivpois_eta,bivpois_estimated_ha,bivpois_bias,bivpois_mse,pc_eta,pc_bias,pc_mse,lm_eta,lm_bias,lm_mse,team_strength_correlation,mu
bivpois,0.25,0.3845569545681279,0.45068732374064713,0.20068732374064713,0.040275401910183306,0.49995550687652235,0.24995550687652235,0.06247775541789921,1.0526315789473757,0.8026315789473757,0.6442174515235574,-0.8,1.3498588075760032
