method,true_params,bivpois_eta,bivpois_estimated_ha,bivpois_bias,bivpois_mse,pc_eta,pc_bias,pc_mse,lm_eta,lm_bias,lm_mse,team_strength_correlation,mu
bivpois,0.25,0.5612994928896221,0.64733616629193,0.39733616629193,0.15787602904356826,0.7086577798647896,0.4586577798647896,0.21036695903049782,0.8245614035087843,0.5745614035087843,0.330120806401984,-0.8,1.3498588075760032
