method,true_params,bivpois_eta,bivpois_estimated_ha,bivpois_bias,bivpois_mse,pc_eta,pc_bias,pc_mse,lm_eta,lm_bias,lm_mse,team_strength_correlation,mu
bivpois,0.25,0.4740230893307965,0.6284905632909568,0.37849056329095676,0.14325510650030573,0.7083403267828214,0.45834032678282144,0.21007585515538355,0.7192982456140281,0.4692982456140281,0.22024084333640465,-0.8,1.3498588075760032
