method,true_params,bivpois_eta,bivpois_estimated_ha,bivpois_bias,bivpois_mse,pc_eta,pc_bias,pc_mse,lm_eta,lm_bias,lm_mse,team_strength_correlation,mu
bivpois,0.25,0.5220856205460591,0.6535163548621914,0.4035163548621914,0.16282544864126997,0.7202989577208111,0.4702989577208111,0.22118110963328128,1.5818713450292319,1.3318713450292319,1.7738812797099752,-0.8,1.3498588075760032
