method,true_params,bivpois_eta,bivpois_estimated_ha,bivpois_bias,bivpois_mse,pc_eta,pc_bias,pc_mse,lm_eta,lm_bias,lm_mse,team_strength_correlation,mu
bivpois,0.25,0.5777618392367784,0.7448682055047938,0.4948682055047938,0.24489454081953485,0.7896456408942364,0.5396456408942364,0.2912174177361511,0.8450292397660658,0.5950292397660658,0.35405979617658223,-0.8,1.3498588075760032
