method,true_params,bivpois_eta,bivpois_estimated_ha,bivpois_bias,bivpois_mse,pc_eta,pc_bias,pc_mse,lm_eta,lm_bias,lm_mse,team_strength_correlation,mu
bivpois,0.25,0.4508447229512534,0.581563828607575,0.33156382860757505,0.1099345724409134,0.6671236021741224,0.41712360217412237,0.1739920994907155,0.5906432748537923,0.3406432748537923,0.11603784070311629,-0.8,1.3498588075760032
