method,true_params,bivpois_eta,bivpois_estimated_ha,bivpois_bias,bivpois_mse,pc_eta,pc_bias,pc_mse,lm_eta,lm_bias,lm_mse,team_strength_correlation,mu
bivpois,0.25,0.5053085222775888,0.6556479387426315,0.4056479387426315,0.16455025020614572,0.7115568045422468,0.4615568045422468,0.2130346838192498,1.374269005847956,1.124269005847956,1.2639807975103514,-0.8,1.3498588075760032
