method,true_params,bivpois_eta,bivpois_estimated_ha,bivpois_bias,bivpois_mse,pc_eta,pc_bias,pc_mse,lm_eta,lm_bias,lm_mse,team_strength_correlation,mu
bivpois,0.25,0.549978722005267,0.5801949149236463,0.3301949149236463,0.10902868184143401,0.6917523854303264,0.44175238543032636,0.1951451700333836,0.011695906432750135,-0.23830409356724985,0.05678884101090857,-0.4,1.3498588075760032
