method,true_params,bivpois_eta,bivpois_estimated_ha,bivpois_bias,bivpois_mse,pc_eta,pc_bias,pc_mse,lm_eta,lm_bias,lm_mse,team_strength_correlation,mu
bivpois,0.25,0.4069844635048383,0.5681790530523048,0.31817905305230476,0.10123790980126136,0.6290914978402693,0.3790914978402693,0.1437103637347789,0.5263157894736851,0.27631578947368507,0.07635041551246585,-0.4,1.3498588075760032
