method,true_params,bivpois_eta,bivpois_estimated_ha,bivpois_bias,bivpois_mse,pc_eta,pc_bias,pc_mse,lm_eta,lm_bias,lm_mse,team_strength_correlation,mu
bivpois,0.25,0.4576236575611487,0.6490393211840941,0.39903932118409413,0.15923237985106264,0.7324034078418972,0.48240340784189717,0.23271304789747577,0.8508771929824592,0.6008771929824592,0.36105340104647954,-0.4,1.3498588075760032
