method,true_params,bivpois_eta,bivpois_estimated_ha,bivpois_bias,bivpois_mse,pc_eta,pc_bias,pc_mse,lm_eta,lm_bias,lm_mse,team_strength_correlation,mu
bivpois,0.25,0.48307323741041386,0.6121392945794276,0.3621392945794276,0.13114486867848546,0.6664452402867617,0.41644524028676166,0.17342663815749865,2.204678362573096,1.954678362573096,3.8207675011114395,-0.4,1.3498588075760032
