method,true_params,bivpois_eta,bivpois_estimated_ha,bivpois_bias,bivpois_mse,pc_eta,pc_bias,pc_mse,lm_eta,lm_bias,lm_mse,team_strength_correlation,mu
bivpois,0.25,0.37834627449576,0.45198283795704974,0.20198283795704974,0.04079706682918381,0.49565975148045033,0.24565975148045033,0.06034871349743662,1.3362573099415231,1.0862573099415231,1.1799549434013943,-0.4,1.3498588075760032
