method,true_params,bivpois_eta,bivpois_estimated_ha,bivpois_bias,bivpois_mse,pc_eta,pc_bias,pc_mse,lm_eta,lm_bias,lm_mse,team_strength_correlation,mu
bivpois,0.25,0.3855802189919492,0.44118430974907663,0.19118430974907663,0.03655144029423088,0.5004563441401665,0.2504563441401665,0.06272838032005751,0.8888888888888822,0.6388888888888822,0.40817901234567044,-0.4,1.3498588075760032
