method,true_params,bivpois_eta,bivpois_estimated_ha,bivpois_bias,bivpois_mse,pc_eta,pc_bias,pc_mse,lm_eta,lm_bias,lm_mse,team_strength_correlation,mu
bivpois,0.25,0.5835178372501282,0.7706490300860285,0.5206490300860285,0.27107541252952216,0.8437802289893093,0.5937802289893093,0.35257496033859653,1.839181286549702,1.589181286549702,2.5254971615197657,-0.4,1.3498588075760032
