method,true_params,bivpois_eta,bivpois_estimated_ha,bivpois_bias,bivpois_mse,pc_eta,pc_bias,pc_mse,lm_eta,lm_bias,lm_mse,team_strength_correlation,mu
bivpois,0.25,0.47849591389369006,0.5841829931065802,0.3341829931065802,0.1116782728816726,0.6370008248294703,0.3870008248294703,0.14976963841869034,0.6783625730994123,0.4283625730994123,0.18349449403234933,-0.4,1.3498588075760032
