method,true_params,bivpois_eta,bivpois_estimated_ha,bivpois_bias,bivpois_mse,pc_eta,pc_bias,pc_mse,lm_eta,lm_bias,lm_mse,team_strength_correlation,mu
bivpois,0.25,0.4727887994925845,0.5641767731590238,0.3141767731590238,0.0987070447926167,0.6318787332617325,0.3818787332617325,0.14583136691758544,0.2485380116958956,-0.0014619883041044057,2.137409801338076e-6,-0.4,1.3498588075760032
