method,true_params,bivpois_eta,bivpois_estimated_ha,bivpois_bias,bivpois_mse,pc_eta,pc_bias,pc_mse,lm_eta,lm_bias,lm_mse,team_strength_correlation,mu
bivpois,0.25,0.4148602905673018,0.5096532000530645,0.25965320005306447,0.06741978429779671,0.5848839352313588,0.33488393523135884,0.11214725007604094,1.6257309941520464,1.3757309941520464,1.892635768270578,-0.4,1.3498588075760032
