method,true_params,bivpois_eta,bivpois_estimated_ha,bivpois_bias,bivpois_mse,pc_eta,pc_bias,pc_mse,lm_eta,lm_bias,lm_mse,team_strength_correlation,mu
bivpois,0.25,0.4136568094574446,0.5287999341031828,0.2787999341031828,0.07772940325593908,0.5771902459892747,0.3271902459892747,0.10705345707052209,-0.13742690058479,-0.38742690058479,0.15009960329673677,-0.4,1.3498588075760032
