method,true_params,bivpois_eta,bivpois_estimated_ha,bivpois_bias,bivpois_mse,pc_eta,pc_bias,pc_mse,lm_eta,lm_bias,lm_mse,team_strength_correlation,mu
bivpois,0.25,0.4461217971276854,0.5469881371467459,0.2969881371467459,0.08820195360589433,0.6169323432879686,0.36693234328796864,0.13463934455079968,1.538011695906428,1.288011695906428,1.658974128791753,-0.4,1.3498588075760032
