method,true_params,bivpois_eta,bivpois_estimated_ha,bivpois_bias,bivpois_mse,pc_eta,pc_bias,pc_mse,lm_eta,lm_bias,lm_mse,team_strength_correlation,mu
bivpois,0.25,0.43610775804540985,0.5591089243329772,0.3091089243329772,0.09554832710229023,0.6138406435421614,0.3638406435421614,0.13238001389317414,-0.014619883040942413,-0.2646198830409424,0.07002368250060205,-0.4,1.3498588075760032
