method,true_params,bivpois_eta,bivpois_estimated_ha,bivpois_bias,bivpois_mse,pc_eta,pc_bias,pc_mse,lm_eta,lm_bias,lm_mse,team_strength_correlation,mu
bivpois,0.25,0.6100462860281805,0.723767510880339,0.47376751088033897,0.2244556543657521,0.8138010731881907,0.5638010731881907,0.3178716501281556,0.7105263157894816,0.46052631578948156,0.2120844875346333,-0.4,1.3498588075760032
