method,true_params,bivpois_eta,bivpois_estimated_ha,bivpois_bias,bivpois_mse,pc_eta,pc_bias,pc_mse,lm_eta,lm_bias,lm_mse,team_strength_correlation,mu
bivpois,0.25,0.4739579108719175,0.6266237401779324,0.37662374017793243,0.14184544166561475,0.7078652462580282,0.45786524625802816,0.20964058373092476,1.2690058479532185,1.0190058479532185,1.0383729181628578,-0.4,1.3498588075760032
