method,true_params,bivpois_eta,bivpois_estimated_ha,bivpois_bias,bivpois_mse,pc_eta,pc_bias,pc_mse,lm_eta,lm_bias,lm_mse,team_strength_correlation,mu
bivpois,0.25,0.3303383872313659,0.3316247433116707,0.08162474331167069,0.006662598720696129,0.38615380791306275,0.13615380791306275,0.01853785940922719,0.7923976608187205,0.5423976608187205,0.29419522246161983,-0.4,1.3498588075760032
