method,true_params,bivpois_eta,bivpois_estimated_ha,bivpois_bias,bivpois_mse,pc_eta,pc_bias,pc_mse,lm_eta,lm_bias,lm_mse,team_strength_correlation,mu
bivpois,0.25,0.5043692852288363,0.6618501271914052,0.41185012719140524,0.16962052726757668,0.7240860033380476,0.4740860033380476,0.2247575385610433,0.19298245614034495,-0.057017543859655045,0.003251000307787687,-0.4,1.3498588075760032
