method,true_params,bivpois_eta,bivpois_estimated_ha,bivpois_bias,bivpois_mse,pc_eta,pc_bias,pc_mse,lm_eta,lm_bias,lm_mse,team_strength_correlation,mu
bivpois,0.25,0.4737670956784791,0.5533021763872541,0.3033021763872541,0.091992210201245,0.6114132455163808,0.36141324551638077,0.1306195340346837,0.7076023391813099,0.4576023391813099,0.20939990082420656,-0.4,1.3498588075760032
