method,true_params,bivpois_eta,bivpois_estimated_ha,bivpois_bias,bivpois_mse,pc_eta,pc_bias,pc_mse,lm_eta,lm_bias,lm_mse,team_strength_correlation,mu
bivpois,0.25,0.410827157347175,0.5291685725643316,0.2791685725643316,0.07793509190760647,0.5958184460949947,0.3458184460949947,0.11959039765955674,0.5555555555555467,0.3055555555555467,0.09336419753085878,-0.4,1.3498588075760032
