method,true_params,bivpois_eta,bivpois_estimated_ha,bivpois_bias,bivpois_mse,pc_eta,pc_bias,pc_mse,lm_eta,lm_bias,lm_mse,team_strength_correlation,mu
bivpois,0.25,0.45849072642060756,0.7073066833555655,0.45730668335556546,0.2091294026416674,0.797865453469759,0.547865453469759,0.30015655510562467,1.0000000000000202,0.7500000000000202,0.5625000000000303,-0.4,1.3498588075760032
