method,true_params,bivpois_eta,bivpois_estimated_ha,bivpois_bias,bivpois_mse,pc_eta,pc_bias,pc_mse,lm_eta,lm_bias,lm_mse,team_strength_correlation,mu
bivpois,0.25,0.46542941450711534,0.6440851062664479,0.3940851062664479,0.15530307098103752,0.7253514993116008,0.4753514993116008,0.2259590478977868,0.9152046783625787,0.6652046783625787,0.44249726411546175,-0.4,1.3498588075760032
