method,true_params,bivpois_eta,bivpois_estimated_ha,bivpois_bias,bivpois_mse,pc_eta,pc_bias,pc_mse,lm_eta,lm_bias,lm_mse,team_strength_correlation,mu
bivpois,0.25,0.46408979186141097,0.5727033798922093,0.3227033798922093,0.10413747139385557,0.6488261320706821,0.39882613207068207,0.15906228362246114,0.6695906432748658,0.41959064327486584,0.1760563079238157,-0.4,1.3498588075760032
