method,true_params,bivpois_eta,bivpois_estimated_ha,bivpois_bias,bivpois_mse,pc_eta,pc_bias,pc_mse,lm_eta,lm_bias,lm_mse,team_strength_correlation,mu
bivpois,0.25,0.5236708667296428,0.6411205059410985,0.3911205059410985,0.15297525016762084,0.7245426052638283,0.4745426052638283,0.22519068421058155,0.8070175438596413,0.5570175438596413,0.31026854416742744,-0.4,1.3498588075760032
