method,true_params,bivpois_eta,bivpois_estimated_ha,bivpois_bias,bivpois_mse,pc_eta,pc_bias,pc_mse,lm_eta,lm_bias,lm_mse,team_strength_correlation,mu
bivpois,0.25,0.45821337162325104,0.5513962531982776,0.30139625319827756,0.09083970144196024,0.630114185489502,0.38011418548950204,0.14448679401034756,1.0263157894736876,0.7763157894736876,0.6026662049861549,-0.4,1.3498588075760032
