method,true_params,bivpois_eta,bivpois_estimated_ha,bivpois_bias,bivpois_mse,pc_eta,pc_bias,pc_mse,lm_eta,lm_bias,lm_mse,team_strength_correlation,mu
bivpois,0.25,0.5362628937824988,0.6718070454784539,0.42180704547845393,0.17792118361526252,0.76529094454880775,0.51529094454880775,0.26552475753400245,0.09649122807017967,-0.15350877192982032,0.023564943059401593,-0.4,1.3498588075760032
