method,true_params,bivpois_eta,bivpois_estimated_ha,bivpois_bias,bivpois_mse,pc_eta,pc_bias,pc_mse,lm_eta,lm_bias,lm_mse,team_strength_correlation,mu
bivpois,0.25,0.4926049882978135,0.640549321755242,0.39054932175524204,0.15252877272347956,0.7094666726076503,0.4594666726076503,0.2111096232371457,0.5467836257309943,0.29678362573099426,0.08808052050203488,-0.4,1.3498588075760032
