method,true_params,bivpois_eta,bivpois_estimated_ha,bivpois_bias,bivpois_mse,pc_eta,pc_bias,pc_mse,lm_eta,lm_bias,lm_mse,team_strength_correlation,mu
bivpois,0.25,0.4648258561861084,0.6395078942237928,0.38950789422379284,0.15171639966265338,0.7322123187452174,0.4822123187452174,0.23252872034963917,1.84795321637428,1.59795321637428,2.5534544817209066,-0.4,1.3498588075760032
