method,true_params,bivpois_eta,bivpois_estimated_ha,bivpois_bias,bivpois_mse,pc_eta,pc_bias,pc_mse,lm_eta,lm_bias,lm_mse,team_strength_correlation,mu
bivpois,0.25,0.5154321264827096,0.6221161656018087,0.3721161656018087,0.13847044070219272,0.7294521354180854,0.4794521354180854,0.22987435015696212,0.5760233918128606,0.32602339181286055,0.106291252009162,-0.4,1.3498588075760032
