method,true_params,bivpois_eta,bivpois_estimated_ha,bivpois_bias,bivpois_mse,pc_eta,pc_bias,pc_mse,lm_eta,lm_bias,lm_mse,team_strength_correlation,mu
bivpois,0.25,0.4855532520530585,0.7032419065708546,0.4532419065708546,0.2054282258719833,0.759986503409878,0.509986503409878,0.2600862336602334,1.0964912280701857,0.8464912280701857,0.7165473991997712,-0.4,1.3498588075760032
