method,true_params,bivpois_eta,bivpois_estimated_ha,bivpois_bias,bivpois_mse,pc_eta,pc_bias,pc_mse,lm_eta,lm_bias,lm_mse,team_strength_correlation,mu
bivpois,0,-0.0016269754063045001,-0.0018227076645793705,-0.0018227076645793705,3.322263230516383e-6,2.2138518896702648e-4,2.2138518896702648e-4,4.9011401893966024e-8,0.11111111111110518,0.11111111111110518,0.01234567901234436,0,1
