method,true_params,bivpois_eta,bivpois_estimated_ha,bivpois_bias,bivpois_mse,pc_eta,pc_bias,pc_mse,lm_eta,lm_bias,lm_mse,team_strength_correlation,mu
bivpois,0.25,0.6793452642594433,0.8268852556025996,0.5768852556025996,0.3327965981316767,0.967600533706103,0.717600533706103,0.5149505259752839,0.8625730994152072,0.6125730994152072,0.37524580212715336,-0.4,1.3498588075760032
