method,true_params,bivpois_eta,bivpois_estimated_ha,bivpois_bias,bivpois_mse,pc_eta,pc_bias,pc_mse,lm_eta,lm_bias,lm_mse,team_strength_correlation,mu
bivpois,0.25,0.5693853146959694,0.572962927561556,0.322962927561556,0.10430505257913085,0.6573026670193366,0.4073026670193366,0.16589546256106458,0.7134502923976563,0.46345029239765634,0.21478617352347315,-0.4,1.3498588075760032
