method,true_params,bivpois_eta,bivpois_estimated_ha,bivpois_bias,bivpois_mse,pc_eta,pc_bias,pc_mse,lm_eta,lm_bias,lm_mse,team_strength_correlation,mu
bivpois,0.25,0.41275772417472634,0.5384255089482841,0.2884255089482841,0.08318927421207672,0.5785049570799659,0.32850495707996585,0.1079155068261102,0.1900584795321534,-0.05994152046784659,0.003592985875997272,-0.4,1.3498588075760032
