method,true_params,bivpois_eta,bivpois_estimated_ha,bivpois_bias,bivpois_mse,pc_eta,pc_bias,pc_mse,lm_eta,lm_bias,lm_mse,team_strength_correlation,mu
bivpois,0.25,0.5115942354363572,0.5564544421184902,0.30645444211849016,0.09391432509415504,0.6404376191653965,0.39043761916539654,0.15244153445954323,0.6754385964912282,0.42543859649122817,0.18099799938442607,-0.4,1.3498588075760032
