method,true_params,bivpois_eta,bivpois_estimated_ha,bivpois_bias,bivpois_mse,pc_eta,pc_bias,pc_mse,lm_eta,lm_bias,lm_mse,team_strength_correlation,mu
bivpois,0.25,0.42080955594413366,0.5828868421774658,0.3328868421774658,0.11081364969488501,0.6436690346283223,0.39366903462832226,0.1549753088251952,-1.1052631578947387,-1.3552631578947387,1.8367382271468196,-0.4,1.3498588075760032
