method,true_params,bivpois_eta,bivpois_estimated_ha,bivpois_bias,bivpois_mse,pc_eta,pc_bias,pc_mse,lm_eta,lm_bias,lm_mse,team_strength_correlation,mu
bivpois,0.25,0.45068752610382046,0.5354404032903148,0.28544040329031484,0.08147622383053758,0.602350208804905,0.352350208804905,0.12415066964486013,0.8245614035087728,0.5745614035087728,0.3301208064019709,-0.4,1.3498588075760032
