method,true_params,bivpois_eta,bivpois_estimated_ha,bivpois_bias,bivpois_mse,pc_eta,pc_bias,pc_mse,lm_eta,lm_bias,lm_mse,team_strength_correlation,mu
bivpois,0.25,0.47790153501768173,0.6654927847730787,0.4154927847730787,0.1726342541984879,0.7168532519778497,0.46685325197784966,0.2179519588822936,0.26023391812864805,0.010233918128648045,1.0473308026387111e-4,-0.4,1.3498588075760032
