method,true_params,bivpois_eta,bivpois_estimated_ha,bivpois_bias,bivpois_mse,pc_eta,pc_bias,pc_mse,lm_eta,lm_bias,lm_mse,team_strength_correlation,mu
bivpois,0.25,0.4431116807691375,0.49055230402616734,0.24055230402616734,0.057865410972297644,0.63916867679823,0.38916867679823,0.1514522590008852,1.011695906432748,0.761695906432748,0.5801806538764056,-0.4,1.3498588075760032
