method,true_params,bivpois_eta,bivpois_estimated_ha,bivpois_bias,bivpois_mse,pc_eta,pc_bias,pc_mse,lm_eta,lm_bias,lm_mse,team_strength_correlation,mu
bivpois,0.25,0.5409161858491632,0.632129839509003,0.38212983950900303,0.1460232142431764,0.7604696354051634,0.5104696354051634,0.2605792486706805,1.4327485380117073,1.1827485380117073,1.398894104168831,-0.4,1.3498588075760032
