method,true_params,bivpois_eta,bivpois_estimated_ha,bivpois_bias,bivpois_mse,pc_eta,pc_bias,pc_mse,lm_eta,lm_bias,lm_mse,team_strength_correlation,mu
bivpois,0.25,0.43657429656614033,0.5839345986307949,0.3339345986307949,0.11151231616271008,0.6512145729479387,0.4012145729479387,0.16097313354579684,2.000000000000004,1.750000000000004,3.062500000000014,0,1.3498588075760032
