method,true_params,bivpois_eta,bivpois_estimated_ha,bivpois_bias,bivpois_mse,pc_eta,pc_bias,pc_mse,lm_eta,lm_bias,lm_mse,team_strength_correlation,mu
bivpois,0.25,0.3681765129279947,0.4075673247729116,0.15756732477291158,0.024827461836092194,0.4412400438650991,0.19124004386509907,0.03657275437752502,0.28362573099415184,0.03362573099415184,0.0011306897848910634,0,1.3498588075760032
