method,true_params,bivpois_eta,bivpois_estimated_ha,bivpois_bias,bivpois_mse,pc_eta,pc_bias,pc_mse,lm_eta,lm_bias,lm_mse,team_strength_correlation,mu
bivpois,0.25,0.43553456229375315,0.5098862075136573,0.2598862075136573,0.06754084085583176,0.5887359123677623,0.33873591236776235,0.11474201832762038,-0.10526315789472505,-0.35526315789472507,0.12621191135733237,0,1.3498588075760032
