method,true_params,bivpois_eta,bivpois_estimated_ha,bivpois_bias,bivpois_mse,pc_eta,pc_bias,pc_mse,lm_eta,lm_bias,lm_mse,team_strength_correlation,mu
bivpois,0.25,0.43209481888685297,0.5043045260864629,0.2543045260864629,0.0646707919880605,0.5510463178828706,0.3010463178828706,0.09062888551083438,0.1140350877192831,-0.1359649122807169,0.018486457371503038,0,1.3498588075760032
