method,true_params,bivpois_eta,bivpois_estimated_ha,bivpois_bias,bivpois_mse,pc_eta,pc_bias,pc_mse,lm_eta,lm_bias,lm_mse,team_strength_correlation,mu
bivpois,0.25,0.3855934578151431,0.5159600137763252,0.26596001377632517,0.07073472892790307,0.570093623699011,0.32009362369901095,0.10245992793276402,-0.2982456140350873,-0.5482456140350873,0.30057325330870993,0,1.3498588075760032
