method,true_params,bivpois_eta,bivpois_estimated_ha,bivpois_bias,bivpois_mse,pc_eta,pc_bias,pc_mse,lm_eta,lm_bias,lm_mse,team_strength_correlation,mu
bivpois,0.25,0.44771796893529575,0.532654600587808,0.282654600587808,0.07989362323345327,0.6177766230524747,0.3677766230524747,0.13525964446388208,0.36842105263157404,0.11842105263157404,0.014023545706370029,0,1.3498588075760032
