method,true_params,bivpois_eta,bivpois_estimated_ha,bivpois_bias,bivpois_mse,pc_eta,pc_bias,pc_mse,lm_eta,lm_bias,lm_mse,team_strength_correlation,mu
bivpois,0.25,0.4832265755615401,0.6300371665400071,0.3800371665400071,0.14442824795175707,0.698331457538204,0.448331457538204,0.20100109581833045,0.4415204678362522,0.1915204678362522,0.03668008960021692,0,1.3498588075760032
