method,true_params,bivpois_eta,bivpois_estimated_ha,bivpois_bias,bivpois_mse,pc_eta,pc_bias,pc_mse,lm_eta,lm_bias,lm_mse,team_strength_correlation,mu
bivpois,0.25,0.4748707146749981,0.5483383427315578,0.2983383427315578,0.08900576674381244,0.6120125187611665,0.36201251876116647,0.1310530637398039,1.377192982456143,1.127192982456143,1.270564019698375,0,1.3498588075760032
