method,true_params,bivpois_eta,bivpois_estimated_ha,bivpois_bias,bivpois_mse,pc_eta,pc_bias,pc_mse,lm_eta,lm_bias,lm_mse,team_strength_correlation,mu
bivpois,0.25,0.5216706337274507,0.6685885508077692,0.41858855080776924,0.17521637486734842,0.7157470050936727,0.46574700509367273,0.2169202727537256,-0.35087719298244613,-0.6008771929824461,0.36105340104646383,0,1.3498588075760032
