method,true_params,bivpois_eta,bivpois_estimated_ha,bivpois_bias,bivpois_mse,pc_eta,pc_bias,pc_mse,lm_eta,lm_bias,lm_mse,team_strength_correlation,mu
bivpois,0.25,0.5032596515136346,0.5543155621759929,0.30431556217599287,0.09260796138249058,0.6559423421664894,0.4059423421664894,0.16478918516361515,1.3859649122806892,1.1359649122806892,1.290416281932874,0,1.3498588075760032
