method,true_params,bivpois_eta,bivpois_estimated_ha,bivpois_bias,bivpois_mse,pc_eta,pc_bias,pc_mse,lm_eta,lm_bias,lm_mse,team_strength_correlation,mu
bivpois,0.25,0.4306358679757753,0.5061775187851603,0.25617751878516026,0.06562692113092114,0.5778829158773423,0.3278829158773423,0.10750720652422834,0.5233918128654933,0.2733918128654933,0.07474308334188091,0,1.3498588075760032
