method,true_params,bivpois_eta,bivpois_estimated_ha,bivpois_bias,bivpois_mse,pc_eta,pc_bias,pc_mse,lm_eta,lm_bias,lm_mse,team_strength_correlation,mu
bivpois,0.25,0.496630434890149,0.6953120214284962,0.44531202142849624,0.1983027964287335,0.7759274254799157,0.5259274254799157,0.2765996568719322,2.4152046783625716,2.1652046783625716,4.688111299203167,0,1.3498588075760032
