method,true_params,bivpois_eta,bivpois_estimated_ha,bivpois_bias,bivpois_mse,pc_eta,pc_bias,pc_mse,lm_eta,lm_bias,lm_mse,team_strength_correlation,mu
bivpois,0.25,0.51006587156137,0.6208998962856876,0.37089989628568765,0.13756673306473385,0.6936184049732151,0.44361840497321514,0.1967972892309795,1.45321637426899,1.20321637426899,1.4477296433090143,0,1.3498588075760032
