method,true_params,bivpois_eta,bivpois_estimated_ha,bivpois_bias,bivpois_mse,pc_eta,pc_bias,pc_mse,lm_eta,lm_bias,lm_mse,team_strength_correlation,mu
bivpois,0.25,0.435059030224098,0.541485708213622,0.29148570821362196,0.08496391809279676,0.600818259800042,0.350818259800042,0.12307345140912976,-0.44444444444443315,-0.6944444444444331,0.4822530864197373,0,1.3498588075760032
