method,true_params,bivpois_eta,bivpois_estimated_ha,bivpois_bias,bivpois_mse,pc_eta,pc_bias,pc_mse,lm_eta,lm_bias,lm_mse,team_strength_correlation,mu
bivpois,0.25,0.46168482587291043,0.6314884100712539,0.3814884100712539,0.14553340701869316,0.6975432834716678,0.44754328347166783,0.20029499058060163,1.225146198830395,0.9751461988303951,0.9509101090933685,0,1.3498588075760032
