method,true_params,bivpois_eta,bivpois_estimated_ha,bivpois_bias,bivpois_mse,pc_eta,pc_bias,pc_mse,lm_eta,lm_bias,lm_mse,team_strength_correlation,mu
bivpois,0.25,0.5197091002516828,0.6532843638205383,0.40328436382053834,0.16263827810213632,0.736431297402112,0.486431297402112,0.23661540709230192,0.014619883040931324,-0.23538011695906869,0.05540379945966485,0,1.3498588075760032
