method,true_params,bivpois_eta,bivpois_estimated_ha,bivpois_bias,bivpois_mse,pc_eta,pc_bias,pc_mse,lm_eta,lm_bias,lm_mse,team_strength_correlation,mu
bivpois,0.25,0.4226806909460001,0.5450600043134453,0.29506000431344526,0.08706040614545034,0.6144152238910063,0.36441522389100633,0.13279845540353227,1.090643274853806,0.840643274853806,0.7066811155569316,0,1.3498588075760032
