method,true_params,bivpois_eta,bivpois_estimated_ha,bivpois_bias,bivpois_mse,pc_eta,pc_bias,pc_mse,lm_eta,lm_bias,lm_mse,team_strength_correlation,mu
bivpois,0.25,0.46798772087832685,0.6061903285547603,0.3561903285547603,0.1268715501559481,0.6935552188754258,0.4435552188754258,0.1967412321916269,1.0087719298245679,0.7587719298245679,0.575734841489699,0,1.3498588075760032
