method,true_params,bivpois_eta,bivpois_estimated_ha,bivpois_bias,bivpois_mse,pc_eta,pc_bias,pc_mse,lm_eta,lm_bias,lm_mse,team_strength_correlation,mu
bivpois,0.25,0.4447130213513196,0.49602561815479196,0.24602561815479196,0.0605286047884475,0.5436190384108304,0.29361903841083037,0.08621213971730068,0.6169590643274963,0.36695906432749625,0.13465895489211152,0,1.3498588075760032
