method,true_params,bivpois_eta,bivpois_estimated_ha,bivpois_bias,bivpois_mse,pc_eta,pc_bias,pc_mse,lm_eta,lm_bias,lm_mse,team_strength_correlation,mu
bivpois,0.25,0.37064105060200814,0.5133146325147697,0.2633146325147697,0.06933459569638822,0.5922490630842356,0.34224906308423564,0.11713442118203711,1.008771929824595,0.758771929824595,0.5757348414897401,0,1.3498588075760032
