method,true_params,bivpois_eta,bivpois_estimated_ha,bivpois_bias,bivpois_mse,pc_eta,pc_bias,pc_mse,lm_eta,lm_bias,lm_mse,team_strength_correlation,mu
bivpois,0.25,0.3668019443571342,0.5449002328779691,0.29490023287796907,0.0869661473514804,0.592319112926473,0.342319112926473,0.11718237507476736,1.2280701754385945,0.9780701754385945,0.956621268082483,0,1.3498588075760032
