method,true_params,bivpois_eta,bivpois_estimated_ha,bivpois_bias,bivpois_mse,pc_eta,pc_bias,pc_mse,lm_eta,lm_bias,lm_mse,team_strength_correlation,mu
bivpois,0,0.12945575502387516,0.1314762760471645,0.1314762760471645,0.0172860111632302,0.15250915876503512,0.15250915876503512,0.02325904350721869,0.6081871345029276,0.6081871345029276,0.36989159057488213,0,1
