true_params,bivpois_eta,bivpois_estimated_ha,bivpois_eta_bias,bivpois_eta_mse,lm_eta,lm_eta_bias,lm_eta_mse,team_strength_correlation,lambda3
0.15588426082059045,0.04747912631878607,0.048624312243228385,-0.10725994857736207,0.011504696568818355,-0.28070175438597084,-0.43658601520656126,0.19060734867394374,0,0
