method,true_params,bivpois_eta,bivpois_estimated_ha,bivpois_bias,bivpois_mse,pc_eta,pc_bias,pc_mse,lm_eta,lm_bias,lm_mse,team_strength_correlation,mu
bivpois,0.25,0.5714643506527666,0.7226640129014835,0.4726640129014835,0.22341126909213377,0.805720392910625,0.555720392910625,0.30882515509673947,1.830409356725164,1.580409356725164,2.4976937348244466,0,1.3498588075760032
