method,true_params,bivpois_eta,bivpois_estimated_ha,bivpois_bias,bivpois_mse,pc_eta,pc_bias,pc_mse,lm_eta,lm_bias,lm_mse,team_strength_correlation,mu
bivpois,0.25,0.42077567242751046,0.5834491046356332,0.33344910463563315,0.11118830538230542,0.6717203403111697,0.4217203403111697,0.17784804543216876,0.2602339181286428,0.010233918128642827,1.047330802637643e-4,0,1.3498588075760032
