method,true_params,bivpois_eta,bivpois_estimated_ha,bivpois_bias,bivpois_mse,pc_eta,pc_bias,pc_mse,lm_eta,lm_bias,lm_mse,team_strength_correlation,mu
bivpois,0.25,0.48624978613109787,0.5312752061292371,0.28127520612923707,0.0791157415830448,0.5974528759664605,0.34745287596646046,0.12072350101736455,1.3888888888888886,1.1388888888888886,1.2970679012345674,0,1.3498588075760032
