method,true_params,bivpois_eta,bivpois_estimated_ha,bivpois_bias,bivpois_mse,pc_eta,pc_bias,pc_mse,lm_eta,lm_bias,lm_mse,team_strength_correlation,mu
bivpois,0.25,0.4671197922255679,0.6404701910286421,0.3904701910286421,0.15246697008194426,0.7407264303598542,0.4907264303598542,0.24081242945372483,0.5058479532163626,0.25584795321636256,0.06545817516500205,0,1.3498588075760032
