method,true_params,bivpois_eta,bivpois_estimated_ha,bivpois_bias,bivpois_mse,pc_eta,pc_bias,pc_mse,lm_eta,lm_bias,lm_mse,team_strength_correlation,mu
bivpois,0.25,0.496051987801488,0.5588665067655484,0.3088665067655484,0.09539851900155255,0.6174118684710255,0.36741186847102547,0.1349914810933701,0.9883040935672527,0.7383040935672527,0.5450929345781627,0,1.3498588075760032
