method,true_params,bivpois_eta,bivpois_estimated_ha,bivpois_bias,bivpois_mse,pc_eta,pc_bias,pc_mse,lm_eta,lm_bias,lm_mse,team_strength_correlation,mu
bivpois,0.25,0.3701784093417795,0.5157657435202678,0.2657657435202678,0.07063143042888079,0.5699143500112809,0.3199143500112809,0.10234519134314032,1.0292397660818693,0.7792397660818693,0.6072146130433264,0,1.3498588075760032
