method,true_params,bivpois_eta,bivpois_estimated_ha,bivpois_bias,bivpois_mse,pc_eta,pc_bias,pc_mse,lm_eta,lm_bias,lm_mse,team_strength_correlation,mu
bivpois,0.25,0.4663688092701584,0.5865199045241839,0.3365199045241839,0.11324564614096584,0.6471781138183341,0.3971781138183341,0.15775045409628957,1.0000000000000138,0.7500000000000138,0.5625000000000207,0,1.3498588075760032
