method,true_params,bivpois_eta,bivpois_estimated_ha,bivpois_bias,bivpois_mse,pc_eta,pc_bias,pc_mse,lm_eta,lm_bias,lm_mse,team_strength_correlation,mu
bivpois,0.25,0.3615092684083217,0.39257641636725704,0.14257641636725704,0.02032803450412944,0.4286500881333828,0.1786500881333828,0.03191585399006544,0.07602339181286633,-0.17397660818713367,0.03026786019629943,0,1.3498588075760032
