method,true_params,bivpois_eta,bivpois_estimated_ha,bivpois_bias,bivpois_mse,pc_eta,pc_bias,pc_mse,lm_eta,lm_bias,lm_mse,team_strength_correlation,mu
bivpois,0.25,0.3624329561163535,0.41089858200516705,0.16089858200516705,0.025888353691273465,0.44628096474939455,0.19628096474939455,0.038526217122953066,-0.32456140350876767,-0.5745614035087676,0.3301208064019649,0,1.3498588075760032
