method,true_params,bivpois_eta,bivpois_estimated_ha,bivpois_bias,bivpois_mse,pc_eta,pc_bias,pc_mse,lm_eta,lm_bias,lm_mse,team_strength_correlation,mu
bivpois,0,-0.0898473659450532,-0.08312792817483139,-0.08312792817483139,0.006910252442639926,-0.09266885270056954,-0.09266885270056954,0.008587516260839855,-0.4502923976608222,-0.4502923976608222,0.20276324339113203,0,1
