method,true_params,bivpois_eta,bivpois_estimated_ha,bivpois_bias,bivpois_mse,pc_eta,pc_bias,pc_mse,lm_eta,lm_bias,lm_mse,team_strength_correlation,mu
bivpois,0.25,0.6107239026159207,0.8454342135193915,0.5954342135193915,0.35454190262945634,0.9407967010695703,0.6907967010695703,0.4772000822086012,1.230994152046791,0.9809941520467911,0.9623495263500027,0,1.3498588075760032
