method,true_params,bivpois_eta,bivpois_estimated_ha,bivpois_bias,bivpois_mse,pc_eta,pc_bias,pc_mse,lm_eta,lm_bias,lm_mse,team_strength_correlation,mu
bivpois,0.25,0.38836926187520376,0.4469739559365843,0.1969739559365843,0.03879873931730745,0.507080378536114,0.257080378536114,0.06609032102827166,-0.11695906432749503,-0.36695906432749503,0.13465895489211063,0,1.3498588075760032
