method,true_params,bivpois_eta,bivpois_estimated_ha,bivpois_bias,bivpois_mse,pc_eta,pc_bias,pc_mse,lm_eta,lm_bias,lm_mse,team_strength_correlation,mu
bivpois,0.25,0.4829446922603986,0.7046766045948076,0.45467660459480763,0.20673081476586305,0.7551257172036439,0.5051257172036439,0.25515199018049556,1.1608187134502914,0.9108187134502914,0.8295907287712441,0,1.3498588075760032
