method,true_params,bivpois_eta,bivpois_estimated_ha,bivpois_bias,bivpois_mse,pc_eta,pc_bias,pc_mse,lm_eta,lm_bias,lm_mse,team_strength_correlation,mu
bivpois,0.25,0.44568772514419996,0.6258959475987704,0.37589594759877043,0.14129776342117756,0.747605294315546,0.497605294315546,0.24761102893086118,0.8391812865497121,0.5891812865497121,0.347134588420374,0,1.3498588075760032
