method,true_params,bivpois_eta,bivpois_estimated_ha,bivpois_bias,bivpois_mse,pc_eta,pc_bias,pc_mse,lm_eta,lm_bias,lm_mse,team_strength_correlation,mu
bivpois,0.25,0.5526157166339152,0.6566828567488798,0.40668285674887983,0.1653909459734299,0.758878068360861,0.508878068360861,0.25895688845868114,1.4356725146198859,1.1856725146198859,1.4058193119250435,0,1.3498588075760032
