method,true_params,bivpois_eta,bivpois_estimated_ha,bivpois_bias,bivpois_mse,pc_eta,pc_bias,pc_mse,lm_eta,lm_bias,lm_mse,team_strength_correlation,mu
bivpois,0.25,0.41102445218628236,0.439753095972515,0.189753095972515,0.036006237431154484,0.5107328898239516,0.2607328898239516,0.06798163983594888,0.602339181286547,0.35233918128654695,0.12414289866967419,0,1.3498588075760032
