method,true_params,bivpois_eta,bivpois_estimated_ha,bivpois_bias,bivpois_mse,pc_eta,pc_bias,pc_mse,lm_eta,lm_bias,lm_mse,team_strength_correlation,mu
bivpois,0.25,0.5458874577375054,0.7006606708148148,0.45066067081481476,0.20309504021925884,0.7895050358713958,0.5395050358713958,0.29106568373059605,0.7923976608187172,0.5423976608187172,0.2941952224616162,0,1.3498588075760032
