method,true_params,bivpois_eta,bivpois_estimated_ha,bivpois_bias,bivpois_mse,pc_eta,pc_bias,pc_mse,lm_eta,lm_bias,lm_mse,team_strength_correlation,mu
bivpois,0.25,0.4844485294988796,0.72669871512551,0.47669871512551,0.22724166500231213,0.7847028324738351,0.5347028324738351,0.28590711905554217,0.7397660818713367,0.48976608187133674,0.23987081495160092,0,1.3498588075760032
