method,true_params,bivpois_eta,bivpois_estimated_ha,bivpois_bias,bivpois_mse,pc_eta,pc_bias,pc_mse,lm_eta,lm_bias,lm_mse,team_strength_correlation,mu
bivpois,0.25,0.4295430783990771,0.57479953017050045,0.32479953017050045,0.10549473479897784,0.6930557292092584,0.4430557292092584,0.1962983791851477,1.1725146198830474,0.9225146198830474,0.8510332238979634,0,1.3498588075760032
