method,true_params,bivpois_eta,bivpois_estimated_ha,bivpois_bias,bivpois_mse,pc_eta,pc_bias,pc_mse,lm_eta,lm_bias,lm_mse,team_strength_correlation,mu
bivpois,0.25,0.43812863667163415,0.6286172326366568,0.3786172326366568,0.1433510088494403,0.6915429423557983,0.4415429423557983,0.1949601699442158,2.1169590643274816,1.8669590643274816,3.4855361478745457,0,1.3498588075760032
