method,true_params,bivpois_eta,bivpois_estimated_ha,bivpois_bias,bivpois_mse,pc_eta,pc_bias,pc_mse,lm_eta,lm_bias,lm_mse,team_strength_correlation,mu
bivpois,0.25,0.4550074090860156,0.6503237156541724,0.40032371565417235,0.16025907731516265,0.7335874065570541,0.4835874065570541,0.23385677978057756,0.4619883040935595,0.2119883040935595,0.04493904107246346,0,1.3498588075760032
