true_params,bivpois_eta,bivpois_estimated_ha,bivpois_eta_bias,bivpois_eta_mse,lm_eta,lm_eta_bias,lm_eta_mse,team_strength_correlation,lambda3
0.5008479092172634,0.538433077291909,0.713320117575549,0.21247220835828562,0.045144439324646735,1.0263157894736865,0.5254678802564231,0.2761164931811786,-0.5,0
