method,true_params,bivpois_eta,bivpois_estimated_ha,bivpois_bias,bivpois_mse,pc_eta,pc_bias,pc_mse,lm_eta,lm_bias,lm_mse,team_strength_correlation,mu
bivpois,0.25,0.4435384016795766,0.6914236419931401,0.4414236419931401,0.19485483171048792,0.7655295807348476,0.5155295807348476,0.2657707486126477,1.4269005847953355,1.1769005847953355,1.385094986491603,0,1.3498588075760032
