method,true_params,bivpois_eta,bivpois_estimated_ha,bivpois_bias,bivpois_mse,pc_eta,pc_bias,pc_mse,lm_eta,lm_bias,lm_mse,team_strength_correlation,mu
bivpois,0.5,0.6880531565737518,0.9874063118395918,0.4874063118395918,0.23756491282107342,1.1514497970317905,0.6514497970317905,0.42438683805276106,0.8888888888888897,0.38888888888888973,0.1512345679012352,-0.8,1.3498588075760032
