method,true_params,bivpois_eta,bivpois_estimated_ha,bivpois_bias,bivpois_mse,pc_eta,pc_bias,pc_mse,lm_eta,lm_bias,lm_mse,team_strength_correlation,mu
bivpois,0.5,0.6462751780296364,0.8484581851685555,0.34845818516855553,0.12142310681096334,1.04537418816133,0.5453741881613301,0.2974330051126299,0.6140350877192909,0.11403508771929094,0.01300400123114638,-0.8,1.3498588075760032
