method,true_params,bivpois_eta,bivpois_estimated_ha,bivpois_bias,bivpois_mse,pc_eta,pc_bias,pc_mse,lm_eta,lm_bias,lm_mse,team_strength_correlation,mu
bivpois,0.5,0.741638535058993,1.0662755191962305,0.5662755191962305,0.32066796364096045,1.258866809022168,0.758866809022168,0.5758788338354875,0.7076023391812822,0.20760233918128224,0.043098731233540154,-0.8,1.3498588075760032
