method,true_params,bivpois_eta,bivpois_estimated_ha,bivpois_bias,bivpois_mse,pc_eta,pc_bias,pc_mse,lm_eta,lm_bias,lm_mse,team_strength_correlation,mu
bivpois,0.5,0.6488618350666157,0.8063944496680777,0.3063944496680777,0.09387755878740421,0.9605183395993424,0.4605183395993424,0.21207714110733525,1.26315789473683,0.76315789473683,0.5824099722991506,-0.8,1.3498588075760032
