method,true_params,bivpois_eta,bivpois_estimated_ha,bivpois_bias,bivpois_mse,pc_eta,pc_bias,pc_mse,lm_eta,lm_bias,lm_mse,team_strength_correlation,mu
bivpois,0.5,0.648995958972544,0.8874632037845739,0.3874632037845739,0.15012773428700624,0.9841860712189647,0.48418607121896473,0.2344361515624564,1.298245614035101,0.7982456140351011,0.6371960603262755,-0.8,1.3498588075760032
