true_params,bivpois_eta,bivpois_estimated_ha,bivpois_eta_bias,bivpois_eta_mse,lm_eta,lm_eta_bias,lm_eta_mse,team_strength_correlation,lambda3
0.017572877625433136,0.030927863811299826,0.031411099137242715,0.013838221511809579,1.9149637460990937e-4,0.45906432748537945,0.4414914498599463,0.1949147002994375,0,0
