method,true_params,bivpois_eta,bivpois_estimated_ha,bivpois_bias,bivpois_mse,pc_eta,pc_bias,pc_mse,lm_eta,lm_bias,lm_mse,team_strength_correlation,mu
bivpois,0.5,0.6033020102080454,0.9121015761867848,0.4121015761867848,0.16982770909563238,1.0137275562228107,0.5137275562228107,0.2639160020226612,1.2076023391812887,0.7076023391812887,0.5007010704148315,-0.8,1.3498588075760032
