method,true_params,bivpois_eta,bivpois_estimated_ha,bivpois_bias,bivpois_mse,pc_eta,pc_bias,pc_mse,lm_eta,lm_bias,lm_mse,team_strength_correlation,mu
bivpois,0.5,0.6332947004720081,1.0029352645529568,0.5029352645529568,0.2529438803309526,1.1522279819326857,0.6522279819326857,0.4254013404159838,1.4970760233918217,0.9970760233918217,0.9941605964228485,-0.8,1.3498588075760032
