method,true_params,bivpois_eta,bivpois_estimated_ha,bivpois_bias,bivpois_mse,pc_eta,pc_bias,pc_mse,lm_eta,lm_bias,lm_mse,team_strength_correlation,mu
bivpois,0.5,0.6030241978165128,0.8326129737925025,0.33261297379250254,0.11063139033509198,0.9836051626980186,0.48360516269801856,0.23387395338817701,1.6198830409356986,1.1198830409356986,1.2541380253753875,-0.8,1.3498588075760032
