method,true_params,bivpois_eta,bivpois_estimated_ha,bivpois_bias,bivpois_mse,pc_eta,pc_bias,pc_mse,lm_eta,lm_bias,lm_mse,team_strength_correlation,mu
bivpois,0.5,0.5623314252182104,0.8152404470809194,0.31524044708091936,0.09937653947577792,0.8997510939294684,0.3997510939294684,0.15980093709780666,1.3918128654970767,0.8918128654970767,0.795330187066107,-0.8,1.3498588075760032
