method,true_params,bivpois_eta,bivpois_estimated_ha,bivpois_bias,bivpois_mse,pc_eta,pc_bias,pc_mse,lm_eta,lm_bias,lm_mse,team_strength_correlation,mu
bivpois,0.5,0.5956145755929791,0.8283680598204148,0.32836805982041484,0.10782558271022354,0.9867371992335361,0.4867371992335361,0.236913101117707,2.956140350877217,2.456140350877217,6.032625423207259,-0.8,1.3498588075760032
