method,true_params,bivpois_eta,bivpois_estimated_ha,bivpois_bias,bivpois_mse,pc_eta,pc_bias,pc_mse,lm_eta,lm_bias,lm_mse,team_strength_correlation,mu
bivpois,0.5,0.5455764156751803,0.6961871954522943,0.19618719545229435,0.03848941565943675,0.7907289373777047,0.29072893737770467,0.08452331502876932,1.1783625730994303,0.6783625730994303,0.46017578058207986,-0.8,1.3498588075760032
