method,true_params,bivpois_eta,bivpois_estimated_ha,bivpois_bias,bivpois_mse,pc_eta,pc_bias,pc_mse,lm_eta,lm_bias,lm_mse,team_strength_correlation,mu
bivpois,0.5,0.6775411815336294,0.8592518209256474,0.35925182092564745,0.12906187083839346,1.0127648034240837,0.5127648034240837,0.2629277436305392,1.3157894736842206,0.8157894736842206,0.6655124653739777,-0.8,1.3498588075760032
