method,true_params,bivpois_eta,bivpois_estimated_ha,bivpois_bias,bivpois_mse,pc_eta,pc_bias,pc_mse,lm_eta,lm_bias,lm_mse,team_strength_correlation,mu
bivpois,0.5,0.7171683401049577,0.9886601749211764,0.4886601749211764,0.23878876655399472,1.0841524389081005,0.5841524389081005,0.3412340718822821,1.0672514619883162,0.5672514619883162,0.3217742211278822,-0.8,1.3498588075760032
