method,true_params,bivpois_eta,bivpois_estimated_ha,bivpois_bias,bivpois_mse,pc_eta,pc_bias,pc_mse,lm_eta,lm_bias,lm_mse,team_strength_correlation,mu
bivpois,0.5,0.6341174534880653,0.8737248999028027,0.37372489990280267,0.13967030080735987,0.9880024499302884,0.4880024499302884,0.23814639113796365,1.0730994152046855,0.5730994152046855,0.3284429397079526,-0.8,1.3498588075760032
