method,true_params,bivpois_eta,bivpois_estimated_ha,bivpois_bias,bivpois_mse,pc_eta,pc_bias,pc_mse,lm_eta,lm_bias,lm_mse,team_strength_correlation,mu
bivpois,0.5,0.6753212753841319,0.9260730499300466,0.4260730499300466,0.18153824387669196,1.0655499206045027,0.5655499206045027,0.3198467126957593,0.9269005847953127,0.4269005847953127,0.18224410929857995,-0.8,1.3498588075760032
