method,true_params,bivpois_eta,bivpois_estimated_ha,bivpois_bias,bivpois_mse,pc_eta,pc_bias,pc_mse,lm_eta,lm_bias,lm_mse,team_strength_correlation,mu
bivpois,0.5,0.6362614173729415,0.9152117810044733,0.4152117810044733,0.1724008230849067,1.0641152022068976,0.5641152022068976,0.31822596136092896,0.4853801169590603,-0.014619883040939696,2.1374098013075615e-4,-0.8,1.3498588075760032
