method,true_params,bivpois_eta,bivpois_estimated_ha,bivpois_bias,bivpois_mse,pc_eta,pc_bias,pc_mse,lm_eta,lm_bias,lm_mse,team_strength_correlation,mu
bivpois,0.5,0.6309169388783807,0.8327822016240558,0.3327822016240558,0.11074399371775373,0.9359956256594727,0.4359956256594727,0.19009218559419505,0.6842105263158055,0.18421052631580548,0.03393351800554606,-0.8,1.3498588075760032
