method,true_params,bivpois_eta,bivpois_estimated_ha,bivpois_bias,bivpois_mse,pc_eta,pc_bias,pc_mse,lm_eta,lm_bias,lm_mse,team_strength_correlation,mu
bivpois,0.5,0.6872572577301033,0.9224647210863633,0.42246472108636335,0.17847644056257878,1.0297607591362692,0.5297607591362692,0.2806464619206362,1.409356725146207,0.9093567251462069,0.8269296535686341,-0.8,1.3498588075760032
