method,true_params,bivpois_eta,bivpois_estimated_ha,bivpois_bias,bivpois_mse,pc_eta,pc_bias,pc_mse,lm_eta,lm_bias,lm_mse,team_strength_correlation,mu
bivpois,0.5,0.6620517992505167,0.861856249628409,0.361856249628409,0.13093994539513745,1.0125878951482885,0.5125878951482885,0.26274635025255283,0.5409356725146113,0.04093567251461128,0.001675729284223501,-0.8,1.3498588075760032
