method,true_params,bivpois_eta,bivpois_estimated_ha,bivpois_bias,bivpois_mse,pc_eta,pc_bias,pc_mse,lm_eta,lm_bias,lm_mse,team_strength_correlation,mu
bivpois,0.5,0.686983564272178,0.9680640106013497,0.4680640106013497,0.21908391802022043,1.1009929451808207,0.6009929451808207,0.36119252015711695,0.7163742690058399,0.2163742690058399,0.04681782428781157,-0.8,1.3498588075760032
