method,true_params,bivpois_eta,bivpois_estimated_ha,bivpois_bias,bivpois_mse,pc_eta,pc_bias,pc_mse,lm_eta,lm_bias,lm_mse,team_strength_correlation,mu
bivpois,0.5,0.5482918591151479,0.7668103056163085,0.2668103056163085,0.07118773918306794,0.8447825515117535,0.3447825515117535,0.11887500782695497,-0.05263157894736329,-0.5526315789473633,0.3054016620498558,-0.8,1.3498588075760032
