method,true_params,bivpois_eta,bivpois_estimated_ha,bivpois_bias,bivpois_mse,pc_eta,pc_bias,pc_mse,lm_eta,lm_bias,lm_mse,team_strength_correlation,mu
bivpois,0.5,0.5661997201920677,0.8238289780829304,0.32382897808293043,0.10486520704623503,0.9234660443084629,0.4234660443084629,0.17932349068225706,0.30994152046783785,-0.19005847953216215,0.0361222256420773,-0.8,1.3498588075760032
