method,true_params,bivpois_eta,bivpois_estimated_ha,bivpois_bias,bivpois_mse,pc_eta,pc_bias,pc_mse,lm_eta,lm_bias,lm_mse,team_strength_correlation,mu
bivpois,0.5,0.684886482539542,0.867389011341326,0.36738901134132596,0.13497468565435694,1.031191886763801,0.531191886763801,0.2821648205636868,1.9649122807017438,1.4649122807017438,2.1459679901507847,-0.8,1.3498588075760032
