method,true_params,bivpois_eta,bivpois_estimated_ha,bivpois_bias,bivpois_mse,pc_eta,pc_bias,pc_mse,lm_eta,lm_bias,lm_mse,team_strength_correlation,mu
bivpois,0.5,0.6320833175112494,0.8535225249512389,0.3535225249512389,0.12497817564789934,0.9444753744733034,0.44447537447330343,0.19755835851318332,0.7865497076023351,0.2865497076023351,0.08211073492698374,-0.8,1.3498588075760032
