method,true_params,bivpois_eta,bivpois_estimated_ha,bivpois_bias,bivpois_mse,pc_eta,pc_bias,pc_mse,lm_eta,lm_bias,lm_mse,team_strength_correlation,mu
bivpois,0.5,0.5836088345464001,0.7147573168612874,0.2147573168612874,0.0461207051454594,0.8092589382318822,0.3092589382318822,0.09564109087631115,0.8216374269005824,0.3216374269005824,0.10345063438322748,-0.8,1.3498588075760032
