method,true_params,bivpois_eta,bivpois_estimated_ha,bivpois_bias,bivpois_mse,pc_eta,pc_bias,pc_mse,lm_eta,lm_bias,lm_mse,team_strength_correlation,mu
bivpois,0,-0.017253895474671405,-0.01937837290305633,-0.01937837290305633,3.7552133636990776e-4,-0.01849992405395534,-0.01849992405395534,3.4224719000211545e-4,-0.4210526315789343,-0.4210526315789343,0.17728531855954577,0,1
