method,true_params,bivpois_eta,bivpois_estimated_ha,bivpois_bias,bivpois_mse,pc_eta,pc_bias,pc_mse,lm_eta,lm_bias,lm_mse,team_strength_correlation,mu
bivpois,0.5,0.5915390268110914,0.7380636035682275,0.23806360356822753,0.056674279343890195,0.8384715457144878,0.3384715457144878,0.11456298725835459,1.3508771929824706,0.8508771929824706,0.7239919975377285,-0.8,1.3498588075760032
