method,true_params,bivpois_eta,bivpois_estimated_ha,bivpois_bias,bivpois_mse,pc_eta,pc_bias,pc_mse,lm_eta,lm_bias,lm_mse,team_strength_correlation,mu
bivpois,0.5,0.7330082497078896,0.9513229202955072,0.45132292029550725,0.2036923783840648,1.0569590417195514,0.5569590417195514,0.31020337415316096,0.49122807017543985,-0.008771929824560154,7.694675284700794e-5,-0.8,1.3498588075760032
