method,true_params,bivpois_eta,bivpois_estimated_ha,bivpois_bias,bivpois_mse,pc_eta,pc_bias,pc_mse,lm_eta,lm_bias,lm_mse,team_strength_correlation,mu
bivpois,0.5,0.6707076607351247,0.9623052560204421,0.46230525602044215,0.21372614974412657,1.024174289507273,0.524174289507273,0.2747586857804544,1.143274853801171,0.643274853801171,0.4138025375329179,-0.8,1.3498588075760032
