method,true_params,bivpois_eta,bivpois_estimated_ha,bivpois_bias,bivpois_mse,pc_eta,pc_bias,pc_mse,lm_eta,lm_bias,lm_mse,team_strength_correlation,mu
bivpois,0.5,0.6748631974571794,0.9671709330893241,0.4671709330893241,0.21824868072354975,1.0670014591210473,0.5670014591210473,0.3214906546453966,1.3684210526315965,0.8684210526315965,0.7541551246537701,-0.8,1.3498588075760032
