method,true_params,bivpois_eta,bivpois_estimated_ha,bivpois_bias,bivpois_mse,pc_eta,pc_bias,pc_mse,lm_eta,lm_bias,lm_mse,team_strength_correlation,mu
bivpois,0.5,0.5619237463503012,0.8242614656464897,0.3242614656464897,0.10514549810320964,0.9419463486961152,0.44194634869611515,0.1953165751258282,1.561403508771925,1.061403508771925,1.1265774084333537,-0.8,1.3498588075760032
