method,true_params,bivpois_eta,bivpois_estimated_ha,bivpois_bias,bivpois_mse,pc_eta,pc_bias,pc_mse,lm_eta,lm_bias,lm_mse,team_strength_correlation,mu
bivpois,0,0.06534129347061421,0.06316367511251153,0.06316367511251153,0.0039896498537189086,0.06770247785628027,0.06770247785628027,0.00458362550788012,-0.020467836257311894,-0.020467836257311894,4.1893232105613134e-4,0,1
