method,true_params,bivpois_eta,bivpois_estimated_ha,bivpois_bias,bivpois_mse,pc_eta,pc_bias,pc_mse,lm_eta,lm_bias,lm_mse,team_strength_correlation,mu
bivpois,0.5,0.6283753924001302,0.8585198997256592,0.35851989972565923,0.12853651849929676,0.9455016035878163,0.4455016035878163,0.19847167879931585,1.0087719298245692,0.5087719298245692,0.25884887657741634,-0.8,1.3498588075760032
