method,true_params,bivpois_eta,bivpois_estimated_ha,bivpois_bias,bivpois_mse,pc_eta,pc_bias,pc_mse,lm_eta,lm_bias,lm_mse,team_strength_correlation,mu
bivpois,0.5,0.616309761004993,0.7875688800060372,0.2875688800060372,0.08269586074792662,0.9351901109367622,0.4351901109367622,0.1893904326571514,0.9064327485379987,0.4064327485379987,0.1651875790841521,-0.8,1.3498588075760032
