method,true_params,bivpois_eta,bivpois_estimated_ha,bivpois_bias,bivpois_mse,pc_eta,pc_bias,pc_mse,lm_eta,lm_bias,lm_mse,team_strength_correlation,mu
bivpois,0.5,0.5716530222996998,0.7499028919496397,0.24990289194963966,0.06245145540479328,0.8305334859244022,0.33053348592440224,0.10925238531733701,0.9678362573099449,0.46783625730994494,0.218870763653777,-0.8,1.3498588075760032
