method,true_params,bivpois_eta,bivpois_estimated_ha,bivpois_bias,bivpois_mse,pc_eta,pc_bias,pc_mse,lm_eta,lm_bias,lm_mse,team_strength_correlation,mu
bivpois,0.5,0.615163551665065,0.8931494745551114,0.3931494745551114,0.15456650934296018,0.9567033645955502,0.45670336459555017,0.208577963232896,1.4385964912280662,0.9385964912280662,0.8809633733456373,-0.8,1.3498588075760032
