method,true_params,bivpois_eta,bivpois_estimated_ha,bivpois_bias,bivpois_mse,pc_eta,pc_bias,pc_mse,lm_eta,lm_bias,lm_mse,team_strength_correlation,mu
bivpois,0.5,0.5297987832258546,0.6654483034847514,0.16544830348475137,0.02737314112598239,0.743570160589341,0.243570160589341,0.059326423129517365,1.2865497076023271,0.7865497076023271,0.6186604425293063,-0.8,1.3498588075760032
