method,true_params,bivpois_eta,bivpois_estimated_ha,bivpois_bias,bivpois_mse,pc_eta,pc_bias,pc_mse,lm_eta,lm_bias,lm_mse,team_strength_correlation,mu
bivpois,0.5,0.6083602498456103,0.8059383217471177,0.30593832174711766,0.09359825671344288,0.9855766151318586,0.48557661513185857,0.2357846491629131,1.7923976608187249,1.2923976608187249,1.6702917136897117,-0.8,1.3498588075760032
