method,true_params,bivpois_eta,bivpois_estimated_ha,bivpois_bias,bivpois_mse,pc_eta,pc_bias,pc_mse,lm_eta,lm_bias,lm_mse,team_strength_correlation,mu
bivpois,0.5,0.5724093436683448,0.7732809618399084,0.27328096183990835,0.07468248410414545,0.8966323002231482,0.3966323002231482,0.15731718158030558,0.8918128654970832,0.39181286549708316,0.1535173215690354,-0.8,1.3498588075760032
