method,true_params,bivpois_eta,bivpois_estimated_ha,bivpois_bias,bivpois_mse,pc_eta,pc_bias,pc_mse,lm_eta,lm_bias,lm_mse,team_strength_correlation,mu
bivpois,0.5,0.596096454074362,0.8283018976580572,0.3283018976580572,0.10778213600588145,0.9531960569128372,0.45319605691283715,0.20538666600134353,0.6608187134503123,0.1608187134503123,0.025862658595813656,-0.8,1.3498588075760032
