true_params,bivpois_eta,bivpois_estimated_ha,bivpois_eta_bias,bivpois_eta_mse,lm_eta,lm_eta_bias,lm_eta_mse,team_strength_correlation,lambda3
0.32394243428300856,0.2638439113151566,0.3019249646847264,-0.022017469598282158,4.847689675112791e-4,-0.31578947368422206,-0.6397319079672306,0.40925691407139314,-0.5,0
