method,true_params,bivpois_eta,bivpois_estimated_ha,bivpois_bias,bivpois_mse,pc_eta,pc_bias,pc_mse,lm_eta,lm_bias,lm_mse,team_strength_correlation,mu
bivpois,0,-0.047038326158992644,-0.04606144175338034,-0.04606144175338034,0.00212165641640005,-0.051982393692248496,-0.051982393692248496,0.002702169253975916,0.44736842105263724,0.44736842105263724,0.2001385041551297,-0.8,1
