method,true_params,bivpois_eta,bivpois_estimated_ha,bivpois_bias,bivpois_mse,pc_eta,pc_bias,pc_mse,lm_eta,lm_bias,lm_mse,team_strength_correlation,mu
bivpois,0.5,0.6458279483100188,0.8242118587796782,0.3242118587796782,0.10511332937337399,0.8805171031245942,0.3805171031245942,0.14479326577033305,1.1900584795321711,0.6900584795321711,0.4761807051742519,-0.4,1.3498588075760032
