method,true_params,bivpois_eta,bivpois_estimated_ha,bivpois_bias,bivpois_mse,pc_eta,pc_bias,pc_mse,lm_eta,lm_bias,lm_mse,team_strength_correlation,mu
bivpois,0.5,0.6089031261354302,0.7891337036579674,0.2891337036579674,0.08359829859097333,0.8767435647076585,0.37674356470765846,0.14193571354863363,1.6959064327485402,1.1959064327485402,1.4301921958893389,-0.4,1.3498588075760032
