method,true_params,bivpois_eta,bivpois_estimated_ha,bivpois_bias,bivpois_mse,pc_eta,pc_bias,pc_mse,lm_eta,lm_bias,lm_mse,team_strength_correlation,mu
bivpois,0.5,0.6031094861777478,1.1183223305328593,0.6183223305328593,0.3823225044355866,1.2190013306483396,0.7190013306483396,0.516962913474083,2.9795321637427126,2.4795321637427126,6.148079751034618,-0.4,1.3498588075760032
