method,true_params,bivpois_eta,bivpois_estimated_ha,bivpois_bias,bivpois_mse,pc_eta,pc_bias,pc_mse,lm_eta,lm_bias,lm_mse,team_strength_correlation,mu
bivpois,0.5,0.6198407234796646,0.8471376410348037,0.3471376410348037,0.12050454182320824,0.9444588232050176,0.4444588232050176,0.19754364552478912,0.73099415204679,0.23099415204678997,0.05335829827981552,-0.4,1.3498588075760032
