method,true_params,bivpois_eta,bivpois_estimated_ha,bivpois_bias,bivpois_mse,pc_eta,pc_bias,pc_mse,lm_eta,lm_bias,lm_mse,team_strength_correlation,mu
bivpois,0.5,0.5966838588820036,0.8684257331079519,0.3684257331079519,0.1357375208161318,1.0282537128152056,0.5282537128152056,0.27905198510304974,-0.4736842105263103,-0.9736842105263104,0.9480609418282443,-0.4,1.3498588075760032
