method,true_params,bivpois_eta,bivpois_estimated_ha,bivpois_bias,bivpois_mse,pc_eta,pc_bias,pc_mse,lm_eta,lm_bias,lm_mse,team_strength_correlation,mu
bivpois,0.5,0.5950493335757652,0.7542263117212414,0.25422631172124144,0.06463101757138583,0.854618632489577,0.35461863248957703,0.1257543745087777,0.27192982456139736,-0.22807017543860264,0.05201600492459499,-0.4,1.3498588075760032
