method,true_params,bivpois_eta,bivpois_estimated_ha,bivpois_bias,bivpois_mse,pc_eta,pc_bias,pc_mse,lm_eta,lm_bias,lm_mse,team_strength_correlation,mu
bivpois,0.5,0.5624755538506118,0.7198408746467881,0.21984087464678814,0.048330010165464815,0.8113590643967615,0.31135906439676153,0.09694446698202669,0.8801169590643321,0.38011695906433207,0.1444889025683151,-0.4,1.3498588075760032
