method,true_params,bivpois_eta,bivpois_estimated_ha,bivpois_bias,bivpois_mse,pc_eta,pc_bias,pc_mse,lm_eta,lm_bias,lm_mse,team_strength_correlation,mu
bivpois,0.5,0.6405101824927889,0.9934511996953423,0.49345119969534235,0.24349408648077264,1.1419690301359406,0.6419690301359406,0.4121242356536803,1.5614035087719362,1.0614035087719362,1.1265774084333777,-0.4,1.3498588075760032
