method,true_params,bivpois_eta,bivpois_estimated_ha,bivpois_bias,bivpois_mse,pc_eta,pc_bias,pc_mse,lm_eta,lm_bias,lm_mse,team_strength_correlation,mu
bivpois,0.5,0.5830732126998609,0.6717135148028708,0.17171351480287078,0.029485531165955724,0.7830246912536957,0.28302469125369567,0.08010297585924976,0.8508771929824634,0.35087719298246345,0.1231148045552529,-0.4,1.3498588075760032
