method,true_params,bivpois_eta,bivpois_estimated_ha,bivpois_bias,bivpois_mse,pc_eta,pc_bias,pc_mse,lm_eta,lm_bias,lm_mse,team_strength_correlation,mu
bivpois,0.5,0.5355805329249962,0.5948113686772246,0.09481136867722462,0.008989195630448608,0.6598172184229387,0.15981721842293872,0.025541543304445306,-0.11988304093567619,-0.6198830409356761,0.38425498443966116,-0.4,1.3498588075760032
