method,true_params,bivpois_eta,bivpois_estimated_ha,bivpois_bias,bivpois_mse,pc_eta,pc_bias,pc_mse,lm_eta,lm_bias,lm_mse,team_strength_correlation,mu
bivpois,0.5,0.6050235186657216,0.7819188895805581,0.2819188895805581,0.07947826030233492,0.9119008164536645,0.4119008164536645,0.16966228259519542,-0.17836257309941442,-0.6783625730994144,0.4601757805820583,-0.4,1.3498588075760032
