method,true_params,bivpois_eta,bivpois_estimated_ha,bivpois_bias,bivpois_mse,pc_eta,pc_bias,pc_mse,lm_eta,lm_bias,lm_mse,team_strength_correlation,mu
bivpois,0.5,0.5944427726085014,0.8964035885240753,0.3964035885240753,0.1571358049947644,1.0222335274759886,0.5222335274759886,0.27272785722001414,0.3654970760233929,-0.13450292397660712,0.018091036558256956,-0.4,1.3498588075760032
