method,true_params,bivpois_eta,bivpois_estimated_ha,bivpois_bias,bivpois_mse,pc_eta,pc_bias,pc_mse,lm_eta,lm_bias,lm_mse,team_strength_correlation,mu
bivpois,0.5,0.5375818851698114,0.8140979032619922,0.31409790326199216,0.09865749283357979,1.0047267645386337,0.5047267645386337,0.25474910684163743,2.722222222222218,2.222222222222218,4.938271604938253,-0.4,1.3498588075760032
