method,true_params,bivpois_eta,bivpois_estimated_ha,bivpois_bias,bivpois_mse,pc_eta,pc_bias,pc_mse,lm_eta,lm_bias,lm_mse,team_strength_correlation,mu
bivpois,0.5,0.6242689168799668,0.7566776756080639,0.25667767560806387,0.06588342915555846,0.8894038173593578,0.3894038173593578,0.15163533297404008,0.23099415204677978,-0.26900584795322025,0.07236414623303104,-0.4,1.3498588075760032
