method,true_params,bivpois_eta,bivpois_estimated_ha,bivpois_bias,bivpois_mse,pc_eta,pc_bias,pc_mse,lm_eta,lm_bias,lm_mse,team_strength_correlation,mu
bivpois,0.5,0.5397593754225046,0.733004025056601,0.233004025056601,0.05429087569257715,0.8911467979585739,0.3911467979585739,0.1529958175532454,1.342105263157898,0.842105263157898,0.7091412742382327,-0.4,1.3498588075760032
