method,true_params,bivpois_eta,bivpois_estimated_ha,bivpois_bias,bivpois_mse,pc_eta,pc_bias,pc_mse,lm_eta,lm_bias,lm_mse,team_strength_correlation,mu
bivpois,0.5,0.5672150216518063,0.8365772735736916,0.3365772735736916,0.11328426108629965,0.9612207772784785,0.46122077727847854,0.2127246053933639,0.43567251461989426,-0.06432748538010574,0.004138025375327718,-0.4,1.3498588075760032
