method,true_params,bivpois_eta,bivpois_estimated_ha,bivpois_bias,bivpois_mse,pc_eta,pc_bias,pc_mse,lm_eta,lm_bias,lm_mse,team_strength_correlation,mu
bivpois,0.5,0.5288096234659166,0.681501760560832,0.181501760560832,0.03294288908668159,0.7871518308188721,0.2871518308188721,0.08245617394263013,1.7923976608187304,1.2923976608187304,1.6702917136897262,-0.4,1.3498588075760032
