method,true_params,bivpois_eta,bivpois_estimated_ha,bivpois_bias,bivpois_mse,pc_eta,pc_bias,pc_mse,lm_eta,lm_bias,lm_mse,team_strength_correlation,mu
bivpois,0.5,0.5932540551886636,0.755988820784179,0.25598882078417895,0.06553027636647449,0.8767001484689072,0.3767001484689072,0.14190300185649674,1.1315789473684288,0.6315789473684288,0.39889196675901256,-0.4,1.3498588075760032
