method,true_params,bivpois_eta,bivpois_estimated_ha,bivpois_bias,bivpois_mse,pc_eta,pc_bias,pc_mse,lm_eta,lm_bias,lm_mse,team_strength_correlation,mu
bivpois,0.5,0.6591457046778197,0.8523387154685348,0.3523387154685348,0.12414257041801711,0.9306739729856726,0.43067397298567256,0.18548007100726382,0.40935672514619253,-0.09064327485380747,0.008216203276222885,-0.4,1.3498588075760032
