method,true_params,bivpois_eta,bivpois_estimated_ha,bivpois_bias,bivpois_mse,pc_eta,pc_bias,pc_mse,lm_eta,lm_bias,lm_mse,team_strength_correlation,mu
bivpois,0.5,0.5486655537265962,0.7970795643503832,0.2970795643503832,0.08825626755461347,0.8705548562479414,0.3705548562479414,0.1373109014889325,0.6461988304093396,0.14619883040933956,0.02137409801305883,-0.4,1.3498588075760032
