method,true_params,bivpois_eta,bivpois_estimated_ha,bivpois_bias,bivpois_mse,pc_eta,pc_bias,pc_mse,lm_eta,lm_bias,lm_mse,team_strength_correlation,mu
bivpois,0.5,0.6152122275554665,0.8525321766735843,0.3525321766735843,0.12427893559021523,0.9445317140949891,0.44453171409498915,0.19760844483622916,0.8421052631579011,0.34210526315790113,0.11703601108033679,-0.4,1.3498588075760032
