method,true_params,bivpois_eta,bivpois_estimated_ha,bivpois_bias,bivpois_mse,pc_eta,pc_bias,pc_mse,lm_eta,lm_bias,lm_mse,team_strength_correlation,mu
bivpois,0.5,0.6022797374022696,0.7690597837357247,0.2690597837357247,0.07239316722391495,0.8327521195007287,0.3327521195007287,0.11072397303222722,0.6286549707602166,0.1286549707602166,0.016552101501312186,-0.4,1.3498588075760032
