method,true_params,bivpois_eta,bivpois_estimated_ha,bivpois_bias,bivpois_mse,pc_eta,pc_bias,pc_mse,lm_eta,lm_bias,lm_mse,team_strength_correlation,mu
bivpois,0.5,0.5615532800777893,0.8922911777378351,0.39229117773783506,0.1538923681309377,1.003566393572205,0.503566393572205,0.25357911273531686,1.93859649122807,1.43859649122807,2.0695598645737143,-0.4,1.3498588075760032
