method,true_params,bivpois_eta,bivpois_estimated_ha,bivpois_bias,bivpois_mse,pc_eta,pc_bias,pc_mse,lm_eta,lm_bias,lm_mse,team_strength_correlation,mu
bivpois,0.5,0.5874557923329498,0.86164841328026065,0.36164841328026065,0.1307895748281302,0.9958428140332304,0.4958428140332304,0.2458600962283927,1.005847953216351,0.5058479532163509,0.25588215177317153,-0.4,1.3498588075760032
