method,true_params,bivpois_eta,bivpois_estimated_ha,bivpois_bias,bivpois_mse,pc_eta,pc_bias,pc_mse,lm_eta,lm_bias,lm_mse,team_strength_correlation,mu
bivpois,0.5,0.5807117218581553,0.8488726693210511,0.3488726693210511,0.12171213939919547,0.9365909120643903,0.43659091206439027,0.19061162449721616,1.4064327485379993,0.9064327485379993,0.8216203276221518,-0.4,1.3498588075760032
