method,true_params,bivpois_eta,bivpois_estimated_ha,bivpois_bias,bivpois_mse,pc_eta,pc_bias,pc_mse,lm_eta,lm_bias,lm_mse,team_strength_correlation,mu
bivpois,0.5,0.5596198878504273,0.797733409715065,0.297733409715065,0.08864518326055877,0.8560723693910522,0.35607236939105225,0.12678753224375797,0.4415204678362556,-0.05847953216374441,0.0034198556820904166,-0.4,1.3498588075760032
