method,true_params,bivpois_eta,bivpois_estimated_ha,bivpois_bias,bivpois_mse,pc_eta,pc_bias,pc_mse,lm_eta,lm_bias,lm_mse,team_strength_correlation,mu
bivpois,0.5,0.6365349644482279,0.8266385714996327,0.3266385714996327,0.10669275639132067,0.9281158738129758,0.4281158738129758,0.1832832014106478,1.9736842105263221,1.4736842105263221,2.1717451523545894,-0.4,1.3498588075760032
