method,true_params,bivpois_eta,bivpois_estimated_ha,bivpois_bias,bivpois_mse,pc_eta,pc_bias,pc_mse,lm_eta,lm_bias,lm_mse,team_strength_correlation,mu
bivpois,0.5,0.5589345169092537,0.715381854611043,0.21538185461104298,0.046389343295692456,0.8683922534347052,0.36839225343470516,0.13571285239070005,2.6432748538011723,2.1432748538011723,4.5936270989364365,-0.4,1.3498588075760032
