method,true_params,bivpois_eta,bivpois_estimated_ha,bivpois_bias,bivpois_mse,pc_eta,pc_bias,pc_mse,lm_eta,lm_bias,lm_mse,team_strength_correlation,mu
bivpois,0.5,0.7732432220642297,0.9276707978140161,0.42767079781401607,0.182902311302877,1.0166386901882518,0.5166386901882518,0.2669155361994324,0.42982456140351005,-0.07017543859648995,0.004924592182209731,-0.4,1.3498588075760032
