method,true_params,bivpois_eta,bivpois_estimated_ha,bivpois_bias,bivpois_mse,pc_eta,pc_bias,pc_mse,lm_eta,lm_bias,lm_mse,team_strength_correlation,mu
bivpois,0.5,0.6401046338750164,0.8323358118830961,0.33233581188309613,0.11044709185999665,0.9534626882573206,0.4534626882573206,0.20562840964155593,2.5467836257309866,2.0467836257309866,4.189323210560484,-0.4,1.3498588075760032
