method,true_params,bivpois_eta,bivpois_estimated_ha,bivpois_bias,bivpois_mse,pc_eta,pc_bias,pc_mse,lm_eta,lm_bias,lm_mse,team_strength_correlation,mu
bivpois,0.5,0.6643329022609549,0.9499014766769276,0.4499014766769276,0.20241133871608002,1.0147990697786244,0.5147990697786244,0.26501808224493706,1.4824561403508811,0.9824561403508811,0.9652200677131503,-0.4,1.3498588075760032
