method,true_params,bivpois_eta,bivpois_estimated_ha,bivpois_bias,bivpois_mse,pc_eta,pc_bias,pc_mse,lm_eta,lm_bias,lm_mse,team_strength_correlation,mu
bivpois,0.5,0.7793290143492496,0.9302233892321715,0.4302233892321715,0.18509216464241654,1.0691981616763624,0.5691981616763624,0.3239865472557504,0.7543859649122664,0.2543859649122664,0.06471221914434483,-0.4,1.3498588075760032
