method,true_params,bivpois_eta,bivpois_estimated_ha,bivpois_bias,bivpois_mse,pc_eta,pc_bias,pc_mse,lm_eta,lm_bias,lm_mse,team_strength_correlation,mu
bivpois,0.5,0.65065919062525,0.9381008958784327,0.4381008958784327,0.19193239496948533,1.0821663431098016,0.5821663431098016,0.3389176510498393,2.0204678362572968,1.5204678362572968,2.311822441092946,-0.4,1.3498588075760032
