method,true_params,bivpois_eta,bivpois_estimated_ha,bivpois_bias,bivpois_mse,pc_eta,pc_bias,pc_mse,lm_eta,lm_bias,lm_mse,team_strength_correlation,mu
bivpois,0.5,0.6354793486534165,0.7663707688346606,0.2663707688346606,0.0709533864895682,0.8581937427102034,0.35819374271020343,0.12830275731674343,0.8274853801169664,0.3274853801169664,0.10724667419035395,-0.4,1.3498588075760032
