method,true_params,bivpois_eta,bivpois_estimated_ha,bivpois_bias,bivpois_mse,pc_eta,pc_bias,pc_mse,lm_eta,lm_bias,lm_mse,team_strength_correlation,mu
bivpois,0.5,0.6959948087298284,0.9936813994778841,0.49368139947788414,0.24372132419044223,1.1280296494956226,0.6280296494956226,0.39442124064559453,0.9678362573099477,0.4678362573099477,0.2188707636537796,-0.4,1.3498588075760032
