method,true_params,bivpois_eta,bivpois_estimated_ha,bivpois_bias,bivpois_mse,pc_eta,pc_bias,pc_mse,lm_eta,lm_bias,lm_mse,team_strength_correlation,mu
bivpois,0.5,0.610439100091552,0.8636928831383128,0.36369288313831283,0.13227251324545847,1.0513215059624241,0.5513215059624241,0.3039554029366753,0.2748538011695837,-0.2251461988304163,0.05069081084778535,-0.4,1.3498588075760032
