method,true_params,bivpois_eta,bivpois_estimated_ha,bivpois_bias,bivpois_mse,pc_eta,pc_bias,pc_mse,lm_eta,lm_bias,lm_mse,team_strength_correlation,mu
bivpois,0.5,0.5948087060365999,0.8249006259029457,0.32490062590294566,0.10556041671212585,0.9418224452929074,0.4418224452929074,0.19520707316460412,1.228070175438608,0.7280701754386081,0.5300861803632055,-0.4,1.3498588075760032
