method,true_params,bivpois_eta,bivpois_estimated_ha,bivpois_bias,bivpois_mse,pc_eta,pc_bias,pc_mse,lm_eta,lm_bias,lm_mse,team_strength_correlation,mu
bivpois,0,0.08476735850873901,0.08434537529865849,0.08434537529865849,0.007114142334271549,0.10314167551890206,0.10314167551890206,0.010638205228846481,0.441520467836244,0.441520467836244,0.19494032351833576,0,1
