method,true_params,bivpois_eta,bivpois_estimated_ha,bivpois_bias,bivpois_mse,pc_eta,pc_bias,pc_mse,lm_eta,lm_bias,lm_mse,team_strength_correlation,mu
bivpois,0.5,0.7748837000776536,0.9587825591732528,0.45878255917325284,0.21048143660155924,1.0401839622665883,0.5401839622665883,0.29179871309003086,0.8976608187134363,0.3976608187134363,0.15813412673984042,-0.4,1.3498588075760032
