method,true_params,bivpois_eta,bivpois_estimated_ha,bivpois_bias,bivpois_mse,pc_eta,pc_bias,pc_mse,lm_eta,lm_bias,lm_mse,team_strength_correlation,mu
bivpois,0.5,0.614049562862344,0.9060611954162388,0.40606119541623875,0.16488569442286483,1.0640201137006375,0.5640201137006375,0.3181186886588801,1.2602339181286493,0.7602339181286493,0.5779556102732378,-0.4,1.3498588075760032
