method,true_params,bivpois_eta,bivpois_estimated_ha,bivpois_bias,bivpois_mse,pc_eta,pc_bias,pc_mse,lm_eta,lm_bias,lm_mse,team_strength_correlation,mu
bivpois,0.5,0.6348071373171179,0.8505519723475151,0.3505519723475151,0.12288668531673301,0.944997838874917,0.44499783887491695,0.19802307660334656,1.3391812865497226,0.8391812865497226,0.7042252316952475,-0.4,1.3498588075760032
