method,true_params,bivpois_eta,bivpois_estimated_ha,bivpois_bias,bivpois_mse,pc_eta,pc_bias,pc_mse,lm_eta,lm_bias,lm_mse,team_strength_correlation,mu
bivpois,0.5,0.6517630039513295,0.7163638144144968,0.2163638144144968,0.04681330018799082,0.7971743396854212,0.2971743396854212,0.0883125881674661,0.5029239766081951,0.0029239766081951,8.549639205272123e-6,-0.4,1.3498588075760032
