method,true_params,bivpois_eta,bivpois_estimated_ha,bivpois_bias,bivpois_mse,pc_eta,pc_bias,pc_mse,lm_eta,lm_bias,lm_mse,team_strength_correlation,mu
bivpois,0.5,0.5404785994024006,0.844701980617554,0.34470198061755397,0.11881945544166456,0.9544722307043175,0.4544722307043175,0.20654500848135843,0.3274853801169789,-0.17251461988302108,0.02976129407338325,0,1.3498588075760032
