method,true_params,bivpois_eta,bivpois_estimated_ha,bivpois_bias,bivpois_mse,pc_eta,pc_bias,pc_mse,lm_eta,lm_bias,lm_mse,team_strength_correlation,mu
bivpois,0.5,0.5023405695434824,0.7176255721903742,0.21762557219037415,0.04736088967118775,0.785454843953998,0.285454843953998,0.08148446793680135,1.8508771929824759,1.3508771929824759,1.8248691905202135,0,1.3498588075760032
