method,true_params,bivpois_eta,bivpois_estimated_ha,bivpois_bias,bivpois_mse,pc_eta,pc_bias,pc_mse,lm_eta,lm_bias,lm_mse,team_strength_correlation,mu
bivpois,0.5,0.6130462010420938,0.7284181464245729,0.22841814642457292,0.05217484961603763,0.7938053853460801,0.29380538534608014,0.08632160445835864,0.7251461988304015,0.22514619883040154,0.050690810847778704,0,1.3498588075760032
