method,true_params,bivpois_eta,bivpois_estimated_ha,bivpois_bias,bivpois_mse,pc_eta,pc_bias,pc_mse,lm_eta,lm_bias,lm_mse,team_strength_correlation,mu
bivpois,0.5,0.5742609879482116,0.6623648569865304,0.16236485698653036,0.026362346784256457,0.7526838105504561,0.2526838105504561,0.06384910811429878,0.3918128654970785,-0.1081871345029215,0.011704456071953228,0,1.3498588075760032
