method,true_params,bivpois_eta,bivpois_estimated_ha,bivpois_bias,bivpois_mse,pc_eta,pc_bias,pc_mse,lm_eta,lm_bias,lm_mse,team_strength_correlation,mu
bivpois,0.5,0.5693505338149049,0.7854889252690311,0.28548892526903114,0.08150392645126645,0.8548978391919234,0.3548978391919234,0.12595247626309633,-0.6111111111111115,-1.1111111111111116,1.234567901234569,0,1.3498588075760032
