method,true_params,bivpois_eta,bivpois_estimated_ha,bivpois_bias,bivpois_mse,pc_eta,pc_bias,pc_mse,lm_eta,lm_bias,lm_mse,team_strength_correlation,mu
bivpois,0.5,0.5054337051677259,0.8195684959445431,0.31956849594454306,0.10212402360025744,0.9003558599607444,0.4003558599607444,0.16028481460490718,0.38888888888890355,-0.11111111111109645,0.01234567901234242,0,1.3498588075760032
