method,true_params,bivpois_eta,bivpois_estimated_ha,bivpois_bias,bivpois_mse,pc_eta,pc_bias,pc_mse,lm_eta,lm_bias,lm_mse,team_strength_correlation,mu
bivpois,0.5,0.6390404319959977,0.9813619690389495,0.48136196903894946,0.23170934523705453,1.1335735885141884,0.6335735885141884,0.4014154920627462,1.5730994152046756,1.0730994152046756,1.1515423549126167,0,1.3498588075760032
