method,true_params,bivpois_eta,bivpois_estimated_ha,bivpois_bias,bivpois_mse,pc_eta,pc_bias,pc_mse,lm_eta,lm_bias,lm_mse,team_strength_correlation,mu
bivpois,0.5,0.5811657016906279,0.7273144779602557,0.22731447796025572,0.051671871890343585,0.8528813457824963,0.3528813457824963,0.12452524420126572,-0.008771929824568125,-0.5087719298245681,0.25884887657741523,0,1.3498588075760032
