method,true_params,bivpois_eta,bivpois_estimated_ha,bivpois_bias,bivpois_mse,pc_eta,pc_bias,pc_mse,lm_eta,lm_bias,lm_mse,team_strength_correlation,mu
bivpois,0.5,0.6197844430799541,0.7671355285255851,0.2671355285255851,0.07136139060064368,0.8105830299777314,0.31058302997773135,0.09646181851014837,1.1578947368421095,0.6578947368421095,0.4328254847645486,0,1.3498588075760032
