method,true_params,bivpois_eta,bivpois_estimated_ha,bivpois_bias,bivpois_mse,pc_eta,pc_bias,pc_mse,lm_eta,lm_bias,lm_mse,team_strength_correlation,mu
bivpois,0.5,0.529735432737113,0.8389040578480835,0.33890405784808353,0.11485596042589714,0.9860010313040061,0.48600103130400607,0.23619700242855748,1.175438596491231,0.6754385964912311,0.45621729763004404,0,1.3498588075760032
