method,true_params,bivpois_eta,bivpois_estimated_ha,bivpois_bias,bivpois_mse,pc_eta,pc_bias,pc_mse,lm_eta,lm_bias,lm_mse,team_strength_correlation,mu
bivpois,0.5,0.5948860553694167,0.7973177766630085,0.2973177766630085,0.08839786031983461,0.8852603763514805,0.38526037635148047,0.14842555758648437,1.85087719298247,1.35087719298247,1.8248691905201977,0,1.3498588075760032
