method,true_params,bivpois_eta,bivpois_estimated_ha,bivpois_bias,bivpois_mse,pc_eta,pc_bias,pc_mse,lm_eta,lm_bias,lm_mse,team_strength_correlation,mu
bivpois,0.5,0.635659113422452,0.7682632961693124,0.26826329616931244,0.07196519607162424,0.8615656490679914,0.3615656490679914,0.1307297185859579,0.31578947368421234,-0.18421052631578766,0.033933518005539495,0,1.3498588075760032
