method,true_params,bivpois_eta,bivpois_estimated_ha,bivpois_bias,bivpois_mse,pc_eta,pc_bias,pc_mse,lm_eta,lm_bias,lm_mse,team_strength_correlation,mu
bivpois,0.5,0.5756841393557379,0.8867331303229165,0.38673313032291645,0.1495625140893619,0.957912631605643,0.457912631605643,0.2096839781840053,0.0964912280701694,-0.4035087719298306,0.16281932902432003,0,1.3498588075760032
