method,true_params,bivpois_eta,bivpois_estimated_ha,bivpois_bias,bivpois_mse,pc_eta,pc_bias,pc_mse,lm_eta,lm_bias,lm_mse,team_strength_correlation,mu
bivpois,0.5,0.720595029349726,1.1902349152935432,0.6902349152935432,0.47642423829028474,1.3045779144714704,0.8045779144714704,0.6473456204552608,2.391812865497067,1.8918128654970672,3.5789559180602244,0,1.3498588075760032
