method,true_params,bivpois_eta,bivpois_estimated_ha,bivpois_bias,bivpois_mse,pc_eta,pc_bias,pc_mse,lm_eta,lm_bias,lm_mse,team_strength_correlation,mu
bivpois,0.5,0.6379994501503363,0.8752556158506083,0.3752556158506083,0.1408167772274193,0.9663868985159264,0.4663868985159264,0.21751673910730504,1.4298245614035046,0.9298245614035046,0.8645737149892196,0,1.3498588075760032
