method,true_params,bivpois_eta,bivpois_estimated_ha,bivpois_bias,bivpois_mse,pc_eta,pc_bias,pc_mse,lm_eta,lm_bias,lm_mse,team_strength_correlation,mu
bivpois,0.5,0.5618467058861264,0.8222048372634998,0.3222048372634998,0.1038159571559984,0.9097889885122152,0.40978898851221524,0.16792701510586447,1.2602339181286706,0.7602339181286706,0.5779556102732702,0,1.3498588075760032
