method,true_params,bivpois_eta,bivpois_estimated_ha,bivpois_bias,bivpois_mse,pc_eta,pc_bias,pc_mse,lm_eta,lm_bias,lm_mse,team_strength_correlation,mu
bivpois,0.5,0.6380476167803832,0.8439717692080171,0.3439717692080171,0.11831657801209337,0.996455312497585,0.496455312497585,0.24646787730707478,0.7251461988304032,0.2251461988304032,0.050690810847779454,0,1.3498588075760032
