method,true_params,bivpois_eta,bivpois_estimated_ha,bivpois_bias,bivpois_mse,pc_eta,pc_bias,pc_mse,lm_eta,lm_bias,lm_mse,team_strength_correlation,mu
bivpois,0.5,0.5454079508457504,0.6620598116276473,0.16205981162764727,0.026263382544788515,0.7874898440511533,0.2874898440511533,0.08265041043255644,-0.3187134502923879,-0.8187134502923878,0.6702917136896662,0,1.3498588075760032
