method,true_params,bivpois_eta,bivpois_estimated_ha,bivpois_bias,bivpois_mse,pc_eta,pc_bias,pc_mse,lm_eta,lm_bias,lm_mse,team_strength_correlation,mu
bivpois,0.5,0.5504416360771295,0.6434485001500374,0.1434485001500374,0.020577472195295283,0.684775947742935,0.18477594774293504,0.034142150864299864,0.6286549707602489,0.1286549707602489,0.0165521015013205,0,1.3498588075760032
