method,true_params,bivpois_eta,bivpois_estimated_ha,bivpois_bias,bivpois_mse,pc_eta,pc_bias,pc_mse,lm_eta,lm_bias,lm_mse,team_strength_correlation,mu
bivpois,0.5,0.6597402889861196,1.0162202003427763,0.5162202003427763,0.2664832952419361,1.1586771119715256,0.6586771119715256,0.43385553783514963,1.2631578947368265,0.7631578947368265,0.5824099722991452,0,1.3498588075760032
