method,true_params,bivpois_eta,bivpois_estimated_ha,bivpois_bias,bivpois_mse,pc_eta,pc_bias,pc_mse,lm_eta,lm_bias,lm_mse,team_strength_correlation,mu
bivpois,0.5,0.5659281074209623,0.6758079717071415,0.17580797170714146,0.030908442915779055,0.7361311008182381,0.23613110081823807,0.05575789677363291,0.34502923976607813,-0.15497076023392187,0.0240159365274797,0,1.3498588075760032
