method,true_params,bivpois_eta,bivpois_estimated_ha,bivpois_bias,bivpois_mse,pc_eta,pc_bias,pc_mse,lm_eta,lm_bias,lm_mse,team_strength_correlation,mu
bivpois,0.5,0.6454554977292788,1.0305961286586078,0.5305961286586078,0.2815322517475019,1.1331794579182122,0.6331794579182122,0.400916225929601,1.0789473684210584,0.5789473684210584,0.3351800554016688,0,1.3498588075760032
