method,true_params,bivpois_eta,bivpois_estimated_ha,bivpois_bias,bivpois_mse,pc_eta,pc_bias,pc_mse,lm_eta,lm_bias,lm_mse,team_strength_correlation,mu
bivpois,0.5,0.5698360145557775,0.5890315496500234,0.08903154965002336,0.007926616833084574,0.6916918149354863,0.19169181493548626,0.03674575191326071,1.561403508771928,1.061403508771928,1.1265774084333602,0,1.3498588075760032
