method,true_params,bivpois_eta,bivpois_estimated_ha,bivpois_bias,bivpois_mse,pc_eta,pc_bias,pc_mse,lm_eta,lm_bias,lm_mse,team_strength_correlation,mu
bivpois,0.5,0.5950396229091639,1.1171841819014952,0.6171841819014952,0.38091631438941786,1.2640488381870285,0.7640488381870285,0.5837706271349481,1.707602339181296,1.207602339181296,1.4583034095961378,0,1.3498588075760032
