method,true_params,bivpois_eta,bivpois_estimated_ha,bivpois_bias,bivpois_mse,pc_eta,pc_bias,pc_mse,lm_eta,lm_bias,lm_mse,team_strength_correlation,mu
bivpois,0.5,0.6565275571171466,0.8930246536209171,0.3930246536209171,0.15446837835384186,1.026067248491025,0.5260672484910249,0.27674674993491777,1.3596491228070178,0.8596491228070178,0.7389966143428751,0,1.3498588075760032
