method,true_params,bivpois_eta,bivpois_estimated_ha,bivpois_bias,bivpois_mse,pc_eta,pc_bias,pc_mse,lm_eta,lm_bias,lm_mse,team_strength_correlation,mu
bivpois,0.5,0.5730374484270743,0.9314969473332844,0.43149694733328436,0.18618961555794317,1.0770312556023418,0.5770312556023418,0.33296506994201513,0.6374269005848012,0.13742690058480123,0.01888615300434484,0,1.3498588075760032
