method,true_params,bivpois_eta,bivpois_estimated_ha,bivpois_bias,bivpois_mse,pc_eta,pc_bias,pc_mse,lm_eta,lm_bias,lm_mse,team_strength_correlation,mu
bivpois,0.5,0.5630871272315983,0.81553797495313,0.31553797495312996,0.09956421363752208,0.9290028030056702,0.4290028030056702,0.18404340498672184,-0.42397660818713695,-0.923976608187137,0.8537327724770061,0,1.3498588075760032
