method,true_params,bivpois_eta,bivpois_estimated_ha,bivpois_bias,bivpois_mse,pc_eta,pc_bias,pc_mse,lm_eta,lm_bias,lm_mse,team_strength_correlation,mu
bivpois,0.5,0.573120861176267,0.8580603027595435,0.3580603027595435,0.12820718041225593,0.9315662598543947,0.4315662598543947,0.18624943664471091,0.9649122807017632,0.46491228070176316,0.21614342874731501,0,1.3498588075760032
