method,true_params,bivpois_eta,bivpois_estimated_ha,bivpois_bias,bivpois_mse,pc_eta,pc_bias,pc_mse,lm_eta,lm_bias,lm_mse,team_strength_correlation,mu
bivpois,0.5,0.6944561745508827,0.9817220342717082,0.48172203427170823,0.23205611830287284,1.0951845556165476,0.5951845556165476,0.35424465524446724,0.0058479532163678,-0.4941520467836322,0.24418624534045305,0,1.3498588075760032
