method,true_params,bivpois_eta,bivpois_estimated_ha,bivpois_bias,bivpois_mse,pc_eta,pc_bias,pc_mse,lm_eta,lm_bias,lm_mse,team_strength_correlation,mu
bivpois,0.5,0.5976747122613686,0.9280672956824509,0.42806729568245094,0.18324160963288688,1.1081476793492724,0.6081476793492724,0.36984359989790544,0.0497076023391807,-0.4502923976608193,0.20276324339112942,0,1.3498588075760032
