method,true_params,bivpois_eta,bivpois_estimated_ha,bivpois_bias,bivpois_mse,pc_eta,pc_bias,pc_mse,lm_eta,lm_bias,lm_mse,team_strength_correlation,mu
bivpois,0.5,0.5828445288781502,0.7715779619955329,0.27157796199553286,0.07375458944164709,0.8340053464516805,0.33400534645168045,0.11155957145830708,1.020467836257327,0.520467836257327,0.27088676857838373,0,1.3498588075760032
