method,true_params,bivpois_eta,bivpois_estimated_ha,bivpois_bias,bivpois_mse,pc_eta,pc_bias,pc_mse,lm_eta,lm_bias,lm_mse,team_strength_correlation,mu
bivpois,0.5,0.5638468609985926,0.7899419386762232,0.2899419386762232,0.08406632780332678,0.9166097352923711,0.4166097352923711,0.17356367154037952,0.42690058479532894,-0.07309941520467106,0.005343524503264895,0,1.3498588075760032
