method,true_params,bivpois_eta,bivpois_estimated_ha,bivpois_bias,bivpois_mse,pc_eta,pc_bias,pc_mse,lm_eta,lm_bias,lm_mse,team_strength_correlation,mu
bivpois,0.5,0.6314922273396648,0.7852833091122705,0.2852833091122705,0.08138656645804729,0.8656142914581784,0.36561429145817836,0.1336738101184658,1.5380116959064591,1.0380116959064591,1.0774682808386034,0,1.3498588075760032
