method,true_params,bivpois_eta,bivpois_estimated_ha,bivpois_bias,bivpois_mse,pc_eta,pc_bias,pc_mse,lm_eta,lm_bias,lm_mse,team_strength_correlation,mu
bivpois,0.5,0.562673520737133,0.9246319722079324,0.42463197220793236,0.18031231182119825,1.025063581826879,0.525063581826879,0.2756917649608716,1.3625730994152105,0.8625730994152105,0.7440323518347627,0,1.3498588075760032
