method,true_params,bivpois_eta,bivpois_estimated_ha,bivpois_bias,bivpois_mse,pc_eta,pc_bias,pc_mse,lm_eta,lm_bias,lm_mse,team_strength_correlation,mu
bivpois,0.5,0.584779722873125,0.9092346528149426,0.40923465281494265,0.16747300106456664,0.9849057761143537,0.4849057761143537,0.23513361170906372,0.7982456140350881,0.2982456140350881,0.08895044629116673,0,1.3498588075760032
