method,true_params,bivpois_eta,bivpois_estimated_ha,bivpois_bias,bivpois_mse,pc_eta,pc_bias,pc_mse,lm_eta,lm_bias,lm_mse,team_strength_correlation,mu
bivpois,0.5,0.6564990494782977,0.8438327614927891,0.3438327614927891,0.11822096787575717,0.9414429927085327,0.4414429927085327,0.19487191581146565,-0.04970760233918839,-0.5497076023391884,0.30217844806949923,0,1.3498588075760032
