method,true_params,bivpois_eta,bivpois_estimated_ha,bivpois_bias,bivpois_mse,pc_eta,pc_bias,pc_mse,lm_eta,lm_bias,lm_mse,team_strength_correlation,mu
bivpois,0,0.05838222649196799,0.05467324343740654,0.05467324343740654,0.002989163547965917,0.06273097079225912,0.06273097079225912,0.003935174696539266,0.26608187134503164,0.26608187134503164,0.07079956225847397,0,1
