true_params,bivpois_eta,bivpois_estimated_ha,bivpois_eta_bias,bivpois_eta_mse,lm_eta,lm_eta_bias,lm_eta_mse,team_strength_correlation,lambda3
0.27910523357951594,0.32440516372276995,0.38320761915109935,0.10410238557158341,0.010837306681694619,0.11988304093567431,-0.15922219264384163,0.025351706630312616,0,0
