method,true_params,bivpois_eta,bivpois_estimated_ha,bivpois_bias,bivpois_mse,pc_eta,pc_bias,pc_mse,lm_eta,lm_bias,lm_mse,team_strength_correlation,mu
bivnorm,0,0.030432398441848786,0.1521172289179864,0.1521172289179864,0.02313965133368708,0.1458943117058388,0.1458943117058388,0.021285150188120452,-0.2748538011695966,-0.2748538011695966,0.07554461201737615,-0.8,NA
