method,true_params,bivpois_eta,bivpois_estimated_ha,bivpois_bias,bivpois_mse,pc_eta,pc_bias,pc_mse,lm_eta,lm_bias,lm_mse,team_strength_correlation,mu
bivnorm,0,0.011042949948642218,0.055855117365336326,0.055855117365336326,0.0031197941358954958,0.048697015599840396,0.048697015599840396,0.002371399328331099,-0.611111111111108,-0.611111111111108,0.37345679012345306,-0.8,NA
