method,true_params,bivpois_eta,bivpois_estimated_ha,bivpois_bias,bivpois_mse,pc_eta,pc_bias,pc_mse,lm_eta,lm_bias,lm_mse,team_strength_correlation,mu
bivnorm,0,-0.027738234964722497,-0.1382513459580661,-0.1382513459580661,0.019113434659216878,-0.1436039906804364,-0.1436039906804364,0.02062210613934686,0.6052631578947439,0.6052631578947439,0.36634349030471774,-0.8,NA
