method,true_params,bivpois_eta,bivpois_estimated_ha,bivpois_bias,bivpois_mse,pc_eta,pc_bias,pc_mse,lm_eta,lm_bias,lm_mse,team_strength_correlation,mu
bivnorm,0,0.008080718334578735,0.041003008003700714,0.041003008003700714,0.0016812466653515449,0.04085693652032214,0.04085693652032214,0.0016692892618256332,0.06725146198832142,0.06725146198832142,0.0045227591395666416,-0.8,NA
