method,true_params,bivpois_eta,bivpois_estimated_ha,bivpois_bias,bivpois_mse,pc_eta,pc_bias,pc_mse,lm_eta,lm_bias,lm_mse,team_strength_correlation,mu
bivnorm,0,0.005613086837359516,0.027851170293644145,0.027851170293644145,7.756876867255661e-4,0.028361607469400172,0.028361607469400172,8.043807782483356e-4,0.07894736842105969,0.07894736842105969,0.006232686980610533,-0.8,NA
