method,true_params,bivpois_eta,bivpois_estimated_ha,bivpois_bias,bivpois_mse,pc_eta,pc_bias,pc_mse,lm_eta,lm_bias,lm_mse,team_strength_correlation,mu
bivnorm,0,-0.03546454621428486,-0.17743991079787147,-0.17743991079787147,0.031484921943956586,-0.17540525798370007,-0.17540525798370007,0.030767004528328378,0.14035087719297898,0.14035087719297898,0.019698368728838667,-0.8,NA
