method,true_params,bivpois_eta,bivpois_estimated_ha,bivpois_bias,bivpois_mse,pc_eta,pc_bias,pc_mse,lm_eta,lm_bias,lm_mse,team_strength_correlation,mu
bivnorm,0,-0.005440559202361705,-0.026716135921471817,-0.026716135921471817,7.137519185745568e-4,-0.03052630615393729,-0.03052630615393729,9.318553674039096e-4,-0.08187134502923461,-0.08187134502923461,0.006702917136895979,-0.8,NA
