method,true_params,bivpois_eta,bivpois_estimated_ha,bivpois_bias,bivpois_mse,pc_eta,pc_bias,pc_mse,lm_eta,lm_bias,lm_mse,team_strength_correlation,mu
bivnorm,0,-0.005714886695228607,-0.0276407343034224,-0.0276407343034224,7.640101928323917e-4,-0.019028801865605863,-0.019028801865605863,3.6209530044048515e-4,0.07602339181286051,0.07602339181286051,0.005779556102731707,-0.8,NA
