method,true_params,bivpois_eta,bivpois_estimated_ha,bivpois_bias,bivpois_mse,pc_eta,pc_bias,pc_mse,lm_eta,lm_bias,lm_mse,team_strength_correlation,mu
bivnorm,0,-0.02344634825718315,-0.12085012934660089,-0.12085012934660089,0.014604753763090166,-0.1218700876045093,-0.1218700876045093,0.014852318252730774,0.023391812865482916,0.023391812865482916,5.471769091337721e-4,-0.8,NA
