method,true_params,bivpois_eta,bivpois_estimated_ha,bivpois_bias,bivpois_mse,pc_eta,pc_bias,pc_mse,lm_eta,lm_bias,lm_mse,team_strength_correlation,mu
bivnorm,0,0.016143268672535144,0.08088207410225401,0.08088207410225401,0.006541909911082508,0.0798411837706682,0.0798411837706682,0.0063746146259016125,0.192982456140346,0.192982456140346,0.03724222837796057,-0.8,NA
