method,true_params,bivpois_eta,bivpois_estimated_ha,bivpois_bias,bivpois_mse,pc_eta,pc_bias,pc_mse,lm_eta,lm_bias,lm_mse,team_strength_correlation,mu
bivnorm,0,-0.011758790007043463,-0.05831026949791962,-0.05831026949791962,0.0034000875289200154,-0.06166718833776794,-0.06166718833776794,0.0038028421174857428,-0.9327485380116848,-0.9327485380116848,0.8700198351629354,-0.8,NA
