method,true_params,bivpois_eta,bivpois_estimated_ha,bivpois_bias,bivpois_mse,pc_eta,pc_bias,pc_mse,lm_eta,lm_bias,lm_mse,team_strength_correlation,mu
bivnorm,0,0.03535856354468353,0.1736766136026704,0.1736766136026704,0.030163566112491276,0.17907743405608664,0.17907743405608664,0.03206872738811206,-0.08771929824560178,-0.08771929824560178,0.007694675284700835,-0.8,NA
