method,true_params,bivpois_eta,bivpois_estimated_ha,bivpois_bias,bivpois_mse,pc_eta,pc_bias,pc_mse,lm_eta,lm_bias,lm_mse,team_strength_correlation,mu
bivnorm,0,0.006365441835916619,0.0323428166272679,0.0323428166272679,0.001046057787385077,0.04269748691020612,0.04269748691020612,0.001823075388447223,0.1228070175438693,0.1228070175438693,0.015081563558020223,-0.8,NA
