method,true_params,bivpois_eta,bivpois_estimated_ha,bivpois_bias,bivpois_mse,pc_eta,pc_bias,pc_mse,lm_eta,lm_bias,lm_mse,team_strength_correlation,mu
bivnorm,0,-0.016839477946608436,-0.08388014452476789,-0.08388014452476789,0.007035878645495948,-0.07815269623119549,-0.07815269623119549,0.006107843928205518,0.08479532163743327,0.08479532163743327,0.0071902465715957585,-0.8,NA
