method,true_params,bivpois_eta,bivpois_estimated_ha,bivpois_bias,bivpois_mse,pc_eta,pc_bias,pc_mse,lm_eta,lm_bias,lm_mse,team_strength_correlation,mu
bivnorm,0,-2.547489254871839e-4,-0.0013177429500226268,-0.0013177429500226268,1.736446482334335e-6,-0.004839581778085533,-0.004839581778085533,2.3421551786777533e-5,1.1169590643274847,1.1169590643274847,1.2475975513833302,-0.8,NA
