method,true_params,bivpois_eta,bivpois_estimated_ha,bivpois_bias,bivpois_mse,pc_eta,pc_bias,pc_mse,lm_eta,lm_bias,lm_mse,team_strength_correlation,mu
bivnorm,0,0.011128402505169584,0.055810178431416446,0.055810178431416446,0.0031147760165465416,0.04526122464148893,0.04526122464148893,0.0020485784560473246,0.22514619883039586,0.22514619883039586,0.050690810847776144,-0.8,NA
