method,true_params,bivpois_eta,bivpois_estimated_ha,bivpois_bias,bivpois_mse,pc_eta,pc_bias,pc_mse,lm_eta,lm_bias,lm_mse,team_strength_correlation,mu
bivnorm,0,-0.013964051535689224,-0.06804969676715089,-0.06804969676715089,0.004630761230101186,-0.0678714373505916,-0.0678714373505916,0.004606532008035281,-0.760233918128657,-0.760233918128657,0.5779556102732496,-0.8,NA
