method,true_params,bivpois_eta,bivpois_estimated_ha,bivpois_bias,bivpois_mse,pc_eta,pc_bias,pc_mse,lm_eta,lm_bias,lm_mse,team_strength_correlation,mu
bivnorm,0,0.005666410547956362,0.02842158412190976,0.02842158412190976,8.077864439987929e-4,0.02429937910735581,0.02429937910735581,5.90459825003e-4,-0.02631578947368777,-0.02631578947368777,6.925207756234559e-4,-0.8,NA
