method,true_params,bivpois_eta,bivpois_estimated_ha,bivpois_bias,bivpois_mse,pc_eta,pc_bias,pc_mse,lm_eta,lm_bias,lm_mse,team_strength_correlation,mu
bivnorm,0,0.007915327937067104,0.039124991346532134,0.039124991346532134,0.0015307649478662143,0.043546537509327965,0.043546537509327965,0.0018963009290513073,0.45029239766080503,0.45029239766080503,0.20276324339111657,-0.8,NA
