method,true_params,bivpois_eta,bivpois_estimated_ha,bivpois_bias,bivpois_mse,pc_eta,pc_bias,pc_mse,lm_eta,lm_bias,lm_mse,team_strength_correlation,mu
bivnorm,0,-0.01151938981603058,-0.05894739753527922,-0.05894739753527922,0.003474795676182243,-0.04647873406648739,-0.04647873406648739,0.0021602727204232557,0.27485380116959107,0.27485380116959107,0.0755446120173731,-0.8,NA
