method,true_params,bivpois_eta,bivpois_estimated_ha,bivpois_bias,bivpois_mse,pc_eta,pc_bias,pc_mse,lm_eta,lm_bias,lm_mse,team_strength_correlation,mu
bivnorm,0,0.00994833150939483,0.04923539379070885,0.04923539379070885,0.0024241240017261714,0.04495865665524569,0.04495865665524569,0.002021280808244268,0.3391812865496932,0.3391812865496932,0.11504394514550509,-0.8,NA
