method,true_params,bivpois_eta,bivpois_estimated_ha,bivpois_bias,bivpois_mse,pc_eta,pc_bias,pc_mse,lm_eta,lm_bias,lm_mse,team_strength_correlation,mu
bivnorm,0,8.685125552614741e-4,0.00434231785118655,0.00434231785118655,1.8855724320733378e-5,3.3484833563299964e-4,3.3484833563299964e-4,1.1212340787618998e-7,0.27485380116957475,0.27485380116957475,0.075544612017364135,-0.8,NA
