method,true_params,bivpois_eta,bivpois_estimated_ha,bivpois_bias,bivpois_mse,pc_eta,pc_bias,pc_mse,lm_eta,lm_bias,lm_mse,team_strength_correlation,mu
bivnorm,0,-0.006511777508141068,-0.03190246479012249,-0.03190246479012249,0.001017767259685005,-0.027608615101311025,-0.027608615101311025,7.622356278123392e-4,-0.4152046783625758,-0.4152046783625758,0.17239492493417002,-0.8,NA
