method,true_params,bivpois_eta,bivpois_estimated_ha,bivpois_bias,bivpois_mse,pc_eta,pc_bias,pc_mse,lm_eta,lm_bias,lm_mse,team_strength_correlation,mu
bivnorm,0,0.015438000501799005,0.0765621929170015,0.0765621929170015,0.005861769384260155,0.07429247846713148,0.07429247846713148,0.005519372356789195,-0.30701754385965174,-0.30701754385965174,0.09425977223761318,-0.8,NA
