method,true_params,bivpois_eta,bivpois_estimated_ha,bivpois_bias,bivpois_mse,pc_eta,pc_bias,pc_mse,lm_eta,lm_bias,lm_mse,team_strength_correlation,mu
bivnorm,0,-0.0034021095020554523,-0.016494660436893405,-0.016494660436893405,2.720738229284165e-4,-0.017515227534423895,-0.017515227534423895,3.06783195582641e-4,-0.4824561403508722,-0.4824561403508722,0.23276392736226048,-0.8,NA
