method,true_params,bivpois_eta,bivpois_estimated_ha,bivpois_bias,bivpois_mse,pc_eta,pc_bias,pc_mse,lm_eta,lm_bias,lm_mse,team_strength_correlation,mu
bivnorm,0,8.082414267400628e-4,0.0040216079258881265,0.0040216079258881265,1.61733303095662e-5,0.009312858665927154,0.009312858665927154,8.67293365315345e-5,-0.11988304093566546,-0.11988304093566546,0.01437194350398244,-0.8,NA
