method,true_params,bivpois_eta,bivpois_estimated_ha,bivpois_bias,bivpois_mse,pc_eta,pc_bias,pc_mse,lm_eta,lm_bias,lm_mse,team_strength_correlation,mu
bivnorm,0,-0.0022320716310215397,-0.011391476823989777,-0.011391476823989777,1.297657442314962e-4,-0.0035401688651126493,-0.0035401688651126493,1.2532795593512984e-5,0.5087719298245605,0.5087719298245605,0.25884887657740757,-0.8,NA
