method,true_params,bivpois_eta,bivpois_estimated_ha,bivpois_bias,bivpois_mse,pc_eta,pc_bias,pc_mse,lm_eta,lm_bias,lm_mse,team_strength_correlation,mu
bivnorm,0,0.0014739222595536521,0.007293596520502099,0.007293596520502099,5.319655020388033e-5,0.008011406614289543,0.008011406614289543,6.418263593948224e-5,0.5438596491228034,0.5438596491228034,0.29578331794397883,-0.8,NA
