method,true_params,bivpois_eta,bivpois_estimated_ha,bivpois_bias,bivpois_mse,pc_eta,pc_bias,pc_mse,lm_eta,lm_bias,lm_mse,team_strength_correlation,mu
bivnorm,0,-0.020997172730045473,-0.10357138475062388,-0.10357138475062388,0.010727031739161766,-0.10824800398887681,-0.10824800398887681,0.01171763036757589,0.6198830409356789,0.6198830409356789,0.3842549844396646,-0.8,NA
