method,true_params,bivpois_eta,bivpois_estimated_ha,bivpois_bias,bivpois_mse,pc_eta,pc_bias,pc_mse,lm_eta,lm_bias,lm_mse,team_strength_correlation,mu
bivnorm,0,0.0031496968398703326,0.01554680046477852,0.01554680046477852,2.4170300469163764e-4,0.021952366729256042,0.021952366729256042,4.819064050157476e-4,0.3654970760234036,0.3654970760234036,0.13358811258165768,-0.8,NA
