method,true_params,bivpois_eta,bivpois_estimated_ha,bivpois_bias,bivpois_mse,pc_eta,pc_bias,pc_mse,lm_eta,lm_bias,lm_mse,team_strength_correlation,mu
bivnorm,0,-0.024231422091685204,-0.12027750174216312,-0.12027750174216312,0.014466677425336052,-0.1259577007116274,-0.1259577007116274,0.015865342368559902,0.25146198830409894,0.25146198830409894,0.06323313156185079,-0.8,NA
