method,true_params,bivpois_eta,bivpois_estimated_ha,bivpois_bias,bivpois_mse,pc_eta,pc_bias,pc_mse,lm_eta,lm_bias,lm_mse,team_strength_correlation,mu
bivnorm,0,-0.015744307145580904,-0.0795490123648177,-0.0795490123648177,0.006328045368217921,-0.0846612203924983,-0.0846612203924983,0.007167522238347169,0.03508771929825046,0.03508771929825046,0.0012311480455528179,-0.8,NA
