method,true_params,bivpois_eta,bivpois_estimated_ha,bivpois_bias,bivpois_mse,pc_eta,pc_bias,pc_mse,lm_eta,lm_bias,lm_mse,team_strength_correlation,mu
bivnorm,0,-4.5604724170696525e-5,-2.2980651562676258e-4,-2.2980651562676258e-4,5.2811034624513474e-8,0.00306969475581575,0.00306969475581575,9.423025893882715e-6,-0.6695906432748544,-0.6695906432748544,0.4483516295612333,-0.8,NA
