method,true_params,bivpois_eta,bivpois_estimated_ha,bivpois_bias,bivpois_mse,pc_eta,pc_bias,pc_mse,lm_eta,lm_bias,lm_mse,team_strength_correlation,mu
bivnorm,0,0.015481227223706404,0.0787335189426539,0.0787335189426539,0.006198967005093241,0.0772613994243661,0.0772613994243661,0.00596932384101144,0.4152046783625766,0.4152046783625766,0.17239492493417066,-0.8,NA
