method,true_params,bivpois_eta,bivpois_estimated_ha,bivpois_bias,bivpois_mse,pc_eta,pc_bias,pc_mse,lm_eta,lm_bias,lm_mse,team_strength_correlation,mu
bivnorm,0,0.006484077132137279,0.03218509669459202,0.03218509669459202,0.0010358804492402382,0.03376508901210778,0.03376508901210778,0.0011400812359955615,0.020467836257313323,0.020467836257313323,4.189323210561899e-4,-0.8,NA
