method,true_params,bivpois_eta,bivpois_estimated_ha,bivpois_bias,bivpois_mse,pc_eta,pc_bias,pc_mse,lm_eta,lm_bias,lm_mse,team_strength_correlation,mu
bivnorm,0,0.0022231984552506623,0.011063793163885727,0.011063793163885727,1.2240751917324454e-4,0.0074525789961952995,0.0074525789961952995,5.554093369453134e-5,-0.011695906432744783,-0.011695906432744783,1.367942272835208e-4,-0.8,NA
