method,true_params,bivpois_eta,bivpois_estimated_ha,bivpois_bias,bivpois_mse,pc_eta,pc_bias,pc_mse,lm_eta,lm_bias,lm_mse,team_strength_correlation,mu
bivnorm,0,-0.012066062115524486,-0.06056350546440381,-0.06056350546440381,0.00366793819413687,-0.056775578249515575,-0.056775578249515575,0.003223466285566866,-0.10526315789475772,-0.10526315789475772,0.011080332409976695,-0.8,NA
