method,true_params,bivpois_eta,bivpois_estimated_ha,bivpois_bias,bivpois_mse,pc_eta,pc_bias,pc_mse,lm_eta,lm_bias,lm_mse,team_strength_correlation,mu
bivnorm,0,-0.004470542075983824,-0.022169895082505775,-0.022169895082505775,4.915042479693137e-4,-0.01805314620026976,-0.01805314620026976,3.259160877283145e-4,-0.8099415204678484,-0.8099415204678484,0.65600526657777,-0.8,NA
