method,true_params,bivpois_eta,bivpois_estimated_ha,bivpois_bias,bivpois_mse,pc_eta,pc_bias,pc_mse,lm_eta,lm_bias,lm_mse,team_strength_correlation,mu
bivnorm,0,-0.00897395778040543,-0.04461216926119427,-0.04461216926119427,0.001990245646189447,-0.041171124245850003,-0.041171124245850003,0.001695061471667218,-0.008771929824550311,-0.008771929824550311,7.694675284683525e-5,-0.8,NA
