method,true_params,bivpois_eta,bivpois_estimated_ha,bivpois_bias,bivpois_mse,pc_eta,pc_bias,pc_mse,lm_eta,lm_bias,lm_mse,team_strength_correlation,mu
bivnorm,0,0.017510587890710323,0.0875551193463533,0.0875551193463533,0.007665898923754169,0.09229536907531957,0.09229536907531957,0.008518435152749457,0.1783625730994172,0.1783625730994172,0.03181320748264494,-0.8,NA
