method,true_params,bivpois_eta,bivpois_estimated_ha,bivpois_bias,bivpois_mse,pc_eta,pc_bias,pc_mse,lm_eta,lm_bias,lm_mse,team_strength_correlation,mu
bivnorm,0,0.01358469550389628,0.06689730332300492,0.06689730332300492,0.004475249191890125,0.06175222251631549,0.06175222251631549,0.003813336985704542,0.20760233918128618,0.20760233918128618,0.04309873123354179,-0.8,NA
