method,true_params,bivpois_eta,bivpois_estimated_ha,bivpois_bias,bivpois_mse,pc_eta,pc_bias,pc_mse,lm_eta,lm_bias,lm_mse,team_strength_correlation,mu
bivnorm,0,-0.0026859380541226813,-0.01321784445229035,-0.01321784445229035,1.747114119649428e-4,-0.017763759004440896,-0.017763759004440896,3.15551133967855e-4,0.2923976608187152,0.2923976608187152,0.08549639205225643,-0.4,NA
