method,true_params,bivpois_eta,bivpois_estimated_ha,bivpois_bias,bivpois_mse,pc_eta,pc_bias,pc_mse,lm_eta,lm_bias,lm_mse,team_strength_correlation,mu
bivnorm,0,-0.014675703140083696,-0.07109524710505699,-0.07109524710505699,0.005054534160929114,-0.07009897745596723,-0.07009897745596723,0.004913866640372202,-0.14327485380115837,-0.14327485380115837,0.020527683731743306,-0.4,NA
