method,true_params,bivpois_eta,bivpois_estimated_ha,bivpois_bias,bivpois_mse,pc_eta,pc_bias,pc_mse,lm_eta,lm_bias,lm_mse,team_strength_correlation,mu
bivnorm,0,0.002100425496417345,0.010170918174212673,0.010170918174212673,1.0344757650652965e-4,0.01817144727756114,0.01817144727756114,3.302014961611842e-4,-0.8508771929824528,-0.8508771929824528,0.7239919975376982,-0.4,NA
