method,true_params,bivpois_eta,bivpois_estimated_ha,bivpois_bias,bivpois_mse,pc_eta,pc_bias,pc_mse,lm_eta,lm_bias,lm_mse,team_strength_correlation,mu
bivnorm,0,0.008796322036408101,0.044134461893404975,0.044134461893404975,0.0019478507266204158,0.0496401705582235,0.0496401705582235,0.002464146533049519,-0.8888888888888863,-0.8888888888888863,0.7901234567901189,-0.4,NA
