method,true_params,bivpois_eta,bivpois_estimated_ha,bivpois_bias,bivpois_mse,pc_eta,pc_bias,pc_mse,lm_eta,lm_bias,lm_mse,team_strength_correlation,mu
bivnorm,0,0.011517074551250967,0.056770584578450745,0.056770584578450745,0.0032228992733790295,0.06622104643505998,0.06622104643505998,0.00438522699095437,0.038011695906436126,0.038011695906436126,0.001444889025683373,-0.4,NA
