method,true_params,bivpois_eta,bivpois_estimated_ha,bivpois_bias,bivpois_mse,pc_eta,pc_bias,pc_mse,lm_eta,lm_bias,lm_mse,team_strength_correlation,mu
bivnorm,0,-0.03073683128027537,-0.1524534815544234,-0.1524534815544234,0.023242064038064916,-0.15203998470477428,-0.15203998470477428,0.023116156949027997,0.28070175438596795,0.28070175438596795,0.07879347491536028,-0.4,NA
