method,true_params,bivpois_eta,bivpois_estimated_ha,bivpois_bias,bivpois_mse,pc_eta,pc_bias,pc_mse,lm_eta,lm_bias,lm_mse,team_strength_correlation,mu
bivnorm,0,-0.022700598899045438,-0.11538596739449591,-0.11538596739449591,0.013313921471563675,-0.10877614624548072,-0.10877614624548072,0.01183224999201821,0.3450292397660901,0.3450292397660901,0.1190451762935661,-0.4,NA
