method,true_params,bivpois_eta,bivpois_estimated_ha,bivpois_bias,bivpois_mse,pc_eta,pc_bias,pc_mse,lm_eta,lm_bias,lm_mse,team_strength_correlation,mu
bivnorm,0,-0.009469371118267832,-0.046201510403013124,-0.046201510403013124,0.0021345795635197297,-0.05546103833029434,-0.05546103833029434,0.0030759267726743777,0.5029239766081832,0.5029239766081832,0.25293252624738843,-0.4,NA
