method,true_params,bivpois_eta,bivpois_estimated_ha,bivpois_bias,bivpois_mse,pc_eta,pc_bias,pc_mse,lm_eta,lm_bias,lm_mse,team_strength_correlation,mu
bivnorm,0,-0.03321610594567268,-0.16304684310330853,-0.16304684310330853,0.026584273045954905,-0.16590211450846798,-0.16590211450846798,0.02752351159838082,0.3508771929824524,0.3508771929824524,0.12311480455524515,-0.4,NA
