method,true_params,bivpois_eta,bivpois_estimated_ha,bivpois_bias,bivpois_mse,pc_eta,pc_bias,pc_mse,lm_eta,lm_bias,lm_mse,team_strength_correlation,mu
bivnorm,0,0.024311400890596285,0.12526903048715887,0.12526903048715887,0.01569232999919274,0.12015202874727055,0.12015202874727055,0.014436510012084928,-0.19005847953216387,-0.19005847953216387,0.036122225642077954,-0.4,NA
