method,true_params,bivpois_eta,bivpois_estimated_ha,bivpois_bias,bivpois_mse,pc_eta,pc_bias,pc_mse,lm_eta,lm_bias,lm_mse,team_strength_correlation,mu
bivnorm,0,-0.02093646767698516,-0.1053921650236509,-0.1053921650236509,0.011107508448372463,-0.10493688659603505,-0.10493688659603505,0.01101175016846912,-0.27192982456139414,-0.27192982456139414,0.0739458294859906,-0.4,NA
