method,true_params,bivpois_eta,bivpois_estimated_ha,bivpois_bias,bivpois_mse,pc_eta,pc_bias,pc_mse,lm_eta,lm_bias,lm_mse,team_strength_correlation,mu
bivnorm,0,0.005128703879469154,0.02609035915410196,0.02609035915410196,6.80706840790032e-4,0.02481345260376251,0.02481345260376251,6.157074301191684e-4,0.08187134502923966,0.08187134502923966,0.0067029171368968065,-0.4,NA
