method,true_params,bivpois_eta,bivpois_estimated_ha,bivpois_bias,bivpois_mse,pc_eta,pc_bias,pc_mse,lm_eta,lm_bias,lm_mse,team_strength_correlation,mu
bivnorm,0,0.008819318935421993,0.04352511316169316,0.04352511316169316,0.0018944354757381955,0.04279962567650908,0.04279962567650908,0.0018318079580492952,-0.16374269005848616,-0.16374269005848616,0.02681166854758946,-0.4,NA
