method,true_params,bivpois_eta,bivpois_estimated_ha,bivpois_bias,bivpois_mse,pc_eta,pc_bias,pc_mse,lm_eta,lm_bias,lm_mse,team_strength_correlation,mu
bivnorm,0,-0.0021707039762053886,-0.010966336583767777,-0.010966336583767777,1.2026053806848353e-4,-0.011830112552852318,-0.011830112552852318,1.3995156301315398e-4,-0.48538011695906685,-0.48538011695906685,0.23559385793919743,-0.4,NA
