method,true_params,bivpois_eta,bivpois_estimated_ha,bivpois_bias,bivpois_mse,pc_eta,pc_bias,pc_mse,lm_eta,lm_bias,lm_mse,team_strength_correlation,mu
bivnorm,0,0.008945445585420521,0.04554075130844204,0.04554075130844204,0.0020739600297373655,0.048814105429137576,0.048814105429137576,0.0023828168888469585,-0.16666666666666005,-0.16666666666666005,0.027777777777775573,-0.4,NA
