method,true_params,bivpois_eta,bivpois_estimated_ha,bivpois_bias,bivpois_mse,pc_eta,pc_bias,pc_mse,lm_eta,lm_bias,lm_mse,team_strength_correlation,mu
bivnorm,0,0.009068331072079926,0.04595017055798767,0.04595017055798767,0.0021114181743081568,0.04503654417238375,0.04503654417238375,0.0020282903109910726,0.06140350877192323,0.06140350877192323,0.003770390889503653,-0.4,NA
