method,true_params,bivpois_eta,bivpois_estimated_ha,bivpois_bias,bivpois_mse,pc_eta,pc_bias,pc_mse,lm_eta,lm_bias,lm_mse,team_strength_correlation,mu
bivnorm,0,-0.003806512756219388,-0.019105397899600973,-0.019105397899600973,3.6501622890207727e-4,-0.021212608288960166,-0.021212608288960166,4.4997475042086153e-4,-0.5321637426900602,-0.5321637426900602,0.28319824903389257,-0.4,NA
