method,true_params,bivpois_eta,bivpois_estimated_ha,bivpois_bias,bivpois_mse,pc_eta,pc_bias,pc_mse,lm_eta,lm_bias,lm_mse,team_strength_correlation,mu
bivnorm,0,-0.02116811100573931,-0.1039802893613162,-0.1039802893613162,0.010811900575663048,-0.10712768016988199,-0.10712768016988199,0.011476339858580526,-0.7134502923976586,-0.7134502923976586,0.5090113197223045,-0.4,NA
