method,true_params,bivpois_eta,bivpois_estimated_ha,bivpois_bias,bivpois_mse,pc_eta,pc_bias,pc_mse,lm_eta,lm_bias,lm_mse,team_strength_correlation,mu
bivnorm,0,0.010545908496345216,0.05490967826417048,0.05490967826417048,0.003015072767074716,0.05151426097153048,0.05151426097153048,0.0026537190834429484,0.8304093567251354,0.8304093567251354,0.6895796997366531,-0.4,NA
