method,true_params,bivpois_eta,bivpois_estimated_ha,bivpois_bias,bivpois_mse,pc_eta,pc_bias,pc_mse,lm_eta,lm_bias,lm_mse,team_strength_correlation,mu
bivnorm,0,0.007084961944135314,0.03432965517386144,0.03432965517386144,0.0011785252243562314,0.026816480298407504,0.026816480298407504,7.191236155948778e-4,0.46783625730993406,0.46783625730993406,0.21887076365376681,-0.4,NA
