method,true_params,bivpois_eta,bivpois_estimated_ha,bivpois_bias,bivpois_mse,pc_eta,pc_bias,pc_mse,lm_eta,lm_bias,lm_mse,team_strength_correlation,mu
bivnorm,0,0.012986229836116886,0.06481042170796947,0.06481042170796947,0.00420039076196484,0.07118917339950064,0.07118917339950064,0.005067898409304169,0.08479532163740336,0.08479532163740336,0.007190246571590686,-0.4,NA
