method,true_params,bivpois_eta,bivpois_estimated_ha,bivpois_bias,bivpois_mse,pc_eta,pc_bias,pc_mse,lm_eta,lm_bias,lm_mse,team_strength_correlation,mu
bivnorm,0,-0.007446661730059234,-0.03757966246198308,-0.03757966246198308,0.00141223103075658,-0.042484594415906816,-0.042484594415906816,0.0018049407626841007,-0.5614035087719343,-0.5614035087719343,0.3151738996614394,-0.4,NA
