method,true_params,bivpois_eta,bivpois_estimated_ha,bivpois_bias,bivpois_mse,pc_eta,pc_bias,pc_mse,lm_eta,lm_bias,lm_mse,team_strength_correlation,mu
bivnorm,0,0.03455897541555449,0.169052094529901,0.169052094529901,0.02857861066494658,0.1698054830575984,0.1698054830575984,0.02883390207642434,0.5935672514619883,0.5935672514619883,0.35232208200813925,-0.4,NA
