method,true_params,bivpois_eta,bivpois_estimated_ha,bivpois_bias,bivpois_mse,pc_eta,pc_bias,pc_mse,lm_eta,lm_bias,lm_mse,team_strength_correlation,mu
bivnorm,0,-0.019471943949124475,-0.09691784347183674,-0.09691784347183674,0.009393068383231448,-0.09576277809518585,-0.09576277809518585,0.009170509668507807,-0.0058479532163778014,-0.0058479532163778014,3.419855682094347e-5,-0.4,NA
