method,true_params,bivpois_eta,bivpois_estimated_ha,bivpois_bias,bivpois_mse,pc_eta,pc_bias,pc_mse,lm_eta,lm_bias,lm_mse,team_strength_correlation,mu
bivnorm,0,-0.008436597314215715,-0.04190314340997414,-0.04190314340997414,0.0017558734276368593,-0.05129349341308665,-0.05129349341308665,0.0026310224665183637,-0.7222222222222151,-0.7222222222222151,0.5216049382715947,-0.4,NA
