method,true_params,bivpois_eta,bivpois_estimated_ha,bivpois_bias,bivpois_mse,pc_eta,pc_bias,pc_mse,lm_eta,lm_bias,lm_mse,team_strength_correlation,mu
bivnorm,0,-0.006673969297271724,-0.03361382463057261,-0.03361382463057261,0.0011298892062948898,-0.03386386935135377,-0.03386386935135377,0.0011467616474455573,-0.017543859649124725,-0.017543859649124725,3.077870113881867e-4,-0.4,NA
