method,true_params,bivpois_eta,bivpois_estimated_ha,bivpois_bias,bivpois_mse,pc_eta,pc_bias,pc_mse,lm_eta,lm_bias,lm_mse,team_strength_correlation,mu
bivnorm,0,0.01738993237121866,0.08733901754650475,0.08733901754650475,0.007628103985988665,0.0882633081215508,0.0882633081215508,0.007790411560559814,-0.8157894736842061,-0.8157894736842061,0.6655124653739539,-0.4,NA
