method,true_params,bivpois_eta,bivpois_estimated_ha,bivpois_bias,bivpois_mse,pc_eta,pc_bias,pc_mse,lm_eta,lm_bias,lm_mse,team_strength_correlation,mu
bivnorm,0,-0.007074476034725653,-0.03533086207670966,-0.03533086207670966,0.0012482698150834807,-0.037824330269816575,-0.037824330269816575,0.0014306799603601625,0.2046783625730834,0.2046783625730834,0.04189323210559858,-0.4,NA
