method,true_params,bivpois_eta,bivpois_estimated_ha,bivpois_bias,bivpois_mse,pc_eta,pc_bias,pc_mse,lm_eta,lm_bias,lm_mse,team_strength_correlation,mu
bivnorm,0,0.013623754954694992,0.06921563878064507,0.06921563878064507,0.004790804651812738,0.06580020402771203,0.06580020402771203,0.00432966685008853,0.035087719298237646,0.035087719298237646,0.0012311480455519186,-0.4,NA
