method,true_params,bivpois_eta,bivpois_estimated_ha,bivpois_bias,bivpois_mse,pc_eta,pc_bias,pc_mse,lm_eta,lm_bias,lm_mse,team_strength_correlation,mu
bivnorm,0,0.00862464202567872,0.043547400534055036,0.043547400534055036,0.001896376093273417,0.056015367281344174,0.056015367281344174,0.0031377213716638833,0.7719298245614042,0.7719298245614042,0.5958756540474003,-0.4,NA
