method,true_params,bivpois_eta,bivpois_estimated_ha,bivpois_bias,bivpois_mse,pc_eta,pc_bias,pc_mse,lm_eta,lm_bias,lm_mse,team_strength_correlation,mu
bivnorm,0,-0.006265448903079188,-0.030354026080869012,-0.030354026080869012,9.213668993180762e-4,-0.03441383920691095,-0.03441383920691095,0.001184312328959121,0.2602339181286615,0.2602339181286615,0.06772169214459489,-0.4,NA
