method,true_params,bivpois_eta,bivpois_estimated_ha,bivpois_bias,bivpois_mse,pc_eta,pc_bias,pc_mse,lm_eta,lm_bias,lm_mse,team_strength_correlation,mu
bivnorm,0,-0.038393870772003694,-0.19497237309992954,-0.19497237309992954,0.03801422627221813,-0.20263032062773753,-0.20263032062773753,0.04105904683769972,0.38596491228070157,0.38596491228070157,0.14896891351184965,-0.4,NA
