method,true_params,bivpois_eta,bivpois_estimated_ha,bivpois_bias,bivpois_mse,pc_eta,pc_bias,pc_mse,lm_eta,lm_bias,lm_mse,team_strength_correlation,mu
bivnorm,0,0.012851741828913688,0.06500504811224861,0.06500504811224861,0.004225656280075756,0.06827158717069186,0.06827158717069186,0.004661009614805377,-0.5730994152046712,-0.5730994152046712,0.32844293970793614,-0.4,NA
