method,true_params,bivpois_eta,bivpois_estimated_ha,bivpois_bias,bivpois_mse,pc_eta,pc_bias,pc_mse,lm_eta,lm_bias,lm_mse,team_strength_correlation,mu
bivnorm,0,-0.03606675434088105,-0.1805105086891814,-0.1805105086891814,0.03258404374722703,-0.17669788093586047,-0.17669788093586047,0.031222141127223525,-1.1374269005847963,-1.1374269005847963,1.2937399541739363,-0.4,NA
