method,true_params,bivpois_eta,bivpois_estimated_ha,bivpois_bias,bivpois_mse,pc_eta,pc_bias,pc_mse,lm_eta,lm_bias,lm_mse,team_strength_correlation,mu
bivnorm,0,0.020579280604793575,0.10331895659315915,0.10331895659315915,0.010674806791499104,0.09267758025113047,0.09267758025113047,0.00858913388120473,0.45029239766081797,0.45029239766081797,0.20276324339112822,-0.4,NA
