method,true_params,bivpois_eta,bivpois_estimated_ha,bivpois_bias,bivpois_mse,pc_eta,pc_bias,pc_mse,lm_eta,lm_bias,lm_mse,team_strength_correlation,mu
bivnorm,0,0.0027762571478645395,0.013926104306714038,0.013926104306714038,1.9393638116147927e-4,0.013192959748049238,0.013192959748049238,1.740541869136474e-4,0.03801169590642966,0.03801169590642966,0.0014448890256828814,-0.4,NA
