method,true_params,bivpois_eta,bivpois_estimated_ha,bivpois_bias,bivpois_mse,pc_eta,pc_bias,pc_mse,lm_eta,lm_bias,lm_mse,team_strength_correlation,mu
bivnorm,0,-4.469468252306135e-4,-0.0022685673226989778,-0.0022685673226989778,5.146397697617608e-6,0.0017279649337530382,0.0017279649337530382,2.9858628122801416e-6,-0.3362573099415245,-0.3362573099415245,0.11306897848911045,-0.4,NA
