method,true_params,bivpois_eta,bivpois_estimated_ha,bivpois_bias,bivpois_mse,pc_eta,pc_bias,pc_mse,lm_eta,lm_bias,lm_mse,team_strength_correlation,mu
bivnorm,0,-0.002085702771617964,-0.010546563619764804,-0.010546563619764804,1.1123000418574648e-4,-0.011758042263999813,-0.011758042263999813,1.3825155788200585e-4,-0.0964912280701726,-0.0964912280701726,0.009310557094490066,-0.4,NA
