method,true_params,bivpois_eta,bivpois_estimated_ha,bivpois_bias,bivpois_mse,pc_eta,pc_bias,pc_mse,lm_eta,lm_bias,lm_mse,team_strength_correlation,mu
bivnorm,0,0.0063562520198116625,0.030661225677395265,0.030661225677395265,9.401107600401627e-4,0.031183065699571234,0.031183065699571234,9.72383586423776e-4,-0.3128654970760254,-0.3128654970760254,0.09788481926062846,-0.4,NA
