method,true_params,bivpois_eta,bivpois_estimated_ha,bivpois_bias,bivpois_mse,pc_eta,pc_bias,pc_mse,lm_eta,lm_bias,lm_mse,team_strength_correlation,mu
bivnorm,0,0.003419974389335455,0.017451749294283836,0.017451749294283836,3.0456355343053636e-4,0.009276116146674986,0.009276116146674986,8.604633076660438e-5,-0.34210526315789264,-0.34210526315789264,0.11703601108033097,-0.4,NA
