method,true_params,bivpois_eta,bivpois_estimated_ha,bivpois_bias,bivpois_mse,pc_eta,pc_bias,pc_mse,lm_eta,lm_bias,lm_mse,team_strength_correlation,mu
bivnorm,0,-0.019978495681608272,-0.09800608499171037,-0.09800608499171037,0.009605192695402357,-0.09433060665090291,-0.09433060665090291,0.008898263351127369,0.04678362573099534,0.04678362573099534,0.0021887076365378496,-0.4,NA
