method,true_params,bivpois_eta,bivpois_estimated_ha,bivpois_bias,bivpois_mse,pc_eta,pc_bias,pc_mse,lm_eta,lm_bias,lm_mse,team_strength_correlation,mu
bivnorm,0,-0.024508245141049184,-0.1250906171795485,-0.1250906171795485,0.015647662506360356,-0.13677980180299523,-0.13677980180299523,0.01870871418126666,1.0935672514619947,1.0935672514619947,1.1958893334701417,-0.4,NA
