method,true_params,bivpois_eta,bivpois_estimated_ha,bivpois_bias,bivpois_mse,pc_eta,pc_bias,pc_mse,lm_eta,lm_bias,lm_mse,team_strength_correlation,mu
bivnorm,0,0.004535416878686232,0.02263100269391316,0.02263100269391316,5.121622829319047e-4,0.019995504413268743,0.019995504413268743,3.998201967410498e-4,0.1461988304093627,0.1461988304093627,0.0213740980130656,-0.4,NA
