method,true_params,bivpois_eta,bivpois_estimated_ha,bivpois_bias,bivpois_mse,pc_eta,pc_bias,pc_mse,lm_eta,lm_bias,lm_mse,team_strength_correlation,mu
bivpois,0,0.04426721418796044,0.04354653598011926,0.04354653598011926,0.0018963007958678214,0.04365534022524957,0.04365534022524957,0.0019057887301822932,-0.16081871345029153,-0.16081871345029153,0.025862658595806977,-0.8,1
