method,true_params,bivpois_eta,bivpois_estimated_ha,bivpois_bias,bivpois_mse,pc_eta,pc_bias,pc_mse,lm_eta,lm_bias,lm_mse,team_strength_correlation,mu
bivnorm,0,-0.003612305505042902,-0.01862951594354989,-0.01862951594354989,3.470588642909796e-4,-0.015215630323865493,-0.015215630323865493,2.3151540615253512e-4,0.684210526315783,0.684210526315783,0.46814404432132084,0,NA
