method,true_params,bivpois_eta,bivpois_estimated_ha,bivpois_bias,bivpois_mse,pc_eta,pc_bias,pc_mse,lm_eta,lm_bias,lm_mse,team_strength_correlation,mu
bivnorm,0,-0.018886128322792746,-0.09131743728970676,-0.09131743728970676,0.008338874353159527,-0.09840623488984063,-0.09840623488984063,0.009683787065194486,0.16081871345029083,0.16081871345029083,0.025862658595806755,0,NA
