method,true_params,bivpois_eta,bivpois_estimated_ha,bivpois_bias,bivpois_mse,pc_eta,pc_bias,pc_mse,lm_eta,lm_bias,lm_mse,team_strength_correlation,mu
bivnorm,0,0.018347596549268982,0.08814340776600194,0.08814340776600194,0.00776926033260369,0.08372103932371638,0.08372103932371638,0.007009212425443265,0.40935672514620336,0.40935672514620336,0.16757292842242427,0,NA
