method,true_params,bivpois_eta,bivpois_estimated_ha,bivpois_bias,bivpois_mse,pc_eta,pc_bias,pc_mse,lm_eta,lm_bias,lm_mse,team_strength_correlation,mu
bivnorm,0,-0.009479939957902613,-0.047523518740339554,-0.047523518740339554,0.002258484833463405,-0.0377506160050402,-0.0377506160050402,0.0014251090087599972,-0.7339181286549685,-0.7339181286549685,0.5386358195684109,0,NA
