method,true_params,bivpois_eta,bivpois_estimated_ha,bivpois_bias,bivpois_mse,pc_eta,pc_bias,pc_mse,lm_eta,lm_bias,lm_mse,team_strength_correlation,mu
bivnorm,0,0.019416587714958727,0.09334688284712467,0.09334688284712467,0.008713640537274818,0.09873488960795443,0.09873488960795443,0.009748578425894947,0.6666666666666684,0.6666666666666684,0.44444444444444675,0,NA
