method,true_params,bivpois_eta,bivpois_estimated_ha,bivpois_bias,bivpois_mse,pc_eta,pc_bias,pc_mse,lm_eta,lm_bias,lm_mse,team_strength_correlation,mu
bivnorm,0,0.011348660098855124,0.055374767908567435,0.055374767908567435,0.0030663649209277098,0.052620297167698483,0.052620297167698483,0.002768895674016897,0.3304093567251489,0.3304093567251489,0.10917034301152669,0,NA
