method,true_params,bivpois_eta,bivpois_estimated_ha,bivpois_bias,bivpois_mse,pc_eta,pc_bias,pc_mse,lm_eta,lm_bias,lm_mse,team_strength_correlation,mu
bivnorm,0,0.008397307128069494,0.039801272682757016,0.039801272682757016,0.00158414130716718,0.03556465697639187,0.03556465697639187,0.001264844825848419,-0.5409356725146197,-0.5409356725146197,0.29261140179884393,0,NA
