method,true_params,bivpois_eta,bivpois_estimated_ha,bivpois_bias,bivpois_mse,pc_eta,pc_bias,pc_mse,lm_eta,lm_bias,lm_mse,team_strength_correlation,mu
bivnorm,0,0.005185716242854174,0.026326395843528694,0.026326395843528694,6.930791181101649e-4,0.033122414112153185,0.033122414112153185,0.0010970943166169645,-0.30994152046783185,-0.30994152046783185,0.09606374610991143,0,NA
