method,true_params,bivpois_eta,bivpois_estimated_ha,bivpois_bias,bivpois_mse,pc_eta,pc_bias,pc_mse,lm_eta,lm_bias,lm_mse,team_strength_correlation,mu
bivnorm,0,0.005633929296481803,0.02897066720946473,0.02897066720946473,8.392995585615548e-4,0.020361937525487823,0.020361937525487823,4.146084997918692e-4,0.14035087719298908,0.14035087719298908,0.019698368728841502,0,NA
