method,true_params,bivpois_eta,bivpois_estimated_ha,bivpois_bias,bivpois_mse,pc_eta,pc_bias,pc_mse,lm_eta,lm_bias,lm_mse,team_strength_correlation,mu
bivnorm,0,0.012796767714929625,0.062312841552342846,0.062312841552342846,0.003882890222327385,0.05569267804526656,0.05569267804526656,0.0031016743878537157,-0.1754385964912294,-0.1754385964912294,0.030778701138812405,0,NA
