method,true_params,bivpois_eta,bivpois_estimated_ha,bivpois_bias,bivpois_mse,pc_eta,pc_bias,pc_mse,lm_eta,lm_bias,lm_mse,team_strength_correlation,mu
bivnorm,0,0.003078123060973728,0.015050429189549241,0.015050429189549241,2.2651541878963583e-4,0.011337499903086379,0.011337499903086379,1.2853890405248365e-4,0.04093567251461417,0.04093567251461417,0.001675729284223738,0,NA
