method,true_params,bivpois_eta,bivpois_estimated_ha,bivpois_bias,bivpois_mse,pc_eta,pc_bias,pc_mse,lm_eta,lm_bias,lm_mse,team_strength_correlation,mu
bivnorm,0,-0.01590532618689357,-0.07884790511551998,-0.07884790511551998,0.006216992141106042,-0.07664476908507602,-0.07664476908507602,0.005874420628104625,0.3040935672514447,0.3040935672514447,0.09247289764370893,0,NA
