method,true_params,bivpois_eta,bivpois_estimated_ha,bivpois_bias,bivpois_mse,pc_eta,pc_bias,pc_mse,lm_eta,lm_bias,lm_mse,team_strength_correlation,mu
bivnorm,0,0.01359366541014499,0.0689187875780144,0.0689187875780144,0.0047497992812234715,0.06964071718008191,0.06964071718008191,0.004849829489356156,1.0321637426900618,1.0321637426900618,1.065361991723956,0,NA
