method,true_params,bivpois_eta,bivpois_estimated_ha,bivpois_bias,bivpois_mse,pc_eta,pc_bias,pc_mse,lm_eta,lm_bias,lm_mse,team_strength_correlation,mu
bivnorm,0,0.02138419001630863,0.10675211657114225,0.10675211657114225,0.011396014392418745,0.09807248199667427,0.09807248199667427,0.009618211724988,0.39181286549707817,0.39181286549707817,0.15351732156903147,0,NA
