method,true_params,bivpois_eta,bivpois_estimated_ha,bivpois_bias,bivpois_mse,pc_eta,pc_bias,pc_mse,lm_eta,lm_bias,lm_mse,team_strength_correlation,mu
bivnorm,0,-0.0015553939610627706,-0.007864831416788398,-0.007864831416788398,6.185557321450181e-5,-0.005551504276720929,-0.005551504276720929,3.0819199734450764e-5,-0.10233918128655012,-0.10233918128655012,0.01047330802640137,0,NA
