method,true_params,bivpois_eta,bivpois_estimated_ha,bivpois_bias,bivpois_mse,pc_eta,pc_bias,pc_mse,lm_eta,lm_bias,lm_mse,team_strength_correlation,mu
bivnorm,0,0.01664945232028422,0.08264136417608015,0.08264136417608015,0.006829595072883503,0.08371230989481182,0.08371230989481182,0.007007750827925009,-0.5964912280701877,-0.5964912280701877,0.3558017851646807,0,NA
