method,true_params,bivpois_eta,bivpois_estimated_ha,bivpois_bias,bivpois_mse,pc_eta,pc_bias,pc_mse,lm_eta,lm_bias,lm_mse,team_strength_correlation,mu
bivnorm,0,0.014817989228470987,0.07305991290078673,0.07305991290078673,0.0053377508730705426,0.06492529147124006,0.06492529147124006,0.004215293472625477,0.42690058479532345,0.42690058479532345,0.18224410929858914,0,NA
