method,true_params,bivpois_eta,bivpois_estimated_ha,bivpois_bias,bivpois_mse,pc_eta,pc_bias,pc_mse,lm_eta,lm_bias,lm_mse,team_strength_correlation,mu
bivnorm,0,2.6053752741657735e-4,0.0012794842190251288,0.0012794842190251288,1.6370798667343437e-6,-0.0028263300435226223,-0.0028263300435226223,7.988141514918589e-6,0.28070175438596523,0.28070175438596523,0.07879347491535875,0,NA
