method,true_params,bivpois_eta,bivpois_estimated_ha,bivpois_bias,bivpois_mse,pc_eta,pc_bias,pc_mse,lm_eta,lm_bias,lm_mse,team_strength_correlation,mu
bivnorm,0,-0.01086668287049233,-0.05390643763103675,-0.05390643763103675,0.0029059040180688554,-0.046466715913240086,-0.046466715913240086,0.0021591556877617593,0.22222222222221538,0.22222222222221538,0.049382716049379674,0,NA
