method,true_params,bivpois_eta,bivpois_estimated_ha,bivpois_bias,bivpois_mse,pc_eta,pc_bias,pc_mse,lm_eta,lm_bias,lm_mse,team_strength_correlation,mu
bivnorm,0,-0.0028720245492658324,-0.014674341086204912,-0.014674341086204912,0.00021533628631428156,-0.02136040598176532,-0.02136040598176532,4.562669437058357e-4,-0.30994152046783463,-0.30994152046783463,0.09606374610991315,0,NA
