method,true_params,bivpois_eta,bivpois_estimated_ha,bivpois_bias,bivpois_mse,pc_eta,pc_bias,pc_mse,lm_eta,lm_bias,lm_mse,team_strength_correlation,mu
bivnorm,0,0.04359245606025726,0.22842290851835667,0.22842290851835667,0.05217702513598554,0.21544864415140086,0.21544864415140086,0.04641811826667695,-0.0701754385964945,-0.0701754385964945,0.00492459218221037,0,NA
