method,true_params,bivpois_eta,bivpois_estimated_ha,bivpois_bias,bivpois_mse,pc_eta,pc_bias,pc_mse,lm_eta,lm_bias,lm_mse,team_strength_correlation,mu
bivnorm,0,-0.004114264494537971,-0.02058456186580404,-0.02058456186580404,4.2372418720711396e-4,-0.018486037119223482,-0.018486037119223482,3.417335683733084e-4,-0.20175438596490886,-0.20175438596490886,0.04070483225607741,0,NA
