method,true_params,bivpois_eta,bivpois_estimated_ha,bivpois_bias,bivpois_mse,pc_eta,pc_bias,pc_mse,lm_eta,lm_bias,lm_mse,team_strength_correlation,mu
bivnorm,0,-0.0167633445626632,-0.08521918025100206,-0.08521918025100206,0.007262308682652779,-0.07434872976623827,-0.07434872976623827,0.0055277336178531245,0.13742690058480136,0.13742690058480136,0.018886153004344878,0,NA
