method,true_params,bivpois_eta,bivpois_estimated_ha,bivpois_bias,bivpois_mse,pc_eta,pc_bias,pc_mse,lm_eta,lm_bias,lm_mse,team_strength_correlation,mu
bivnorm,0,-0.003648310560056067,-0.018165527139041515,-0.018165527139041515,3.2998637623925383e-4,-0.012346078883582905,-0.012346078883582905,1.524256637996517e-4,-0.09649122807017946,-0.09649122807017946,0.009310557094491387,0,NA
