true_params,bivpois_eta,bivpois_estimated_ha,bivpois_eta_bias,bivpois_eta_mse,lm_eta,lm_eta_bias,lm_eta_mse,team_strength_correlation,lambda3
0.37105143143715275,0.3773989840599148,0.4584861060076202,0.08743467457046744,0.007644822317243546,0.34795321637425697,-0.023098215062895777,5.335275390917853e-4,0,0
