method,true_params,bivpois_eta,bivpois_estimated_ha,bivpois_bias,bivpois_mse,pc_eta,pc_bias,pc_mse,lm_eta,lm_bias,lm_mse,team_strength_correlation,mu
bivnorm,0,0.022760147990144686,0.10885476039728204,0.10885476039728204,0.011849358861149682,0.11537634376588736,0.11537634376588736,0.013311700700784215,-0.6315789473684272,-0.6315789473684272,0.39889196675901056,0,NA
