method,true_params,bivpois_eta,bivpois_estimated_ha,bivpois_bias,bivpois_mse,pc_eta,pc_bias,pc_mse,lm_eta,lm_bias,lm_mse,team_strength_correlation,mu
bivnorm,0,-0.02963066289728777,-0.14617489457492283,-0.14617489457492283,0.021367099803989806,-0.14763855896496705,-0.14763855896496705,0.021797144093252053,-0.00584795321638111,-0.00584795321638111,3.419855682098217e-5,0,NA
