method,true_params,bivpois_eta,bivpois_estimated_ha,bivpois_bias,bivpois_mse,pc_eta,pc_bias,pc_mse,lm_eta,lm_bias,lm_mse,team_strength_correlation,mu
bivnorm,0,-0.015769955423021075,-0.07872657163789132,-0.07872657163789132,0.006197873081856034,-0.07997302175790738,-0.07997302175790738,0.006395684209090727,0.2543859649122882,0.2543859649122882,0.06471221914435593,0,NA
