method,true_params,bivpois_eta,bivpois_estimated_ha,bivpois_bias,bivpois_mse,pc_eta,pc_bias,pc_mse,lm_eta,lm_bias,lm_mse,team_strength_correlation,mu
bivnorm,0,-0.01461222889450976,-0.0739425536094176,-0.0739425536094176,0.005467501234281595,-0.07426137339349809,-0.07426137339349809,0.0055147515782885455,0.026315789473696574,0.026315789473696574,6.925207756239194e-4,0,NA
