method,true_params,bivpois_eta,bivpois_estimated_ha,bivpois_bias,bivpois_mse,pc_eta,pc_bias,pc_mse,lm_eta,lm_bias,lm_mse,team_strength_correlation,mu
bivnorm,0,-0.002879679080908734,-0.014486048642565308,-0.014486048642565308,2.098456052747682e-4,-0.008998232507606277,-0.008998232507606277,8.096818826094235e-5,0.23391812865497633,0.23391812865497633,0.054717690913446054,0,NA
