method,true_params,bivpois_eta,bivpois_estimated_ha,bivpois_bias,bivpois_mse,pc_eta,pc_bias,pc_mse,lm_eta,lm_bias,lm_mse,team_strength_correlation,mu
bivnorm,0,0.0044893610675157125,0.02230792691313077,0.02230792691313077,4.976436031615841e-4,0.025004160462240334,0.025004160462240334,6.252080404214628e-4,0.47660818713449155,0.47660818713449155,0.22715536404362652,0,NA
