method,true_params,bivpois_eta,bivpois_estimated_ha,bivpois_bias,bivpois_mse,pc_eta,pc_bias,pc_mse,lm_eta,lm_bias,lm_mse,team_strength_correlation,mu
bivnorm,0,-0.0315181716461398,-0.15300227431464286,-0.15300227431464286,0.023409695945453224,-0.15283214355150457,-0.15283214355150457,0.0233576641025477,-0.4999999999999997,-0.4999999999999997,0.24999999999999972,0,NA
