method,true_params,bivpois_eta,bivpois_estimated_ha,bivpois_bias,bivpois_mse,pc_eta,pc_bias,pc_mse,lm_eta,lm_bias,lm_mse,team_strength_correlation,mu
bivnorm,0,-0.0207418383334015,-0.10166923755179713,-0.10166923755179713,0.010336633864363756,-0.10110878355987941,-0.10110878355987941,0.010222986112958542,-0.3274853801169497,-0.3274853801169497,0.10724667419034305,0,NA
