method,true_params,bivpois_eta,bivpois_estimated_ha,bivpois_bias,bivpois_mse,pc_eta,pc_bias,pc_mse,lm_eta,lm_bias,lm_mse,team_strength_correlation,mu
bivnorm,0,-0.001130157193081511,-0.005614193628717068,-0.005614193628717068,3.151917010072732e-5,-0.008836185039793528,-0.008836185039793528,7.807816605747095e-5,0.23391812865496223,0.23391812865496223,0.05471769091343946,0,NA
