method,true_params,bivpois_eta,bivpois_estimated_ha,bivpois_bias,bivpois_mse,pc_eta,pc_bias,pc_mse,lm_eta,lm_bias,lm_mse,team_strength_correlation,mu
bivnorm,0,0.012503805023428724,0.059689246014724695,0.059689246014724695,0.0035628060898063277,0.06433286647231831,0.06433286647231831,0.004138717708545138,0.3684210526315787,0.3684210526315787,0.13573407202216048,0,NA
