method,true_params,bivpois_eta,bivpois_estimated_ha,bivpois_bias,bivpois_mse,pc_eta,pc_bias,pc_mse,lm_eta,lm_bias,lm_mse,team_strength_correlation,mu
bivnorm,0,0.008113801463860896,0.04049863791017749,0.04049863791017749,0.0016401396725796657,0.0423458580193112,0.0423458580193112,0.0017931716913916625,-0.15789473684210412,-0.15789473684210412,0.02493074792243731,0,NA
