method,true_params,bivpois_eta,bivpois_estimated_ha,bivpois_bias,bivpois_mse,pc_eta,pc_bias,pc_mse,lm_eta,lm_bias,lm_mse,team_strength_correlation,mu
bivnorm,0,0.011686544285010914,0.05891117711555527,0.05891117711555527,0.003470526789140323,0.05914582496288282,0.05914582496288282,0.0034982286105399727,0.04385964912280674,0.04385964912280674,0.0019236688211757217,0,NA
