method,true_params,bivpois_eta,bivpois_estimated_ha,bivpois_bias,bivpois_mse,pc_eta,pc_bias,pc_mse,lm_eta,lm_bias,lm_mse,team_strength_correlation,mu
bivnorm,0,-0.0034833128012266615,-0.017687893845031333,-0.017687893845031333,3.128615886730973e-4,-0.010964707924221648,-0.010964707924221648,1.20224819863489e-4,-0.37719298245613364,-0.37719298245613364,0.14227454601415315,0,NA
