method,true_params,bivpois_eta,bivpois_estimated_ha,bivpois_bias,bivpois_mse,pc_eta,pc_bias,pc_mse,lm_eta,lm_bias,lm_mse,team_strength_correlation,mu
bivnorm,0,-0.004502044079830905,-0.02190291232990127,-0.02190291232990127,4.797375685313411e-4,-0.021902029670029723,-0.021902029670029723,4.796989036668623e-4,0.8567251461988344,0.8567251461988344,0.7339779761294143,0,NA
