method,true_params,bivpois_eta,bivpois_estimated_ha,bivpois_bias,bivpois_mse,pc_eta,pc_bias,pc_mse,lm_eta,lm_bias,lm_mse,team_strength_correlation,mu
bivnorm,0,-0.008863902601842449,-0.04380176383368006,-0.04380176383368006,0.0019185945149414827,-0.04317481250407219,-0.04317481250407219,0.0018640644347617881,-0.6140350877193019,-0.6140350877193019,0.3770390889504508,0,NA
