method,true_params,bivpois_eta,bivpois_estimated_ha,bivpois_bias,bivpois_mse,pc_eta,pc_bias,pc_mse,lm_eta,lm_bias,lm_mse,team_strength_correlation,mu
bivnorm,0.25,0.08631019137750719,0.44165474625821766,0.19165474625821766,0.036731541763301796,0.44247595166796744,0.19247595166796744,0.03704699197048974,0.22807017543858618,-0.02192982456141382,4.809172052943888e-4,-0.8,NA
