method,true_params,bivpois_eta,bivpois_estimated_ha,bivpois_bias,bivpois_mse,pc_eta,pc_bias,pc_mse,lm_eta,lm_bias,lm_mse,team_strength_correlation,mu
bivnorm,0.25,0.0450102032004204,0.2249167999523376,-0.025083200047662402,6.291669246310511e-4,0.22141393310086097,-0.028586066899139034,8.171632207620524e-4,1.4181286549707555,1.1681286549707555,1.3645245545637863,-0.8,NA
