method,true_params,bivpois_eta,bivpois_estimated_ha,bivpois_bias,bivpois_mse,pc_eta,pc_bias,pc_mse,lm_eta,lm_bias,lm_mse,team_strength_correlation,mu
bivnorm,0.25,0.06746969981731929,0.34376896704151694,0.09376896704151694,0.008792619180033089,0.3432191045898568,0.09321910458985683,0.008689801460534666,-0.2134502923976539,-0.4634502923976539,0.2147861735234709,-0.8,NA
