method,true_params,bivpois_eta,bivpois_estimated_ha,bivpois_bias,bivpois_mse,pc_eta,pc_bias,pc_mse,lm_eta,lm_bias,lm_mse,team_strength_correlation,mu
bivnorm,0.25,0.023267809111162194,0.11695704364948156,-0.13304295635051844,0.017700428234485956,0.12133055904718926,-0.12866944095281074,0.01655582503510885,0.1959064327485382,-0.054093567251461805,0.002926114017988421,-0.8,NA
