method,true_params,bivpois_eta,bivpois_estimated_ha,bivpois_bias,bivpois_mse,pc_eta,pc_bias,pc_mse,lm_eta,lm_bias,lm_mse,team_strength_correlation,mu
bivnorm,0.25,0.007511257001611313,0.03802220004161505,-0.21197779995838495,0.04493458767519706,0.036197411901472513,-0.21380258809852748,0.045711546677628605,0.18421052631578527,-0.06578947368421473,0.004328254847645982,-0.8,NA
