method,true_params,bivpois_eta,bivpois_estimated_ha,bivpois_bias,bivpois_mse,pc_eta,pc_bias,pc_mse,lm_eta,lm_bias,lm_mse,team_strength_correlation,mu
bivnorm,0.25,0.04114795560795062,0.21139944510987796,-0.03860055489012204,0.0014900028378253246,0.21334302996713764,-0.03665697003286236,0.0013437334519901692,0.0964912280701826,-0.1535087719298174,0.023564943059400698,-0.8,NA
