method,true_params,bivpois_eta,bivpois_estimated_ha,bivpois_bias,bivpois_mse,pc_eta,pc_bias,pc_mse,lm_eta,lm_bias,lm_mse,team_strength_correlation,mu
bivnorm,0.25,0.05696925235208272,0.2862716747646106,0.03627167476461057,0.0013156343902296875,0.28993678757073443,0.03993678757073443,0.0015949470014699682,0.7894736842105288,0.5394736842105288,0.2910318559556813,-0.8,NA
