method,true_params,bivpois_eta,bivpois_estimated_ha,bivpois_bias,bivpois_mse,pc_eta,pc_bias,pc_mse,lm_eta,lm_bias,lm_mse,team_strength_correlation,mu
bivnorm,0.25,0.04069942993290411,0.20813965757443853,-0.04186034242556147,0.0017522882679852614,0.20684834668698118,-0.04315165331301882,0.0018620651836469678,-0.23391812865497222,-0.4839181286549722,0.2341767552409302,-0.8,NA
