method,true_params,bivpois_eta,bivpois_estimated_ha,bivpois_bias,bivpois_mse,pc_eta,pc_bias,pc_mse,lm_eta,lm_bias,lm_mse,team_strength_correlation,mu
bivnorm,0.25,0.0436603347441806,0.2216656940615831,-0.028334305938416904,8.028328930118075e-4,0.22330975917404808,-0.026690240825951922,7.123689553473107e-4,-0.41520467836257324,-0.6652046783625732,0.44249726411545454,-0.8,NA
