method,true_params,bivpois_eta,bivpois_estimated_ha,bivpois_bias,bivpois_mse,pc_eta,pc_bias,pc_mse,lm_eta,lm_bias,lm_mse,team_strength_correlation,mu
bivnorm,0.25,0.05072939073332036,0.2528799438065201,0.0028799438065201244,8.294076328713624e-6,0.2599927209630964,0.009992720963096391,9.985447224630606e-5,-0.3947368421052738,-0.6447368421052738,0.41568559556788076,-0.8,NA
