method,true_params,bivpois_eta,bivpois_estimated_ha,bivpois_bias,bivpois_mse,pc_eta,pc_bias,pc_mse,lm_eta,lm_bias,lm_mse,team_strength_correlation,mu
bivnorm,0.25,0.06117513891814257,0.31585767711229806,0.06585767711229806,0.004337233634627708,0.3114667748926701,0.061466774892670106,0.00377816441570618,0.0935672514619917,-0.15643274853800831,0.02447120481515574,-0.8,NA
