method,true_params,bivpois_eta,bivpois_estimated_ha,bivpois_bias,bivpois_mse,pc_eta,pc_bias,pc_mse,lm_eta,lm_bias,lm_mse,team_strength_correlation,mu
bivnorm,0.25,0.06218530896362286,0.3170118376089226,0.0670118376089226,0.004490586379724613,0.3223897123797228,0.0723897123797228,0.005240270458418993,-0.24853801169591264,-0.4985380116959126,0.2485401491057139,-0.8,NA
