true_params,bivpois_eta,bivpois_estimated_ha,bivpois_eta_bias,bivpois_eta_mse,lm_eta,lm_eta_bias,lm_eta_mse,team_strength_correlation,lambda3
0.4321274062494431,0.4495984649253843,0.5676825795526401,0.135555173303197,0.018375205009259772,0.014619883040931893,-0.41750752320851126,0.17431253193570556,0,0
