method,true_params,bivpois_eta,bivpois_estimated_ha,bivpois_bias,bivpois_mse,pc_eta,pc_bias,pc_mse,lm_eta,lm_bias,lm_mse,team_strength_correlation,mu
bivnorm,0.25,0.043729082472690646,0.2224293417982155,-0.027570658201784504,7.601411936796271e-4,0.22317933690178018,-0.026820663098219816,7.193479690282102e-4,-0.418128654970757,-0.668128654970757,0.4463958995930329,-0.8,NA
