method,true_params,bivpois_eta,bivpois_estimated_ha,bivpois_bias,bivpois_mse,pc_eta,pc_bias,pc_mse,lm_eta,lm_bias,lm_mse,team_strength_correlation,mu
bivnorm,0.25,0.07583764281712557,0.39042022222973927,0.14042022222973927,0.01971783881104936,0.3926941813419887,0.1426941813419887,0.020361629388860353,0.5087719298245751,0.2587719298245751,0.06696291166513481,-0.8,NA
