method,true_params,bivpois_eta,bivpois_estimated_ha,bivpois_bias,bivpois_mse,pc_eta,pc_bias,pc_mse,lm_eta,lm_bias,lm_mse,team_strength_correlation,mu
bivnorm,0.25,0.04918592946218579,0.24904366799589628,-9.563320041037215e-4,9.145709020730405e-7,0.2592340246071696,0.0092340246071696,8.526721044581368e-5,-0.5087719298245768,-0.7587719298245768,0.5757348414897124,-0.8,NA
