method,true_params,bivpois_eta,bivpois_estimated_ha,bivpois_bias,bivpois_mse,pc_eta,pc_bias,pc_mse,lm_eta,lm_bias,lm_mse,team_strength_correlation,mu
bivnorm,0.25,0.042912596495057596,0.2185195842276313,-0.03148041577236871,9.910165772012006e-4,0.2190172675709486,-0.03098273242905139,9.599297087701927e-4,1.2017543859649003,0.9517543859649003,0.9058364112034243,-0.8,NA
