method,true_params,bivpois_eta,bivpois_estimated_ha,bivpois_bias,bivpois_mse,pc_eta,pc_bias,pc_mse,lm_eta,lm_bias,lm_mse,team_strength_correlation,mu
bivnorm,0.25,0.04939012327909267,0.25201082075604564,0.0020108207560456393,4.043400112943956e-6,0.25688756554061304,0.006887565540613039,4.743855907624018e-5,-0.11988304093567229,-0.36988304093567226,0.1368134639718202,-0.8,NA
