method,true_params,bivpois_eta,bivpois_estimated_ha,bivpois_bias,bivpois_mse,pc_eta,pc_bias,pc_mse,lm_eta,lm_bias,lm_mse,team_strength_correlation,mu
bivnorm,0.25,0.05020302988335421,0.2556865498264367,0.005686549826436682,3.233684892854706e-5,0.260928573996147,0.010928573996146995,1.1943372958926031e-4,0.2134502923976652,-0.03654970760233481,0.0013358811258161708,-0.8,NA
