method,true_params,bivpois_eta,bivpois_estimated_ha,bivpois_bias,bivpois_mse,pc_eta,pc_bias,pc_mse,lm_eta,lm_bias,lm_mse,team_strength_correlation,mu
bivnorm,0.25,0.03668066357825753,0.18627322211905817,-0.06372677788094183,0.0040611022190868975,0.1805566997708573,-0.06944330022914269,0.0048223719467148495,0.30116959064328447,0.05116959064328447,0.0026183270066013056,-0.8,NA
