method,true_params,bivpois_eta,bivpois_estimated_ha,bivpois_bias,bivpois_mse,pc_eta,pc_bias,pc_mse,lm_eta,lm_bias,lm_mse,team_strength_correlation,mu
bivnorm,0.25,0.021158972038544006,0.11014621639573008,-0.13985378360426992,0.01955908078842996,0.11697966319924928,-0.1330203368007507,0.01769441000258515,0.09064327485380323,-0.15935672514619675,0.025394565849320497,-0.8,NA
