method,true_params,bivpois_eta,bivpois_estimated_ha,bivpois_bias,bivpois_mse,pc_eta,pc_bias,pc_mse,lm_eta,lm_bias,lm_mse,team_strength_correlation,mu
bivnorm,0.25,0.05171374474774123,0.2641038276049983,0.014103827604998287,1.989179531115117e-4,0.26145371802197537,0.011453718021975368,1.3118765652692332e-4,0.7105263157894752,0.4605263157894752,0.21208448753462747,-0.8,NA
