method,true_params,bivpois_eta,bivpois_estimated_ha,bivpois_bias,bivpois_mse,pc_eta,pc_bias,pc_mse,lm_eta,lm_bias,lm_mse,team_strength_correlation,mu
bivnorm,0.25,0.04946754225382791,0.2479702356823248,-0.002029764317675209,4.119943185307506e-6,0.24705561217016656,-0.0029443878298334447,8.669419692471302e-6,0.22807017543859143,-0.021929824561408573,4.809172052941587e-4,-0.8,NA
