method,true_params,bivpois_eta,bivpois_estimated_ha,bivpois_bias,bivpois_mse,pc_eta,pc_bias,pc_mse,lm_eta,lm_bias,lm_mse,team_strength_correlation,mu
bivnorm,0.25,0.046640169195018344,0.23817160190631714,-0.011828398093682857,1.3991100146264025e-4,0.2370225731801303,-0.012977426819869686,1.6841360686507305e-4,0.34795321637427273,0.09795321637427273,0.009594832598065092,-0.8,NA
