method,true_params,bivpois_eta,bivpois_estimated_ha,bivpois_bias,bivpois_mse,pc_eta,pc_bias,pc_mse,lm_eta,lm_bias,lm_mse,team_strength_correlation,mu
bivnorm,0.25,0.03450784944969637,0.17332028913130593,-0.07667971086869407,0.00587977805890652,0.1760445648556235,-0.0739554351443765,0.005469406387394078,0.5263157894736821,0.27631578947368207,0.07635041551246419,-0.8,NA
