method,true_params,bivpois_eta,bivpois_estimated_ha,bivpois_bias,bivpois_mse,pc_eta,pc_bias,pc_mse,lm_eta,lm_bias,lm_mse,team_strength_correlation,mu
bivnorm,0.25,0.0437062142190381,0.23054190357614157,-0.01945809642385843,3.786175164401722e-4,0.2277962801940883,-0.02220371980591171,4.930051732194359e-4,0.023391812865492842,-0.22660818713450714,0.05135127047638781,-0.8,NA
