method,true_params,bivpois_eta,bivpois_estimated_ha,bivpois_bias,bivpois_mse,pc_eta,pc_bias,pc_mse,lm_eta,lm_bias,lm_mse,team_strength_correlation,mu
bivnorm,0.25,0.06302090308698931,0.3255646164581405,0.0755646164581405,0.005710011260465878,0.31857523781987884,0.06857523781987884,0.004702563242052942,0.5906432748537948,0.34064327485379475,0.11603784070311796,-0.8,NA
