method,true_params,bivpois_eta,bivpois_estimated_ha,bivpois_bias,bivpois_mse,pc_eta,pc_bias,pc_mse,lm_eta,lm_bias,lm_mse,team_strength_correlation,mu
bivnorm,0.25,0.03893134831995133,0.19987917025841195,-0.05012082974158805,0.002512097573985257,0.19680514706367494,-0.05319485293632506,0.002829692378917251,0.5029239766081897,0.25292397660818966,0.06397053794330007,-0.8,NA
