method,true_params,bivpois_eta,bivpois_estimated_ha,bivpois_bias,bivpois_mse,pc_eta,pc_bias,pc_mse,lm_eta,lm_bias,lm_mse,team_strength_correlation,mu
bivnorm,0.25,0.05618356487695686,0.29103784516680964,0.04103784516680964,0.0016841047359350413,0.29212965763255777,0.04212965763255777,0.0017749080522365332,1.0087719298245583,0.7587719298245583,0.5757348414896845,-0.8,NA
