method,true_params,bivpois_eta,bivpois_estimated_ha,bivpois_bias,bivpois_mse,pc_eta,pc_bias,pc_mse,lm_eta,lm_bias,lm_mse,team_strength_correlation,mu
bivnorm,0.25,0.05540002321798603,0.28840451226682173,0.03840451226682173,0.001474906562452461,0.285592320063577,0.03559232006357699,0.001266813247508105,0.178362573099409,-0.071637426900591,0.005131920932937518,-0.8,NA
