method,true_params,bivpois_eta,bivpois_estimated_ha,bivpois_bias,bivpois_mse,pc_eta,pc_bias,pc_mse,lm_eta,lm_bias,lm_mse,team_strength_correlation,mu
bivnorm,0.25,0.06822286545973678,0.3552166836455921,0.10521668364559211,0.01107055051737661,0.35622493029271735,0.10622493029271735,0.011283735815692659,0.32748538011695527,0.07748538011695527,0.006003984131869047,-0.8,NA
