method,true_params,bivpois_eta,bivpois_estimated_ha,bivpois_bias,bivpois_mse,pc_eta,pc_bias,pc_mse,lm_eta,lm_bias,lm_mse,team_strength_correlation,mu
bivnorm,0.25,0.0676610431455101,0.3548949089562603,0.1048949089562603,0.011002941924942137,0.356646951744921,0.106646951744921,0.01137357231648351,0.605263157894733,0.35526315789473295,0.12621191135733795,-0.8,NA
