method,true_params,bivpois_eta,bivpois_estimated_ha,bivpois_bias,bivpois_mse,pc_eta,pc_bias,pc_mse,lm_eta,lm_bias,lm_mse,team_strength_correlation,mu
bivnorm,0.25,0.04172130428165289,0.21558463739463196,-0.03441536260536804,0.0011844171832589648,0.22774067264979353,-0.02225932735020647,4.954776540836498e-4,-1.026315789473675,-1.276315789473675,1.6289819944598103,-0.8,NA
