method,true_params,bivpois_eta,bivpois_estimated_ha,bivpois_bias,bivpois_mse,pc_eta,pc_bias,pc_mse,lm_eta,lm_bias,lm_mse,team_strength_correlation,mu
bivnorm,0.25,0.05098415616055002,0.2659243588113105,0.01592435881131049,2.5358520355136204e-4,0.2672342595050418,0.017234259505041816,2.970197006871242e-4,0.36549707602338816,0.11549707602338816,0.013339574569952304,-0.8,NA
