method,true_params,bivpois_eta,bivpois_estimated_ha,bivpois_bias,bivpois_mse,pc_eta,pc_bias,pc_mse,lm_eta,lm_bias,lm_mse,team_strength_correlation,mu
bivnorm,0.25,0.05984944033566623,0.3052291509426821,0.055229150942682104,0.0030502591138495635,0.3134141123434647,0.06341411234346472,0.004021349644309565,-0.40643274853800476,-0.6564327485380048,0.43090395335315945,-0.4,NA
