method,true_params,bivpois_eta,bivpois_estimated_ha,bivpois_bias,bivpois_mse,pc_eta,pc_bias,pc_mse,lm_eta,lm_bias,lm_mse,team_strength_correlation,mu
bivnorm,0.25,0.017211068769089587,0.08530462289008867,-0.16469537710991133,0.027124567241375908,0.07961476211010989,-0.17038523788989013,0.02903112929079445,0.0730994152046858,-0.1769005847953142,0.03129381690092415,-0.4,NA
