method,true_params,bivpois_eta,bivpois_estimated_ha,bivpois_bias,bivpois_mse,pc_eta,pc_bias,pc_mse,lm_eta,lm_bias,lm_mse,team_strength_correlation,mu
bivnorm,0.25,0.05578902698606166,0.2832443950303807,0.03324439503038068,0.0011051898009359997,0.2878170942882888,0.03781709428828878,0.0014301326204093237,-0.2631578947368391,-0.5131578947368391,0.2633310249307449,-0.4,NA
