method,true_params,bivpois_eta,bivpois_estimated_ha,bivpois_bias,bivpois_mse,pc_eta,pc_bias,pc_mse,lm_eta,lm_bias,lm_mse,team_strength_correlation,mu
bivnorm,0.25,0.06646397216183515,0.3445292639521522,0.09452926395215222,0.008935781743335666,0.3462641425055829,0.0962641425055829,0.009266785132335174,0.4473684210526282,0.1973684210526282,0.03895429362880753,-0.4,NA
