method,true_params,bivpois_eta,bivpois_estimated_ha,bivpois_bias,bivpois_mse,pc_eta,pc_bias,pc_mse,lm_eta,lm_bias,lm_mse,team_strength_correlation,mu
bivnorm,0.25,0.0369043028675462,0.1848112837003857,-0.06518871629961431,0.0042495687327916,0.1820684986869638,-0.06793150131303621,0.004614688870643041,-0.2543859649122855,-0.5043859649122855,0.2544052016004973,-0.4,NA
