method,true_params,bivpois_eta,bivpois_estimated_ha,bivpois_bias,bivpois_mse,pc_eta,pc_bias,pc_mse,lm_eta,lm_bias,lm_mse,team_strength_correlation,mu
bivnorm,0.25,0.04142314542556347,0.2173493220204401,-0.032650677979559894,0.0010660667725249174,0.2137157381619718,-0.03628426183802819,0.0013165476571305886,0.3187134502923963,0.06871345029239628,0.004721538251085615,-0.4,NA
