method,true_params,bivpois_eta,bivpois_estimated_ha,bivpois_bias,bivpois_mse,pc_eta,pc_bias,pc_mse,lm_eta,lm_bias,lm_mse,team_strength_correlation,mu
bivnorm,0.25,0.03772903041316733,0.1905742042854417,-0.059425795714558305,0.003531425196308416,0.18197235765294884,-0.06802764234705116,0.004627760123298309,0.12865497076023713,-0.12134502923976287,0.014724616121198906,-0.4,NA
