method,true_params,bivpois_eta,bivpois_estimated_ha,bivpois_bias,bivpois_mse,pc_eta,pc_bias,pc_mse,lm_eta,lm_bias,lm_mse,team_strength_correlation,mu
bivnorm,0.25,0.059536821583977904,0.3014744695468581,0.05147446954685808,0.00264962101513042,0.29151746478127577,0.04151746478127577,0.001723699881864474,-0.10526315789474155,-0.35526315789474155,0.12621191135734408,-0.4,NA
