method,true_params,bivpois_eta,bivpois_estimated_ha,bivpois_bias,bivpois_mse,pc_eta,pc_bias,pc_mse,lm_eta,lm_bias,lm_mse,team_strength_correlation,mu
bivnorm,0.25,0.03799955006341066,0.19094837226177308,-0.05905162773822692,0.003487094738534131,0.19612975532759203,-0.053870244672407974,0.0029020032610651,-0.05263157894736689,-0.3026315789473669,0.09158587257617638,-0.4,NA
