method,true_params,bivpois_eta,bivpois_estimated_ha,bivpois_bias,bivpois_mse,pc_eta,pc_bias,pc_mse,lm_eta,lm_bias,lm_mse,team_strength_correlation,mu
bivnorm,0.25,0.05947010913603732,0.30089968075342455,0.05089968075342455,0.002590777500800537,0.30126364586991117,0.05126364586991117,0.0026279613878756602,0.8333333333333156,0.5833333333333156,0.3402777777777571,-0.4,NA
