method,true_params,bivpois_eta,bivpois_estimated_ha,bivpois_bias,bivpois_mse,pc_eta,pc_bias,pc_mse,lm_eta,lm_bias,lm_mse,team_strength_correlation,mu
bivnorm,0.25,0.051830726984989486,0.25681383479570563,0.006813834795705631,4.64283446231688e-5,0.26308046399163015,0.013080463991630153,1.7109853823633306e-4,-0.2894736842105297,-0.5394736842105297,0.29103185595568226,-0.4,NA
