method,true_params,bivpois_eta,bivpois_estimated_ha,bivpois_bias,bivpois_mse,pc_eta,pc_bias,pc_mse,lm_eta,lm_bias,lm_mse,team_strength_correlation,mu
bivnorm,0.25,0.04142440129994504,0.2099411959258335,-0.04005880407416651,0.0016047077838524594,0.21311325126151065,-0.03688674873848935,0.0013606322324964456,0.48830409356724364,0.23830409356724364,0.05678884101090561,-0.4,NA
