method,true_params,bivpois_eta,bivpois_estimated_ha,bivpois_bias,bivpois_mse,pc_eta,pc_bias,pc_mse,lm_eta,lm_bias,lm_mse,team_strength_correlation,mu
bivnorm,0.25,0.05612359419102867,0.27778520113649297,0.027785201136492965,7.7201740219537e-4,0.2715037304859981,0.021503730485998074,4.6241042481444297e-4,1.1403508771929864,0.8903508771929864,0.7927246845183205,-0.4,NA
