method,true_params,bivpois_eta,bivpois_estimated_ha,bivpois_bias,bivpois_mse,pc_eta,pc_bias,pc_mse,lm_eta,lm_bias,lm_mse,team_strength_correlation,mu
bivnorm,0.25,0.06530217128586845,0.3254697543092169,0.07546975430921687,0.005695683815493559,0.32840083369848194,0.07840083369848194,0.0061466907246170216,0.1374269005847899,-0.1125730994152101,0.012672702711946777,-0.4,NA
