method,true_params,bivpois_eta,bivpois_estimated_ha,bivpois_bias,bivpois_mse,pc_eta,pc_bias,pc_mse,lm_eta,lm_bias,lm_mse,team_strength_correlation,mu
bivnorm,0.25,0.03214629200818266,0.16513181900981433,-0.08486818099018567,0.007202608144582913,0.16775957543267594,-0.08224042456732406,0.006763487433013718,1.204678362573099,0.954678362573099,0.9114107759652536,-0.4,NA
