method,true_params,bivpois_eta,bivpois_estimated_ha,bivpois_bias,bivpois_mse,pc_eta,pc_bias,pc_mse,lm_eta,lm_bias,lm_mse,team_strength_correlation,mu
bivnorm,0.25,0.04808202298766717,0.2524325041630382,0.002432504163038196,5.9170765031981545e-6,0.24793414058960922,-0.00206585941039078,4.267775103500142e-6,0.8918128654970878,0.6418128654970878,0.41192375431758294,-0.4,NA
