method,true_params,bivpois_eta,bivpois_estimated_ha,bivpois_bias,bivpois_mse,pc_eta,pc_bias,pc_mse,lm_eta,lm_bias,lm_mse,team_strength_correlation,mu
bivnorm,0.25,0.03970274811539876,0.2054716235920333,-0.0445283764079667,0.001982776305529565,0.21330102097562273,-0.03669897902437727,0.001346815061431683,0.31578947368422056,0.06578947368422056,0.004328254847646749,-0.4,NA
