method,true_params,bivpois_eta,bivpois_estimated_ha,bivpois_bias,bivpois_mse,pc_eta,pc_bias,pc_mse,lm_eta,lm_bias,lm_mse,team_strength_correlation,mu
bivnorm,0.25,0.04382036854118844,0.220007171726329,-0.029992828273671,8.995697478539187e-4,0.2262007267132492,-0.0237992732867508,5.664054089774502e-4,0.47076023391812827,0.22076023391812827,0.04873508087958671,-0.4,NA
