method,true_params,bivpois_eta,bivpois_estimated_ha,bivpois_bias,bivpois_mse,pc_eta,pc_bias,pc_mse,lm_eta,lm_bias,lm_mse,team_strength_correlation,mu
bivnorm,0.25,0.04085201466078394,0.2130618418698278,-0.036938158130172205,0.001364427526049607,0.20901508859067813,-0.04098491140932187,0.0016797629632299617,-0.1783625730994151,-0.4283625730994151,0.18349449403235177,-0.4,NA
