method,true_params,bivpois_eta,bivpois_estimated_ha,bivpois_bias,bivpois_mse,pc_eta,pc_bias,pc_mse,lm_eta,lm_bias,lm_mse,team_strength_correlation,mu
bivnorm,0.25,0.0294431867996738,0.1512413873317504,-0.09875861266824959,0.009753263576157349,0.150170274617028,-0.099829725382972,0.009965974070039603,0.4444444444444512,0.1944444444444512,0.037808641975311266,-0.4,NA
