method,true_params,bivpois_eta,bivpois_estimated_ha,bivpois_bias,bivpois_mse,pc_eta,pc_bias,pc_mse,lm_eta,lm_bias,lm_mse,team_strength_correlation,mu
bivnorm,0.25,0.065944316219742255,0.34846261659134825,0.09846261659134825,0.009694886866014848,0.35794927597356785,0.10794927597356785,0.011653046183217513,0.10526315789473466,-0.14473684210526533,0.020948753462604507,-0.4,NA
