true_params,bivpois_eta,bivpois_estimated_ha,bivpois_eta_bias,bivpois_eta_mse,lm_eta,lm_eta_bias,lm_eta_mse,team_strength_correlation,lambda3
0.346825523036806,0.4734668986490946,0.605550837520078,0.25872531448327196,0.06693878835446798,-0.16959064327485837,-0.5164161663116644,0.26668565682803663,0,0
