method,true_params,bivpois_eta,bivpois_estimated_ha,bivpois_bias,bivpois_mse,pc_eta,pc_bias,pc_mse,lm_eta,lm_bias,lm_mse,team_strength_correlation,mu
bivpois,0.25,0.17484558229112743,0.1952734809430181,-0.05472651905698189,0.002994991888094202,0.2270764842308043,-0.022923515769195713,5.254875752205645e-4,-0.2573099415204543,-0.5073099415204543,0.25736337676548676,-0.8,1
