method,true_params,bivpois_eta,bivpois_estimated_ha,bivpois_bias,bivpois_mse,pc_eta,pc_bias,pc_mse,lm_eta,lm_bias,lm_mse,team_strength_correlation,mu
bivnorm,0.25,0.026417756743984645,0.13903657902601463,-0.11096342097398537,0.012312880794249897,0.13751129245944832,-0.11248870754055168,0.012653709324143768,-0.6023391812865506,-0.8523391812865506,0.7264820799562274,-0.4,NA
