method,true_params,bivpois_eta,bivpois_estimated_ha,bivpois_bias,bivpois_mse,pc_eta,pc_bias,pc_mse,lm_eta,lm_bias,lm_mse,team_strength_correlation,mu
bivnorm,0.25,0.04970836774483981,0.2554134448008947,0.005413444800894673,2.930538461233357e-5,0.26687659162016114,0.01687659162016114,2.8481934471369326e-4,-0.573099415204688,-0.823099415204688,0.6774926473102993,-0.4,NA
