method,true_params,bivpois_eta,bivpois_estimated_ha,bivpois_bias,bivpois_mse,pc_eta,pc_bias,pc_mse,lm_eta,lm_bias,lm_mse,team_strength_correlation,mu
bivnorm,0.25,0.04792500463218204,0.24457798502216033,-0.005422014977839673,2.939824641991775e-5,0.2463448584588911,-0.0036551415411089083,1.3360059685540006e-5,0.16959064327485535,-0.08040935672514465,0.0064656646489515655,-0.4,NA
