method,true_params,bivpois_eta,bivpois_estimated_ha,bivpois_bias,bivpois_mse,pc_eta,pc_bias,pc_mse,lm_eta,lm_bias,lm_mse,team_strength_correlation,mu
bivnorm,0.25,0.05168985258976604,0.25944598557339926,0.009445985573399263,8.9226643452867e-5,0.2649977983212972,0.014997798321297218,2.2493395448630564e-4,0.15497076023390904,-0.09502923976609096,0.009030556410521202,-0.4,NA
