method,true_params,bivpois_eta,bivpois_estimated_ha,bivpois_bias,bivpois_mse,pc_eta,pc_bias,pc_mse,lm_eta,lm_bias,lm_mse,team_strength_correlation,mu
bivnorm,0.25,0.053276505445370485,0.27197078835623767,0.02197078835623767,4.8271554099458874e-4,0.274083741570821,0.024083741570820993,5.800266080500913e-4,0.08771929824562355,-0.16228070175437645,0.02633502616189288,-0.4,NA
