method,true_params,bivpois_eta,bivpois_estimated_ha,bivpois_bias,bivpois_mse,pc_eta,pc_bias,pc_mse,lm_eta,lm_bias,lm_mse,team_strength_correlation,mu
bivnorm,0.25,0.050167870915003805,0.2554555080664507,0.005455508066450676,2.9762568263108394e-5,0.2576397494275089,0.007639749427508891,5.836577131512242e-5,-0.11988304093566603,-0.36988304093566604,0.1368134639718156,-0.4,NA
