method,true_params,bivpois_eta,bivpois_estimated_ha,bivpois_bias,bivpois_mse,pc_eta,pc_bias,pc_mse,lm_eta,lm_bias,lm_mse,team_strength_correlation,mu
bivnorm,0.25,0.07374455066142127,0.3739212827905005,0.12392128279050052,0.0153564843284432,0.37081092445028624,0.12081092445028624,0.01459527946653277,0.2543859649122804,0.004385964912280382,1.923668821175466e-5,-0.4,NA
