method,true_params,bivpois_eta,bivpois_estimated_ha,bivpois_bias,bivpois_mse,pc_eta,pc_bias,pc_mse,lm_eta,lm_bias,lm_mse,team_strength_correlation,mu
bivnorm,0.25,0.02162399975112054,0.10974748715102489,-0.1402525128489751,0.019670767360451927,0.10350528692168444,-0.14649471307831557,0.021460700959898004,-0.9502923976608258,-1.2002923976608257,1.4407018398823739,-0.4,NA
