method,true_params,bivpois_eta,bivpois_estimated_ha,bivpois_bias,bivpois_mse,pc_eta,pc_bias,pc_mse,lm_eta,lm_bias,lm_mse,team_strength_correlation,mu
bivnorm,0.25,0.04796311538051342,0.24243939804660553,-0.007560601953394475,5.716270189767235e-5,0.2420853738926603,-0.0079146261073397,6.264130641898318e-5,-0.321637426900596,-0.5716374269005959,0.3267693478335342,-0.4,NA
