method,true_params,bivpois_eta,bivpois_estimated_ha,bivpois_bias,bivpois_mse,pc_eta,pc_bias,pc_mse,lm_eta,lm_bias,lm_mse,team_strength_correlation,mu
bivnorm,0.25,0.040144600862306895,0.20219824752707538,-0.04780175247292462,0.002285007539482755,0.20405432769403567,-0.04594567230596433,0.0021110048036470574,0.7719298245614072,0.5219298245614072,0.2724107417667013,-0.4,NA
