method,true_params,bivpois_eta,bivpois_estimated_ha,bivpois_bias,bivpois_mse,pc_eta,pc_bias,pc_mse,lm_eta,lm_bias,lm_mse,team_strength_correlation,mu
bivnorm,0.25,0.06888189424886823,0.35954797349365286,0.10954797349365286,0.01200075849656607,0.36048263234818456,0.11048263234818456,0.012206412050584118,1.593567251461993,1.343567251461993,1.8051729592011343,-0.4,NA
