method,true_params,bivpois_eta,bivpois_estimated_ha,bivpois_bias,bivpois_mse,pc_eta,pc_bias,pc_mse,lm_eta,lm_bias,lm_mse,team_strength_correlation,mu
bivnorm,0.25,0.05507373773532311,0.2856384516587882,0.035638451658788206,0.001270099236635784,0.2863011279834042,0.03630112798340418,0.00131777189286749,0.347953216374268,0.09795321637426802,0.009594832598064167,-0.4,NA
