method,true_params,bivpois_eta,bivpois_estimated_ha,bivpois_bias,bivpois_mse,pc_eta,pc_bias,pc_mse,lm_eta,lm_bias,lm_mse,team_strength_correlation,mu
bivnorm,0.25,0.07686354295543943,0.38649476406967853,0.13649476406967853,0.018630820618437207,0.38384775713096225,0.13384775713096225,0.017915222088989057,0.07602339181286968,-0.17397660818713032,0.03026786019629826,-0.4,NA
