method,true_params,bivpois_eta,bivpois_estimated_ha,bivpois_bias,bivpois_mse,pc_eta,pc_bias,pc_mse,lm_eta,lm_bias,lm_mse,team_strength_correlation,mu
bivnorm,0.25,0.07868987911438109,0.3969101980335248,0.14691019803352479,0.02158260628624947,0.39476421422750857,0.14476421422750857,0.020956677720907993,1.1725146198830443,0.9225146198830443,0.8510332238979577,-0.4,NA
