method,true_params,bivpois_eta,bivpois_estimated_ha,bivpois_bias,bivpois_mse,pc_eta,pc_bias,pc_mse,lm_eta,lm_bias,lm_mse,team_strength_correlation,mu
bivnorm,0.25,0.05594173659913396,0.2912214759062568,0.0412214759062568,0.0016992100758901098,0.29276822783340156,0.04276822783340156,0.0018291213120097442,-0.327485380116953,-0.577485380116953,0.33348936424882175,-0.4,NA
