method,true_params,bivpois_eta,bivpois_estimated_ha,bivpois_bias,bivpois_mse,pc_eta,pc_bias,pc_mse,lm_eta,lm_bias,lm_mse,team_strength_correlation,mu
bivnorm,0.25,0.05287020702344325,0.2693367394669117,0.019336739466911723,3.739094932112215e-4,0.27079312725261395,0.020793127252613952,4.3235414094339706e-4,0.14035087719298295,-0.10964912280701705,0.012022930132348307,-0.4,NA
