method,true_params,bivpois_eta,bivpois_estimated_ha,bivpois_bias,bivpois_mse,pc_eta,pc_bias,pc_mse,lm_eta,lm_bias,lm_mse,team_strength_correlation,mu
bivpois,0.25,0.21079914697664445,0.23941890659462506,-0.010581093405374942,1.1195953765326908e-4,0.26796707475322795,0.017967074753227952,3.2281577518808127e-4,-0.131578947368405,-0.38157894736840503,0.14560249307478002,-0.8,1
