method,true_params,bivpois_eta,bivpois_estimated_ha,bivpois_bias,bivpois_mse,pc_eta,pc_bias,pc_mse,lm_eta,lm_bias,lm_mse,team_strength_correlation,mu
bivnorm,0.25,0.029759374859829713,0.1573835375900403,-0.09261646240995969,0.008577809109335475,0.16230005649742488,-0.08769994350257512,0.0076912800903548685,0.8187134502923938,0.5687134502923938,0.32343498854347913,-0.4,NA
