method,true_params,bivpois_eta,bivpois_estimated_ha,bivpois_bias,bivpois_mse,pc_eta,pc_bias,pc_mse,lm_eta,lm_bias,lm_mse,team_strength_correlation,mu
bivnorm,0.25,0.04757532411138416,0.24564580491142074,-0.00435419508857926,1.895901486940775e-5,0.24327316656354087,-0.006726833436459134,4.5250288081864606e-5,-0.04970760233918148,-0.2997076023391815,0.08982464689990094,-0.4,NA
