method,true_params,bivpois_eta,bivpois_estimated_ha,bivpois_bias,bivpois_mse,pc_eta,pc_bias,pc_mse,lm_eta,lm_bias,lm_mse,team_strength_correlation,mu
bivnorm,0.25,0.06486215787228164,0.33506459006239986,0.08506459006239986,0.007235984482484137,0.3438511780087802,0.09385117800878018,0.008808043613635744,0.5614035087719241,0.31140350877192413,0.09697214527546583,-0.4,NA
