method,true_params,bivpois_eta,bivpois_estimated_ha,bivpois_bias,bivpois_mse,pc_eta,pc_bias,pc_mse,lm_eta,lm_bias,lm_mse,team_strength_correlation,mu
bivnorm,0.25,0.051430178096552065,0.26516623888504665,0.015166238885046646,2.3001480191830093e-4,0.2567484470673786,0.0067484470673785935,4.554153782121074e-5,-0.00877192982454822,-0.2587719298245482,0.0669629116651209,-0.4,NA
