method,true_params,bivpois_eta,bivpois_estimated_ha,bivpois_bias,bivpois_mse,pc_eta,pc_bias,pc_mse,lm_eta,lm_bias,lm_mse,team_strength_correlation,mu
bivnorm,0.25,0.043098222558499905,0.21923635731967295,-0.030763642680327052,9.464017109628402e-4,0.22172109494590986,-0.028278905054090142,7.99696471058245e-4,0.4766081871345198,0.2266081871345198,0.05135127047639355,-0.4,NA
