method,true_params,bivpois_eta,bivpois_estimated_ha,bivpois_bias,bivpois_mse,pc_eta,pc_bias,pc_mse,lm_eta,lm_bias,lm_mse,team_strength_correlation,mu
bivnorm,0.25,0.025281497441099664,0.1285292649352492,-0.12147073506475081,0.014755139477170883,0.11721562328643548,-0.13278437671356452,0.017631690699209817,0.6988304093567377,0.4488304093567377,0.2014487363633367,-0.4,NA
