method,true_params,bivpois_eta,bivpois_estimated_ha,bivpois_bias,bivpois_mse,pc_eta,pc_bias,pc_mse,lm_eta,lm_bias,lm_mse,team_strength_correlation,mu
bivnorm,0.25,0.06832306017835228,0.3370662929970969,0.0870662929970969,0.007580539376256324,0.34054492166256234,0.09054492166256234,0.008198382838879551,0.17836257309941855,-0.07163742690058145,0.00513192093293615,0,NA
