method,true_params,bivpois_eta,bivpois_estimated_ha,bivpois_bias,bivpois_mse,pc_eta,pc_bias,pc_mse,lm_eta,lm_bias,lm_mse,team_strength_correlation,mu
bivnorm,0.25,0.0575712835704045,0.2941124219774611,0.044112421977461125,0.0019459057727175951,0.2837631525275188,0.033763152527518825,0.0011399504685965008,-0.2602339181286645,-0.5102339181286645,0.2603386512089287,0,NA
