method,true_params,bivpois_eta,bivpois_estimated_ha,bivpois_bias,bivpois_mse,pc_eta,pc_bias,pc_mse,lm_eta,lm_bias,lm_mse,team_strength_correlation,mu
bivnorm,0.25,0.06227429283405599,0.32054570575432084,0.07054570575432084,0.004976696600375217,0.3201799809507265,0.07017998095072647,0.004925229726244331,0.307017543859647,0.057017543859647024,0.003251000307786772,0,NA
