method,true_params,bivpois_eta,bivpois_estimated_ha,bivpois_bias,bivpois_mse,pc_eta,pc_bias,pc_mse,lm_eta,lm_bias,lm_mse,team_strength_correlation,mu
bivnorm,0.25,0.03345329677447062,0.17676157327520414,-0.07323842672479586,0.005363867149123292,0.18404189732645898,-0.06595810267354102,0.0043504713082933785,0.7923976608187296,0.5423976608187296,0.2941952224616297,0,NA
