method,true_params,bivpois_eta,bivpois_estimated_ha,bivpois_bias,bivpois_mse,pc_eta,pc_bias,pc_mse,lm_eta,lm_bias,lm_mse,team_strength_correlation,mu
bivnorm,0.25,0.06752312710120552,0.34464654482801116,0.09464654482801116,0.008957968447880726,0.3472938130493008,0.09729381304930079,0.009466086057672293,0.002923976608180301,-0.2470760233918197,0.06104656133511503,0,NA
