method,true_params,bivpois_eta,bivpois_estimated_ha,bivpois_bias,bivpois_mse,pc_eta,pc_bias,pc_mse,lm_eta,lm_bias,lm_mse,team_strength_correlation,mu
bivnorm,0.25,0.03188411092037851,0.1640645167426067,-0.08593548325739331,0.007384907282681726,0.15981313633548522,-0.09018686366451478,0.008133670377641776,0.04678362573099309,-0.2032163742690069,0.04129689477104109,0,NA
