method,true_params,bivpois_eta,bivpois_estimated_ha,bivpois_bias,bivpois_mse,pc_eta,pc_bias,pc_mse,lm_eta,lm_bias,lm_mse,team_strength_correlation,mu
bivnorm,0.25,0.05428237152060297,0.2771237426286923,0.027123742628692327,7.356974141875414e-4,0.27244653565362653,0.02244653565362653,5.038469628495271e-4,0.1988304093567308,-0.0511695906432692,0.002618327006599743,0,NA
