method,true_params,bivpois_eta,bivpois_estimated_ha,bivpois_bias,bivpois_mse,pc_eta,pc_bias,pc_mse,lm_eta,lm_bias,lm_mse,team_strength_correlation,mu
bivnorm,0.25,0.05007821429629557,0.25303515932984855,0.003035159329848547,9.21219215756668e-6,0.2530117979414535,0.003011797941453509,9.070926840143594e-6,0.7222222222222202,0.4722222222222202,0.22299382716049193,0,NA
