method,true_params,bivpois_eta,bivpois_estimated_ha,bivpois_bias,bivpois_mse,pc_eta,pc_bias,pc_mse,lm_eta,lm_bias,lm_mse,team_strength_correlation,mu
bivnorm,0.25,0.025736547916052243,0.12993904707718507,-0.12006095292281493,0.014414632416734383,0.12443159876104429,-0.1255684012389557,0.015767423389707373,0.5818713450292411,0.3318713450292411,0.11013858965151758,0,NA
