method,true_params,bivpois_eta,bivpois_estimated_ha,bivpois_bias,bivpois_mse,pc_eta,pc_bias,pc_mse,lm_eta,lm_bias,lm_mse,team_strength_correlation,mu
bivnorm,0.25,0.056788843286736244,0.29426459318855525,0.044264593188555246,0.0019593542101482915,0.29885932171729657,0.04885932171729657,0.002387233318674288,0.11403508771929886,-0.13596491228070112,0.01848645737149875,0,NA
