method,true_params,bivpois_eta,bivpois_estimated_ha,bivpois_bias,bivpois_mse,pc_eta,pc_bias,pc_mse,lm_eta,lm_bias,lm_mse,team_strength_correlation,mu
bivnorm,0.25,0.058089903281137896,0.29737283503533884,0.047372835035338845,0.0022441854992854273,0.29284922375262395,0.042849223752623955,0.001836055976202433,0.3391812865497111,0.08918128654971108,0.00795330187066168,0,NA
