method,true_params,bivpois_eta,bivpois_estimated_ha,bivpois_bias,bivpois_mse,pc_eta,pc_bias,pc_mse,lm_eta,lm_bias,lm_mse,team_strength_correlation,mu
bivnorm,0.25,0.03110176226268975,0.1596274171219525,-0.0903725828780475,0.008167203736049565,0.15796926789475518,-0.09203073210524482,0.00846965565182734,0.48830409356726184,0.23830409356726184,0.05678884101091429,0,NA
