method,true_params,bivpois_eta,bivpois_estimated_ha,bivpois_bias,bivpois_mse,pc_eta,pc_bias,pc_mse,lm_eta,lm_bias,lm_mse,team_strength_correlation,mu
bivnorm,0.25,0.06812441289107321,0.3541652655523393,0.10416526555233929,0.010850402547589363,0.35724988863415374,0.10724988863415374,0.011502538612038381,0.43567251461988604,0.18567251461988604,0.03447428268527179,0,NA
