method,true_params,bivpois_eta,bivpois_estimated_ha,bivpois_bias,bivpois_mse,pc_eta,pc_bias,pc_mse,lm_eta,lm_bias,lm_mse,team_strength_correlation,mu
bivnorm,0.25,0.0549312836279252,0.2805161683735511,0.03051616837355109,9.312365322029198e-4,0.28001199441566205,0.030011994415662047,9.007198088057299e-4,0.07602339181285787,-0.1739766081871421,0.030267860196302364,0,NA
