method,true_params,bivpois_eta,bivpois_estimated_ha,bivpois_bias,bivpois_mse,pc_eta,pc_bias,pc_mse,lm_eta,lm_bias,lm_mse,team_strength_correlation,mu
bivnorm,0.25,0.056175829717886185,0.2910637499417277,0.04106374994172768,0.00168623155927674,0.2884339064926662,0.0384339064926662,0.0014771651682870092,0.9005847953216524,0.6505847953216524,0.4232605759037163,0,NA
