method,true_params,bivpois_eta,bivpois_estimated_ha,bivpois_bias,bivpois_mse,pc_eta,pc_bias,pc_mse,lm_eta,lm_bias,lm_mse,team_strength_correlation,mu
bivnorm,0.25,0.058197906029478226,0.2979639491157915,0.04796394911579149,0.0023005404147822357,0.2958816523791684,0.045881652379168414,0.0021051260250428507,0.39181286549708194,0.14181286549708194,0.020110888820493455,0,NA
