method,true_params,bivpois_eta,bivpois_estimated_ha,bivpois_bias,bivpois_mse,pc_eta,pc_bias,pc_mse,lm_eta,lm_bias,lm_mse,team_strength_correlation,mu
bivnorm,0.25,0.05082787135817306,0.26440135939377907,0.014401359393779067,2.0739915238878858e-4,0.26544942598933474,0.015449425989334742,2.3868476339993178e-4,0.03508771929825905,-0.21491228070174095,0.0461872883964239,0,NA
