true_params,bivpois_eta,bivpois_estimated_ha,bivpois_eta_bias,bivpois_eta_mse,lm_eta,lm_eta_bias,lm_eta_mse,team_strength_correlation,lambda3
0.37226969892996375,0.385798627764741,0.47078846503113714,0.09851876610117338,0.00970594727409771,0.309941520467835,-0.062328178462128736,0.0038848018304069682,0,0
