method,true_params,bivpois_eta,bivpois_estimated_ha,bivpois_bias,bivpois_mse,pc_eta,pc_bias,pc_mse,lm_eta,lm_bias,lm_mse,team_strength_correlation,mu
bivnorm,0.25,0.03470360246448225,0.1792061539231682,-0.07079384607683181,0.005011768642350155,0.1770796208756804,-0.07292037912431959,0.005317381691634504,0.18713450292396114,-0.06286549707603886,0.0039520707226174505,0,NA
