method,true_params,bivpois_eta,bivpois_estimated_ha,bivpois_bias,bivpois_mse,pc_eta,pc_bias,pc_mse,lm_eta,lm_bias,lm_mse,team_strength_correlation,mu
bivnorm,0.25,0.03485845768661515,0.17899378279448985,-0.07100621720551015,0.005041882881836085,0.1860870566619973,-0.06391294333800271,0.004084864326126745,0.5146198830409533,0.2646198830409533,0.07002368250060781,0,NA
