method,true_params,bivpois_eta,bivpois_estimated_ha,bivpois_bias,bivpois_mse,pc_eta,pc_bias,pc_mse,lm_eta,lm_bias,lm_mse,team_strength_correlation,mu
bivnorm,0.25,0.053451241223825816,0.2702167278528975,0.02021672785289752,4.087160850781224e-4,0.2782916994152517,0.028291699415251725,8.004202558029548e-4,0.5233918128655042,0.2733918128655042,0.07474308334188685,0,NA
