method,true_params,bivpois_eta,bivpois_estimated_ha,bivpois_bias,bivpois_mse,pc_eta,pc_bias,pc_mse,lm_eta,lm_bias,lm_mse,team_strength_correlation,mu
bivnorm,0.25,0.02414872300803927,0.12410822352298112,-0.12589177647701888,0.015848739384539685,0.12360597404815386,-0.12639402595184612,0.01597544979631595,0.029239766081861508,-0.22076023391813848,0.04873508087959122,0,NA
