method,true_params,bivpois_eta,bivpois_estimated_ha,bivpois_bias,bivpois_mse,pc_eta,pc_bias,pc_mse,lm_eta,lm_bias,lm_mse,team_strength_correlation,mu
bivnorm,0.25,0.0566988565339542,0.28411821808743287,0.03411821808743287,0.0011640528054616317,0.28587826489045204,0.03587826489045204,0.0012872498915494435,0.5175438596491142,0.2675438596491142,0.07157971683594491,0,NA
