method,true_params,bivpois_eta,bivpois_estimated_ha,bivpois_bias,bivpois_mse,pc_eta,pc_bias,pc_mse,lm_eta,lm_bias,lm_mse,team_strength_correlation,mu
bivnorm,0.25,0.05697909524559024,0.3064404332670856,0.05644043326708559,0.0031855225073763416,0.30613663467293617,0.05613663467293617,0.0031513217524026995,0.37719298245614935,0.12719298245614935,0.016178054786090315,0,NA
