method,true_params,bivpois_eta,bivpois_estimated_ha,bivpois_bias,bivpois_mse,pc_eta,pc_bias,pc_mse,lm_eta,lm_bias,lm_mse,team_strength_correlation,mu
bivnorm,0.25,0.046500054337899964,0.23913513667064823,-0.01086486332935177,1.1804525516549283e-4,0.24513818274161048,-0.0048618172583895225,2.3637267053974215e-5,1.2309941520467758,0.9809941520467758,0.9623495263499726,0,NA
