method,true_params,bivpois_eta,bivpois_estimated_ha,bivpois_bias,bivpois_mse,pc_eta,pc_bias,pc_mse,lm_eta,lm_bias,lm_mse,team_strength_correlation,mu
bivnorm,0.25,0.05516451629875977,0.2712558830407916,0.021255883040791623,4.5181256384381295e-4,0.277281833615809,0.027281833615808992,7.442984454406855e-4,-1.0877192982456305,-1.3377192982456305,1.7894929208987822,0,NA
