method,true_params,bivpois_eta,bivpois_estimated_ha,bivpois_bias,bivpois_mse,pc_eta,pc_bias,pc_mse,lm_eta,lm_bias,lm_mse,team_strength_correlation,mu
bivnorm,0.25,0.03980913108870497,0.1986344202129473,-0.051365579787052695,0.0026384227868600763,0.19745098749339057,-0.05254901250660943,0.002761398715419794,0.27777777777778095,0.027777777777780954,7.716049382717814e-4,0,NA
