method,true_params,bivpois_eta,bivpois_estimated_ha,bivpois_bias,bivpois_mse,pc_eta,pc_bias,pc_mse,lm_eta,lm_bias,lm_mse,team_strength_correlation,mu
bivnorm,0.25,0.038734849627245355,0.19756862187825242,-0.052431378121747585,0.0027490494117456713,0.19863315935278703,-0.051366840647212975,0.002638552318076171,-0.05263157894737769,-0.3026315789473777,0.09158587257618289,0,NA
