method,true_params,bivpois_eta,bivpois_estimated_ha,bivpois_bias,bivpois_mse,pc_eta,pc_bias,pc_mse,lm_eta,lm_bias,lm_mse,team_strength_correlation,mu
bivnorm,0.25,0.032219452266190704,0.16606489234622313,-0.08393510765377687,0.007045102296851113,0.1701060432690657,-0.0798939567309343,0.006383044322124403,-0.7456140350877133,-0.9956140350877133,0.9912473068636384,0,NA
