method,true_params,bivpois_eta,bivpois_estimated_ha,bivpois_bias,bivpois_mse,pc_eta,pc_bias,pc_mse,lm_eta,lm_bias,lm_mse,team_strength_correlation,mu
bivnorm,0.25,0.026847847019827835,0.13563236901800924,-0.11436763098199076,0.013079955016432814,0.1368969524736925,-0.11310304752630751,0.012792299359738175,0.7865497076023329,0.5365497076023329,0.2878855887281489,0,NA
