method,true_params,bivpois_eta,bivpois_estimated_ha,bivpois_bias,bivpois_mse,pc_eta,pc_bias,pc_mse,lm_eta,lm_bias,lm_mse,team_strength_correlation,mu
bivnorm,0.25,0.07713704000956326,0.39904919715370024,0.14904919715370024,0.022215663172162604,0.4116065475597265,0.16160654755972648,0.026116676214174135,0.7134502923976614,0.46345029239766145,0.2147861735234779,0,NA
