method,true_params,bivpois_eta,bivpois_estimated_ha,bivpois_bias,bivpois_mse,pc_eta,pc_bias,pc_mse,lm_eta,lm_bias,lm_mse,team_strength_correlation,mu
bivnorm,0.25,0.04859113356868459,0.2520870478205479,0.002087047820547916,4.355768605253806e-6,0.2406751091907717,-0.009324890809228298,8.695358860403038e-5,0.0672514619883092,-0.1827485380116908,0.0333970281454104,0,NA
