method,true_params,bivpois_eta,bivpois_estimated_ha,bivpois_bias,bivpois_mse,pc_eta,pc_bias,pc_mse,lm_eta,lm_bias,lm_mse,team_strength_correlation,mu
bivnorm,0.25,0.03551342646950172,0.19170468219517112,-0.05829531780482888,0.0033983440779659993,0.1973990839097749,-0.0526009160902251,0.0027668563735309022,0.11403508771929943,-0.13596491228070057,0.0184864573714986,0,NA
