method,true_params,bivpois_eta,bivpois_estimated_ha,bivpois_bias,bivpois_mse,pc_eta,pc_bias,pc_mse,lm_eta,lm_bias,lm_mse,team_strength_correlation,mu
bivnorm,0.25,0.05162924184243864,0.2654610797671273,0.015461079767127295,2.39044987565473e-4,0.268319850302539,0.01831985030253902,3.3561691510743905e-4,-0.18421052631578547,-0.4342105263157855,0.18853878116343145,0,NA
