method,true_params,bivpois_eta,bivpois_estimated_ha,bivpois_bias,bivpois_mse,pc_eta,pc_bias,pc_mse,lm_eta,lm_bias,lm_mse,team_strength_correlation,mu
bivnorm,0.25,0.05212513682451213,0.2649148270300552,0.0149148270300552,2.224520653364652e-4,0.2654810602891275,0.01548106028912749,2.3966322767560015e-4,0.26315789473683454,0.013157894736834541,1.7313019390561812e-4,0,NA
