method,true_params,bivpois_eta,bivpois_estimated_ha,bivpois_bias,bivpois_mse,pc_eta,pc_bias,pc_mse,lm_eta,lm_bias,lm_mse,team_strength_correlation,mu
bivnorm,0.25,0.049913138946643815,0.24997305276729342,-2.694723270657562e-5,7.261533505423387e-10,0.2575857070686422,0.0075857070686422,5.754295173124824e-5,-0.061403508771934096,-0.3114035087719341,0.09697214527547206,0,NA
