method,true_params,bivpois_eta,bivpois_estimated_ha,bivpois_bias,bivpois_mse,pc_eta,pc_bias,pc_mse,lm_eta,lm_bias,lm_mse,team_strength_correlation,mu
bivnorm,0.25,0.06201409971939993,0.32366446734603205,0.07366446734603205,0.005426453749374622,0.32285435760530606,0.07285435760530606,0.005307757422081817,0.3040935672514719,0.05409356725147191,0.002926114017989514,0,NA
