method,true_params,bivpois_eta,bivpois_estimated_ha,bivpois_bias,bivpois_mse,pc_eta,pc_bias,pc_mse,lm_eta,lm_bias,lm_mse,team_strength_correlation,mu
bivnorm,0.25,0.046655559361301176,0.24118337503897358,-0.00881662496102642,7.773287570339412e-5,0.2557836783210275,0.005783678321027497,3.345093492112344e-5,-0.336257309941515,-0.5862573099415149,0.3436976334598615,0,NA
