method,true_params,bivpois_eta,bivpois_estimated_ha,bivpois_bias,bivpois_mse,pc_eta,pc_bias,pc_mse,lm_eta,lm_bias,lm_mse,team_strength_correlation,mu
bivnorm,0.25,0.05184569047607331,0.2656839388601684,0.01568393886016839,2.459859381695001e-4,0.2625626544596905,0.012562654459690514,1.5782028707358198e-4,-0.2923976608187184,-0.5423976608187184,0.2941952224616175,0,NA
