method,true_params,bivpois_eta,bivpois_estimated_ha,bivpois_bias,bivpois_mse,pc_eta,pc_bias,pc_mse,lm_eta,lm_bias,lm_mse,team_strength_correlation,mu
bivnorm,0.25,0.03228878076363012,0.16219437014042182,-0.08780562985957818,0.007709828635037248,0.16242910092691817,-0.08757089907308183,0.0076686623644678835,-0.07017543859649523,-0.3201754385964952,0.10251231148045808,0,NA
