method,true_params,bivpois_eta,bivpois_estimated_ha,bivpois_bias,bivpois_mse,pc_eta,pc_bias,pc_mse,lm_eta,lm_bias,lm_mse,team_strength_correlation,mu
bivnorm,0.25,0.02128724058673637,0.11150249751068131,-0.1384975024893187,0.019181558195778835,0.11192823189206409,-0.13807176810793592,0.019063813148451632,0.4853801169590699,0.2353801169590699,0.05540379945966543,0,NA
