method,true_params,bivpois_eta,bivpois_estimated_ha,bivpois_bias,bivpois_mse,pc_eta,pc_bias,pc_mse,lm_eta,lm_bias,lm_mse,team_strength_correlation,mu
bivnorm,0.25,0.06498787572406116,0.3393501018820535,0.0893501018820535,0.00798344070633334,0.3410810898518679,0.09108108985186791,0.008295764928604036,0.17836257309940917,-0.07163742690059083,0.0051319209329374945,0,NA
