method,true_params,bivpois_eta,bivpois_estimated_ha,bivpois_bias,bivpois_mse,pc_eta,pc_bias,pc_mse,lm_eta,lm_bias,lm_mse,team_strength_correlation,mu
bivnorm,0.25,0.06899975311412254,0.34763598681771324,0.09763598681771324,0.009532785921868674,0.34463125391305416,0.09463125391305416,0.008955074217156928,-0.38011695906433,-0.6301169590643301,0.39704738210047863,0,NA
