method,true_params,bivpois_eta,bivpois_estimated_ha,bivpois_bias,bivpois_mse,pc_eta,pc_bias,pc_mse,lm_eta,lm_bias,lm_mse,team_strength_correlation,mu
bivnorm,0.25,0.05307682389010257,0.27081027527921275,0.020810275279212753,4.330675571966134e-4,0.2694011564445322,0.01940115644453222,3.764048713852141e-4,1.0350877192982386,0.7850877192982386,0.61636272699291,0,NA
