method,true_params,bivpois_eta,bivpois_estimated_ha,bivpois_bias,bivpois_mse,pc_eta,pc_bias,pc_mse,lm_eta,lm_bias,lm_mse,team_strength_correlation,mu
bivnorm,0.25,0.031306177625327065,0.15785090916468736,-0.09214909083531264,0.0084914549417747,0.15459627645040772,-0.09540372354959228,0.00910187046712703,0.10526315789473986,-0.14473684210526014,0.020948753462603005,0,NA
