method,true_params,bivpois_eta,bivpois_estimated_ha,bivpois_bias,bivpois_mse,pc_eta,pc_bias,pc_mse,lm_eta,lm_bias,lm_mse,team_strength_correlation,mu
bivnorm,0.5,0.09066135731739103,0.48018703609374924,-0.019812963906250758,3.925535387503953e-4,0.48339642976156444,-0.01660357023843556,2.7567854466266313e-4,0.964912280701748,0.46491228070174795,0.2161434287473009,-0.8,NA
