method,true_params,bivpois_eta,bivpois_estimated_ha,bivpois_bias,bivpois_mse,pc_eta,pc_bias,pc_mse,lm_eta,lm_bias,lm_mse,team_strength_correlation,mu
bivpois,0.25,0.22195058189408268,0.2585837608885744,0.008583760888574377,7.368095099221918e-5,0.28219296284209777,0.03219296284209777,0.0010363868565526878,0.07309941520468699,-0.176900584795313,0.03129381690092373,-0.8,1
