method,true_params,bivpois_eta,bivpois_estimated_ha,bivpois_bias,bivpois_mse,pc_eta,pc_bias,pc_mse,lm_eta,lm_bias,lm_mse,team_strength_correlation,mu
bivnorm,0.5,0.11242418802966417,0.582334395690923,0.08233439569092305,0.006778952713789487,0.5854576494839795,0.08545764948397949,0.0073030098553267,0.13157894736841763,-0.36842105263158237,0.1357340720221632,-0.8,NA
