method,true_params,bivpois_eta,bivpois_estimated_ha,bivpois_bias,bivpois_mse,pc_eta,pc_bias,pc_mse,lm_eta,lm_bias,lm_mse,team_strength_correlation,mu
bivnorm,0.5,0.08342030784065355,0.4389541867648026,-0.06104581323519742,0.0037265913135466045,0.4348668662954837,-0.06513313370451629,0.004242325106170395,0.3479532163742719,-0.1520467836257281,0.023118224410928978,-0.8,NA
