method,true_params,bivpois_eta,bivpois_estimated_ha,bivpois_bias,bivpois_mse,pc_eta,pc_bias,pc_mse,lm_eta,lm_bias,lm_mse,team_strength_correlation,mu
bivpois,0.25,0.14535378546596583,0.1624371713282562,-0.08756282867174381,0.007667248964997159,0.1820747541233958,-0.0679252458766042,0.004613839027397136,1.0175438596491237,0.7675438596491237,0.5891235764850737,-0.8,1
