method,true_params,bivpois_eta,bivpois_estimated_ha,bivpois_bias,bivpois_mse,pc_eta,pc_bias,pc_mse,lm_eta,lm_bias,lm_mse,team_strength_correlation,mu
bivnorm,0.5,0.08722077452574976,0.45573009617565763,-0.04426990382434237,0.0019598243846165233,0.45509686910556507,-0.04490313089443493,0.0020162911641227565,0.16081871345029425,-0.33918128654970575,0.11504394514551361,-0.8,NA
