method,true_params,bivpois_eta,bivpois_estimated_ha,bivpois_bias,bivpois_mse,pc_eta,pc_bias,pc_mse,lm_eta,lm_bias,lm_mse,team_strength_correlation,mu
bivnorm,0.5,0.09930238875828648,0.5255422205993847,0.025542220599384713,6.524050331476327e-4,0.539219452176616,0.03921945217661604,0.0015381654290338729,1.0146198830409474,0.5146198830409474,0.2648336240210784,-0.8,NA
