method,true_params,bivpois_eta,bivpois_estimated_ha,bivpois_bias,bivpois_mse,pc_eta,pc_bias,pc_mse,lm_eta,lm_bias,lm_mse,team_strength_correlation,mu
bivnorm,0.5,0.11449181533851993,0.5857177140385907,0.08571771403859074,0.0073475265000016166,0.5944619858490039,0.0944619858490039,0.008923066770537412,1.0614035087719327,0.5614035087719327,0.3151738996614375,-0.8,NA
