method,true_params,bivpois_eta,bivpois_estimated_ha,bivpois_bias,bivpois_mse,pc_eta,pc_bias,pc_mse,lm_eta,lm_bias,lm_mse,team_strength_correlation,mu
bivnorm,0.5,0.10782154338018672,0.5726848606669295,0.07268486066692947,0.005283088970170951,0.5707425670513483,0.07074256705134829,0.005004510793014509,0.42105263157894063,-0.07894736842105937,0.006232686980610483,-0.8,NA
