method,true_params,bivpois_eta,bivpois_estimated_ha,bivpois_bias,bivpois_mse,pc_eta,pc_bias,pc_mse,lm_eta,lm_bias,lm_mse,team_strength_correlation,mu
bivnorm,0.5,0.08538305175152262,0.4392092095338054,-0.06079079046619462,0.003695520205504779,0.4367318723587555,-0.06326812764124451,0.004002855975228808,-0.20760233918128815,-0.7076023391812881,0.5007010704148307,-0.8,NA
