method,true_params,bivpois_eta,bivpois_estimated_ha,bivpois_bias,bivpois_mse,pc_eta,pc_bias,pc_mse,lm_eta,lm_bias,lm_mse,team_strength_correlation,mu
bivnorm,0.5,0.1017624707961513,0.5254331981285496,0.025433198128549606,6.468475670460592e-4,0.5242948159107063,0.024294815910706258,5.902380801351059e-4,0.47076023391812544,-0.029239766081874563,8.549639205227422e-4,-0.8,NA
