method,true_params,bivpois_eta,bivpois_estimated_ha,bivpois_bias,bivpois_mse,pc_eta,pc_bias,pc_mse,lm_eta,lm_bias,lm_mse,team_strength_correlation,mu
bivnorm,0.5,0.07917882593649202,0.41345971711186635,-0.08654028288813365,0.007489220562358197,0.4073404411462458,-0.09265955885375421,0.00858579384697234,0.2690058479532056,-0.2309941520467944,0.05335829827981758,-0.8,NA
