method,true_params,bivpois_eta,bivpois_estimated_ha,bivpois_bias,bivpois_mse,pc_eta,pc_bias,pc_mse,lm_eta,lm_bias,lm_mse,team_strength_correlation,mu
bivnorm,0.5,0.10715614248452719,0.5622549095153122,0.06225490951531221,0.0038756737587597105,0.562096201221806,0.062096201221806036,0.0038559382061790254,0.8742690058479514,0.3742690058479514,0.14007728873841388,-0.8,NA
