method,true_params,bivpois_eta,bivpois_estimated_ha,bivpois_bias,bivpois_mse,pc_eta,pc_bias,pc_mse,lm_eta,lm_bias,lm_mse,team_strength_correlation,mu
bivnorm,0.5,0.10805724411470434,0.5566072746183757,0.05660727461837567,0.003204383539720198,0.5619673883215032,0.06196738832150317,0.003839957215387967,-0.4005847953216321,-0.9005847953216322,0.8110529735645061,-0.8,NA
