method,true_params,bivpois_eta,bivpois_estimated_ha,bivpois_bias,bivpois_mse,pc_eta,pc_bias,pc_mse,lm_eta,lm_bias,lm_mse,team_strength_correlation,mu
bivnorm,0.5,0.06519418117750732,0.3413432399573715,-0.15865676004262852,0.025171967507224207,0.3298853581000597,-0.1701146418999403,0.028938991388744922,0.8011695906432862,0.3011695906432862,0.09070312232824458,-0.8,NA
