method,true_params,bivpois_eta,bivpois_estimated_ha,bivpois_bias,bivpois_mse,pc_eta,pc_bias,pc_mse,lm_eta,lm_bias,lm_mse,team_strength_correlation,mu
bivnorm,0.5,0.10548510157407573,0.5488209687669272,0.04882096876692721,0.002383486991341282,0.5597549402133689,0.05975494021336891,0.003570652879903293,1.207602339181297,0.7076023391812969,0.5007010704148431,-0.8,NA
