method,true_params,bivpois_eta,bivpois_estimated_ha,bivpois_bias,bivpois_mse,pc_eta,pc_bias,pc_mse,lm_eta,lm_bias,lm_mse,team_strength_correlation,mu
bivnorm,0.5,0.09287028708658963,0.488840450241141,-0.011159549758859022,1.2453555082045045e-4,0.49501639436031253,-0.004983605639687472,2.4836325171924774e-5,0.9502923976608123,0.4502923976608123,0.20276324339112312,-0.8,NA
