method,true_params,bivpois_eta,bivpois_estimated_ha,bivpois_bias,bivpois_mse,pc_eta,pc_bias,pc_mse,lm_eta,lm_bias,lm_mse,team_strength_correlation,mu
bivnorm,0.5,0.08206906470139058,0.4302327698455173,-0.06976723015448272,0.004867466403428562,0.43312537742335716,-0.06687462257664284,0.004472215144768428,0.6842105263157999,0.18421052631579993,0.03393351800554402,-0.8,NA
