method,true_params,bivpois_eta,bivpois_estimated_ha,bivpois_bias,bivpois_mse,pc_eta,pc_bias,pc_mse,lm_eta,lm_bias,lm_mse,team_strength_correlation,mu
bivnorm,0.5,0.10741495215890684,0.5611755426279625,0.06117554262796254,0.0037424470158256623,0.5491960779307721,0.049196077930772075,0.002420254083770599,0.0526315789473667,-0.4473684210526333,0.20013850415512618,-0.8,NA
