method,true_params,bivpois_eta,bivpois_estimated_ha,bivpois_bias,bivpois_mse,pc_eta,pc_bias,pc_mse,lm_eta,lm_bias,lm_mse,team_strength_correlation,mu
bivnorm,0.5,0.10776660765592071,0.5689617577418105,0.06896175774181046,0.0047557240308401545,0.566437551225101,0.06643755122510098,0.004413948212787917,-0.35087719298245773,-0.8508771929824577,0.7239919975377065,-0.8,NA
