method,true_params,bivpois_eta,bivpois_estimated_ha,bivpois_bias,bivpois_mse,pc_eta,pc_bias,pc_mse,lm_eta,lm_bias,lm_mse,team_strength_correlation,mu
bivnorm,0.5,0.09161346506935426,0.48604507026968946,-0.013954929730310539,1.9474006377790496e-4,0.48406593154836813,-0.015934068451631866,2.5389453742128993e-4,0.5730994152046844,0.07309941520468444,0.005343524503266851,-0.8,NA
