method,true_params,bivpois_eta,bivpois_estimated_ha,bivpois_bias,bivpois_mse,pc_eta,pc_bias,pc_mse,lm_eta,lm_bias,lm_mse,team_strength_correlation,mu
bivnorm,0.5,0.10841435768730175,0.5676177494684698,0.06761774946846977,0.004572160043180743,0.5677225386221201,0.06772253862212008,0.0045863422374245455,0.5906432748538005,0.09064327485380053,0.008216203276221627,-0.8,NA
