method,true_params,bivpois_eta,bivpois_estimated_ha,bivpois_bias,bivpois_mse,pc_eta,pc_bias,pc_mse,lm_eta,lm_bias,lm_mse,team_strength_correlation,mu
bivnorm,0.5,0.0840490254139682,0.44143341997730534,-0.05856658002269466,0.003430044295554697,0.4395070319383416,-0.06049296806165838,0.003659399184908821,0.9064327485380211,0.40643274853802114,0.1651875790841703,-0.8,NA
