method,true_params,bivpois_eta,bivpois_estimated_ha,bivpois_bias,bivpois_mse,pc_eta,pc_bias,pc_mse,lm_eta,lm_bias,lm_mse,team_strength_correlation,mu
bivnorm,0.5,0.09069331444348336,0.46825036792074304,-0.03174963207925696,0.0010080391371681827,0.46711338591147833,-0.03288661408852167,0.001081529386207352,0.9795321637426943,0.47953216374269425,0.22995109606375014,-0.8,NA
