method,true_params,bivpois_eta,bivpois_estimated_ha,bivpois_bias,bivpois_mse,pc_eta,pc_bias,pc_mse,lm_eta,lm_bias,lm_mse,team_strength_correlation,mu
bivnorm,0.5,0.10573139659228883,0.5385908419164718,0.038590841916471774,0.001489253079822115,0.5430708318136509,0.0430708318136509,0.0018550965531198024,0.34210526315790823,-0.15789473684209177,0.02493074792243341,-0.8,NA
