method,true_params,bivpois_eta,bivpois_estimated_ha,bivpois_bias,bivpois_mse,pc_eta,pc_bias,pc_mse,lm_eta,lm_bias,lm_mse,team_strength_correlation,mu
bivnorm,0.5,0.10671842194826749,0.5622678415616624,0.06226784156166243,0.003877284092748295,0.5605185046997347,0.06051850469973474,0.003662489411091816,0.5994152046783714,0.0994152046783714,0.009883382921242478,-0.8,NA
