method,true_params,bivpois_eta,bivpois_estimated_ha,bivpois_bias,bivpois_mse,pc_eta,pc_bias,pc_mse,lm_eta,lm_bias,lm_mse,team_strength_correlation,mu
bivnorm,0.5,0.09492583141757825,0.5105693688940667,0.010569368894066677,1.1171155881886426e-4,0.5072843654530301,0.007284365453030128,5.306198005329882e-5,0.93567251461989,0.43567251461989,0.18981053999521824,-0.8,NA
