method,true_params,bivpois_eta,bivpois_estimated_ha,bivpois_bias,bivpois_mse,pc_eta,pc_bias,pc_mse,lm_eta,lm_bias,lm_mse,team_strength_correlation,mu
bivnorm,0.5,0.09533069676727801,0.5017799648050847,0.0017799648050846884,3.1682747073401727e-6,0.5071989897985687,0.0071989897985687,5.1825454119896214e-5,0.8304093567251458,0.3304093567251458,0.10917034301152466,-0.8,NA
