method,true_params,bivpois_eta,bivpois_estimated_ha,bivpois_bias,bivpois_mse,pc_eta,pc_bias,pc_mse,lm_eta,lm_bias,lm_mse,team_strength_correlation,mu
bivnorm,0.5,0.08806124380297436,0.46601515045489617,-0.033984849545103835,0.0011549699986033444,0.45989124406122767,-0.040108755938772334,0.0016087123029560049,0.37426900584796075,-0.12573099415203925,0.01580828289046013,-0.8,NA
