method,true_params,bivpois_eta,bivpois_estimated_ha,bivpois_bias,bivpois_mse,pc_eta,pc_bias,pc_mse,lm_eta,lm_bias,lm_mse,team_strength_correlation,mu
bivnorm,0.5,0.10753910644465241,0.5674560124191625,0.06745601241916255,0.0045503136114942114,0.567265410106019,0.06726541010601905,0.00452463539673093,1.2046783625730946,0.7046783625730946,0.4965715946786977,-0.8,NA
