method,true_params,bivpois_eta,bivpois_estimated_ha,bivpois_bias,bivpois_mse,pc_eta,pc_bias,pc_mse,lm_eta,lm_bias,lm_mse,team_strength_correlation,mu
bivnorm,0.5,0.09941881659959205,0.5267329415415674,0.026732941541567357,7.146501634648577e-4,0.5329938647768687,0.03299386477686872,0.0010885951129142983,1.017543859649126,0.517543859649126,0.2678516466605142,-0.8,NA
