method,true_params,bivpois_eta,bivpois_estimated_ha,bivpois_bias,bivpois_mse,pc_eta,pc_bias,pc_mse,lm_eta,lm_bias,lm_mse,team_strength_correlation,mu
bivnorm,0.5,0.09861208446372532,0.514720675222959,0.014720675222958945,2.166982790198374e-4,0.517638060319559,0.017638060319558946,3.111011718363998e-4,0.8128654970760257,0.31286549707602573,0.09788481926062867,-0.8,NA
