method,true_params,bivpois_eta,bivpois_estimated_ha,bivpois_bias,bivpois_mse,pc_eta,pc_bias,pc_mse,lm_eta,lm_bias,lm_mse,team_strength_correlation,mu
bivnorm,0.5,0.08918443810057894,0.46522006782995184,-0.034779932170048156,0.0012096436817531505,0.4601929794983522,-0.039807020501647805,0.0015845988812186087,0.09649122807018458,-0.40350877192981544,0.16281932902430782,-0.8,NA
