method,true_params,bivpois_eta,bivpois_estimated_ha,bivpois_bias,bivpois_mse,pc_eta,pc_bias,pc_mse,lm_eta,lm_bias,lm_mse,team_strength_correlation,mu
bivnorm,0.5,0.09273187661554588,0.48582981224926947,-0.014170187750730534,2.0079422089095368e-4,0.4807916950280662,-0.01920830497193382,3.6895897989481754e-4,0.3538011695906333,-0.1461988304093667,0.021374098013066768,-0.8,NA
