method,true_params,bivpois_eta,bivpois_estimated_ha,bivpois_bias,bivpois_mse,pc_eta,pc_bias,pc_mse,lm_eta,lm_bias,lm_mse,team_strength_correlation,mu
bivnorm,0.5,0.10835757446263858,0.562687005744146,0.06268700574414598,0.003929660689166592,0.5618539034586523,0.06185390345865227,0.0038259053730722754,0.046783625730988015,-0.45321637426901196,0.20540508190554913,-0.8,NA
