method,true_params,bivpois_eta,bivpois_estimated_ha,bivpois_bias,bivpois_mse,pc_eta,pc_bias,pc_mse,lm_eta,lm_bias,lm_mse,team_strength_correlation,mu
bivnorm,0.5,0.08688075227573981,0.45912465563857463,-0.04087534436142537,0.0016707937766651088,0.46131881138019554,-0.03868118861980446,0.0014962343530408903,-0.4035087719298312,-0.9035087719298311,0.8163281009541516,-0.8,NA
