method,true_params,bivpois_eta,bivpois_estimated_ha,bivpois_bias,bivpois_mse,pc_eta,pc_bias,pc_mse,lm_eta,lm_bias,lm_mse,team_strength_correlation,mu
bivnorm,0.5,0.07644213070192186,0.407536057598878,-0.09246394240112199,0.008549580644358006,0.40311766634573354,-0.09688233365426646,0.009386186574296611,-0.005847953216378012,-0.505847953216378,0.25588215177319895,-0.8,NA
