method,true_params,bivpois_eta,bivpois_estimated_ha,bivpois_bias,bivpois_mse,pc_eta,pc_bias,pc_mse,lm_eta,lm_bias,lm_mse,team_strength_correlation,mu
bivnorm,0.5,0.11583200951769719,0.5956362287191679,0.09563622871916788,0.009146288243624992,0.5960596901324586,0.09605969013245863,0.00922746406834397,0.8391812865497136,0.3391812865497136,0.11504394514551891,-0.8,NA
