method,true_params,bivpois_eta,bivpois_estimated_ha,bivpois_bias,bivpois_mse,pc_eta,pc_bias,pc_mse,lm_eta,lm_bias,lm_mse,team_strength_correlation,mu
bivnorm,0.5,0.09068011760158763,0.48038154346609385,-0.019618456533906148,3.8488383677276483e-4,0.48665466065116025,-0.013345339348839746,1.7809808233569047e-4,-0.31871345029240644,-0.8187134502924065,0.6702917136896968,-0.8,NA
