true_params,bivpois_eta,bivpois_estimated_ha,bivpois_eta_bias,bivpois_eta_mse,lm_eta,lm_eta_bias,lm_eta_mse,team_strength_correlation,lambda3
0.13668498672783752,0.24746508987007043,0.2807746495938339,0.1440896628659964,0.0207618309448365,-0.12280701754386358,-0.2594920042717011,0.06733610028094454,-0.5,0
