method,true_params,bivpois_eta,bivpois_estimated_ha,bivpois_bias,bivpois_mse,pc_eta,pc_bias,pc_mse,lm_eta,lm_bias,lm_mse,team_strength_correlation,mu
bivnorm,0.5,0.08421027649692589,0.43640174687774547,-0.06359825312225453,0.004044737800202359,0.440355199719592,-0.05964480028040797,0.003557502200489755,0.5116959064327435,0.011695906432743541,1.3679422728349176e-4,-0.4,NA
