method,true_params,bivpois_eta,bivpois_estimated_ha,bivpois_bias,bivpois_mse,pc_eta,pc_bias,pc_mse,lm_eta,lm_bias,lm_mse,team_strength_correlation,mu
bivnorm,0.5,0.09377507306535655,0.49436191419178854,-0.005638085808211457,3.178801158075544e-5,0.4905687425248893,-0.0094312574751107,8.894861756183144e-5,1.8421052631579085,1.3421052631579085,1.8012465373961588,-0.4,NA
