method,true_params,bivpois_eta,bivpois_estimated_ha,bivpois_bias,bivpois_mse,pc_eta,pc_bias,pc_mse,lm_eta,lm_bias,lm_mse,team_strength_correlation,mu
bivnorm,0.5,0.0837803806589104,0.4338232250363818,-0.06617677496361818,0.004379365544585362,0.43189702989603984,-0.06810297010396016,0.004638014536980891,0.4064327485380112,-0.0935672514619888,0.008754830546151044,-0.4,NA
