method,true_params,bivpois_eta,bivpois_estimated_ha,bivpois_bias,bivpois_mse,pc_eta,pc_bias,pc_mse,lm_eta,lm_bias,lm_mse,team_strength_correlation,mu
bivnorm,0.5,0.09260070878447706,0.4781842265379179,-0.021815773462082078,4.7592797174888466e-4,0.4651543011496302,-0.03484569885036981,0.001214222728370664,0.20175438596491488,-0.2982456140350851,0.08895044629116494,-0.4,NA
