method,true_params,bivpois_eta,bivpois_estimated_ha,bivpois_bias,bivpois_mse,pc_eta,pc_bias,pc_mse,lm_eta,lm_bias,lm_mse,team_strength_correlation,mu
bivnorm,0.5,0.08009862097547116,0.4154795908289719,-0.0845204091710281,0.007143699566438011,0.41394951428781307,-0.08605048571218693,0.007404686091303287,0.2631578947368465,-0.23684210526315352,0.056094182825482695,-0.4,NA
