method,true_params,bivpois_eta,bivpois_estimated_ha,bivpois_bias,bivpois_mse,pc_eta,pc_bias,pc_mse,lm_eta,lm_bias,lm_mse,team_strength_correlation,mu
bivnorm,0.5,0.11632934985803685,0.6089433205349648,0.1089433205349648,0.011868647089184085,0.6076143788252292,0.10761437882522917,0.011580854529939934,0.5964912280701713,0.0964912280701713,0.009310557094489814,-0.4,NA
