method,true_params,bivpois_eta,bivpois_estimated_ha,bivpois_bias,bivpois_mse,pc_eta,pc_bias,pc_mse,lm_eta,lm_bias,lm_mse,team_strength_correlation,mu
bivnorm,0.5,0.10928842968326957,0.5827955779072767,0.08279557790727665,0.006855107720999918,0.59631790658978,0.09631790658978001,0.009277139129837587,0.8918128654970873,0.39181286549708727,0.1535173215690386,-0.4,NA
