method,true_params,bivpois_eta,bivpois_estimated_ha,bivpois_bias,bivpois_mse,pc_eta,pc_bias,pc_mse,lm_eta,lm_bias,lm_mse,team_strength_correlation,mu
bivnorm,0.5,0.10761465380050714,0.5705679505949961,0.0705679505949961,0.004979835651177811,0.5767168351048823,0.07671683510488225,0.005885472788509694,-0.25146198830409827,-0.7514619883040983,0.5646951198659488,-0.4,NA
