method,true_params,bivpois_eta,bivpois_estimated_ha,bivpois_bias,bivpois_mse,pc_eta,pc_bias,pc_mse,lm_eta,lm_bias,lm_mse,team_strength_correlation,mu
bivnorm,0.5,0.10448252108623457,0.54357342468894565,0.04357342468894565,0.0018986433391232182,0.5391384820088174,0.03913848200881742,0.001531820773954525,1.4561403508771944,0.9561403508771944,0.9142043705755645,-0.4,NA
