method,true_params,bivpois_eta,bivpois_estimated_ha,bivpois_bias,bivpois_mse,pc_eta,pc_bias,pc_mse,lm_eta,lm_bias,lm_mse,team_strength_correlation,mu
bivnorm,0.5,0.07237374458924015,0.38473466302989134,-0.11526533697010866,0.013286097906832698,0.39423130037704934,-0.10576869962295066,0.011187017819929963,0.5614035087719275,0.06140350877192746,0.0037703908895041728,-0.4,NA
