method,true_params,bivpois_eta,bivpois_estimated_ha,bivpois_bias,bivpois_mse,pc_eta,pc_bias,pc_mse,lm_eta,lm_bias,lm_mse,team_strength_correlation,mu
bivnorm,0.5,0.0798996755962994,0.41994677984193096,-0.08005322015806904,0.006408518057676271,0.42175977948454635,-0.07824022051545365,0.006121532106306815,0.3099415204678416,-0.19005847953215838,0.036122225642075866,-0.4,NA
