method,true_params,bivpois_eta,bivpois_estimated_ha,bivpois_bias,bivpois_mse,pc_eta,pc_bias,pc_mse,lm_eta,lm_bias,lm_mse,team_strength_correlation,mu
bivnorm,0.5,0.10115493251173188,0.5117382516506401,0.01173825165064013,1.3778655181375575e-4,0.5107963710168749,0.010796371016874917,1.1656162713401674e-4,-0.17836257309941578,-0.6783625730994158,0.46017578058206027,-0.4,NA
