true_params,bivpois_eta,bivpois_estimated_ha,bivpois_eta_bias,bivpois_eta_mse,lm_eta,lm_eta_bias,lm_eta_mse,team_strength_correlation,lambda3
0.19178583871122842,0.24214104842115927,0.27397387214741853,0.0821880334361901,0.006754872840108303,0.2777777777777784,0.08599193906654998,0.007394613584425244,0,0
