method,true_params,bivpois_eta,bivpois_estimated_ha,bivpois_bias,bivpois_mse,pc_eta,pc_bias,pc_mse,lm_eta,lm_bias,lm_mse,team_strength_correlation,mu
bivnorm,0.5,0.1153227750767835,0.6264687135949121,0.12646871359491207,0.015994335518351898,0.6320188086982442,0.13201880869824423,0.017428965850103607,-0.2017543859649132,-0.7017543859649132,0.4924592182209924,-0.4,NA
