method,true_params,bivpois_eta,bivpois_estimated_ha,bivpois_bias,bivpois_mse,pc_eta,pc_bias,pc_mse,lm_eta,lm_bias,lm_mse,team_strength_correlation,mu
bivnorm,0.5,0.1095460101196391,0.5745036750580343,0.07450367505803435,0.0055507975971531695,0.5760570537858747,0.07605705378587468,0.005784675430587435,0.4736842105263178,-0.026315789473682183,6.92520775623162e-4,-0.4,NA
