method,true_params,bivpois_eta,bivpois_estimated_ha,bivpois_bias,bivpois_mse,pc_eta,pc_bias,pc_mse,lm_eta,lm_bias,lm_mse,team_strength_correlation,mu
bivnorm,0.5,0.0974341353374416,0.4911762458873037,-0.008823754112696314,7.78586366413251e-5,0.49445645139749256,-0.005543548602507442,3.073093110836221e-5,1.008771929824567,0.508771929824567,0.2588488765774141,-0.4,NA
