method,true_params,bivpois_eta,bivpois_estimated_ha,bivpois_bias,bivpois_mse,pc_eta,pc_bias,pc_mse,lm_eta,lm_bias,lm_mse,team_strength_correlation,mu
bivnorm,0.5,0.11111572915743875,0.5912732880660281,0.09127328806602808,0.008330813114384144,0.592056114389954,0.09205611438995398,0.008474328196576291,0.6754385964912324,0.1754385964912324,0.03077870113881346,-0.4,NA
