method,true_params,bivpois_eta,bivpois_estimated_ha,bivpois_bias,bivpois_mse,pc_eta,pc_bias,pc_mse,lm_eta,lm_bias,lm_mse,team_strength_correlation,mu
bivnorm,0.5,0.08293912523726894,0.43715613677788046,-0.06284386322211954,0.003949351144680469,0.43399430685758267,-0.06600569314241733,0.004356751527210959,-0.5409356725146219,-1.040935672514622,1.0835470743134683,-0.4,NA
