method,true_params,bivpois_eta,bivpois_estimated_ha,bivpois_bias,bivpois_mse,pc_eta,pc_bias,pc_mse,lm_eta,lm_bias,lm_mse,team_strength_correlation,mu
bivnorm,0.5,0.1020997621312529,0.5195272334004386,0.019527233400438604,3.81312844275205e-4,0.5239693317074567,0.023969331707456742,5.745288625020912e-4,-1.140350877192984,-1.640350877192984,2.690751000307792,-0.4,NA
