method,true_params,bivpois_eta,bivpois_estimated_ha,bivpois_bias,bivpois_mse,pc_eta,pc_bias,pc_mse,lm_eta,lm_bias,lm_mse,team_strength_correlation,mu
bivnorm,0.5,0.11230805701262575,0.5872667068868251,0.08726670688682514,0.007615478130871055,0.5838626772707248,0.08386267727072483,0.007032948639013747,0.9064327485380123,0.40643274853801226,0.1651875790841631,-0.4,NA
