method,true_params,bivpois_eta,bivpois_estimated_ha,bivpois_bias,bivpois_mse,pc_eta,pc_bias,pc_mse,lm_eta,lm_bias,lm_mse,team_strength_correlation,mu
bivnorm,0.5,0.10564439102857431,0.5468976228354867,0.04689762283548671,0.0021993870276195643,0.5518497850289503,0.051849785028950324,0.002688400207548361,-0.1695906432748589,-0.6695906432748588,0.44835162956123925,-0.4,NA
