method,true_params,bivpois_eta,bivpois_estimated_ha,bivpois_bias,bivpois_mse,pc_eta,pc_bias,pc_mse,lm_eta,lm_bias,lm_mse,team_strength_correlation,mu
bivnorm,0.5,0.10147692428742269,0.5320700091409654,0.03207000914096536,0.0010284854863016018,0.5308559256185912,0.030855925618591185,9.520881457800317e-4,0.9093567251461951,0.40935672514619514,0.16757292842241756,-0.4,NA
