method,true_params,bivpois_eta,bivpois_estimated_ha,bivpois_bias,bivpois_mse,pc_eta,pc_bias,pc_mse,lm_eta,lm_bias,lm_mse,team_strength_correlation,mu
bivpois,0.25,0.20520343591553947,0.24752824815243946,-0.0024717518475605438,6.109557195918962e-6,0.2783952985022938,0.028395298502293775,8.062929770343672e-4,0.8040935672514671,0.5540935672514671,0.30701968126945606,-0.8,1
