method,true_params,bivpois_eta,bivpois_estimated_ha,bivpois_bias,bivpois_mse,pc_eta,pc_bias,pc_mse,lm_eta,lm_bias,lm_mse,team_strength_correlation,mu
bivnorm,0.5,0.09326634537738394,0.47746952471525717,-0.022530475284742835,5.076223165564077e-4,0.48043790179983104,-0.019562098200168965,3.8267568599305383e-4,1.3538011695906453,0.8538011695906453,0.7289764371943539,-0.4,NA
