method,true_params,bivpois_eta,bivpois_estimated_ha,bivpois_bias,bivpois_mse,pc_eta,pc_bias,pc_mse,lm_eta,lm_bias,lm_mse,team_strength_correlation,mu
bivnorm,0.5,0.09329400133719329,0.487613966849616,-0.012386033150384002,1.5341381720241143e-4,0.4937578865659385,-0.0062421134340615025,3.896398012369108e-5,0.2309941520467914,-0.2690058479532086,0.07236414623302477,-0.4,NA
