method,true_params,bivpois_eta,bivpois_estimated_ha,bivpois_bias,bivpois_mse,pc_eta,pc_bias,pc_mse,lm_eta,lm_bias,lm_mse,team_strength_correlation,mu
bivnorm,0.5,0.11638666515164657,0.6110932579709587,0.1110932579709587,0.012341711966601979,0.607918505909326,0.10791850590932595,0.011646403917701218,0.7105263157894759,0.2105263157894759,0.04432132963989013,-0.4,NA
