true_params,bivpois_eta,bivpois_estimated_ha,bivpois_eta_bias,bivpois_eta_mse,lm_eta,lm_eta_bias,lm_eta_mse,team_strength_correlation,lambda3
0.21379143954257027,0.2649853368792623,0.30341186355272054,0.08962042401015027,0.00803182039975912,-0.13450292397659952,-0.34829436351916976,0.12130896365922357,0,0
