method,true_params,bivpois_eta,bivpois_estimated_ha,bivpois_bias,bivpois_mse,pc_eta,pc_bias,pc_mse,lm_eta,lm_bias,lm_mse,team_strength_correlation,mu
bivnorm,0.5,0.08379815477135534,0.4349077064438429,-0.06509229355615709,0.00423700668040093,0.43008316993534995,-0.06991683006465005,0.0048883631262891525,0.46198830409356023,-0.03801169590643977,0.0014448890256836499,-0.4,NA
