method,true_params,bivpois_eta,bivpois_estimated_ha,bivpois_bias,bivpois_mse,pc_eta,pc_bias,pc_mse,lm_eta,lm_bias,lm_mse,team_strength_correlation,mu
bivnorm,0.5,0.07969634470887374,0.40973672544073736,-0.09026327455926264,0.008147458734160831,0.4155378007091551,-0.08446219929084492,0.007133863109046404,0.8187134502923842,0.3187134502923842,0.10157826339727605,-0.4,NA
