method,true_params,bivpois_eta,bivpois_estimated_ha,bivpois_bias,bivpois_mse,pc_eta,pc_bias,pc_mse,lm_eta,lm_bias,lm_mse,team_strength_correlation,mu
bivnorm,0.5,0.11469989034589714,0.6028696392358333,0.10286963923583325,0.010582162676510484,0.5980220011157247,0.09802200111572468,0.00960831270273113,0.5584795321637318,0.05847953216373181,0.003419855682088943,-0.4,NA
