method,true_params,bivpois_eta,bivpois_estimated_ha,bivpois_bias,bivpois_mse,pc_eta,pc_bias,pc_mse,lm_eta,lm_bias,lm_mse,team_strength_correlation,mu
bivnorm,0.5,0.11246848134451094,0.5768219321060286,0.07682193210602861,0.0059016092525032695,0.5789894492246029,0.07898944922460294,0.006239333088806125,0.801169590643282,0.30116959064328197,0.09070312232824204,-0.4,NA
