method,true_params,bivpois_eta,bivpois_estimated_ha,bivpois_bias,bivpois_mse,pc_eta,pc_bias,pc_mse,lm_eta,lm_bias,lm_mse,team_strength_correlation,mu
bivnorm,0.5,0.08871263147602867,0.46716560225633774,-0.03283439774366226,0.0010780976751890133,0.47169303687742936,-0.02830696312257064,8.012841612225741e-4,0.3654970760233976,-0.1345029239766024,0.018091036558255686,-0.4,NA
