method,true_params,bivpois_eta,bivpois_estimated_ha,bivpois_bias,bivpois_mse,pc_eta,pc_bias,pc_mse,lm_eta,lm_bias,lm_mse,team_strength_correlation,mu
bivnorm,0.5,0.11341855170177095,0.5714182523410214,0.0714182523410214,0.005100566767445807,0.580536355920528,0.08053635592052799,0.006486104624957964,1.9678362573099475,1.4678362573099475,2.154543278273674,-0.4,NA
