method,true_params,bivpois_eta,bivpois_estimated_ha,bivpois_bias,bivpois_mse,pc_eta,pc_bias,pc_mse,lm_eta,lm_bias,lm_mse,team_strength_correlation,mu
bivnorm,0.5,0.11800921766264372,0.6177983232111659,0.1177983232111659,0.013876444951362307,0.615370396259059,0.11537039625905898,0.01331032833297229,0.593567251461992,0.09356725146199196,0.008754830546151638,-0.4,NA
