method,true_params,bivpois_eta,bivpois_estimated_ha,bivpois_bias,bivpois_mse,pc_eta,pc_bias,pc_mse,lm_eta,lm_bias,lm_mse,team_strength_correlation,mu
bivnorm,0.5,0.1239009334542602,0.6384160988923444,0.1384160988923444,0.019159016432575268,0.6375527971602603,0.13755279716026025,0.0189207720066117,1.0116959064327515,0.5116959064327515,0.2618327006600352,-0.4,NA
