method,true_params,bivpois_eta,bivpois_estimated_ha,bivpois_bias,bivpois_mse,pc_eta,pc_bias,pc_mse,lm_eta,lm_bias,lm_mse,team_strength_correlation,mu
bivnorm,0.5,0.07643986588467222,0.40449906467215424,-0.09550093532784576,0.009120428648493379,0.3956225512764844,-0.10437744872351562,0.010894651802030133,-0.43859649122806216,-0.9385964912280622,0.8809633733456299,-0.4,NA
