method,true_params,bivpois_eta,bivpois_estimated_ha,bivpois_bias,bivpois_mse,pc_eta,pc_bias,pc_mse,lm_eta,lm_bias,lm_mse,team_strength_correlation,mu
bivnorm,0.5,0.07098961010578327,0.37821363749904524,-0.12178636250095476,0.01483191809121396,0.37794898862177323,-0.12205101137822677,0.014896449378448041,0.9736842105263028,0.47368421052630283,0.22437673130192679,-0.4,NA
