method,true_params,bivpois_eta,bivpois_estimated_ha,bivpois_bias,bivpois_mse,pc_eta,pc_bias,pc_mse,lm_eta,lm_bias,lm_mse,team_strength_correlation,mu
bivnorm,0.5,0.12053798889575744,0.6296373882802744,0.12963738828027438,0.016805852440130623,0.6292956236350623,0.1292956236350623,0.016717358291179683,-0.2573099415204658,-0.7573099415204658,0.5735183475257314,-0.4,NA
