method,true_params,bivpois_eta,bivpois_estimated_ha,bivpois_bias,bivpois_mse,pc_eta,pc_bias,pc_mse,lm_eta,lm_bias,lm_mse,team_strength_correlation,mu
bivnorm,0.5,0.12272746454737594,0.6301399483554517,0.13013994835545173,0.016936406157959643,0.636564767250419,0.136564767250419,0.018649935654161114,1.1257309941520566,0.6257309941520566,0.39153927704252106,-0.4,NA
