method,true_params,bivpois_eta,bivpois_estimated_ha,bivpois_bias,bivpois_mse,pc_eta,pc_bias,pc_mse,lm_eta,lm_bias,lm_mse,team_strength_correlation,mu
bivnorm,0.5,0.09382405803549095,0.48647115134196195,-0.01352884865803805,1.8302974601209796e-4,0.4957197049818973,-0.0042802950181026755,1.8320925441994583e-5,0.672514619883042,0.17251461988304195,0.029761294073390454,-0.4,NA
