method,true_params,bivpois_eta,bivpois_estimated_ha,bivpois_bias,bivpois_mse,pc_eta,pc_bias,pc_mse,lm_eta,lm_bias,lm_mse,team_strength_correlation,mu
bivnorm,0.5,0.07830795981422069,0.4193017857455388,-0.08069821425446122,0.006512201783858928,0.42865285140848636,-0.07134714859151364,0.0050904156121395275,-0.14327485380116486,-0.6432748538011649,0.4138025375329101,-0.4,NA
