method,true_params,bivpois_eta,bivpois_estimated_ha,bivpois_bias,bivpois_mse,pc_eta,pc_bias,pc_mse,lm_eta,lm_bias,lm_mse,team_strength_correlation,mu
bivnorm,0.5,0.10610774142544609,0.5361211855308463,0.03612118553084631,0.001304740044153821,0.5376577628413294,0.03765776284132938,0.0014181071022138078,0.6842105263157795,0.1842105263157795,0.03393351800553649,-0.4,NA
