method,true_params,bivpois_eta,bivpois_estimated_ha,bivpois_bias,bivpois_mse,pc_eta,pc_bias,pc_mse,lm_eta,lm_bias,lm_mse,team_strength_correlation,mu
bivnorm,0.5,0.09713239164046487,0.5239453209268552,0.023945320926855196,5.733783942900893e-4,0.5255568775420544,0.02555687754205438,6.531539896995635e-4,0.24853801169590412,-0.2514619883040959,0.06323313156184926,-0.4,NA
