method,true_params,bivpois_eta,bivpois_estimated_ha,bivpois_bias,bivpois_mse,pc_eta,pc_bias,pc_mse,lm_eta,lm_bias,lm_mse,team_strength_correlation,mu
bivnorm,0.5,0.11458205967373379,0.5804973635415163,0.08049736354151626,0.006479825537135032,0.5915773299805143,0.09157732998051427,0.008386407366359996,0.9561403508771906,0.4561403508771906,0.20806401969836658,-0.4,NA
