method,true_params,bivpois_eta,bivpois_estimated_ha,bivpois_bias,bivpois_mse,pc_eta,pc_bias,pc_mse,lm_eta,lm_bias,lm_mse,team_strength_correlation,mu
bivnorm,0.5,0.10856361266578449,0.5871642944496722,0.08716429444967222,0.007597614226909159,0.5877789363250882,0.08777893632508815,0.00770514166236388,0.4590643274853705,-0.040935672514629484,0.0016757292842249918,-0.4,NA
