method,true_params,bivpois_eta,bivpois_estimated_ha,bivpois_bias,bivpois_mse,pc_eta,pc_bias,pc_mse,lm_eta,lm_bias,lm_mse,team_strength_correlation,mu
bivnorm,0.5,0.0876224832071868,0.4533137523004873,-0.046686247699512684,0.0021796057242602536,0.4569764321117558,-0.043023567888244185,0.0018510273938343563,0.4385964912280701,-0.061403508771929904,0.003770390889504473,-0.4,NA
