method,true_params,bivpois_eta,bivpois_estimated_ha,bivpois_bias,bivpois_mse,pc_eta,pc_bias,pc_mse,lm_eta,lm_bias,lm_mse,team_strength_correlation,mu
bivnorm,0.5,0.06692246322802954,0.3511688896020244,-0.14883111039797559,0.022150699422294397,0.3501595951082065,-0.1498404048917935,0.022452146938136616,0.5584795321637456,0.05847953216374557,0.003419855682090553,-0.4,NA
