method,true_params,bivpois_eta,bivpois_estimated_ha,bivpois_bias,bivpois_mse,pc_eta,pc_bias,pc_mse,lm_eta,lm_bias,lm_mse,team_strength_correlation,mu
bivnorm,0.5,0.10572041559976193,0.5470180076544278,0.04701800765442776,0.0022106930437918275,0.550599973262114,0.05059997326211396,0.002560357294126648,0.6666666666666667,0.16666666666666674,0.027777777777777804,-0.4,NA
