true_params,bivpois_eta,bivpois_estimated_ha,bivpois_eta_bias,bivpois_eta_mse,lm_eta,lm_eta_bias,lm_eta_mse,team_strength_correlation,lambda3
0.3743012539028397,0.33657560750727217,0.4001447267206186,0.025843472817778934,6.678850872832786e-4,-0.38011695906433013,-0.7544182129671698,0.569146840056578,-0.5,0
