method,true_params,bivpois_eta,bivpois_estimated_ha,bivpois_bias,bivpois_mse,pc_eta,pc_bias,pc_mse,lm_eta,lm_bias,lm_mse,team_strength_correlation,mu
bivnorm,0.5,0.08570609226913893,0.4619803341431705,-0.038019665856829477,0.001445494991864965,0.4721124931769066,-0.027887506823093378,7.777130368080797e-4,1.2543859649122842,0.7543859649122842,0.569098184056638,0,NA
