method,true_params,bivpois_eta,bivpois_estimated_ha,bivpois_bias,bivpois_mse,pc_eta,pc_bias,pc_mse,lm_eta,lm_bias,lm_mse,team_strength_correlation,mu
bivnorm,0.5,0.09666392208500695,0.5061699528383077,0.00616995283830768,3.806831802694099e-5,0.514711155373193,0.014711155373193008,2.164180924142255e-4,0.4883040935672475,-0.011695906432752479,1.3679422728370082e-4,0,NA
