method,true_params,bivpois_eta,bivpois_estimated_ha,bivpois_bias,bivpois_mse,pc_eta,pc_bias,pc_mse,lm_eta,lm_bias,lm_mse,team_strength_correlation,mu
bivpois,0.25,0.16467639252321975,0.18270911118078503,-0.06729088881921497,0.00452806371807995,0.19625738454656763,-0.05374261545343237,0.0028882687157755077,0.11403508771929238,-0.13596491228070762,0.018486457371500516,-0.8,1
