method,true_params,bivpois_eta,bivpois_estimated_ha,bivpois_bias,bivpois_mse,pc_eta,pc_bias,pc_mse,lm_eta,lm_bias,lm_mse,team_strength_correlation,mu
bivnorm,0.5,0.1255466373426756,0.640847261881138,0.14084726188113805,0.019837951179413886,0.6331592400754974,0.1331592400754974,0.01773138321748395,0.742690058479523,0.24269005847952296,0.05889846448479428,0,NA
