method,true_params,bivpois_eta,bivpois_estimated_ha,bivpois_bias,bivpois_mse,pc_eta,pc_bias,pc_mse,lm_eta,lm_bias,lm_mse,team_strength_correlation,mu
bivnorm,0.5,0.08826088137864624,0.45631669456041823,-0.043683305439581765,0.0019082311741277938,0.45955080719894975,-0.04044919280105025,0.0016361371982565353,-0.12280701754386993,-0.6228070175438699,0.3878885811018903,0,NA
