method,true_params,bivpois_eta,bivpois_estimated_ha,bivpois_bias,bivpois_mse,pc_eta,pc_bias,pc_mse,lm_eta,lm_bias,lm_mse,team_strength_correlation,mu
bivnorm,0.5,0.08389611471922796,0.43123192391439247,-0.06876807608560753,0.004729048288515907,0.43422829247639383,-0.06577170752360617,0.0043259175105707925,0.5760233918128705,0.07602339181287054,0.0057795561027332324,0,NA
