method,true_params,bivpois_eta,bivpois_estimated_ha,bivpois_bias,bivpois_mse,pc_eta,pc_bias,pc_mse,lm_eta,lm_bias,lm_mse,team_strength_correlation,mu
bivnorm,0.5,0.09494984951094458,0.5064539979753091,0.0064539979753091,4.165408986529397e-5,0.5110204636266821,0.011020463626682075,1.2145061854702264e-4,0.2660818713450313,-0.2339181286549687,0.05471769091344249,0,NA
