method,true_params,bivpois_eta,bivpois_estimated_ha,bivpois_bias,bivpois_mse,pc_eta,pc_bias,pc_mse,lm_eta,lm_bias,lm_mse,team_strength_correlation,mu
bivnorm,0.5,0.09541550955566913,0.5003751455126686,3.751455126685954e-4,1.4073415567538328e-7,0.4999155385449126,-8.446145508739233e-5,7.133737395479592e-9,0.6666666666666734,0.1666666666666734,0.027777777777780024,0,NA
