method,true_params,bivpois_eta,bivpois_estimated_ha,bivpois_bias,bivpois_mse,pc_eta,pc_bias,pc_mse,lm_eta,lm_bias,lm_mse,team_strength_correlation,mu
bivnorm,0.5,0.08206712505946759,0.4415330955065979,-0.05846690449340208,0.0034183789210406007,0.4399878029985063,-0.06001219700149368,0.0036014637889460873,0.008771929824557361,-0.4912280701754426,0.24130501692828957,0,NA
