method,true_params,bivpois_eta,bivpois_estimated_ha,bivpois_bias,bivpois_mse,pc_eta,pc_bias,pc_mse,lm_eta,lm_bias,lm_mse,team_strength_correlation,mu
bivnorm,0.5,0.08350034326456728,0.4383385133250215,-0.061661486674978505,0.003802138938968552,0.45011859185772435,-0.04988140814227565,0.0024881548782562835,0.22222222222222918,-0.2777777777777708,0.07716049382715662,0,NA
