method,true_params,bivpois_eta,bivpois_estimated_ha,bivpois_bias,bivpois_mse,pc_eta,pc_bias,pc_mse,lm_eta,lm_bias,lm_mse,team_strength_correlation,mu
bivnorm,0.5,0.1057843318093018,0.555700991800971,0.05570099180097099,0.0031026004876118373,0.5518308682269419,0.05183086822694194,0.0026864389011586193,0.055555555555570325,-0.44444444444442965,0.19753086419751772,0,NA
