method,true_params,bivpois_eta,bivpois_estimated_ha,bivpois_bias,bivpois_mse,pc_eta,pc_bias,pc_mse,lm_eta,lm_bias,lm_mse,team_strength_correlation,mu
bivnorm,0.5,0.1062467917026981,0.5341423955016511,0.0341423955016511,0.0011657031705911655,0.5369230987348531,0.03692309873485311,0.0013633152201837113,0.9561403508771937,0.45614035087719373,0.2080640196983694,0,NA
