method,true_params,bivpois_eta,bivpois_estimated_ha,bivpois_bias,bivpois_mse,pc_eta,pc_bias,pc_mse,lm_eta,lm_bias,lm_mse,team_strength_correlation,mu
bivnorm,0.5,0.09994025694333618,0.5188153664381119,0.01881536643811188,3.5401801420042696e-4,0.5169112096858682,0.016911209685868234,2.8598901303940354e-4,0.15204678362573326,-0.34795321637426674,0.12107144078519728,0,NA
