method,true_params,bivpois_eta,bivpois_estimated_ha,bivpois_bias,bivpois_mse,pc_eta,pc_bias,pc_mse,lm_eta,lm_bias,lm_mse,team_strength_correlation,mu
bivnorm,0.5,0.09019128331945846,0.46368787343893736,-0.03631212656106264,0.0013185705353866309,0.468502304746754,-0.03149769525324603,9.921048062663572e-4,0.25730994152046804,-0.24269005847953196,0.05889846448479864,0,NA
