method,true_params,bivpois_eta,bivpois_estimated_ha,bivpois_bias,bivpois_mse,pc_eta,pc_bias,pc_mse,lm_eta,lm_bias,lm_mse,team_strength_correlation,mu
bivnorm,0.5,0.09003072274501968,0.477086960844459,-0.022913039155540993,5.250073633433547e-4,0.47111894019427536,-0.02888105980572464,8.341156155018434e-4,0.6432748538011714,0.14327485380117144,0.02052768373174705,0,NA
