method,true_params,bivpois_eta,bivpois_estimated_ha,bivpois_bias,bivpois_mse,pc_eta,pc_bias,pc_mse,lm_eta,lm_bias,lm_mse,team_strength_correlation,mu
bivnorm,0.5,0.08211493619138405,0.44416786502052386,-0.055832134979476145,0.0031172272963664437,0.4387034433179941,-0.0612965566820059,0.003757267861070362,0.1783625730994155,-0.3216374269005845,0.10345063438322884,0,NA
