method,true_params,bivpois_eta,bivpois_estimated_ha,bivpois_bias,bivpois_mse,pc_eta,pc_bias,pc_mse,lm_eta,lm_bias,lm_mse,team_strength_correlation,mu
bivnorm,0.5,0.07088978214578379,0.3658628834678659,-0.13413711653213412,0.017992766031555328,0.36264062673218744,-0.13735937326781256,0.018867597424526258,0.1491228070175469,-0.3508771929824531,0.12311480455524565,0,NA
