method,true_params,bivpois_eta,bivpois_estimated_ha,bivpois_bias,bivpois_mse,pc_eta,pc_bias,pc_mse,lm_eta,lm_bias,lm_mse,team_strength_correlation,mu
bivnorm,0.5,0.09629066505993499,0.5086502639957473,0.00865026399574731,7.482706719612221e-5,0.5145966708391764,0.014596670839176373,2.1306279958726188e-4,0.20760233918128967,-0.2923976608187103,0.08549639205225357,0,NA
