method,true_params,bivpois_eta,bivpois_estimated_ha,bivpois_bias,bivpois_mse,pc_eta,pc_bias,pc_mse,lm_eta,lm_bias,lm_mse,team_strength_correlation,mu
bivnorm,0.5,0.1035729548787281,0.5557571567885757,0.055757156788575735,0.003108860533145817,0.5455993372981885,0.04559933729818855,0.002079299562033969,0.4502923976608148,-0.0497076023391852,0.0024708457303105696,0,NA
