method,true_params,bivpois_eta,bivpois_estimated_ha,bivpois_bias,bivpois_mse,pc_eta,pc_bias,pc_mse,lm_eta,lm_bias,lm_mse,team_strength_correlation,mu
bivnorm,0.5,0.09263931711515512,0.4723367233175457,-0.027663276682454274,7.652568768100183e-4,0.48114633880362234,-0.018853661196377658,3.554605405077966e-4,0.13157894736841533,-0.36842105263158464,0.13573407202216486,0,NA
