method,true_params,bivpois_eta,bivpois_estimated_ha,bivpois_bias,bivpois_mse,pc_eta,pc_bias,pc_mse,lm_eta,lm_bias,lm_mse,team_strength_correlation,mu
bivnorm,0.5,0.08334038503469506,0.43698519218840737,-0.06301480781159263,0.003970866003531956,0.44635356191931574,-0.053646438080684256,0.0028779403187446898,-0.44152046783625803,-0.9415204678362581,0.8864607913546063,0,NA
