method,true_params,bivpois_eta,bivpois_estimated_ha,bivpois_bias,bivpois_mse,pc_eta,pc_bias,pc_mse,lm_eta,lm_bias,lm_mse,team_strength_correlation,mu
bivnorm,0.5,0.07677863054486257,0.4232918014185767,-0.0767081985814233,0.005884147729607072,0.4268517639332836,-0.07314823606671639,0.0053506644396720685,0.026315789473673638,-0.47368421052632637,0.22437673130194907,0,NA
