method,true_params,bivpois_eta,bivpois_estimated_ha,bivpois_bias,bivpois_mse,pc_eta,pc_bias,pc_mse,lm_eta,lm_bias,lm_mse,team_strength_correlation,mu
bivnorm,0.5,0.0764583284085975,0.4191505277887986,-0.08084947221120142,0.006536637156829831,0.41195201622501804,-0.08804798377498196,0.007752447446839487,0.8187134502924095,0.3187134502924095,0.10157826339729217,0,NA
