method,true_params,bivpois_eta,bivpois_estimated_ha,bivpois_bias,bivpois_mse,pc_eta,pc_bias,pc_mse,lm_eta,lm_bias,lm_mse,team_strength_correlation,mu
bivnorm,0.5,0.09394234940209444,0.4644846119051653,-0.03551538809483468,0.0012613427915267247,0.46922552994059186,-0.030774470059408143,9.470680074374082e-4,0.08771929824561218,-0.4122807017543878,0.16997537703909046,0,NA
