method,true_params,bivpois_eta,bivpois_estimated_ha,bivpois_bias,bivpois_mse,pc_eta,pc_bias,pc_mse,lm_eta,lm_bias,lm_mse,team_strength_correlation,mu
bivnorm,0.5,0.09771343849973621,0.5024851153018481,0.0024851153018481398,6.175798063479771e-6,0.5022470243714122,0.0022470243714122207,5.049118525720485e-6,0.27192982456140563,-0.22807017543859437,0.052016004924591214,0,NA
