method,true_params,bivpois_eta,bivpois_estimated_ha,bivpois_bias,bivpois_mse,pc_eta,pc_bias,pc_mse,lm_eta,lm_bias,lm_mse,team_strength_correlation,mu
bivnorm,0.5,0.10844198597138544,0.5882797058253431,0.08827970582534306,0.007793306460609109,0.5953592935333821,0.09535929353338213,0.009093394863185734,0.9532163742690104,0.4532163742690104,0.2054050819055477,0,NA
