method,true_params,bivpois_eta,bivpois_estimated_ha,bivpois_bias,bivpois_mse,pc_eta,pc_bias,pc_mse,lm_eta,lm_bias,lm_mse,team_strength_correlation,mu
bivnorm,0.5,0.07921143866387016,0.42916873601554784,-0.07083126398445216,0.00501706795763515,0.42966599245486653,-0.07033400754513347,0.004946872617358892,0.301169590643277,-0.19883040935672303,0.03953353168496205,0,NA
