method,true_params,bivpois_eta,bivpois_estimated_ha,bivpois_bias,bivpois_mse,pc_eta,pc_bias,pc_mse,lm_eta,lm_bias,lm_mse,team_strength_correlation,mu
bivnorm,0.5,0.11994573553792083,0.6537662576876109,0.15376625768761087,0.02364406200325275,0.6578565937683701,0.15785659376837013,0.024918704196152233,-0.3391812865497102,-0.8391812865497101,0.7042252316952267,0,NA
