method,true_params,bivpois_eta,bivpois_estimated_ha,bivpois_bias,bivpois_mse,pc_eta,pc_bias,pc_mse,lm_eta,lm_bias,lm_mse,team_strength_correlation,mu
bivnorm,0.5,0.07224222771248932,0.38135225332884826,-0.11864774667115174,0.0140772877901418,0.38818598710827085,-0.11181401289172915,0.012502373478951773,0.17836257309940937,-0.3216374269005906,0.10345063438323276,0,NA
