method,true_params,bivpois_eta,bivpois_estimated_ha,bivpois_bias,bivpois_mse,pc_eta,pc_bias,pc_mse,lm_eta,lm_bias,lm_mse,team_strength_correlation,mu
bivnorm,0.5,0.09022542360915888,0.45567924642777147,-0.04432075357222853,0.001964329197210208,0.44892069935188034,-0.05107930064811966,0.0026090949547009977,-0.05263157894735948,-0.5526315789473595,0.30540166204985164,0,NA
