method,true_params,bivpois_eta,bivpois_estimated_ha,bivpois_bias,bivpois_mse,pc_eta,pc_bias,pc_mse,lm_eta,lm_bias,lm_mse,team_strength_correlation,mu
bivnorm,0.5,0.08852833544406208,0.45783120256334087,-0.04216879743665913,0.00177820747725399,0.46305531230148717,-0.036944687698512835,0.0013649099491406455,0.7631578947368367,0.2631578947368367,0.06925207756232403,0,NA
