method,true_params,bivpois_eta,bivpois_estimated_ha,bivpois_bias,bivpois_mse,pc_eta,pc_bias,pc_mse,lm_eta,lm_bias,lm_mse,team_strength_correlation,mu
bivnorm,0.5,0.08765590835131908,0.4556624549275554,-0.044337545072444584,0.001965817903051055,0.4483264535577011,-0.05167354644229888,0.002670155401924419,0.6140350877192955,0.11403508771929549,0.013004001231147417,0,NA
