method,true_params,bivpois_eta,bivpois_estimated_ha,bivpois_bias,bivpois_mse,pc_eta,pc_bias,pc_mse,lm_eta,lm_bias,lm_mse,team_strength_correlation,mu
bivnorm,0.5,0.09109215007921237,0.478756787240914,-0.021243212759086028,4.5127408832779537e-4,0.4770939031397155,-0.022906096860284497,5.246892733727353e-4,1.0818713450292416,0.5818713450292416,0.3385742621661388,0,NA
