method,true_params,bivpois_eta,bivpois_estimated_ha,bivpois_bias,bivpois_mse,pc_eta,pc_bias,pc_mse,lm_eta,lm_bias,lm_mse,team_strength_correlation,mu
bivnorm,0.5,0.102745622445863,0.5177499203011449,0.01774992030114486,3.150596706969945e-4,0.5203979820682648,0.02039798206826482,4.160776724572531e-4,-0.023391812865495357,-0.5233918128654954,0.27393898977462977,0,NA
