method,true_params,bivpois_eta,bivpois_estimated_ha,bivpois_bias,bivpois_mse,pc_eta,pc_bias,pc_mse,lm_eta,lm_bias,lm_mse,team_strength_correlation,mu
bivnorm,0.5,0.12043798757657039,0.6297552920265295,0.12975529202652947,0.01683643580888994,0.6348553047298982,0.13485530472989815,0.018185953213793692,0.07309941520468245,-0.42690058479531756,0.18224410929858412,0,NA
