method,true_params,bivpois_eta,bivpois_estimated_ha,bivpois_bias,bivpois_mse,pc_eta,pc_bias,pc_mse,lm_eta,lm_bias,lm_mse,team_strength_correlation,mu
bivnorm,0.5,0.07565571525438143,0.404886742878694,-0.09511325712130603,0.009046531680223673,0.40735129634303574,-0.09264870365696426,0.0085837822893159825,0.4356725146198872,-0.06432748538011279,0.004138025375328625,0,NA
