method,true_params,bivpois_eta,bivpois_estimated_ha,bivpois_bias,bivpois_mse,pc_eta,pc_bias,pc_mse,lm_eta,lm_bias,lm_mse,team_strength_correlation,mu
bivnorm,0.5,0.10174792367206147,0.5261375455711166,0.026137545571116583,6.831712884821961e-4,0.5293956220788856,0.029395622078885575,8.641025974046651e-4,0.9122807017543925,0.41228070175439246,0.16997537703909432,0,NA
