method,true_params,bivpois_eta,bivpois_estimated_ha,bivpois_bias,bivpois_mse,pc_eta,pc_bias,pc_mse,lm_eta,lm_bias,lm_mse,team_strength_correlation,mu
bivnorm,0.5,0.09431287241766345,0.4940229893853969,-0.0059770106146030955,3.5724655887078074e-5,0.4914697490300368,-0.008530250969963182,7.276518161055781e-5,-0.15789473684211303,-0.6578947368421131,0.43282548476455324,0,NA
