method,true_params,bivpois_eta,bivpois_estimated_ha,bivpois_bias,bivpois_mse,pc_eta,pc_bias,pc_mse,lm_eta,lm_bias,lm_mse,team_strength_correlation,mu
bivnorm,0.5,0.11168227791794567,0.5607376860947619,0.060737686094761933,0.003689066512145837,0.5591702285577252,0.059170228557725246,0.003501115947573444,0.8216374269005807,0.3216374269005807,0.10345063438322641,0,NA
