method,true_params,bivpois_eta,bivpois_estimated_ha,bivpois_bias,bivpois_mse,pc_eta,pc_bias,pc_mse,lm_eta,lm_bias,lm_mse,team_strength_correlation,mu
bivnorm,0.5,0.07945721811173946,0.4133701040002462,-0.08662989599975379,0.007504738880928158,0.4243368782590686,-0.07566312174093143,0.00572490799158301,0.5350877192982589,0.035087719298258935,0.0012311480455534124,0,NA
