method,true_params,bivpois_eta,bivpois_estimated_ha,bivpois_bias,bivpois_mse,pc_eta,pc_bias,pc_mse,lm_eta,lm_bias,lm_mse,team_strength_correlation,mu
bivnorm,0.5,0.08644572914362278,0.4352575422068128,-0.06474245779318721,0.004191585841102628,0.43996915761195365,-0.060030842388046346,0.0036037020378184618,1.3421052631578922,0.8421052631578922,0.7091412742382229,0,NA
