method,true_params,bivpois_eta,bivpois_estimated_ha,bivpois_bias,bivpois_mse,pc_eta,pc_bias,pc_mse,lm_eta,lm_bias,lm_mse,team_strength_correlation,mu
bivnorm,0.5,0.10666509144807651,0.5632628212625841,0.06326282126258409,0.004002184554101662,0.5620695948885454,0.062069594888545354,0.0038526346096281355,-0.4590643274853797,-0.9590643274853796,0.9198043842549835,0,NA
