method,true_params,bivpois_eta,bivpois_estimated_ha,bivpois_bias,bivpois_mse,pc_eta,pc_bias,pc_mse,lm_eta,lm_bias,lm_mse,team_strength_correlation,mu
bivnorm,0.5,0.10032575220213483,0.5324577707051406,0.032457770705140554,0.0010535068791474804,0.5431060962535733,0.04310609625357331,0.001858135534222327,0.06432748538011417,-0.4356725146198858,0.18981053999521463,0,NA
