method,true_params,bivpois_eta,bivpois_estimated_ha,bivpois_bias,bivpois_mse,pc_eta,pc_bias,pc_mse,lm_eta,lm_bias,lm_mse,team_strength_correlation,mu
bivnorm,0.5,0.09295189680957185,0.4648671832527729,-0.035132816747227125,0.0012343148125942428,0.47181568316115907,-0.028184316838840928,7.943557156721723e-4,-0.35380116959065644,-0.8538011695906564,0.7289764371943729,0,NA
