true_params,bivpois_eta,bivpois_estimated_ha,bivpois_eta_bias,bivpois_eta_mse,lm_eta,lm_eta_bias,lm_eta_mse,team_strength_correlation,lambda3
0.4018393439594831,0.32767827775545966,0.387742432852088,-0.014096911107395138,1.9872290276980043e-4,-0.19005847953217217,-0.5918978234916553,0.35034303345415874,0,0
