true_params,bivpois_eta,bivpois_estimated_ha,bivpois_eta_bias,bivpois_eta_mse,lm_eta,lm_eta_bias,lm_eta_mse,team_strength_correlation,lambda3
0.3996531527250818,0.4608409550781626,0.5854066803462692,0.1857535276211874,0.034504373023715236,-0.12280701754386186,-0.5224601702689436,0.2729646295174536,0,0
