method,true_params,bivpois_eta,bivpois_estimated_ha,bivpois_bias,bivpois_mse,pc_eta,pc_bias,pc_mse,lm_eta,lm_bias,lm_mse,team_strength_correlation,mu
bivpois,0.25,0.298220221075248,0.34462522867599954,0.09462522867599954,0.008953933901985206,0.3700986360417933,0.12009863604179333,0.01442368237909914,1.3684210526315777,1.1184210526315777,1.2508656509695262,-0.8,1
