method,true_params,bivpois_eta,bivpois_estimated_ha,bivpois_bias,bivpois_mse,pc_eta,pc_bias,pc_mse,lm_eta,lm_bias,lm_mse,team_strength_correlation,mu
bivpois,0.25,0.22124417673567642,0.26944146128277335,0.019441461282773354,3.7797041680957534e-4,0.3049982875385189,0.054998287538518875,0.0030248116321696006,-0.3918128654970855,-0.6418128654970855,0.41192375431757994,-0.8,1
