method,true_params,bivpois_eta,bivpois_estimated_ha,bivpois_bias,bivpois_mse,pc_eta,pc_bias,pc_mse,lm_eta,lm_bias,lm_mse,team_strength_correlation,mu
bivpois,0.25,0.11463954513697247,0.13749634141681288,-0.11250365858318712,0.012657073194602332,0.15683525957791483,-0.09316474042208517,0.00867966885791451,1.216374269005853,0.966374269005853,0.9338792277965967,-0.8,1
