true_params,bivpois_eta,bivpois_estimated_ha,bivpois_eta_bias,bivpois_eta_mse,lm_eta,lm_eta_bias,lm_eta_mse,team_strength_correlation,lambda3
0.11101840508149231,0.18350950795672594,0.20142638846749827,0.09040798338600596,0.00817360345992433,-0.7280701754385976,-0.8390885805200899,0.7040696459592195,0,0
