method,true_params,bivpois_eta,bivpois_estimated_ha,bivpois_bias,bivpois_mse,pc_eta,pc_bias,pc_mse,lm_eta,lm_bias,lm_mse,team_strength_correlation,mu
bivpois,0.25,0.14516571990797403,0.17177506353013738,-0.07822493646986262,0.006119140685714042,0.2075696239506021,-0.042430376049397894,0.0018003368116933185,1.2719298245614077,1.0219298245614077,1.0443405663281096,-0.4,1
