method,true_params,bivpois_eta,bivpois_estimated_ha,bivpois_bias,bivpois_mse,pc_eta,pc_bias,pc_mse,lm_eta,lm_bias,lm_mse,team_strength_correlation,mu
bivpois,0.25,0.14896056968255175,0.16556047359973292,-0.08443952640026708,0.007130033618701402,0.18379702209053353,-0.06620297790946647,0.004382834284081306,-0.7076023391812856,-0.9576023391812856,0.9170022400054699,-0.4,1
