method,true_params,bivpois_eta,bivpois_estimated_ha,bivpois_bias,bivpois_mse,pc_eta,pc_bias,pc_mse,lm_eta,lm_bias,lm_mse,team_strength_correlation,mu
bivpois,0,0.09352503005392095,0.08910095928053141,0.08910095928053141,0.007938980944710917,0.09086685783427881,0.09086685783427881,0.008256785852675036,0.397660818713441,0.397660818713441,0.1581341267398442,-0.8,1
