true_params,bivpois_eta,bivpois_estimated_ha,bivpois_eta_bias,bivpois_eta_mse,lm_eta,lm_eta_bias,lm_eta_mse,team_strength_correlation,lambda3
0.084777444708061,-0.025413071284899218,-0.025092877294125127,-0.10987032200218613,0.012071487656864065,0.5818713450292454,0.4970939003211844,0.2471023457365276,0.5,0
