method,true_params,bivpois_eta,bivpois_estimated_ha,bivpois_bias,bivpois_mse,pc_eta,pc_bias,pc_mse,lm_eta,lm_bias,lm_mse,team_strength_correlation,mu
bivpois,0.25,0.2461518890794521,0.27601963522882034,0.026019635228820337,6.770214174408683e-4,0.29773578421454966,0.04773578421454966,0.0022787050945780483,-0.3859649122806995,-0.6359649122806995,0.4044513696521978,-0.4,1
