true_params,bivpois_eta,bivpois_estimated_ha,bivpois_eta_bias,bivpois_eta_mse,lm_eta,lm_eta_bias,lm_eta_mse,team_strength_correlation,lambda3
0.6279665124642841,0.6724922150539269,0.9591137743670473,0.3311472619027631,0.10965850906569719,1.3421052631578922,0.7141387506936081,0.5099941552422274,0.5,0
