method,true_params,bivpois_eta,bivpois_estimated_ha,bivpois_bias,bivpois_mse,pc_eta,pc_bias,pc_mse,lm_eta,lm_bias,lm_mse,team_strength_correlation,mu
bivpois,0.25,0.14357961431176866,0.15610872868983816,-0.09389127131016184,0.008815570828238419,0.17380965243748525,-0.07619034756251475,0.005804969061696797,-0.9707602339181248,-1.2207602339181247,1.4902555487158347,-0.4,1
