true_params,bivpois_eta,bivpois_estimated_ha,bivpois_eta_bias,bivpois_eta_mse,lm_eta,lm_eta_bias,lm_eta_mse,team_strength_correlation,lambda3
0.16123137541812382,0.19205049326423124,0.2117316997091201,0.05050032429099627,0.0025502827534957875,0.19005847953216248,0.02882710411403866,8.310019316016247e-4,0.5,0
