true_params,bivpois_eta,bivpois_estimated_ha,bivpois_eta_bias,bivpois_eta_mse,lm_eta,lm_eta_bias,lm_eta_mse,team_strength_correlation,lambda3
0.5143841253030821,0.4743051905837773,0.6068973221326379,0.09251319682955583,0.008558691587624139,0.19005847953216326,-0.3243256457709188,0.10518712450472352,0.5,0
