method,true_params,bivpois_eta,bivpois_estimated_ha,bivpois_bias,bivpois_mse,pc_eta,pc_bias,pc_mse,lm_eta,lm_bias,lm_mse,team_strength_correlation,mu
bivpois,0.25,0.1497940672356828,0.181784225819134,-0.068215774180866,0.0046533918470949035,0.20787315729349581,-0.042126842706504186,0.001774670876418545,0.43859649122806527,0.18859649122806527,0.0355686365035377,-0.4,1
