true_params,bivpois_eta,bivpois_estimated_ha,bivpois_eta_bias,bivpois_eta_mse,lm_eta,lm_eta_bias,lm_eta_mse,team_strength_correlation,lambda3
0.6275194562413677,0.6382806985580292,0.893223058385104,0.26570360214373623,0.07059840419215688,1.5438596491228165,0.9163401928814487,0.8396793490900107,0.5,0
