method,true_params,bivpois_eta,bivpois_estimated_ha,bivpois_bias,bivpois_mse,pc_eta,pc_bias,pc_mse,lm_eta,lm_bias,lm_mse,team_strength_correlation,mu
bivpois,0.25,0.25990577338931325,0.29910817041121773,0.04910817041121773,0.0024116124011372008,0.32997121662260387,0.07997121662260387,0.006395395488099433,0.24269005847952005,-0.007309941520479951,5.343524503283674e-5,-0.4,1
