method,true_params,bivpois_eta,bivpois_estimated_ha,bivpois_bias,bivpois_mse,pc_eta,pc_bias,pc_mse,lm_eta,lm_bias,lm_mse,team_strength_correlation,mu
bivpois,0.25,0.2326979582661168,0.24592811433492645,-0.004071885665073549,1.658025286943146e-5,0.28980295216451046,0.03980295216451046,0.0015842750010103082,0.1198830409356709,-0.1301169590643291,0.016930423036148296,-0.4,1
