method,true_params,bivpois_eta,bivpois_estimated_ha,bivpois_bias,bivpois_mse,pc_eta,pc_bias,pc_mse,lm_eta,lm_bias,lm_mse,team_strength_correlation,mu
bivpois,0.25,0.322643410284377,0.37128116125871036,0.12128116125871036,0.014709120076261305,0.41063931591803104,0.16063931591803104,0.025804989818612983,0.9356725146198875,0.6856725146198875,0.4701467973051599,0,1
