method,true_params,bivpois_eta,bivpois_estimated_ha,bivpois_bias,bivpois_mse,pc_eta,pc_bias,pc_mse,lm_eta,lm_bias,lm_mse,team_strength_correlation,mu
bivpois,0.25,0.17202225300618956,0.19728688706427677,-0.05271311293572323,0.0027786722753743113,0.217661036868897,-0.03233896313110299,0.0010458085363948383,-0.24561403508772386,-0.49561403508772384,0.24563327177593555,0,1
