true_params,bivpois_eta,bivpois_estimated_ha,bivpois_eta_bias,bivpois_eta_mse,lm_eta,lm_eta_bias,lm_eta_mse,team_strength_correlation,lambda3
0.5622320115196143,0.6302926004171675,0.8781600492867727,0.3159280377671584,0.09981052504740706,1.0789473684210504,0.5167153569014361,0.2669947600577785,-0.5,0
