method,true_params,bivpois_eta,bivpois_estimated_ha,bivpois_bias,bivpois_mse,pc_eta,pc_bias,pc_mse,lm_eta,lm_bias,lm_mse,team_strength_correlation,mu
bivpois,0.25,0.3022956316010505,0.3488664634838743,0.09886646348387429,0.009774577601808249,0.39950706469395597,0.14950706469395597,0.022352362393402735,0.7192982456140417,0.46929824561404165,0.22024084333641736,0,1
