true_params,bivpois_eta,bivpois_estimated_ha,bivpois_eta_bias,bivpois_eta_mse,lm_eta,lm_eta_bias,lm_eta_mse,team_strength_correlation,lambda3
0.2980371657893028,0.1754517376922579,0.19178446899445278,-0.10625269679485,0.011289635576178327,0.01169590643274187,-0.2863412593565609,0.08199131680990128,0.5,0
