method,true_params,bivpois_eta,bivpois_estimated_ha,bivpois_bias,bivpois_mse,pc_eta,pc_bias,pc_mse,lm_eta,lm_bias,lm_mse,team_strength_correlation,mu
bivpois,0.25,0.15384592615489298,0.1346134116175156,-0.11538658838248439,0.013314064778548882,0.15285250236784723,-0.09714749763215277,0.009437636296189128,-0.22514619883041231,-0.4751461988304123,0.22576391026298973,0,1
