method,true_params,bivpois_eta,bivpois_estimated_ha,bivpois_bias,bivpois_mse,pc_eta,pc_bias,pc_mse,lm_eta,lm_bias,lm_mse,team_strength_correlation,mu
bivpois,0.25,0.15317477977275853,0.19620629750465213,-0.05379370249534787,0.002893762428157996,0.2223047230683219,-0.027695276931678087,7.670283643223404e-4,0.4210526315789529,0.1710526315789529,0.029259002770084995,0,1
