method,true_params,bivpois_eta,bivpois_estimated_ha,bivpois_bias,bivpois_mse,pc_eta,pc_bias,pc_mse,lm_eta,lm_bias,lm_mse,team_strength_correlation,mu
bivpois,0.25,0.310332927723424,0.328722453943191,0.078722453943191,0.006197224754837827,0.36821040875942496,0.11821040875942496,0.013973700739070333,0.08771929824561936,-0.16228070175438064,0.02633502616189424,0,1
