method,true_params,bivpois_eta,bivpois_estimated_ha,bivpois_bias,bivpois_mse,pc_eta,pc_bias,pc_mse,lm_eta,lm_bias,lm_mse,team_strength_correlation,mu
bivpois,0.25,0.31973711624584417,0.43354448830698034,0.18354448830698034,0.03368857918787124,0.46389214764216086,0.21389214764216086,0.04574985082297594,0.4853801169590549,0.23538011695905492,0.05540379945965837,0,1
