method,true_params,bivpois_eta,bivpois_estimated_ha,bivpois_bias,bivpois_mse,pc_eta,pc_bias,pc_mse,lm_eta,lm_bias,lm_mse,team_strength_correlation,mu
bivpois,0.25,0.26502212981867135,0.3052945674640184,0.055294567464018396,0.003057489191032882,0.350794849579297,0.10079484957929702,0.010159601701713112,0.05555555555556331,-0.1944444444444367,0.03780864197530563,0,1
