method,true_params,bivpois_eta,bivpois_estimated_ha,bivpois_bias,bivpois_mse,pc_eta,pc_bias,pc_mse,lm_eta,lm_bias,lm_mse,team_strength_correlation,mu
bivpois,0.25,0.35668717081203993,0.3471119877213661,0.09711198772136609,0.009430738159194757,0.40059227789333274,0.15059227789333274,0.022678034161102752,0.049707602339181534,-0.20029239766081847,0.04011704456071944,0,1
