method,true_params,bivpois_eta,bivpois_estimated_ha,bivpois_bias,bivpois_mse,pc_eta,pc_bias,pc_mse,lm_eta,lm_bias,lm_mse,team_strength_correlation,mu
bivpois,0.25,0.11486114904025119,0.13827919717203763,-0.11172080282796237,0.012481537784524445,0.1519043193447837,-0.09809568065521629,0.009622762563210175,-0.5555555555555568,-0.8055555555555568,0.6489197530864218,0,1
