true_params,bivpois_eta,bivpois_estimated_ha,bivpois_eta_bias,bivpois_eta_mse,lm_eta,lm_eta_bias,lm_eta_mse,team_strength_correlation,lambda3
0.39953817301486505,0.3828886121240623,0.46651466901633376,0.06697649600146871,0.004485851016634754,0.35087719298245656,-0.048660980032408485,0.0023678909777144572,0.5,0
