method,true_params,bivpois_eta,bivpois_estimated_ha,bivpois_bias,bivpois_mse,pc_eta,pc_bias,pc_mse,lm_eta,lm_bias,lm_mse,team_strength_correlation,mu
bivpois,0.25,0.2448103469202724,0.30500453551576445,0.05500453551576445,0.003025498927304993,0.3375929189460798,0.08759291894607979,0.007672519449494504,-0.43274853801169,-0.68274853801169,0.4661455661571001,0,1
