method,true_params,bivpois_eta,bivpois_estimated_ha,bivpois_bias,bivpois_mse,pc_eta,pc_bias,pc_mse,lm_eta,lm_bias,lm_mse,team_strength_correlation,mu
bivpois,0.25,0.20857698106363068,0.2610439148852617,0.011043914885261685,1.2196805599290463e-4,0.2937298602076582,0.04372986020765818,0.0019123006737813261,-0.1023391812865453,-0.3523391812865453,0.12414289866967303,0,1
