true_params,bivpois_eta,bivpois_estimated_ha,bivpois_eta_bias,bivpois_eta_mse,lm_eta,lm_eta_bias,lm_eta_mse,team_strength_correlation,lambda3
0.607080538931407,0.48708573118561366,0.627566136572137,0.02048559764072999,4.196597106978822e-4,0.8830409356725264,0.2759603967411194,0.07615414056951601,0.5,0
