method,true_params,bivpois_eta,bivpois_estimated_ha,bivpois_bias,bivpois_mse,pc_eta,pc_bias,pc_mse,lm_eta,lm_bias,lm_mse,team_strength_correlation,mu
bivpois,0.25,0.2616143732549837,0.28874617107660916,0.03874617107660916,0.0015012657730978643,0.3371765279411302,0.08717652794113018,0.007599747023870651,0.23976608187134463,-0.010233918128655373,1.0473308026402108e-4,0,1
