method,true_params,bivpois_eta,bivpois_estimated_ha,bivpois_bias,bivpois_mse,pc_eta,pc_bias,pc_mse,lm_eta,lm_bias,lm_mse,team_strength_correlation,mu
bivpois,0.25,0.40081535830716675,0.4396268592181738,0.1896268592181738,0.0359583457369491,0.4849044695133254,0.2349044695133254,0.05518010979733681,-0.3713450292397691,-0.6213450292397691,0.3860696453609695,0,1
