method,true_params,bivpois_eta,bivpois_estimated_ha,bivpois_bias,bivpois_mse,pc_eta,pc_bias,pc_mse,lm_eta,lm_bias,lm_mse,team_strength_correlation,mu
bivpois,0.25,0.22438935679262695,0.24034857131865128,-0.009651428681348717,9.315007559116064e-5,0.27314666992430564,0.02314666992430564,5.357683285847553e-4,-0.30409356725147024,-0.5540935672514702,0.3070196812694595,0,1
