method,true_params,bivpois_eta,bivpois_estimated_ha,bivpois_bias,bivpois_mse,pc_eta,pc_bias,pc_mse,lm_eta,lm_bias,lm_mse,team_strength_correlation,mu
bivpois,0.5,0.46702948018783913,0.6189520304330869,0.11895203043308689,0.014149585544154028,0.6621178879574675,0.1621178879574675,0.026282209595789988,0.2631578947368365,-0.23684210526316352,0.05609418282548743,-0.8,1
