true_params,bivpois_eta,bivpois_estimated_ha,bivpois_eta_bias,bivpois_eta_mse,lm_eta,lm_eta_bias,lm_eta_mse,team_strength_correlation,lambda3
0.33098231288017405,0.38162716329839497,0.4646659021168511,0.13368358923667706,0.0178713020312006,0.17251461988306355,-0.1584676929971105,0.025112009723826465,-0.5,0.1
