method,true_params,bivpois_eta,bivpois_estimated_ha,bivpois_bias,bivpois_mse,pc_eta,pc_bias,pc_mse,lm_eta,lm_bias,lm_mse,team_strength_correlation,mu
bivpois,0.5,0.43603503979878694,0.511213040049833,0.011213040049833034,1.257322671591596e-4,0.5863491346275033,0.08634913462750327,0.007456173050918683,0.9035087719298331,0.40350877192983314,0.1628193290243221,-0.8,1
