method,true_params,bivpois_eta,bivpois_estimated_ha,bivpois_bias,bivpois_mse,pc_eta,pc_bias,pc_mse,lm_eta,lm_bias,lm_mse,team_strength_correlation,mu
bivpois,0.5,0.40592454678601264,0.5094168227557547,0.009416822755754728,8.867655081330007e-5,0.5624563335537589,0.0624563335537589,0.00390079360097839,1.824561403508778,1.324561403508778,1.754462911665144,-0.8,1
