method,true_params,bivpois_eta,bivpois_estimated_ha,bivpois_bias,bivpois_mse,pc_eta,pc_bias,pc_mse,lm_eta,lm_bias,lm_mse,team_strength_correlation,mu
bivpois,0.5,0.35414658608280847,0.40690176106944087,-0.09309823893055913,0.008667282091971476,0.43130263539929925,-0.06869736460070075,0.004719327903081613,0.12573099415206315,-0.3742690058479369,0.140077288738403,-0.8,1
