method,true_params,bivpois_eta,bivpois_estimated_ha,bivpois_bias,bivpois_mse,pc_eta,pc_bias,pc_mse,lm_eta,lm_bias,lm_mse,team_strength_correlation,mu
bivpois,0.5,0.4213190811168101,0.5078159352944028,0.007815935294402832,6.108884452629187e-5,0.5726057052140843,0.07260570521408427,0.005271588429634504,1.07894736842104,0.57894736842104,0.3351800554016474,-0.8,1
