method,true_params,bivpois_eta,bivpois_estimated_ha,bivpois_bias,bivpois_mse,pc_eta,pc_bias,pc_mse,lm_eta,lm_bias,lm_mse,team_strength_correlation,mu
bivpois,0.5,0.5291560709210557,0.657797576004701,0.157797576004701,0.024900074992959393,0.7491834251179436,0.24918342511794356,0.06209237935350979,1.1111111111111116,0.6111111111111116,0.3734567901234574,-0.8,1
