method,true_params,bivpois_eta,bivpois_estimated_ha,bivpois_bias,bivpois_mse,pc_eta,pc_bias,pc_mse,lm_eta,lm_bias,lm_mse,team_strength_correlation,mu
bivpois,0.5,0.3792559904418682,0.4696621020868996,-0.030337897913100376,9.203880497857002e-4,0.5571893180707088,0.05718931807070882,0.003270618101392702,0.16081871345028223,-0.3391812865497178,0.11504394514552177,-0.8,1
