method,true_params,bivpois_eta,bivpois_estimated_ha,bivpois_bias,bivpois_mse,pc_eta,pc_bias,pc_mse,lm_eta,lm_bias,lm_mse,team_strength_correlation,mu
bivpois,0.5,0.38379582016362856,0.48805342091257864,-0.01194657908742136,1.427207518920134e-4,0.5414585007987681,0.041458500798768116,0.0017188072884814565,0.34795321637427556,-0.15204678362572444,0.023118224410927864,-0.8,1
