true_params,bivpois_eta,bivpois_estimated_ha,bivpois_eta_bias,bivpois_eta_mse,lm_eta,lm_eta_bias,lm_eta_mse,team_strength_correlation,lambda3
0.14907070513527912,0.15309512273204964,0.1654358331107526,0.016365127975473487,2.6781741365362497e-4,-0.5263157894736836,-0.6753864946089627,0.4561469171001824,-0.5,0.1
