method,true_params,bivpois_eta,bivpois_estimated_ha,bivpois_bias,bivpois_mse,pc_eta,pc_bias,pc_mse,lm_eta,lm_bias,lm_mse,team_strength_correlation,mu
bivpois,0.5,0.47368355446378485,0.6084570771026518,0.10845707710265184,0.011762937573650567,0.6609964874476955,0.16099648744769546,0.02591986897049596,0.3771929824561372,-0.1228070175438628,0.015081563558018627,-0.8,1
