method,true_params,bivpois_eta,bivpois_estimated_ha,bivpois_bias,bivpois_mse,pc_eta,pc_bias,pc_mse,lm_eta,lm_bias,lm_mse,team_strength_correlation,mu
bivpois,0.5,0.49946770755543896,0.5959326294687565,0.09593262946875647,0.009203069396789722,0.6796403277710021,0.17964032777100214,0.03227064736167308,0.4093567251461972,-0.0906432748538028,0.00821620327622204,-0.4,1
