method,true_params,bivpois_eta,bivpois_estimated_ha,bivpois_bias,bivpois_mse,pc_eta,pc_bias,pc_mse,lm_eta,lm_bias,lm_mse,team_strength_correlation,mu
bivpois,0.5,0.39188586420901,0.5285246849175844,0.02852468491758442,8.136576496474681e-4,0.5720996407042,0.07209964070420005,0.005198358189674741,0.5292397660818801,0.02923976608188006,8.549639205230635e-4,-0.4,1
