method,true_params,bivpois_eta,bivpois_estimated_ha,bivpois_bias,bivpois_mse,pc_eta,pc_bias,pc_mse,lm_eta,lm_bias,lm_mse,team_strength_correlation,mu
bivpois,0.5,0.4035964396407389,0.5227971838842498,0.022797183884249783,5.19711593052298e-4,0.6041677330951997,0.10416773309519967,0.010850916618192756,1.941520467836252,1.441520467836252,2.0779812591908473,-0.4,1
