method,true_params,bivpois_eta,bivpois_estimated_ha,bivpois_bias,bivpois_mse,pc_eta,pc_bias,pc_mse,lm_eta,lm_bias,lm_mse,team_strength_correlation,mu
bivpois,0.5,0.3855229879579089,0.4486784086952881,-0.05132159130471192,0.0026339057340478826,0.5115494044456832,0.011549404445683198,1.3338874304996682e-4,0.8713450292397644,0.3713450292397644,0.1378971307410815,-0.4,1
