method,true_params,bivpois_eta,bivpois_estimated_ha,bivpois_bias,bivpois_mse,pc_eta,pc_bias,pc_mse,lm_eta,lm_bias,lm_mse,team_strength_correlation,mu
bivpois,0.5,0.48488942878064534,0.633559893463602,0.13355989346360198,0.01783824514200871,0.6999832862312108,0.19998328623121076,0.03999331477183437,0.7748538011695922,0.27485380116959224,0.07554461201737374,-0.4,1
