method,true_params,bivpois_eta,bivpois_estimated_ha,bivpois_bias,bivpois_mse,pc_eta,pc_bias,pc_mse,lm_eta,lm_bias,lm_mse,team_strength_correlation,mu
bivpois,0.5,0.48875313225976647,0.7483153676429155,0.2483153676429155,0.06166052180763629,0.8452833959009036,0.3452833959009036,0.11922062348486015,2.2807017543859627,1.7807017543859627,3.1708987380732454,-0.4,1
