method,true_params,bivpois_eta,bivpois_estimated_ha,bivpois_bias,bivpois_mse,pc_eta,pc_bias,pc_mse,lm_eta,lm_bias,lm_mse,team_strength_correlation,mu
bivpois,0.5,0.44933203928824555,0.5086198073459732,0.00861980734597323,7.430107868169405e-5,0.612080378732865,0.11208037873286503,0.012562011296902462,0.8216374269005955,0.3216374269005955,0.10345063438323591,-0.4,1
