true_params,bivpois_eta,bivpois_estimated_ha,bivpois_eta_bias,bivpois_eta_mse,lm_eta,lm_eta_bias,lm_eta_mse,team_strength_correlation,lambda3
0.19075374164007924,0.12403445523529814,0.13205487554432316,-0.058698866095756086,0.0034455568809275035,0.921052631578955,0.7302988899388758,0.5333364686459543,-0.5,0.1
