method,true_params,bivpois_eta,bivpois_estimated_ha,bivpois_bias,bivpois_mse,pc_eta,pc_bias,pc_mse,lm_eta,lm_bias,lm_mse,team_strength_correlation,mu
bivpois,0.5,0.3647599718700818,0.4169540071592034,-0.08304599284079661,0.0068966369269136425,0.4713633313466901,-0.028636668653309882,8.200587915594608e-4,0.7573099415204756,0.2573099415204756,0.06620840600527057,-0.4,1
