true_params,bivpois_eta,bivpois_estimated_ha,bivpois_eta_bias,bivpois_eta_mse,lm_eta,lm_eta_bias,lm_eta_mse,team_strength_correlation,lambda3
0.5611350163348106,0.48952850128255915,0.6315467663636578,0.07041175002884725,0.0049578145421248715,0.8625730994152021,0.30143808308039155,0.09086491793118104,-0.5,0.1
