method,true_params,bivpois_eta,bivpois_estimated_ha,bivpois_bias,bivpois_mse,pc_eta,pc_bias,pc_mse,lm_eta,lm_bias,lm_mse,team_strength_correlation,mu
bivpois,0.5,0.3786240446968258,0.49273201936079936,-0.007267980639200644,5.28235425717954e-5,0.5643260517382321,0.06432605173823214,0.004137840932229718,-0.07309941520468069,-0.5730994152046807,0.32844293970794697,-0.4,1
