method,true_params,bivpois_eta,bivpois_estimated_ha,bivpois_bias,bivpois_mse,pc_eta,pc_bias,pc_mse,lm_eta,lm_bias,lm_mse,team_strength_correlation,mu
bivpois,0.5,0.33438361585059007,0.3588284429981813,-0.14117155700181871,0.01992940850631775,0.3822866082211597,-0.11771339177884033,0.013856442604078754,-0.032163742690065625,-0.5321637426900656,0.28319824903389834,-0.4,1
