true_params,bivpois_eta,bivpois_estimated_ha,bivpois_eta_bias,bivpois_eta_mse,lm_eta,lm_eta_bias,lm_eta_mse,team_strength_correlation,lambda3
0.3971316784014502,0.35241209161296694,0.4224946010460897,0.02536292264463952,6.43277845077968e-4,0.5614035087719328,0.1642718303704826,0.026985234253268608,-0.5,0.1
