method,true_params,bivpois_eta,bivpois_estimated_ha,bivpois_bias,bivpois_mse,pc_eta,pc_bias,pc_mse,lm_eta,lm_bias,lm_mse,team_strength_correlation,mu
bivpois,0.5,0.38383527174980303,0.4957243085775369,-0.00427569142246309,1.8281537140124446e-5,0.5745903614993744,0.07459036149937437,0.00556372202860735,1.3040935672514813,0.8040935672514813,0.6465664648952124,-0.4,1
