method,true_params,bivpois_eta,bivpois_estimated_ha,bivpois_bias,bivpois_mse,pc_eta,pc_bias,pc_mse,lm_eta,lm_bias,lm_mse,team_strength_correlation,mu
bivpois,0.5,0.32227912353605936,0.38669663745789173,-0.11330336254210827,0.012837651963348422,0.4137054682469994,-0.08629453175300061,0.007446746210469631,0.37426900584796013,-0.12573099415203987,0.015808282890460282,-0.4,1
