method,true_params,bivpois_eta,bivpois_estimated_ha,bivpois_bias,bivpois_mse,pc_eta,pc_bias,pc_mse,lm_eta,lm_bias,lm_mse,team_strength_correlation,mu
bivpois,0.5,0.49411802866538823,0.6079238199256211,0.10792381992562106,0.01164755090733788,0.6990849018234271,0.19908490182342709,0.0396347981340436,0.16374269005848613,-0.33625730994151387,0.11306897848910333,0,1
