method,true_params,bivpois_eta,bivpois_estimated_ha,bivpois_bias,bivpois_mse,pc_eta,pc_bias,pc_mse,lm_eta,lm_bias,lm_mse,team_strength_correlation,mu
bivpois,0.5,0.38717790278285485,0.5877012284335057,0.0877012284335057,0.007691505468745948,0.6384257924908027,0.13842579249080267,0.019161700026706762,0.7309941520467894,0.23099415204678941,0.05335829827981527,0,1
