method,true_params,bivpois_eta,bivpois_estimated_ha,bivpois_bias,bivpois_mse,pc_eta,pc_bias,pc_mse,lm_eta,lm_bias,lm_mse,team_strength_correlation,mu
bivpois,0.5,0.41619533540297515,0.6570727559818932,0.1570727559818932,0.02467185067174736,0.7283895704465326,0.22838957044653263,0.052161795888751694,0.30701754385964314,-0.19298245614035686,0.03724222837796476,0,1
