method,true_params,bivpois_eta,bivpois_estimated_ha,bivpois_bias,bivpois_mse,pc_eta,pc_bias,pc_mse,lm_eta,lm_bias,lm_mse,team_strength_correlation,mu
bivpois,0.5,0.41069276995681786,0.5087124006428398,0.008712400642839846,7.590592496135616e-5,0.5651587038039283,0.0651587038039283,0.00424565668140806,1.3742690058479683,0.8742690058479683,0.7643462945863948,0,1
