method,true_params,bivpois_eta,bivpois_estimated_ha,bivpois_bias,bivpois_mse,pc_eta,pc_bias,pc_mse,lm_eta,lm_bias,lm_mse,team_strength_correlation,mu
bivpois,0.5,0.4802703697869886,0.5624697531733315,0.06246975317333148,0.003902470061536958,0.6392978030014281,0.13929780300142813,0.01940387792102468,0.23099415204678367,-0.26900584795321636,0.07236414623302896,0,1
