method,true_params,bivpois_eta,bivpois_estimated_ha,bivpois_bias,bivpois_mse,pc_eta,pc_bias,pc_mse,lm_eta,lm_bias,lm_mse,team_strength_correlation,mu
bivpois,0,-0.13172608382651352,-0.12780208310345165,-0.12780208310345165,0.01633337244558156,-0.13124273583085572,-0.13124273583085572,0.01722465570836778,-0.24269005847954533,-0.24269005847954533,0.05889846448480513,-0.8,1
