true_params,bivpois_eta,bivpois_estimated_ha,bivpois_eta_bias,bivpois_eta_mse,lm_eta,lm_eta_bias,lm_eta_mse,team_strength_correlation,lambda3
0.3716292196028509,0.34501014844615197,0.4120042492440372,0.04037502964118633,0.001630143018526675,1.029239766081883,0.6576105464790322,0.43245163084045135,0,0.1
