method,true_params,bivpois_eta,bivpois_estimated_ha,bivpois_bias,bivpois_mse,pc_eta,pc_bias,pc_mse,lm_eta,lm_bias,lm_mse,team_strength_correlation,mu
bivpois,0.5,0.44425213621288717,0.44511428669243513,-0.054885713307564865,0.003012441525280203,0.4771451486190917,-0.022854851380908314,5.223442316434067e-4,0.5263157894736816,0.026315789473681628,6.925207756231327e-4,0,1
