method,true_params,bivpois_eta,bivpois_estimated_ha,bivpois_bias,bivpois_mse,pc_eta,pc_bias,pc_mse,lm_eta,lm_bias,lm_mse,team_strength_correlation,mu
bivpois,0.5,0.3579935147058951,0.4994013170993341,-5.986829006658922e-4,3.584212155497266e-7,0.5455084002240497,0.04550840022404967,0.0020710144909522844,0.5584795321637354,0.05847953216373536,0.0034198556820893584,0,1
