method,true_params,bivpois_eta,bivpois_estimated_ha,bivpois_bias,bivpois_mse,pc_eta,pc_bias,pc_mse,lm_eta,lm_bias,lm_mse,team_strength_correlation,mu
bivpois,0,0.04508093731473359,0.04155116878240783,0.04155116878240783,0.0017264996271841432,0.04928965149310341,0.04928965149310341,0.002429469744311591,0.8918128654970682,0.8918128654970682,0.7953301870660918,-0.8,1
