method,true_params,bivpois_eta,bivpois_estimated_ha,bivpois_bias,bivpois_mse,pc_eta,pc_bias,pc_mse,lm_eta,lm_bias,lm_mse,team_strength_correlation,mu
bivpois,0.5,0.43503831030344964,0.592986395126126,0.09298639512612605,0.00864646967855204,0.6521390146828587,0.15213901468285873,0.023146279788671103,-0.1695906432748587,-0.6695906432748587,0.44835162956123914,0,1
