true_params,bivpois_eta,bivpois_estimated_ha,bivpois_eta_bias,bivpois_eta_mse,lm_eta,lm_eta_bias,lm_eta_mse,team_strength_correlation,lambda3
0.3469684091134187,0.23299565775016337,0.26237599776339016,-0.08459241135002854,0.007155876058012437,-0.6052631578947479,-0.9522315670081667,0.9067449572068287,0,0.1
