true_params,bivpois_eta,bivpois_estimated_ha,bivpois_eta_bias,bivpois_eta_mse,lm_eta,lm_eta_bias,lm_eta_mse,team_strength_correlation,lambda3
0.18754340223585403,0.18828577207612127,0.2071784439519535,0.019635041716099477,3.855348631929667e-4,1.0292397660818702,0.8416963638460162,0.7084527689116052,0,0.1
