method,true_params,bivpois_eta,bivpois_estimated_ha,bivpois_bias,bivpois_mse,pc_eta,pc_bias,pc_mse,lm_eta,lm_bias,lm_mse,team_strength_correlation,mu
bivpois,0,0.203989859465728,0.21578907964608307,0.21578907964608307,0.04656492689450358,0.2457773584116633,0.2457773584116633,0.060406509907815195,0.6695906432748451,0.6695906432748451,0.4483516295612208,-0.8,1.161834242728283
