method,true_params,bivpois_eta,bivpois_estimated_ha,bivpois_bias,bivpois_mse,pc_eta,pc_bias,pc_mse,lm_eta,lm_bias,lm_mse,team_strength_correlation,mu
bivpois,0,0.18424580639359997,0.1921555337560633,0.1921555337560633,0.036923749153077584,0.21359417384232807,0.21359417384232807,0.04562247109938666,0.6520467836257291,0.6520467836257291,0.42516500803665835,-0.8,1.161834242728283
