method,true_params,bivpois_eta,bivpois_estimated_ha,bivpois_bias,bivpois_mse,pc_eta,pc_bias,pc_mse,lm_eta,lm_bias,lm_mse,team_strength_correlation,mu
bivpois,0,0.15653407936027675,0.15652416919270906,0.15652416919270906,0.024499815541467813,0.17579678322339168,0.17579678322339168,0.030904508991692167,0.08187134502923459,0.08187134502923459,0.006702917136895975,-0.8,1.161834242728283
