true_params,bivpois_eta,bivpois_estimated_ha,bivpois_eta_bias,bivpois_eta_mse,lm_eta,lm_eta_bias,lm_eta_mse,team_strength_correlation,lambda3
0.2745955276834464,0.24807466252173108,0.28155561279588914,0.0069600851124427265,4.8442784772446884e-5,1.0409356725146346,0.7663401448311882,0.5872772175798865,0,0.1
