method,true_params,bivpois_eta,bivpois_estimated_ha,bivpois_bias,bivpois_mse,pc_eta,pc_bias,pc_mse,lm_eta,lm_bias,lm_mse,team_strength_correlation,mu
bivpois,0,0.1389598931760592,0.15768836696313837,0.15768836696313837,0.024865621075501387,0.1732784994874866,0.1732784994874866,0.0300254383846349,0.5847953216374315,0.5847953216374315,0.341985568209027,-0.8,1.161834242728283
