true_params,bivpois_eta,bivpois_estimated_ha,bivpois_eta_bias,bivpois_eta_mse,lm_eta,lm_eta_bias,lm_eta_mse,team_strength_correlation,lambda3
0.6694398055539401,0.6763331213337467,0.9666530162580655,0.29721321070412543,0.08833569261705486,1.3859649122806874,0.7165251067267473,0.5134082285697766,0,0.1
