method,true_params,bivpois_eta,bivpois_estimated_ha,bivpois_bias,bivpois_mse,pc_eta,pc_bias,pc_mse,lm_eta,lm_bias,lm_mse,team_strength_correlation,mu
bivpois,0,0.2138950562308894,0.23312152696218946,0.23312152696218946,0.054345646333182826,0.27646894558687146,0.27646894558687146,0.0764350778739165,0.24853801169590292,0.24853801169590292,0.06177114325775278,-0.8,1.161834242728283
