true_params,bivpois_eta,bivpois_estimated_ha,bivpois_eta_bias,bivpois_eta_mse,lm_eta,lm_eta_bias,lm_eta_mse,team_strength_correlation,lambda3
0.6535886182534495,0.6006455304465012,0.823295413282167,0.16970679502871755,0.02880039627891915,0.4970760233918077,-0.15651259486164182,0.02449619235032443,0,0.1
