method,true_params,bivpois_eta,bivpois_estimated_ha,bivpois_bias,bivpois_mse,pc_eta,pc_bias,pc_mse,lm_eta,lm_bias,lm_mse,team_strength_correlation,mu
bivpois,0,0.14292614437831325,0.1441423085638952,0.1441423085638952,0.020777005118129178,0.17338563319588035,0.17338563319588035,0.030062577798736365,-0.9649122807017516,-0.9649122807017516,0.9310557094490559,-0.8,1.161834242728283
