method,true_params,bivpois_eta,bivpois_estimated_ha,bivpois_bias,bivpois_mse,pc_eta,pc_bias,pc_mse,lm_eta,lm_bias,lm_mse,team_strength_correlation,mu
bivpois,0,0.17906879152362848,0.19111605435495682,0.19111605435495682,0.03652534623220681,0.22346748911846473,0.22346748911846473,0.04993771869291115,-0.6345029239766257,-0.6345029239766257,0.4025939605348876,-0.8,1.161834242728283
