true_params,bivpois_eta,bivpois_estimated_ha,bivpois_eta_bias,bivpois_eta_mse,lm_eta,lm_eta_bias,lm_eta_mse,team_strength_correlation,lambda3
0.3959621612328776,0.34607183710319755,0.41350415421431763,0.017541992981440047,3.0772151776089184e-4,0.7134502923976686,0.31748813116479097,0.10079871343051151,0,0.1
