method,true_params,bivpois_eta,bivpois_estimated_ha,bivpois_bias,bivpois_mse,pc_eta,pc_bias,pc_mse,lm_eta,lm_bias,lm_mse,team_strength_correlation,mu
bivpois,0,0.15107883531926014,0.17131158999697704,0.17131158999697704,0.029347660867292364,0.21546772365776262,0.21546772365776262,0.04642633993825796,-1.0672514619883073,-1.0672514619883073,1.1390256831161794,-0.8,1.161834242728283
