true_params,bivpois_eta,bivpois_estimated_ha,bivpois_eta_bias,bivpois_eta_mse,lm_eta,lm_eta_bias,lm_eta_mse,team_strength_correlation,lambda3
0.17878618895791432,0.13327528627297397,0.14256448736100968,-0.03622170159690463,0.0013120116665752035,0.40058479532163493,0.22179860636372062,0.04919462178488869,0,0.1
