true_params,bivpois_eta,bivpois_estimated_ha,bivpois_eta_bias,bivpois_eta_mse,lm_eta,lm_eta_bias,lm_eta_mse,team_strength_correlation,lambda3
0.04716765867091702,-0.05855058834944845,-0.05686947222388927,-0.10403713089480629,0.010823724604823058,-0.47953216374268776,-0.5266998224136048,0.27741270293052284,0,0.1
