method,true_params,bivpois_eta,bivpois_estimated_ha,bivpois_bias,bivpois_mse,pc_eta,pc_bias,pc_mse,lm_eta,lm_bias,lm_mse,team_strength_correlation,mu
bivpois,0,-0.027649622206631256,-0.025858019401712284,-0.025858019401712284,6.68637167379329e-4,-0.02641858821350291,-0.02641858821350291,6.979418031946348e-4,-0.19298245614035411,-0.19298245614035411,0.0372422283779637,-0.8,1
