true_params,bivpois_eta,bivpois_estimated_ha,bivpois_eta_bias,bivpois_eta_mse,lm_eta,lm_eta_bias,lm_eta_mse,team_strength_correlation,lambda3
0.07120046125175497,0.0455562490378746,0.046609873756695785,-0.024590587495059185,6.046969933521612e-4,0.11695906432748203,0.04575860307572706,0.002093849755441938,-0.5,0
