true_params,bivpois_eta,bivpois_estimated_ha,bivpois_eta_bias,bivpois_eta_mse,lm_eta,lm_eta_bias,lm_eta_mse,team_strength_correlation,lambda3
0.009587250194071658,-0.18483794050972746,-0.1687610168969188,-0.17834826709099047,0.031808104374359276,0.061403508771928586,0.051816258577856926,0.0026849246530073314,0,0.1
