method,true_params,bivpois_eta,bivpois_estimated_ha,bivpois_bias,bivpois_mse,pc_eta,pc_bias,pc_mse,lm_eta,lm_bias,lm_mse,team_strength_correlation,mu
bivpois,0,0.10519982811906815,0.10308173393099951,0.10308173393099951,0.010625843870221375,0.12012384414385724,0.12012384414385724,0.014429737931897705,0.09064327485379757,0.09064327485379757,0.008216203276221091,-0.8,1.161834242728283
