true_params,bivpois_eta,bivpois_estimated_ha,bivpois_eta_bias,bivpois_eta_mse,lm_eta,lm_eta_bias,lm_eta_mse,team_strength_correlation,lambda3
0.5645240220389243,0.44526970935997223,0.5609111314072082,-0.0036128906317161036,1.3052978716741985e-5,0.5146198830409223,-0.049904138998001946,0.0024904230891318988,0,0.1
