method,true_params,bivpois_eta,bivpois_estimated_ha,bivpois_bias,bivpois_mse,pc_eta,pc_bias,pc_mse,lm_eta,lm_bias,lm_mse,team_strength_correlation,mu
bivpois,0,0.09465290629543859,0.10092545715099632,0.10092545715099632,0.010185947901137594,0.11521461004687066,0.11521461004687066,0.01327440636825247,0.2602339181286586,0.2602339181286586,0.06772169214459338,-0.8,1.161834242728283
