true_params,bivpois_eta,bivpois_estimated_ha,bivpois_eta_bias,bivpois_eta_mse,lm_eta,lm_eta_bias,lm_eta_mse,team_strength_correlation,lambda3
0.25752104991526265,0.5392164128192863,0.714662747889774,0.4571416979745114,0.20897853202701938,0.47368421052632187,0.21616316061105922,0.04672651200536258,0,0.1
