method,true_params,bivpois_eta,bivpois_estimated_ha,bivpois_bias,bivpois_mse,pc_eta,pc_bias,pc_mse,lm_eta,lm_bias,lm_mse,team_strength_correlation,mu
bivpois,0,0.3196992477587155,0.3571640955541734,0.3571640955541734,0.1275661911530307,0.39508048043453825,0.39508048043453825,0.15608858602038556,0.11695906432748657,0.11695906432748657,0.01367942272836114,-0.8,1.161834242728283
