method,true_params,bivpois_eta,bivpois_estimated_ha,bivpois_bias,bivpois_mse,pc_eta,pc_bias,pc_mse,lm_eta,lm_bias,lm_mse,team_strength_correlation,mu
bivpois,0,0.33271954910140367,0.356003079670154,0.356003079670154,0.12673819273463402,0.4345896510377614,0.4345896510377614,0.18886816478912324,0.406432748538014,0.406432748538014,0.1651875790841645,-0.8,1.161834242728283
