true_params,bivpois_eta,bivpois_estimated_ha,bivpois_eta_bias,bivpois_eta_mse,lm_eta,lm_eta_bias,lm_eta_mse,team_strength_correlation,lambda3
0.03333571437405714,0.1457989423463143,0.15696354828815884,0.1236278339141017,0.015283841318292715,1.0263157894736907,0.9929800750996336,0.986009429544874,0,0.1
