method,true_params,bivpois_eta,bivpois_estimated_ha,bivpois_bias,bivpois_mse,pc_eta,pc_bias,pc_mse,lm_eta,lm_bias,lm_mse,team_strength_correlation,mu
bivpois,0,-0.09580062557623925,-0.09841979279687085,-0.09841979279687085,0.009686455614178992,-0.10863266625109917,-0.10863266625109917,0.011801056176822701,-0.5467836257309975,-0.5467836257309975,0.29897233336753554,-0.8,1
