true_params,bivpois_eta,bivpois_estimated_ha,bivpois_eta_bias,bivpois_eta_mse,lm_eta,lm_eta_bias,lm_eta_mse,team_strength_correlation,lambda3
0.6513971022525251,0.6339762990938771,0.8850913836105454,0.23369428135802028,0.05461301713944155,0.459064327485374,-0.1923327747671511,0.03699189624963168,0,0.1
