method,true_params,bivpois_eta,bivpois_estimated_ha,bivpois_bias,bivpois_mse,pc_eta,pc_bias,pc_mse,lm_eta,lm_bias,lm_mse,team_strength_correlation,mu
bivpois,0,0.207141081695056,0.21654445585499893,0.21654445585499893,0.04689150136153758,0.2507409934350942,0.2507409934350942,0.06287104578881796,0.7748538011695807,0.7748538011695807,0.6003984131869481,-0.8,1.161834242728283
