true_params,bivpois_eta,bivpois_estimated_ha,bivpois_eta_bias,bivpois_eta_mse,lm_eta,lm_eta_bias,lm_eta_mse,team_strength_correlation,lambda3
0.6194247403308364,0.5497365707442021,0.7327964884490314,0.11337174811819506,0.012853153271375465,0.8947368421052658,0.27531210177442944,0.07579675338345379,0,0.1
