method,true_params,bivpois_eta,bivpois_estimated_ha,bivpois_bias,bivpois_mse,pc_eta,pc_bias,pc_mse,lm_eta,lm_bias,lm_mse,team_strength_correlation,mu
bivpois,0,0.27748089147383087,0.3082644587624107,0.3082644587624107,0.09502697653608201,0.34079499799453894,0.34079499799453894,0.1161412306580978,-0.7134502923976538,-0.7134502923976538,0.5090113197222976,-0.8,1.161834242728283
