true_params,bivpois_eta,bivpois_estimated_ha,bivpois_eta_bias,bivpois_eta_mse,lm_eta,lm_eta_bias,lm_eta_mse,team_strength_correlation,lambda3
0.5205738857360565,0.3844258539137927,0.4687707903084759,-0.05180309542758055,0.0026835606958790165,1.1052631578947303,0.5846892721586738,0.34186154497743976,0,0.1
