method,true_params,bivpois_eta,bivpois_estimated_ha,bivpois_bias,bivpois_mse,pc_eta,pc_bias,pc_mse,lm_eta,lm_bias,lm_mse,team_strength_correlation,mu
bivpois,0,0.06834336984595411,0.06914109047335903,0.06914109047335903,0.0047804903918452196,0.08068010869857233,0.08068010869857233,0.006509279939613446,0.29824561403509603,0.29824561403509603,0.08895044629117146,-0.8,1.161834242728283
