method,true_params,bivpois_eta,bivpois_estimated_ha,bivpois_bias,bivpois_mse,pc_eta,pc_bias,pc_mse,lm_eta,lm_bias,lm_mse,team_strength_correlation,mu
bivpois,0,0.1292037128449147,0.13865107351175143,0.13865107351175143,0.019224120185961098,0.16016124344818403,0.16016124344818403,0.02565162390286847,0.5467836257309828,0.5467836257309828,0.2989723333675195,-0.8,1.161834242728283
