true_params,bivpois_eta,bivpois_estimated_ha,bivpois_eta_bias,bivpois_eta_mse,lm_eta,lm_eta_bias,lm_eta_mse,team_strength_correlation,lambda3
0.5983985873243458,0.5573194021836518,0.7459859356185035,0.14758734829415765,0.021782025376501,0.2192982456140284,-0.3791003417103174,0.14371706908487944,0,0.1
