method,true_params,bivpois_eta,bivpois_estimated_ha,bivpois_bias,bivpois_mse,pc_eta,pc_bias,pc_mse,lm_eta,lm_bias,lm_mse,team_strength_correlation,mu
bivpois,0,0.22445365219141303,0.23054227201002264,0.23054227201002264,0.05314973918354327,0.27610729654105015,0.27610729654105015,0.0762352392032074,0.6374269005847866,0.6374269005847866,0.4063130535891274,-0.8,1.161834242728283
