method,true_params,bivpois_eta,bivpois_estimated_ha,bivpois_bias,bivpois_mse,pc_eta,pc_bias,pc_mse,lm_eta,lm_bias,lm_mse,team_strength_correlation,mu
bivpois,0,0.19329881979777794,0.2503558169471354,0.2503558169471354,0.06267803507926756,0.26754765164146105,0.26754765164146105,0.0715817458988606,-0.18421052631579662,-0.18421052631579662,0.0339335180055428,-0.8,1.161834242728283
