method,true_params,bivpois_eta,bivpois_estimated_ha,bivpois_bias,bivpois_mse,pc_eta,pc_bias,pc_mse,lm_eta,lm_bias,lm_mse,team_strength_correlation,mu
bivpois,0,0.14179664885778637,0.17484256242968854,0.17484256242968854,0.030569921636979535,0.19049594765831057,0.19049594765831057,0.0362887060742378,-0.26608187134503414,-0.26608187134503414,0.0707995622584753,-0.8,1.161834242728283
