method,true_params,bivpois_eta,bivpois_estimated_ha,bivpois_bias,bivpois_mse,pc_eta,pc_bias,pc_mse,lm_eta,lm_bias,lm_mse,team_strength_correlation,mu
bivpois,0,0.2636899787200712,0.25220073685235433,0.25220073685235433,0.06360521166887048,0.29138011761000426,0.29138011761000426,0.08490237293841991,-0.49122807017543596,-0.49122807017543596,0.24130501692828304,-0.8,1.161834242728283
