true_params,bivpois_eta,bivpois_estimated_ha,bivpois_eta_bias,bivpois_eta_mse,lm_eta,lm_eta_bias,lm_eta_mse,team_strength_correlation,lambda3
0.6453376675540117,0.6148742773377721,0.8494240704238205,0.20408640286980884,0.04165125983633792,0.5146198830409426,-0.13071778451306904,0.01708713918800515,0,0.1
