true_params,bivpois_eta,bivpois_estimated_ha,bivpois_eta_bias,bivpois_eta_mse,lm_eta,lm_eta_bias,lm_eta_mse,team_strength_correlation,lambda3
0.20123099991366825,0.22987992182831507,0.25844888861477,0.057217888701101755,0.0032738867874116677,0.39766081871345704,0.1964298187997888,0.03858467371371786,0,0.1
