method,true_params,bivpois_eta,bivpois_estimated_ha,bivpois_bias,bivpois_mse,pc_eta,pc_bias,pc_mse,lm_eta,lm_bias,lm_mse,team_strength_correlation,mu
bivpois,0,0.057727053349003334,0.06707246011768908,0.06707246011768908,0.004498714906238993,0.06779646725101073,0.06779646725101073,0.00459636097171737,-0.026315789473682707,-0.026315789473682707,6.925207756231896e-4,-0.8,1.161834242728283
