method,true_params,bivpois_eta,bivpois_estimated_ha,bivpois_bias,bivpois_mse,pc_eta,pc_bias,pc_mse,lm_eta,lm_bias,lm_mse,team_strength_correlation,mu
bivpois,0,0.17875001954609054,0.18848143264693473,0.18848143264693473,0.035525250452640995,0.2030539447383067,0.2030539447383067,0.041230904473787314,0.6608187134503088,0.6608187134503088,0.4366813720461214,-0.8,1.161834242728283
