method,true_params,bivpois_eta,bivpois_estimated_ha,bivpois_bias,bivpois_mse,pc_eta,pc_bias,pc_mse,lm_eta,lm_bias,lm_mse,team_strength_correlation,mu
bivpois,0,0.13507282238698118,0.1434060877637816,0.1434060877637816,0.020565306007713433,0.15458486044495742,0.15458486044495742,0.02389647907878696,0.21929824561402655,0.21929824561402655,0.04809172052938992,-0.8,1.161834242728283
