true_params,bivpois_eta,bivpois_estimated_ha,bivpois_eta_bias,bivpois_eta_mse,lm_eta,lm_eta_bias,lm_eta_mse,team_strength_correlation,lambda3
0.3197770497323479,0.20860225528342566,0.23195489751762643,-0.08782215221472145,0.007712730419625703,0.05555555555554864,-0.26422149417679924,0.06981299798502036,0,0.1
