method,true_params,bivpois_eta,bivpois_estimated_ha,bivpois_bias,bivpois_mse,pc_eta,pc_bias,pc_mse,lm_eta,lm_bias,lm_mse,team_strength_correlation,mu
bivpois,0,0.18162344445452297,0.20572317694106523,0.20572317694106523,0.04232202553072483,0.2219227096029585,0.2219227096029585,0.04924968903751906,-0.5263157894736845,-0.5263157894736845,0.2770083102493078,-0.8,1.161834242728283
