method,true_params,bivpois_eta,bivpois_estimated_ha,bivpois_bias,bivpois_mse,pc_eta,pc_bias,pc_mse,lm_eta,lm_bias,lm_mse,team_strength_correlation,mu
bivpois,0,0.20887613858634274,0.21835434623577754,0.21835434623577754,0.04767862052005382,0.2411206208285746,0.2411206208285746,0.058139153788757246,0.3421052631578912,0.3421052631578912,0.11703601108032999,-0.8,1.161834242728283
