method,true_params,bivpois_eta,bivpois_estimated_ha,bivpois_bias,bivpois_mse,pc_eta,pc_bias,pc_mse,lm_eta,lm_bias,lm_mse,team_strength_correlation,mu
bivpois,0,0.08419388487515571,0.08492380983260506,0.08492380983260506,0.007212053476484468,0.09150646868735553,0.09150646868735553,0.008373433811629978,-0.6608187134502775,-0.6608187134502775,0.43668137204608004,-0.8,1.161834242728283
