method,true_params,bivpois_eta,bivpois_estimated_ha,bivpois_bias,bivpois_mse,pc_eta,pc_bias,pc_mse,lm_eta,lm_bias,lm_mse,team_strength_correlation,mu
bivpois,0,0.21205809918905474,0.23307819406282992,0.23307819406282992,0.05432544454759021,0.2555361309565748,0.2555361309565748,0.06529871422425575,0.6608187134502848,0.6608187134502848,0.43668137204608953,-0.8,1.161834242728283
