true_params,bivpois_eta,bivpois_estimated_ha,bivpois_eta_bias,bivpois_eta_mse,lm_eta,lm_eta_bias,lm_eta_mse,team_strength_correlation,lambda3
0.4054459430505071,0.5296111569161132,0.698271818962092,0.29282587591158493,0.08574699360338693,0.6725146198830367,0.26706867683252966,0.07132567814507816,0,0.1
