method,true_params,bivpois_eta,bivpois_estimated_ha,bivpois_bias,bivpois_mse,pc_eta,pc_bias,pc_mse,lm_eta,lm_bias,lm_mse,team_strength_correlation,mu
bivpois,0,0.18587825815329848,0.20904673217389536,0.20904673217389536,0.04370053623258434,0.22358170069466954,0.22358170069466954,0.049988776885520794,0.19590643274852446,0.19590643274852446,0.03837933039225214,-0.8,1.161834242728283
