method,true_params,bivpois_eta,bivpois_estimated_ha,bivpois_bias,bivpois_mse,pc_eta,pc_bias,pc_mse,lm_eta,lm_bias,lm_mse,team_strength_correlation,mu
bivpois,0,0.22779774679934153,0.25425915398830434,0.25425915398830434,0.06464771738684826,0.2988435862416875,0.2988435862416875,0.08930748903779291,-0.3304093567251427,-0.3304093567251427,0.1091703430115226,-0.8,1.161834242728283
