true_params,bivpois_eta,bivpois_estimated_ha,bivpois_eta_bias,bivpois_eta_mse,lm_eta,lm_eta_bias,lm_eta_mse,team_strength_correlation,lambda3
0.34569911930561004,0.25530621908918477,0.2908568453646152,-0.054842273940994835,0.003007675011019121,0.7923976608187115,0.4466985415131015,0.19953958698993207,0,0.1
