method,true_params,bivpois_eta,bivpois_estimated_ha,bivpois_bias,bivpois_mse,pc_eta,pc_bias,pc_mse,lm_eta,lm_bias,lm_mse,team_strength_correlation,mu
bivpois,0,0.14031485740105534,0.14968612571379103,0.14968612571379103,0.02240593623120485,0.16126021025136714,0.16126021025136714,0.026004855410315133,0.26315789473683837,0.26315789473683837,0.0692520775623249,-0.8,1.161834242728283
