true_params,bivpois_eta,bivpois_estimated_ha,bivpois_eta_bias,bivpois_eta_mse,lm_eta,lm_eta_bias,lm_eta_mse,team_strength_correlation,lambda3
0.20956883352155992,0.10586660823603088,0.11167357851628923,-0.09789525500527069,0.009583480952546975,0.39473684210524607,0.18516800858368615,0.03428719140284807,0,0.1
