method,true_params,bivpois_eta,bivpois_estimated_ha,bivpois_bias,bivpois_mse,pc_eta,pc_bias,pc_mse,lm_eta,lm_bias,lm_mse,team_strength_correlation,mu
bivpois,0,0.07667585131147601,0.08181236500607536,0.08181236500607536,0.006693263067887304,0.08979969584817885,0.08979969584817885,0.008063985374425429,0.28947368421052994,0.28947368421052994,0.08379501385041761,-0.8,1.161834242728283
