true_params,bivpois_eta,bivpois_estimated_ha,bivpois_eta_bias,bivpois_eta_mse,lm_eta,lm_eta_bias,lm_eta_mse,team_strength_correlation,lambda3
0.01469806936057287,0.013961424180146002,0.014059340013553356,-6.387293470195132e-4,4.0797517874397366e-7,0.8713450292397861,0.8566469598792132,0.7338440138702984,0,0.1
