method,true_params,bivpois_eta,bivpois_estimated_ha,bivpois_bias,bivpois_mse,pc_eta,pc_bias,pc_mse,lm_eta,lm_bias,lm_mse,team_strength_correlation,mu
bivpois,0,0.1555034683099664,0.162974431040265,0.162974431040265,0.02656066517289809,0.189824522723013,0.189824522723013,0.03603334942701968,0.730994152046783,0.730994152046783,0.5343524503265953,-0.8,1.161834242728283
