method,true_params,bivpois_eta,bivpois_estimated_ha,bivpois_bias,bivpois_mse,pc_eta,pc_bias,pc_mse,lm_eta,lm_bias,lm_mse,team_strength_correlation,mu
bivpois,0,0.1736494737349255,0.17926680991392163,0.17926680991392163,0.03213658913671411,0.19633331318859826,0.19633331318859826,0.03854676986761221,-0.9970760233918127,-0.9970760233918127,0.9941605964228306,-0.8,1.161834242728283
