true_params,bivpois_eta,bivpois_estimated_ha,bivpois_eta_bias,bivpois_eta_mse,lm_eta,lm_eta_bias,lm_eta_mse,team_strength_correlation,lambda3
0.49216460342108004,0.4355147630750364,0.5457585536144554,0.05359395019337532,0.0028723114973299942,0.654970760233914,0.16280615681283395,0.026505844696165078,0,0.1
