method,true_params,bivpois_eta,bivpois_estimated_ha,bivpois_bias,bivpois_mse,pc_eta,pc_bias,pc_mse,lm_eta,lm_bias,lm_mse,team_strength_correlation,mu
bivpois,0,0.1454567464607025,0.15133787452409408,0.15133787452409408,0.022903152265470444,0.17136417965105574,0.17136417965105574,0.029365682067479307,-0.08187134502924727,-0.08187134502924727,0.006702917136898052,-0.8,1.161834242728283
