method,true_params,bivpois_eta,bivpois_estimated_ha,bivpois_bias,bivpois_mse,pc_eta,pc_bias,pc_mse,lm_eta,lm_bias,lm_mse,team_strength_correlation,mu
bivpois,0,0.13067259570200485,0.14726876874805161,0.14726876874805161,0.021688090248567105,0.17429893534762844,0.17429893534762844,0.03038011886331676,0.3625730994152067,0.3625730994152067,0.13145925241954937,-0.8,1.161834242728283
