true_params,bivpois_eta,bivpois_estimated_ha,bivpois_eta_bias,bivpois_eta_mse,lm_eta,lm_eta_bias,lm_eta_mse,team_strength_correlation,lambda3
0.28320454641822673,0.2726412189520795,0.3134289268730681,0.030224380454841382,9.135131738789977e-4,0.748538011695908,0.4653334652776812,0.21653523390733495,0,0.1
