method,true_params,bivpois_eta,bivpois_estimated_ha,bivpois_bias,bivpois_mse,pc_eta,pc_bias,pc_mse,lm_eta,lm_bias,lm_mse,team_strength_correlation,mu
bivpois,0,0.14290089638385692,0.1743550092643762,0.1743550092643762,0.030399669255580707,0.2016106591760368,0.2016106591760368,0.04064685789339607,-0.05555555555555472,-0.05555555555555472,0.0030864197530863268,-0.8,1.161834242728283
