true_params,bivpois_eta,bivpois_estimated_ha,bivpois_eta_bias,bivpois_eta_mse,lm_eta,lm_eta_bias,lm_eta_mse,team_strength_correlation,lambda3
0.043522072457314945,-0.011808468969851915,-0.01173902262060944,-0.055261095077924385,0.0030537886292113987,0.06725146198831496,0.02372938953100001,5.63083927513933e-4,0,0.1
