true_params,bivpois_eta,bivpois_estimated_ha,bivpois_eta_bias,bivpois_eta_mse,lm_eta,lm_eta_bias,lm_eta_mse,team_strength_correlation,lambda3
0.47924110860962416,0.4230261792454021,0.5265742600055174,0.04733315139589328,0.002240427221066554,1.511695906432728,1.0324547978231038,1.0659629095479461,0,0.1
