method,true_params,bivpois_eta,bivpois_estimated_ha,bivpois_bias,bivpois_mse,pc_eta,pc_bias,pc_mse,lm_eta,lm_bias,lm_mse,team_strength_correlation,mu
bivpois,0,0.1487079110517891,0.1513492542476328,0.1513492542476328,0.022906596761314593,0.16874510988484043,0.16874510988484043,0.02847491211004687,-0.0789473684210473,-0.0789473684210473,0.006232686980608576,-0.8,1.161834242728283
