method,true_params,bivpois_eta,bivpois_estimated_ha,bivpois_bias,bivpois_mse,pc_eta,pc_bias,pc_mse,lm_eta,lm_bias,lm_mse,team_strength_correlation,mu
bivpois,0,0.24502397211569626,0.2462936320892679,0.2462936320892679,0.06066055320772366,0.27600906194352576,0.27600906194352576,0.07618100227494504,0.1374269005847954,0.1374269005847954,0.018886153004343237,-0.8,1.161834242728283
