method,true_params,bivpois_eta,bivpois_estimated_ha,bivpois_bias,bivpois_mse,pc_eta,pc_bias,pc_mse,lm_eta,lm_bias,lm_mse,team_strength_correlation,mu
bivpois,0,0.23947827241828398,0.2627985023362428,0.2627985023362428,0.06906305283017221,0.29718152387120755,0.29718152387120755,0.08831685813041311,-0.2192982456140492,-0.2192982456140492,0.04809172052939985,-0.8,1.161834242728283
