true_params,bivpois_eta,bivpois_estimated_ha,bivpois_eta_bias,bivpois_eta_mse,lm_eta,lm_eta_bias,lm_eta_mse,team_strength_correlation,lambda3
0.3618445465163332,0.28320831823480186,0.32738165081971404,-0.034462895696619145,0.0011876911797960503,-0.6578947368421081,-1.0197392833584413,1.0398682060243876,0,0.1
