method,true_params,bivpois_eta,bivpois_estimated_ha,bivpois_bias,bivpois_mse,pc_eta,pc_bias,pc_mse,lm_eta,lm_bias,lm_mse,team_strength_correlation,mu
bivpois,0,0.15370077160634713,0.1742782136659886,0.1742782136659886,0.03037289575860798,0.18592644242182416,0.18592644242182416,0.034568641991635896,-0.9327485380117021,-0.9327485380117021,0.8700198351629677,-0.8,1.161834242728283
