method,true_params,bivpois_eta,bivpois_estimated_ha,bivpois_bias,bivpois_mse,pc_eta,pc_bias,pc_mse,lm_eta,lm_bias,lm_mse,team_strength_correlation,mu
bivpois,0,0.156797955335346,0.17894674413590828,0.17894674413590828,0.03202193723684222,0.19422786783613502,0.19422786783613502,0.03772446464417113,-1.1023391812865504,-1.1023391812865504,1.2151516705995022,-0.8,1.161834242728283
