method,true_params,bivpois_eta,bivpois_estimated_ha,bivpois_bias,bivpois_mse,pc_eta,pc_bias,pc_mse,lm_eta,lm_bias,lm_mse,team_strength_correlation,mu
bivpois,0,0.18734014293645496,0.1855040828335135,0.1855040828335135,0.034411764747903036,0.2272854134321628,0.2272854134321628,0.05165865915902917,-0.3070175438596523,-0.3070175438596523,0.09425977223761352,-0.8,1.161834242728283
