method,true_params,bivpois_eta,bivpois_estimated_ha,bivpois_bias,bivpois_mse,pc_eta,pc_bias,pc_mse,lm_eta,lm_bias,lm_mse,team_strength_correlation,mu
bivpois,0,0.12277523285719419,0.1257327389455355,0.1257327389455355,0.015808721642746177,0.14901542502468584,0.14901542502468584,0.02220559689528777,0.9444444444444552,0.9444444444444552,0.8919753086419956,-0.8,1.161834242728283
