method,true_params,bivpois_eta,bivpois_estimated_ha,bivpois_bias,bivpois_mse,pc_eta,pc_bias,pc_mse,lm_eta,lm_bias,lm_mse,team_strength_correlation,mu
bivpois,0,-0.02030345205636915,-0.021228189235304118,-0.021228189235304118,4.5063601820988165e-4,-0.025888727764793413,-0.025888727764793413,6.702262252795854e-4,0.08479532163743111,0.08479532163743111,0.007190246571595393,-0.8,1.161834242728283
