method,true_params,bivpois_eta,bivpois_estimated_ha,bivpois_bias,bivpois_mse,pc_eta,pc_bias,pc_mse,lm_eta,lm_bias,lm_mse,team_strength_correlation
bivnorm,0.4405438555404544,0.10017327460972628,0.10536243272699197,-0.3351814228134624,0.11234658619925707,0.18671426226530205,-0.2538295932751523,0.06442946242222924,0.5760233918128737,0.13547953627241927,0.018354704748589766,0.5
