method,true_params,bivpois_eta,bivpois_estimated_ha,bivpois_bias,bivpois_mse,pc_eta,pc_bias,pc_mse,lm_eta,lm_bias,lm_mse,team_strength_correlation
bivnorm,0.7905959691852331,0.3540172088787396,0.4247797051300948,-0.36581626405513834,0.1338215390472587,0.6632298709248983,-0.12736609826033485,0.016222122986061273,0.8713450292397616,0.08074906005452853,0.0065204106996898555,0.5
