method,true_params,bivpois_eta,bivpois_estimated_ha,bivpois_bias,bivpois_mse,pc_eta,pc_bias,pc_mse,lm_eta,lm_bias,lm_mse,team_strength_correlation
bivnorm,0.8942533759400249,0.40436850679296843,0.49835599959845456,-0.3958973763415703,0.15673473259413895,0.8317123769301465,-0.0625409990098783,0.0039113765571535996,2.1345029239766107,1.2402495480365858,1.5382189414049554,0.5
