method,true_params,bivpois_eta,bivpois_estimated_ha,bivpois_bias,bivpois_mse,pc_eta,pc_bias,pc_mse,lm_eta,lm_bias,lm_mse,team_strength_correlation
bivnorm,0.1597416081931442,0.024617454743095818,0.024922966101429633,-0.13481864209171457,0.018176066255453833,0.039850729078872625,-0.11989087911427157,0.014373822894792878,0.7923976608187112,0.632656052625567,0.40025368092376423,0.5
