method,true_params,bivpois_eta,bivpois_estimated_ha,bivpois_bias,bivpois_mse,pc_eta,pc_bias,pc_mse,lm_eta,lm_bias,lm_mse,team_strength_correlation
bivnorm,0.9941549613140523,0.5061741715215641,0.6589322483431803,-0.33522271297087203,0.11237426729155166,1.0454936974922382,0.05133873617818585,0.0026356658323733687,0.5614035087719241,-0.4327514525421282,0.18727381967732185,0.5
