method,true_params,bivpois_eta,bivpois_estimated_ha,bivpois_bias,bivpois_mse,pc_eta,pc_bias,pc_mse,lm_eta,lm_bias,lm_mse,team_strength_correlation
bivnorm,0.6726234632078558,0.3301006420821113,0.39110812543705453,-0.2815153377708013,0.07925088540020833,0.651187694561608,-0.021435768646247855,4.594921774554626e-4,0.44152046783624993,-0.2311029953716059,0.053408594469728496,0.5
