method,true_params,bivpois_eta,bivpois_estimated_ha,bivpois_bias,bivpois_mse,pc_eta,pc_bias,pc_mse,lm_eta,lm_bias,lm_mse,team_strength_correlation
bivnorm,0.42195032234303653,0.2610536663881492,0.2982973384930232,-0.12365298385001333,0.015290060415011658,0.4591361810088792,0.037185858665842675,0.0013827880847160268,0.6023391812865515,0.18038885894351497,0.03254014043094334,0.5
