method,true_params,bivpois_eta,bivpois_estimated_ha,bivpois_bias,bivpois_mse,pc_eta,pc_bias,pc_mse,lm_eta,lm_bias,lm_mse,team_strength_correlation
bivnorm,0.7493697581812739,0.35870085046786204,0.4314685143775494,-0.31790124380372453,0.1010612008119551,0.6573353200844942,-0.09203443809677969,0.008470337795789974,0.15497076023390813,-0.5943989979473658,0.3533101687608326,0.5
