method,true_params,bivpois_eta,bivpois_estimated_ha,bivpois_bias,bivpois_mse,pc_eta,pc_bias,pc_mse,lm_eta,lm_bias,lm_mse,team_strength_correlation
bivnorm,0.9730624237563461,0.37495399698776577,0.45492448216991277,-0.5181379415864333,0.26846692651142623,0.8111579946737626,-0.1619044290825835,0.026213044156557314,1.3274853801169804,0.35442295636063426,0.12561563199541206,0.5
