method,true_params,bivpois_eta,bivpois_estimated_ha,bivpois_bias,bivpois_mse,pc_eta,pc_bias,pc_mse,lm_eta,lm_bias,lm_mse,team_strength_correlation
bivnorm,0.25231002480722964,0.052004126990795575,0.053380089794329066,-0.19892993501290057,0.03957311904423685,0.0960474112548323,-0.15626261355239734,0.024418004394225874,-0.6052631578947276,-0.8575731827019573,0.7354317636895645,0.5
