method,true_params,bivpois_eta,bivpois_estimated_ha,bivpois_bias,bivpois_mse,pc_eta,pc_bias,pc_mse,lm_eta,lm_bias,lm_mse,team_strength_correlation
bivnorm,0.022023157915100455,0.028231008145142508,0.028633279643115017,0.006610121728014562,4.369370925917022e-5,0.04336176223389704,0.021338604318796583,4.553360342741642e-4,0.33918128654970814,0.3171581286346077,0.10058927855900636,0.5
