method,true_params,bivpois_eta,bivpois_estimated_ha,bivpois_bias,bivpois_mse,pc_eta,pc_bias,pc_mse,lm_eta,lm_bias,lm_mse,team_strength_correlation
bivnorm,0.44249995541758835,0.2522851551229791,0.286962969049827,-0.15553698636776137,0.024191754128365186,0.39066684468356383,-0.05183311073402452,0.002686671368365648,0.0672514619882959,-0.37524849342929245,0.14081143182095374,0.5
