method,true_params,bivpois_eta,bivpois_estimated_ha,bivpois_bias,bivpois_mse,pc_eta,pc_bias,pc_mse,lm_eta,lm_bias,lm_mse,team_strength_correlation
bivnorm,0.617961386917159,0.3377077913568898,0.40173084568704853,-0.21623054123011043,0.04675564696066649,0.6889785474771034,0.07101716055994445,0.00504343709399693,0.014619883040929012,-0.60334150387623,0.3640209702996308,0.5
