method,true_params,bivpois_eta,bivpois_estimated_ha,bivpois_bias,bivpois_mse,pc_eta,pc_bias,pc_mse,lm_eta,lm_bias,lm_mse,team_strength_correlation
bivnorm,0.8343643979169428,0.3636589575390773,0.4385835124264186,-0.39578088549052426,0.15664250931966348,0.5824853108262386,-0.2518790870907043,0.06344307451364659,1.4093567251462025,0.5749923272292596,0.33061617637252,0.5
