method,true_params,bivpois_eta,bivpois_estimated_ha,bivpois_bias,bivpois_mse,pc_eta,pc_bias,pc_mse,lm_eta,lm_bias,lm_mse,team_strength_correlation
bivnorm,0.6625705526676029,0.29976007155140033,0.3495349768961227,-0.3130355757714802,0.09799127169858214,0.5631719005076453,-0.09939865215995758,0.00988009205121624,0.31871345029238807,-0.34385710237521483,0.11823770685387897,0.5
