method,true_params,bivpois_eta,bivpois_estimated_ha,bivpois_bias,bivpois_mse,pc_eta,pc_bias,pc_mse,lm_eta,lm_bias,lm_mse,team_strength_correlation
bivnorm,0.9114914920646697,0.38095457651956904,0.46368111840906523,-0.4478103736556045,0.20053413075357213,0.7821759069603413,-0.1293155851043284,0.0167225205508748,0.906432748538023,-0.005058743526646703,2.5590886068389922e-5,0.5
