method,true_params,bivpois_eta,bivpois_estimated_ha,bivpois_bias,bivpois_mse,pc_eta,pc_bias,pc_mse,lm_eta,lm_bias,lm_mse,team_strength_correlation
bivnorm,0.07857689470984042,0.04886566414290829,0.050079277964854674,-0.028497616744985743,8.121141601440918e-4,0.0816374552569062,0.0030605605470657854,9.367030862255619e-6,-0.3099415204678312,-0.3885184151776716,0.1509465589321696,0.5
