method,true_params,bivpois_eta,bivpois_estimated_ha,bivpois_bias,bivpois_mse,pc_eta,pc_bias,pc_mse,lm_eta,lm_bias,lm_mse,team_strength_correlation
bivnorm,0.723242853069678,0.2463383809024761,0.27933240195991504,-0.4439104511097629,0.1970564886044732,0.51034128687176,-0.212901566197918,0.04532707688952646,0.04093567251461958,-0.6823071805550583,0.465543088636993,0.5
