method,true_params,bivpois_eta,bivpois_estimated_ha,bivpois_bias,bivpois_mse,pc_eta,pc_bias,pc_mse,lm_eta,lm_bias,lm_mse,team_strength_correlation
bivnorm,0.5796123531181365,0.2936398049856371,0.341300686825891,-0.23831166629224554,0.0567924502909866,0.4729735902400952,-0.1066387628780413,0.01137182574815912,0.6988304093567307,0.11921805623859416,0.0142129449333086,0.5
