method,true_params,bivpois_eta,bivpois_estimated_ha,bivpois_bias,bivpois_mse,pc_eta,pc_bias,pc_mse,lm_eta,lm_bias,lm_mse,team_strength_correlation
bivnorm,0.863517397781834,0.39269357387542503,0.4809645135765934,-0.3825528842052406,0.1463467092137482,0.8050868037440345,-0.05843059403779949,0.0034141343196101293,0.9941520467836245,0.13063464900179045,0.01706541151982099,0.5
