method,true_params,bivpois_eta,bivpois_estimated_ha,bivpois_bias,bivpois_mse,pc_eta,pc_bias,pc_mse,lm_eta,lm_bias,lm_mse,team_strength_correlation
bivnorm,0.43356274045072496,0.09170573882779902,0.0960422519453723,-0.33752048850535266,0.11392008016089189,0.14345582374059504,-0.2901069167101299,0.08416202312305825,-0.21637426900584142,-0.6499370094565664,0.4224181162613449,0.5
