method,true_params,bivpois_eta,bivpois_estimated_ha,bivpois_bias,bivpois_mse,pc_eta,pc_bias,pc_mse,lm_eta,lm_bias,lm_mse,team_strength_correlation
bivnorm,0.8834837463218719,0.3903503251039239,0.4774983079765498,-0.4059854383453221,0.16482417614844333,0.8636062668650776,-0.0198774794567943,3.951141895552794e-4,0.8157894736842112,-0.0676942726376607,0.0045825145479419386,0.5
