method,true_params,bivpois_eta,bivpois_estimated_ha,bivpois_bias,bivpois_mse,pc_eta,pc_bias,pc_mse,lm_eta,lm_bias,lm_mse,team_strength_correlation
bivnorm,0.5977010366041213,0.20847416449987263,0.2317971055555652,-0.3659039310485561,0.1338856867567865,0.40116483062933317,-0.19653620597478816,0.038626480258964355,0.22222222222222007,-0.3754788143819012,0.14098434004963822,0.5
