method,true_params,bivpois_eta,bivpois_estimated_ha,bivpois_bias,bivpois_mse,pc_eta,pc_bias,pc_mse,lm_eta,lm_bias,lm_mse,team_strength_correlation
bivnorm,0.4545001029036939,0.16531031239517238,0.1797591558048941,-0.2747409470987998,0.07548258801274552,0.2760302248538198,-0.17846987804987413,0.03185149737113695,-0.13742690058479598,-0.5919270034884899,0.3503775774588628,0.5
