method,true_params,bivpois_eta,bivpois_estimated_ha,bivpois_bias,bivpois_mse,pc_eta,pc_bias,pc_mse,lm_eta,lm_bias,lm_mse,team_strength_correlation
bivnorm,0.4307847744785249,0.2279043487005602,0.2559651849846458,-0.1748195894938791,0.030561888870808403,0.4012074391990477,-0.0295773352794772,8.748187622346067e-4,1.0526315789473741,0.6218468044688492,0.3866934482281192,0.5
