method,true_params,bivpois_eta,bivpois_estimated_ha,bivpois_bias,bivpois_mse,pc_eta,pc_bias,pc_mse,lm_eta,lm_bias,lm_mse,team_strength_correlation
bivpois,0.21686872653663158,0.28655908836450483,0.3318368616311853,0.11496813509455373,0.013217672087119556,0.3094512139553096,0.09258248741867803,0.008571516976629676,0.15789473684211305,-0.05897398969451853,0.0034779314604891777,-0.5
