method,true_params,bivpois_eta,bivpois_estimated_ha,bivpois_bias,bivpois_mse,pc_eta,pc_bias,pc_mse,lm_eta,lm_bias,lm_mse,team_strength_correlation
bivnorm,0.6352035126183182,0.28433307206609026,0.32887546834806725,-0.30632804427025095,0.09383687070643683,0.5379221329897518,-0.09728137962856642,0.009463666822437258,0.7923976608187154,0.15719414820039723,0.024710000228448447,0.5
