method,true_params,bivpois_eta,bivpois_estimated_ha,bivpois_bias,bivpois_mse,pc_eta,pc_bias,pc_mse,lm_eta,lm_bias,lm_mse,team_strength_correlation
bivnorm,0.537439483217895,0.2548046536822572,0.29020955856758723,-0.2472299246503078,0.06112263564259687,0.4509527553506035,-0.08648672786729156,0.007479954097190946,1.3859649122807136,0.8485254290628186,0.7199954037662404,0.5
