method,true_params,bivpois_eta,bivpois_estimated_ha,bivpois_bias,bivpois_mse,pc_eta,pc_bias,pc_mse,lm_eta,lm_bias,lm_mse,team_strength_correlation
bivnorm,0.4083212015684694,0.2011956361168922,0.22286398478468739,-0.18545721678378202,0.03439437925718672,0.37571340712256995,-0.03260779444589945,0.0010632682586260312,0.08479532163743454,-0.3235258799310349,0.1046689949851504,0.5
