method,true_params,bivpois_eta,bivpois_estimated_ha,bivpois_bias,bivpois_mse,pc_eta,pc_bias,pc_mse,lm_eta,lm_bias,lm_mse,team_strength_correlation
bivnorm,0.26034581917338073,0.157714736360315,0.17083215122378648,-0.08951366794959426,0.008012696749790217,0.25391746492923745,-0.006428354244143286,4.1323738288195e-5,0.49707602339180856,0.23673020421842783,0.056041189589298546,0.5
