method,true_params,bivpois_eta,bivpois_estimated_ha,bivpois_bias,bivpois_mse,pc_eta,pc_bias,pc_mse,lm_eta,lm_bias,lm_mse,team_strength_correlation
bivnorm,0.504105330677703,0.23622359144346047,0.2664574475609325,-0.23764788311677054,0.05647651634988223,0.40901317756729183,-0.09509215311041119,0.009042517583173886,1.4327485380116949,0.9286432073339919,0.8623782065275634,0.5
