method,true_params,bivpois_eta,bivpois_estimated_ha,bivpois_bias,bivpois_mse,pc_eta,pc_bias,pc_mse,lm_eta,lm_bias,lm_mse,team_strength_correlation
bivnorm,0.23146731755696237,0.12364961890336784,0.13161930351582152,-0.09984801404114085,0.009969625907959861,0.178690488487461,-0.052776829069501374,0.002785393686631365,0.5789473684210545,0.34748005086409217,0.12074238574851208,0.5
