method,true_params,bivpois_eta,bivpois_estimated_ha,bivpois_bias,bivpois_mse,pc_eta,pc_bias,pc_mse,lm_eta,lm_bias,lm_mse,team_strength_correlation
bivnorm,0.37331603723578155,0.1449243888291974,0.15595216406710377,-0.21736387316867778,0.04724705335888904,0.26295518961345365,-0.1103608476223279,0.012179516687918676,1.0994152046783594,0.7260991674425779,0.5272200009608047,0.5
