method,true_params,bivpois_eta,bivpois_estimated_ha,bivpois_bias,bivpois_mse,pc_eta,pc_bias,pc_mse,lm_eta,lm_bias,lm_mse,team_strength_correlation
bivpois,0.37627643812447786,0.38006467476652267,0.46237916540694246,0.0861027272824646,0.007413679645478473,0.5060589956007248,0.1297825574762469,0.016843512225075328,-0.5087719298245538,-0.8850483679490316,0.7833106136092445,-0.5
