method,true_params,bivpois_eta,bivpois_estimated_ha,bivpois_bias,bivpois_mse,pc_eta,pc_bias,pc_mse,lm_eta,lm_bias,lm_mse,team_strength_correlation
bivnorm,0.893297235481441,0.33828065948046365,0.40253408265883417,-0.49076315282260685,0.24084847216838537,0.6942261978704845,-0.19907103761095657,0.03962927801550289,0.453216374268999,-0.440080861212442,0.19367116440548462,0.5
