method,true_params,bivpois_eta,bivpois_estimated_ha,bivpois_bias,bivpois_mse,pc_eta,pc_bias,pc_mse,lm_eta,lm_bias,lm_mse,team_strength_correlation
bivnorm,0.19347136979922652,0.10826894078491581,0.1143473985542185,-0.07912397124500803,0.006260602825580858,0.1979182324095222,0.004446862610295671,1.977458707484563e-5,0.6695906432748555,0.476119273475629,0.22668956257496078,0.5
