method,true_params,bivpois_eta,bivpois_estimated_ha,bivpois_bias,bivpois_mse,pc_eta,pc_bias,pc_mse,lm_eta,lm_bias,lm_mse,team_strength_correlation
bivnorm,0.468673684168607,0.25012177195062013,0.2841817844877901,-0.18449189968081692,0.034037261047836616,0.42684780275445466,-0.04182588141415233,0.0017494043560707336,0.08187134502925038,-0.38680233913935663,0.14961604956367786,0.5
