method,true_params,bivpois_eta,bivpois_estimated_ha,bivpois_bias,bivpois_mse,pc_eta,pc_bias,pc_mse,lm_eta,lm_bias,lm_mse,team_strength_correlation
bivnorm,0.18478273833170533,0.1734965585908546,0.1894565933557666,0.0046738550240612575,2.1844920785942657e-5,0.2483904611046087,0.06360772277290336,0.0040459423963545285,-0.05263157894737179,-0.23741431727907714,0.056365558049090304,0.5
