method,true_params,bivpois_eta,bivpois_estimated_ha,bivpois_bias,bivpois_mse,pc_eta,pc_bias,pc_mse,lm_eta,lm_bias,lm_mse,team_strength_correlation
bivnorm,0.4075259189121425,0.09384323381700924,0.09838754239721603,-0.3091383765149265,0.09556653583428446,0.16357243691098927,-0.24395348200115324,0.059513301380487,0.42982456140350567,0.022298642491363152,4.972294569576263e-4,0.5
