method,true_params,bivpois_eta,bivpois_estimated_ha,bivpois_bias,bivpois_mse,pc_eta,pc_bias,pc_mse,lm_eta,lm_bias,lm_mse,team_strength_correlation
bivnorm,0.8588429230730981,0.3998457744139097,0.4915946378439422,-0.36724828522915587,0.13487130300375544,0.8015945022023744,-0.05724842087072368,0.003277381692191511,1.8304093567251498,0.9715664336520518,0.9439413349993667,0.5
