method,true_params,bivpois_eta,bivpois_estimated_ha,bivpois_bias,bivpois_mse,pc_eta,pc_bias,pc_mse,lm_eta,lm_bias,lm_mse,team_strength_correlation
bivnorm,0.985049068229273,0.4588600671808926,0.5822692758900878,-0.40277979233918515,0.16223156111679712,0.937943791350732,-0.047105276878540936,0.002218907109804003,0.8479532163742551,-0.13709585185501783,0.018795272595852994,0.5
