method,true_params,bivpois_eta,bivpois_estimated_ha,bivpois_bias,bivpois_mse,pc_eta,pc_bias,pc_mse,lm_eta,lm_bias,lm_mse,team_strength_correlation
bivnorm,0.13809242355637252,-0.04272404971132277,-0.04182423753321074,-0.17991666108958326,0.032370004937623965,-0.06384173525222021,-0.20193415880859272,0.040777404493733946,0.07602339181285789,-0.062069031743514635,0.0038525647015774274,0.5
