method,true_params,bivpois_eta,bivpois_estimated_ha,bivpois_bias,bivpois_mse,pc_eta,pc_bias,pc_mse,lm_eta,lm_bias,lm_mse,team_strength_correlation
bivpois,0.8450749246403575,0.6309279860736832,0.8793537844436676,0.034278859803310135,0.0011750402294149914,0.8615881297986605,0.016513205158303013,2.7268594460020523e-4,1.1520467836257484,0.3069718589853909,0.09423172220894672,-0.5
