method,true_params,bivpois_eta,bivpois_estimated_ha,bivpois_bias,bivpois_mse,pc_eta,pc_bias,pc_mse,lm_eta,lm_bias,lm_mse,team_strength_correlation
bivnorm,0.7770938072353601,0.30551130967125933,0.35731883585714064,-0.4197749713782195,0.17621102659558502,0.5410290742263437,-0.23606473300901643,0.05572655817061821,0.33918128654970386,-0.4379125206856563,0.19176737577326533,0.5
