method,true_params,bivpois_eta,bivpois_estimated_ha,bivpois_bias,bivpois_mse,pc_eta,pc_bias,pc_mse,lm_eta,lm_bias,lm_mse,team_strength_correlation
bivnorm,0.6722152405418456,0.3361245446040842,0.39951331578903027,-0.2727019247528153,0.07436633976389014,0.5719024209727568,-0.10031281956908877,0.010062661769900559,1.1988304093567357,0.5266151688148901,0.27732353602593524,0.5
