method,true_params,bivpois_eta,bivpois_estimated_ha,bivpois_bias,bivpois_mse,pc_eta,pc_bias,pc_mse,lm_eta,lm_bias,lm_mse,team_strength_correlation
bivpois,0.39638635888695717,0.4503381450095749,0.5688425921012681,0.17245623321431092,0.029741152374468796,0.7250722806306719,0.3286859217437147,0.10803443515251535,0.8596491228069957,0.4632627639200385,0.21461238843483332,-0.5
