method,true_params,bivpois_eta,bivpois_estimated_ha,bivpois_bias,bivpois_mse,pc_eta,pc_bias,pc_mse,lm_eta,lm_bias,lm_mse,team_strength_correlation
bivnorm,0.031939178705215454,0.030995670511694003,0.03148103809176317,-4.5814061345228474e-4,2.0989282169443578e-7,0.05385071450608994,0.021911535800874488,4.8011540115300435e-4,0.21637426900584772,0.18443509030063227,0.034016302534202375,0.5
