method,true_params,bivpois_eta,bivpois_estimated_ha,bivpois_bias,bivpois_mse,pc_eta,pc_bias,pc_mse,lm_eta,lm_bias,lm_mse,team_strength_correlation
bivnorm,0.19016717839986086,0.06866661876205563,0.07107907195328989,-0.11908810644657097,0.014181977097029818,0.11342806494892681,-0.07673911345093405,0.005888891533235328,-0.014619883040918151,-0.20478706144077902,0.0419377405335494,0.5
