method,true_params,bivpois_eta,bivpois_estimated_ha,bivpois_bias,bivpois_mse,pc_eta,pc_bias,pc_mse,lm_eta,lm_bias,lm_mse,team_strength_correlation
bivnorm,0.7029859549365938,0.3089063811558804,0.3619348617673801,-0.34105109316921367,0.11631584815191566,0.5568113583097768,-0.14617459662681698,0.021367012699012655,1.2660818713450315,0.5630959164084377,0.3170770110758583,0.5
