method,true_params,bivpois_eta,bivpois_estimated_ha,bivpois_bias,bivpois_mse,pc_eta,pc_bias,pc_mse,lm_eta,lm_bias,lm_mse,team_strength_correlation
bivnorm,0.28299730783328414,0.1607823557490935,0.17442933320360243,-0.10856797462968171,0.01178700511519121,0.269367895322749,-0.013629412510535122,1.857608853823313e-4,0.643274853801168,0.36027754596788386,0.12979991012864067,0.5
