method,true_params,bivpois_eta,bivpois_estimated_ha,bivpois_bias,bivpois_mse,pc_eta,pc_bias,pc_mse,lm_eta,lm_bias,lm_mse,team_strength_correlation
bivpois,0.20290755038149655,0.2742358889375398,0.31552508345557584,0.11261753307407929,0.012682708755691342,0.3897692523645992,0.18686170198310265,0.03491729566802187,0.514619883040933,0.31171233265943643,0.09716457833198716,-0.5
