method,true_params,bivpois_eta,bivpois_estimated_ha,bivpois_bias,bivpois_mse,pc_eta,pc_bias,pc_mse,lm_eta,lm_bias,lm_mse,team_strength_correlation
bivpois,0.11192959360778332,0.125640094218009,0.13387400702645458,0.02194441341867126,4.815572802895593e-4,0.1397753825601993,0.02784578895241599,7.753879623824924e-4,0.2309941520467807,0.11906455843899738,0.014176369076273423,-0.5
