method,true_params,bivpois_eta,bivpois_estimated_ha,bivpois_bias,bivpois_mse,pc_eta,pc_bias,pc_mse,lm_eta,lm_bias,lm_mse,team_strength_correlation
bivpois,0.9653130010701716,0.6309190206921395,0.8793369353954636,-0.08597606567470795,0.007391883868901694,0.9925717483825486,0.027258747312376985,7.430393050400195e-4,1.7894736842105399,0.8241606831403683,0.6792408316343985,-0.5
