method,true_params,bivpois_eta,bivpois_estimated_ha,bivpois_bias,bivpois_mse,pc_eta,pc_bias,pc_mse,lm_eta,lm_bias,lm_mse,team_strength_correlation
bivpois,0.3458615937270224,0.2929479602253002,0.3403730359058901,-0.005488557821132334,3.0124266955912913e-5,0.38285789302772943,0.036996299300707025,0.0013687261619474951,0.01754385964912182,-0.3283177340779006,0.10779253451004706,-0.5
