method,true_params,bivpois_eta,bivpois_estimated_ha,bivpois_bias,bivpois_mse,pc_eta,pc_bias,pc_mse,lm_eta,lm_bias,lm_mse,team_strength_correlation
bivpois,0.3789929635822773,0.27221554820152405,0.31286995757284575,-0.06612300600943155,0.004372251923723321,0.36338352075762176,-0.01560944282465554,2.4365470529619032e-4,0.42982456140351305,0.05083159782123575,0.0025838513370598595,-0.5
