method,true_params,bivpois_eta,bivpois_estimated_ha,bivpois_bias,bivpois_mse,pc_eta,pc_bias,pc_mse,lm_eta,lm_bias,lm_mse,team_strength_correlation
bivpois,0.4289880613796413,0.3770045619547789,0.45791096027992784,0.028922898900286542,8.365340807961964e-4,0.5433285413629856,0.11434047998334429,0.013073745362821557,0.4502923976607998,0.02130433628115852,4.5387474438068724e-4,-0.5
