method,true_params,bivpois_eta,bivpois_estimated_ha,bivpois_bias,bivpois_mse,pc_eta,pc_bias,pc_mse,lm_eta,lm_bias,lm_mse,team_strength_correlation
bivpois,0.5838155867531896,0.34354449886744504,0.4099362616537625,-0.17387932509942705,0.030234019697032242,0.5255172180013267,-0.058298368751862895,0.003398699799128184,0.07894736842104233,-0.5048682183321472,0.2548919178818767,-0.5
