method,true_params,bivpois_eta,bivpois_estimated_ha,bivpois_bias,bivpois_mse,pc_eta,pc_bias,pc_mse,lm_eta,lm_bias,lm_mse,team_strength_correlation
bivpois,0.5130789058748633,0.34143435943403105,0.4069642363461379,-0.10611466952872539,0.011260323089190602,0.45342484021569185,-0.05965406565917142,0.0035586075496687347,1.8274853801169757,1.3144064742421124,1.727664379529581,-0.5
