method,true_params,bivpois_eta,bivpois_estimated_ha,bivpois_bias,bivpois_mse,pc_eta,pc_bias,pc_mse,lm_eta,lm_bias,lm_mse,team_strength_correlation
bivpois,0.804869000101462,0.6089070678836879,0.8384210309959146,0.03355203089445258,0.0011257387771423002,0.9735532376153194,0.16868423751385742,0.02845437198563146,0.6929824561403471,-0.11188654396111486,0.012518598719562488,-0.5
