method,true_params,bivpois_eta,bivpois_estimated_ha,bivpois_bias,bivpois_mse,pc_eta,pc_bias,pc_mse,lm_eta,lm_bias,lm_mse,team_strength_correlation
bivpois,0.269202045397833,0.2446599569543613,0.2771869408192116,0.00798489542137859,6.375855489035278e-5,0.35785322555489274,0.08865118015705975,0.007859031743239464,-0.5643274853800961,-0.8335295307779291,0.6947714786788747,-0.5
