method,true_params,bivpois_eta,bivpois_estimated_ha,bivpois_bias,bivpois_mse,pc_eta,pc_bias,pc_mse,lm_eta,lm_bias,lm_mse,team_strength_correlation
bivpois,0.7705982474144548,0.6269769450256267,0.8719430302351496,0.10134478282069481,0.010270765004973799,1.060935621295941,0.2903373738814863,0.08429579067239795,-0.17543859649124993,-0.9460368439057047,0.8949857100270667,-0.5
