method,true_params,bivpois_eta,bivpois_estimated_ha,bivpois_bias,bivpois_mse,pc_eta,pc_bias,pc_mse,lm_eta,lm_bias,lm_mse,team_strength_correlation
bivpois,0.12793872086331248,0.20529777355233003,0.2278906438895123,0.09995192302619982,0.009990386916635374,0.2546835267956396,0.12674480593232712,0.016064245830823266,0.608187134502929,0.48024841363961657,0.23063853880336826,-0.5
