method,true_params,bivpois_eta,bivpois_estimated_ha,bivpois_bias,bivpois_mse,pc_eta,pc_bias,pc_mse,lm_eta,lm_bias,lm_mse,team_strength_correlation
bivpois,0.2091499010566622,0.21224970596071424,0.23645659711574574,0.027306696059083535,7.456556496631682e-4,0.27771449589102737,0.06856459483436517,0.0047011036648006545,-0.5380116959064255,-0.7471615969630877,0.5582504519764315,-0.5
