method,true_params,bivpois_eta,bivpois_estimated_ha,bivpois_bias,bivpois_mse,pc_eta,pc_bias,pc_mse,lm_eta,lm_bias,lm_mse,team_strength_correlation
bivpois,0.5342372236773372,0.3705923587072092,0.44859244691516653,-0.08564477676217064,0.007335027786642044,0.471115866856889,-0.06312135682044817,0.003984305686854339,0.9181286549707537,0.3838914312934165,0.14737263102050793,-0.5
