method,true_params,bivpois_eta,bivpois_estimated_ha,bivpois_bias,bivpois_mse,pc_eta,pc_bias,pc_mse,lm_eta,lm_bias,lm_mse,team_strength_correlation
bivpois,0.6555473583284765,0.5728295700533111,0.7732775723957146,0.11773021406723805,0.013860403304317696,0.7543424991017372,0.09879514077326068,0.009760479840408395,2.6637426900584766,2.00819533173,4.0328484903821655,-0.5
