method,true_params,bivpois_eta,bivpois_estimated_ha,bivpois_bias,bivpois_mse,pc_eta,pc_bias,pc_mse,lm_eta,lm_bias,lm_mse,team_strength_correlation
bivpois,0.28718803403899074,0.3803856650774079,0.4628486502958975,0.17566061625690677,0.03085665210375626,0.4634687444455749,0.17628071040658416,0.03107488886144999,0.37426900584794154,0.0870809718089508,0.007583095651191285,-0.5
