method,true_params,bivpois_eta,bivpois_estimated_ha,bivpois_bias,bivpois_mse,pc_eta,pc_bias,pc_mse,lm_eta,lm_bias,lm_mse,team_strength_correlation
bivpois,0.1907639279961586,0.3473541841444719,0.41531791977420474,0.22455399177804614,0.05042449522345481,0.38774191234095906,0.19697798434480046,0.03880032631654046,0.01754385964913043,-0.17322006834702816,0.03000519207814911,0
