method,true_params,bivpois_eta,bivpois_estimated_ha,bivpois_bias,bivpois_mse,pc_eta,pc_bias,pc_mse,lm_eta,lm_bias,lm_mse,team_strength_correlation
bivpois,0.32899546320550144,0.10257182637945304,0.10801688389287056,-0.22097857931263087,0.04883153251502869,0.1395589611981158,-0.18943650200738563,0.03588618829279422,0.28947368421052055,-0.03952177899498088,0.001561971014928112,0
