method,true_params,bivpois_eta,bivpois_estimated_ha,bivpois_bias,bivpois_mse,pc_eta,pc_bias,pc_mse,lm_eta,lm_bias,lm_mse,team_strength_correlation
bivpois,0.16794711467809975,0.17688145739677097,0.19348960537639326,0.025542490698293507,6.524188310724103e-4,0.23368854805051695,0.0657414333724172,0.00432193606185997,-0.42105263157895145,-0.5889997462570512,0.3469207010908707,0
