method,true_params,bivpois_eta,bivpois_estimated_ha,bivpois_bias,bivpois_mse,pc_eta,pc_bias,pc_mse,lm_eta,lm_bias,lm_mse,team_strength_correlation
bivpois,0.44369098357856274,0.3993277687370638,0.4908221834391422,0.047131199860579454,0.0022213500002978845,0.5226800039590439,0.07898902038048117,0.006239265340668069,0.6374269005847917,0.19373591700622894,0.037533605538244426,0
