method,true_params,bivpois_eta,bivpois_estimated_ha,bivpois_bias,bivpois_mse,pc_eta,pc_bias,pc_mse,lm_eta,lm_bias,lm_mse,team_strength_correlation
bivpois,0.4793479456566274,0.451802386604843,0.5711414393041709,0.09179349364754352,0.008426045476021613,0.5581338416442507,0.07878589598762331,0.006207217406572599,-0.7923976608187157,-1.271745606475343,1.617336887589338,0
