method,true_params,bivpois_eta,bivpois_estimated_ha,bivpois_bias,bivpois_mse,pc_eta,pc_bias,pc_mse,lm_eta,lm_bias,lm_mse,team_strength_correlation
bivpois,0.7386906815227121,0.5249058585280628,0.6902997135855651,-0.048390967937147034,0.0023416857778939923,0.8741971997713295,0.13550651824861737,0.018362016487862873,1.5906432748538033,0.8519525933310912,0.7258232212835717,-0.5
