method,true_params,bivpois_eta,bivpois_estimated_ha,bivpois_bias,bivpois_mse,pc_eta,pc_bias,pc_mse,lm_eta,lm_bias,lm_mse,team_strength_correlation
bivpois,0.7445776977110654,0.5361621847511987,0.7094337661141141,-0.03514393159695128,0.0012350959280911908,0.9424384088796054,0.19786071116853998,0.0391488610241204,1.7865497076023409,1.0419720098912755,1.0857056693968643,0
