method,true_params,bivpois_eta,bivpois_estimated_ha,bivpois_bias,bivpois_mse,pc_eta,pc_bias,pc_mse,lm_eta,lm_bias,lm_mse,team_strength_correlation
bivpois,0.018875003326684237,0.008015794704055435,0.0080480071984812,-0.010826996128203037,1.1722384516012355e-4,0.004400445650541239,-0.014474557676142998,2.095128199199902e-4,-0.564327485380122,-0.5832024887068062,0.34012514283381245,-0.5
