method,true_params,bivpois_eta,bivpois_estimated_ha,bivpois_bias,bivpois_mse,pc_eta,pc_bias,pc_mse,lm_eta,lm_bias,lm_mse,team_strength_correlation
bivpois,0.6770161641761661,0.48572933694218007,0.625360011759418,-0.051656152416748036,0.002668358082502304,0.8572620646196687,0.18024590044350264,0.03248858462668906,1.2163742690058408,0.5393581048296747,0.2909071652454584,0
