method,true_params,bivpois_eta,bivpois_estimated_ha,bivpois_bias,bivpois_mse,pc_eta,pc_bias,pc_mse,lm_eta,lm_bias,lm_mse,team_strength_correlation
bivpois,0.37684015091508627,0.34079043275112014,0.4060585461627857,0.029218395247699425,8.537146208507843e-4,0.45109059134562973,0.07425044043054346,0.005513127904129683,0.5526315789473738,0.17579142803228753,0.030902626169630926,0
