method,true_params,bivpois_eta,bivpois_estimated_ha,bivpois_bias,bivpois_mse,pc_eta,pc_bias,pc_mse,lm_eta,lm_bias,lm_mse,team_strength_correlation
bivpois,0.9418437648564577,0.705996247664053,1.0258639421316489,0.08402017727519118,0.007059390189354552,1.1199694506397566,0.1781256857832989,0.03172875993577053,2.529239766081871,1.5873960012254131,2.519826064706432,0
