method,true_params,bivpois_eta,bivpois_estimated_ha,bivpois_bias,bivpois_mse,pc_eta,pc_bias,pc_mse,lm_eta,lm_bias,lm_mse,team_strength_correlation
bivpois,0.15896189119666815,0.16394208656165576,0.17814608262643628,0.019184191429768127,3.6803320081398884e-4,0.22036966272885158,0.061407771532183436,0.003770914404548838,0.254385964912302,0.09542407371563383,0.00910575384448672,0
