method,true_params,bivpois_eta,bivpois_estimated_ha,bivpois_bias,bivpois_mse,pc_eta,pc_bias,pc_mse,lm_eta,lm_bias,lm_mse,team_strength_correlation
bivpois,0.20204122946597636,0.17539035101236278,0.19171131154821985,-0.010329917917756504,1.0670720418758686e-4,0.2219397886020756,0.019898559136099253,3.9595265569283903e-4,1.2017543859649225,0.9997131564989461,0.9994263952770863,0
