method,true_params,bivpois_eta,bivpois_estimated_ha,bivpois_bias,bivpois_mse,pc_eta,pc_bias,pc_mse,lm_eta,lm_bias,lm_mse,team_strength_correlation
bivpois,0.5125006488524377,0.4274413607607856,0.5333292637706308,0.0208286149181931,4.3383119941037615e-4,0.6205038833918021,0.10800323453936433,0.011664698670964941,0.8128654970760253,0.30036484822358755,0.09021904204837879,0
