method,true_params,bivpois_eta,bivpois_estimated_ha,bivpois_bias,bivpois_mse,pc_eta,pc_bias,pc_mse,lm_eta,lm_bias,lm_mse,team_strength_correlation
bivpois,0.4888842492364347,0.4260688807766001,0.5312262435536388,0.04234199431720409,0.0017928444827581434,0.5352928402630998,0.04640859102666506,0.0021537573210802566,1.3450292397660755,0.8561449905296408,0.7329842448089987,0
