method,true_params,bivpois_eta,bivpois_estimated_ha,bivpois_bias,bivpois_mse,pc_eta,pc_bias,pc_mse,lm_eta,lm_bias,lm_mse,team_strength_correlation
bivpois,0.9832401850726455,0.7939759651162823,1.2121744926631282,0.2289343075904826,0.052410917191933706,1.3967483937588692,0.4135082086862236,0.17098903865088946,1.5614035087719298,0.5781633236992842,0.33427282887100335,0
