method,true_params,bivpois_eta,bivpois_estimated_ha,bivpois_bias,bivpois_mse,pc_eta,pc_bias,pc_mse,lm_eta,lm_bias,lm_mse,team_strength_correlation
bivpois,0.01856159372255206,0.1390636380491818,0.14919723034650856,0.1306356366239565,0.017065669556146405,0.14527498571587333,0.12671339199332127,0.016056283710453093,-0.3304093567251446,-0.34897095044769666,0.12178072425636875,0
