method,true_params,bivpois_eta,bivpois_estimated_ha,bivpois_bias,bivpois_mse,pc_eta,pc_bias,pc_mse,lm_eta,lm_bias,lm_mse,team_strength_correlation
bivpois,0.15335430670529604,0.09856860636470986,0.1035901151031704,-0.04976419160212564,0.002476474765813072,0.09827230185045326,-0.055082004854842784,0.003034027258828924,1.3362573099415151,1.182903003236219,1.3992595150652667,0
