method,true_params,bivpois_eta,bivpois_estimated_ha,bivpois_bias,bivpois_mse,pc_eta,pc_bias,pc_mse,lm_eta,lm_bias,lm_mse,team_strength_correlation
bivpois,0.878192116972059,0.46034638611016054,0.5846227812625655,-0.2935693357094935,0.0861829548689133,0.6143521725370346,-0.26383994443502445,0.06961151627947679,0.31871345029238535,-0.5594786666796736,0.31301637846966535,0
