method,true_params,bivpois_eta,bivpois_estimated_ha,bivpois_bias,bivpois_mse,pc_eta,pc_bias,pc_mse,lm_eta,lm_bias,lm_mse,team_strength_correlation
bivpois,0.7433733702637255,0.500664020250525,0.6498164185712867,-0.09355695169243883,0.008752903209981332,0.7124731442279904,-0.030900226035735168,9.548239690595255e-4,0.15204678362573165,-0.5913265866379939,0.3496671320649409,0
