method,true_params,bivpois_eta,bivpois_estimated_ha,bivpois_bias,bivpois_mse,pc_eta,pc_bias,pc_mse,lm_eta,lm_bias,lm_mse,team_strength_correlation
bivpois,0.8873659018427134,0.6051904235541902,0.8316009556437527,-0.05576494619896066,0.0031097292245729773,0.9498681189446947,0.06250221710198134,0.003906527142663208,0.5526315789473732,-0.3347343228953401,0.11204706692420181,0
