method,true_params,bivpois_eta,bivpois_estimated_ha,bivpois_bias,bivpois_mse,pc_eta,pc_bias,pc_mse,lm_eta,lm_bias,lm_mse,team_strength_correlation
bivpois,0.12933878367766738,0.048032042754753125,0.049204274181090746,-0.08013450949657663,0.0064215396122569305,0.05092536412305382,-0.07841341955461356,0.006148664366247852,0.9415204678362573,0.8121816841585899,0.6596390880826836,0
