method,true_params,bivpois_eta,bivpois_estimated_ha,bivpois_bias,bivpois_mse,pc_eta,pc_bias,pc_mse,lm_eta,lm_bias,lm_mse,team_strength_correlation
bivpois,0.5353140600491315,0.4471955850881028,0.5639201488357333,0.028606088786601758,8.183083156669428e-4,0.6591627148067819,0.12384865475765039,0.015338489285279679,0.4883040935672397,-0.04700996648189182,0.0022099369486285924,0
