method,true_params,bivpois_eta,bivpois_estimated_ha,bivpois_bias,bivpois_mse,pc_eta,pc_bias,pc_mse,lm_eta,lm_bias,lm_mse,team_strength_correlation
bivpois,0.29318311414681375,0.25385370236364424,0.28898321527538173,-0.004199898871432017,1.7639150530255932e-5,0.38467045973731057,0.09148734559049682,0.008369934403194997,-0.2573099415204673,-0.5504930556672811,0.30304260433790026,0
