method,true_params,bivpois_eta,bivpois_estimated_ha,bivpois_bias,bivpois_mse,pc_eta,pc_bias,pc_mse,lm_eta,lm_bias,lm_mse,team_strength_correlation
bivpois,0.38868312421254814,0.33746420892111995,0.40138945025401584,0.012706326041467708,1.6145072147208045e-4,0.469879751210831,0.08119662699828284,0.0065928922358982735,-0.6374269005848022,-1.0261100247973505,1.0529017829896192,0
