method,true_params,bivpois_eta,bivpois_estimated_ha,bivpois_bias,bivpois_mse,pc_eta,pc_bias,pc_mse,lm_eta,lm_bias,lm_mse,team_strength_correlation
bivpois,0.12796172336675227,0.12768758845342712,0.13619798587429055,0.008236262507538283,6.783602009308081e-5,0.13703000078924713,0.009068277422494858,8.223365541132998e-5,0.1257309941520513,-0.002230729214700966,4.976152829320389e-6,0
