method,true_params,bivpois_eta,bivpois_estimated_ha,bivpois_bias,bivpois_mse,pc_eta,pc_bias,pc_mse,lm_eta,lm_bias,lm_mse,team_strength_correlation
bivpois,0.2462283440399915,0.24115867807349692,0.2727229725156759,0.0264946284756844,7.019653380645468e-4,0.305695680727336,0.059467336687344496,0.0035363641326859887,0.1052631578947433,-0.1409651861452482,0.019871183704964473,0
