method,true_params,bivpois_eta,bivpois_estimated_ha,bivpois_bias,bivpois_mse,pc_eta,pc_bias,pc_mse,lm_eta,lm_bias,lm_mse,team_strength_correlation
bivpois,0.5642725583165884,0.4644505024654714,0.5911396213237392,0.026867063007150804,7.218390746302112e-4,0.6028024373946222,0.038529879078033846,0.0014845515817679103,-0.002923976608188375,-0.5671965349247767,0.32171190923067344,0
