method,true_params,bivpois_eta,bivpois_estimated_ha,bivpois_bias,bivpois_mse,pc_eta,pc_bias,pc_mse,lm_eta,lm_bias,lm_mse,team_strength_correlation
bivpois,0.6910265935584903,0.53000613699804,0.6989427349947921,0.007916141436301816,6.266529523953457e-5,0.5890601795319308,-0.10196641402655948,0.010397149589435746,1.40058479532164,0.7095582017631497,0.5034728416893546,0
