method,true_params,bivpois_eta,bivpois_estimated_ha,bivpois_bias,bivpois_mse,pc_eta,pc_bias,pc_mse,lm_eta,lm_bias,lm_mse,team_strength_correlation
bivpois,0.9859293925110251,0.6708991983796864,0.9559953579618792,-0.029934034549145894,8.9604642438946e-4,0.985359036871761,-5.703556392641085e-4,3.2530555524036986e-7,0.18421052631577917,-0.8017188661952459,0.6427531404133906,0
