method,true_params,bivpois_eta,bivpois_estimated_ha,bivpois_bias,bivpois_mse,pc_eta,pc_bias,pc_mse,lm_eta,lm_bias,lm_mse,team_strength_correlation
bivpois,0.4398498034570366,0.32751190119900636,0.3875115642509599,-0.05233823920607672,0.0027392912831925064,0.4697753111808533,0.02992550772381669,8.955360125282125e-4,0.25438596491229015,-0.18546383854474646,0.034396835407751784,0
