method,true_params,bivpois_eta,bivpois_estimated_ha,bivpois_bias,bivpois_mse,pc_eta,pc_bias,pc_mse,lm_eta,lm_bias,lm_mse,team_strength_correlation
bivpois,0.06616312032565475,0.032277653293083026,0.0328042269934008,-0.03335889333225395,0.0011128157643526969,0.03387017775939958,-0.032292942566255166,0.0010428341395874547,0.12573099415204558,0.05956787382639084,0.0035483315921968185,0
