method,true_params,bivpois_eta,bivpois_estimated_ha,bivpois_bias,bivpois_mse,pc_eta,pc_bias,pc_mse,lm_eta,lm_bias,lm_mse,team_strength_correlation
bivpois,0.2813664278946817,0.24795842016241443,0.28140665040589985,4.0222511218157564e-5,1.617850408694811e-9,0.3362894066259941,0.05492297873131241,0.0030165335927201955,-0.5409356725146208,-0.8223021004093025,0.6761807443375506,0
