method,true_params,bivpois_eta,bivpois_estimated_ha,bivpois_bias,bivpois_mse,pc_eta,pc_bias,pc_mse,lm_eta,lm_bias,lm_mse,team_strength_correlation
bivpois,0.5060720106121153,0.3684399128500809,0.4454777833789747,-0.06059422723314056,0.0036716603739814736,0.63694262450024,0.1308706138881247,0.01712711757945462,-0.3771929824561472,-0.8832649930682624,0.7801570479798777,0
