method,true_params,bivpois_eta,bivpois_estimated_ha,bivpois_bias,bivpois_mse,pc_eta,pc_bias,pc_mse,lm_eta,lm_bias,lm_mse,team_strength_correlation
bivpois,0.9768412129487842,0.7057429770140577,1.0253509152242946,0.048509702275510325,0.0023531912148586514,1.2521445030529974,0.27530329010421317,0.07579190154220455,-0.05555555555555707,-1.0323967685043414,1.0658430876182066,0
