method,true_params,bivpois_eta,bivpois_estimated_ha,bivpois_bias,bivpois_mse,pc_eta,pc_bias,pc_mse,lm_eta,lm_bias,lm_mse,team_strength_correlation
bivpois,0.5068978723138571,0.5238502869151233,0.6885164225518239,0.1816185502379668,0.03298529779054087,0.5980476113271517,0.0911497390132946,0.008308274922191718,0.5029239766081871,-0.003973895705669972,1.5791847079542244e-5,0
