method,true_params,bivpois_eta,bivpois_estimated_ha,bivpois_bias,bivpois_mse,pc_eta,pc_bias,pc_mse,lm_eta,lm_bias,lm_mse,team_strength_correlation
bivpois,0.22044703923165798,0.08423362309660579,0.08788301872252458,-0.1325640205091334,0.01757321953354594,0.11179992169279351,-0.10864711753886447,0.01180419614950383,0.04093567251462186,-0.17951136671703613,0.032224330780618225,0
