method,true_params,bivpois_eta,bivpois_estimated_ha,bivpois_bias,bivpois_mse,pc_eta,pc_bias,pc_mse,lm_eta,lm_bias,lm_mse,team_strength_correlation
bivpois,0.19719475251622498,0.2917547696281083,0.33877466917043075,0.14157991665420577,0.020044872799811854,0.3168460413568962,0.11965128884067122,0.014316430921233733,-0.12865497076023932,-0.32584972327646433,0.10617804215934838,-0.5
