method,true_params,bivpois_eta,bivpois_estimated_ha,bivpois_bias,bivpois_mse,pc_eta,pc_bias,pc_mse,lm_eta,lm_bias,lm_mse,team_strength_correlation
bivpois,0.414461005711928,0.29698769506665845,0.34579873938243333,-0.06866226632949468,0.004714506817502459,0.480312241379655,0.06585123566772699,0.00433638523896652,0.41228070175439085,-0.0021803039575371552,4.753725347252181e-6,0
