method,true_params,bivpois_eta,bivpois_estimated_ha,bivpois_bias,bivpois_mse,pc_eta,pc_bias,pc_mse,lm_eta,lm_bias,lm_mse,team_strength_correlation
bivpois,0.6507903379388154,0.5170859439701843,0.6771332616080104,0.026342923669194995,6.939496274410339e-4,0.7340335467094874,0.08324320877067204,0.006929431806437691,0.8479532163742748,0.19716287843545943,0.038873200632955754,0
