method,true_params,bivpois_eta,bivpois_estimated_ha,bivpois_bias,bivpois_mse,pc_eta,pc_bias,pc_mse,lm_eta,lm_bias,lm_mse,team_strength_correlation
bivpois,0.78870385652408,0.688515765366022,0.9907585865425292,0.2020547300184492,0.040826113922828394,1.0150282563006399,0.22632439977655983,0.051222733934220076,0.4853801169590711,-0.30332373956500897,0.09200529098370139,0
