method,true_params,bivpois_eta,bivpois_estimated_ha,bivpois_bias,bivpois_mse,pc_eta,pc_bias,pc_mse,lm_eta,lm_bias,lm_mse,team_strength_correlation
bivpois,0.5584639250300825,0.44906623987817185,0.5668484416119661,0.008384516581883661,7.030011831188206e-5,0.6911063967671226,0.13264247173704014,0.01759402530851149,0.0672514619883107,-0.4912124630417718,0.24128968384756402,-0.5
