method,true_params,bivpois_eta,bivpois_estimated_ha,bivpois_bias,bivpois_mse,pc_eta,pc_bias,pc_mse,lm_eta,lm_bias,lm_mse,team_strength_correlation
bivpois,0.836263601668179,0.5092482638243702,0.6640398057278909,-0.17222379594028814,0.02966103588808201,0.7827206053358421,-0.053542996332336945,0.0028668524562446476,0.5175438596491249,-0.3187197420190542,0.10158227395269245,0
