method,true_params,bivpois_eta,bivpois_estimated_ha,bivpois_bias,bivpois_mse,pc_eta,pc_bias,pc_mse,lm_eta,lm_bias,lm_mse,team_strength_correlation
bivpois,0.5593381384387612,0.47215790042368266,0.6034505492596578,0.044112410820896564,0.0019459047884315523,0.6292545541603805,0.06991641572161922,0.004888305187358283,0.9122807017544057,0.35294256331564444,0.12456845299981768,0
