method,true_params,bivpois_eta,bivpois_estimated_ha,bivpois_bias,bivpois_mse,pc_eta,pc_bias,pc_mse,lm_eta,lm_bias,lm_mse,team_strength_correlation
bivpois,0.5368488132953644,0.447054237966583,0.5636991088464598,0.026850295551095416,7.209383711811743e-4,0.7845546995828068,0.2477058862874424,0.06135820610144734,1.3479532163742836,0.8111044030789192,0.6578903526940098,0
