method,true_params,bivpois_eta,bivpois_estimated_ha,bivpois_bias,bivpois_mse,pc_eta,pc_bias,pc_mse,lm_eta,lm_bias,lm_mse,team_strength_correlation
bivpois,0.8336050864309072,0.5925016222303338,0.8085069624134473,-0.025098124017459922,6.299158291957986e-4,1.0018875342490257,0.1682824478181184,0.028318982243657746,1.0555555555555514,0.2219504691246441,0.0492620107446496,0
