method,true_params,bivpois_eta,bivpois_estimated_ha,bivpois_bias,bivpois_mse,pc_eta,pc_bias,pc_mse,lm_eta,lm_bias,lm_mse,team_strength_correlation
bivpois,0.23572779423557222,0.2528796071904998,0.2877282342818155,0.05200044004624327,0.0027040457650029407,0.23526879247184035,-4.5900176373186996e-4,2.1068261910896738e-7,0.07017543859649701,-0.16555235563907522,0.02740758245764684,0
