method,true_params,bivpois_eta,bivpois_estimated_ha,bivpois_bias,bivpois_mse,pc_eta,pc_bias,pc_mse,lm_eta,lm_bias,lm_mse,team_strength_correlation
bivpois,0.2694158055819571,0.4265312032338675,0.531934327502134,0.2625185219201769,0.06891597435115439,0.567017613734591,0.29760180815263393,0.08856683621571713,0.8128654970760301,0.543449691494073,0.2953375671850031,0
