method,true_params,bivpois_eta,bivpois_estimated_ha,bivpois_bias,bivpois_mse,pc_eta,pc_bias,pc_mse,lm_eta,lm_bias,lm_mse,team_strength_correlation
bivpois,0.15368795045651495,0.2714948669412881,0.31192413765557814,0.15823618719906318,0.025038690939296965,0.3025530185896799,0.14886506813316497,0.022160808510291848,1.1081871345029197,0.9544991840464048,0.9110686923452525,0
