method,true_params,bivpois_eta,bivpois_estimated_ha,bivpois_bias,bivpois_mse,pc_eta,pc_bias,pc_mse,lm_eta,lm_bias,lm_mse,team_strength_correlation
bivpois,0.9059410293120891,0.5012305358786567,0.6507513301519621,-0.255189699160127,0.06512178255743613,0.5927812329007767,-0.3131597964113124,0.09806905808837464,0.45029239766081686,-0.45564863165127223,0.20761567552567675,-0.5
