method,true_params,bivpois_eta,bivpois_estimated_ha,bivpois_bias,bivpois_mse,pc_eta,pc_bias,pc_mse,lm_eta,lm_bias,lm_mse,team_strength_correlation
bivpois,0.9990379433147609,0.7103676029596315,1.0347390972987234,0.03570115398396245,0.001274572395786598,1.4047166168362213,0.40567867352146036,0.1645751861501316,0.441520467836265,-0.557517475478496,0.31082573546391534,-0.5
