method,true_params,bivpois_eta,bivpois_estimated_ha,bivpois_bias,bivpois_mse,pc_eta,pc_bias,pc_mse,lm_eta,lm_bias,lm_mse,team_strength_correlation
bivpois,0.1536425689700991,0.07415291423039234,0.07697147717016395,-0.07667109179993514,0.005878456317794082,0.08707762132119189,-0.0665649476489072,0.0044308922555017565,0.1257309941520456,-0.02791157481805348,7.790560088237971e-4,0.5
