method,true_params,bivpois_eta,bivpois_estimated_ha,bivpois_bias,bivpois_mse,pc_eta,pc_bias,pc_mse,lm_eta,lm_bias,lm_mse,team_strength_correlation
bivpois,0.3387281601317227,0.3491670105840922,0.4178859725333186,0.07915781240159592,0.006265959264206252,0.4296220621423064,0.09089390201058373,0.008261701422709596,0.5204678362573077,0.18173967612558506,0.03302930987823255,0.5
