method,true_params,bivpois_eta,bivpois_estimated_ha,bivpois_bias,bivpois_mse,pc_eta,pc_bias,pc_mse,lm_eta,lm_bias,lm_mse,team_strength_correlation
bivpois,0.42838461976498365,0.3983299049491284,0.4893352879509987,0.06095066818601502,0.003714983952321704,0.41323466186730495,-0.0151499578976787,2.2952122430143723e-4,0.5409356725146269,0.11255105274964328,0.012667739475052984,0.5
