method,true_params,bivpois_eta,bivpois_estimated_ha,bivpois_bias,bivpois_mse,pc_eta,pc_bias,pc_mse,lm_eta,lm_bias,lm_mse,team_strength_correlation
bivpois,0.36662884266115725,0.36072031717487446,0.4343622382905792,0.06773339562942193,0.004587812883491795,0.5294087714683643,0.16277992880720704,0.02649730522247939,1.0233918128655124,0.6567629702043551,0.4313375990316467,0.5
