method,true_params,bivpois_eta,bivpois_estimated_ha,bivpois_bias,bivpois_mse,pc_eta,pc_bias,pc_mse,lm_eta,lm_bias,lm_mse,team_strength_correlation
bivpois,0.9707630127668381,0.6564104109325692,0.9278596751336998,-0.04290333763313825,0.0018406963800630567,1.0764245139813793,0.10566150121454121,0.011164352838910494,-0.02923976608187282,-1.000002778848711,1.0000055577051439,0.5
