method,true_params,bivpois_eta,bivpois_estimated_ha,bivpois_bias,bivpois_mse,pc_eta,pc_bias,pc_mse,lm_eta,lm_bias,lm_mse,team_strength_correlation
bivpois,0.0998518040869385,0.15509501374013612,0.16776890992595717,0.06791710583901867,0.004612733265548463,0.14409691274888037,0.04424510866194187,0.0019576296405070435,0.1725146198830537,0.0726628157961152,0.0052798847994201675,0.5
