method,true_params,bivpois_eta,bivpois_estimated_ha,bivpois_bias,bivpois_mse,pc_eta,pc_bias,pc_mse,lm_eta,lm_bias,lm_mse,team_strength_correlation
bivpois,0.8257817327976227,0.6349800270456941,0.8869844524281141,0.0612027196304914,0.003745772890168537,0.9816649759149454,0.1558832431173227,0.024299585484774337,0.014619883040935812,-0.8111618497566868,0.6579835465006898,0.5
