method,true_params,bivpois_eta,bivpois_estimated_ha,bivpois_bias,bivpois_mse,pc_eta,pc_bias,pc_mse,lm_eta,lm_bias,lm_mse,team_strength_correlation
bivpois,0.9579250342212617,0.5906322325872478,0.8051293162804443,-0.15279571794081748,0.02334653142104985,0.9744667037048561,0.016541669483594368,2.7362682930447715e-4,0.5233918128655073,-0.43453322135575445,0.1888191204618091,0.5
