method,true_params,bivpois_eta,bivpois_estimated_ha,bivpois_bias,bivpois_mse,pc_eta,pc_bias,pc_mse,lm_eta,lm_bias,lm_mse,team_strength_correlation
bivpois,0.5609010220505297,0.40032656686590956,0.4923119577144326,-0.06858906433609713,0.004704459746501271,0.5512869636631651,-0.009614058387364621,9.243011867565602e-5,0.11403508771929262,-0.4468659343312371,0.19968916326572952,0.5
