method,true_params,bivpois_eta,bivpois_estimated_ha,bivpois_bias,bivpois_mse,pc_eta,pc_bias,pc_mse,lm_eta,lm_bias,lm_mse,team_strength_correlation
bivpois,0.020090757869184017,0.10046700851804696,0.10568716284425639,0.08559640497507237,0.007326744544656594,0.1045984228617457,0.08450766499256168,0.007141545442495035,0.10526315789471928,0.08517240002553526,0.0072543377261097995,0.5
