method,true_params,bivpois_eta,bivpois_estimated_ha,bivpois_bias,bivpois_mse,pc_eta,pc_bias,pc_mse,lm_eta,lm_bias,lm_mse,team_strength_correlation
bivpois,0.006656136130914092,0.07032751167409128,0.072859497731119,0.0662033616002049,0.004382885087167485,0.07956424369266417,0.07290810756175008,0.005315592148235719,0.523391812865502,0.5167356767345879,0.2670157596103525,-0.5
