method,true_params,bivpois_eta,bivpois_estimated_ha,bivpois_bias,bivpois_mse,pc_eta,pc_bias,pc_mse,lm_eta,lm_bias,lm_mse,team_strength_correlation
bivpois,0.8967350390739739,0.6063327860457968,0.8336945034426388,-0.06304053563133505,0.003974109132685624,0.9775154540989388,0.08078041502496491,0.006525475451605577,1.187134502923985,0.29039946385001114,0.08433184860437393,0.5
