method,true_params,bivpois_eta,bivpois_estimated_ha,bivpois_bias,bivpois_mse,pc_eta,pc_bias,pc_mse,lm_eta,lm_bias,lm_mse,team_strength_correlation
bivpois,0.3423758549615741,0.2945139792750003,0.3424737300480305,9.787508645642262e-5,9.579532548852204e-9,0.39430796047331884,0.051932105511744764,0.002696943582882991,0.2836257309941579,-0.05875012396741619,0.0034515770661867704,0.5
