method,true_params,bivpois_eta,bivpois_estimated_ha,bivpois_bias,bivpois_mse,pc_eta,pc_bias,pc_mse,lm_eta,lm_bias,lm_mse,team_strength_correlation
bivpois,0.9426418750081211,0.715088185965424,1.0443669587834514,0.1017250837753303,0.010347992669097967,1.164390604572452,0.22174872956433078,0.04917249906339471,1.9239766081871346,0.9813347331790134,0.9630178585435255,-0.5
