method,true_params,bivpois_eta,bivpois_estimated_ha,bivpois_bias,bivpois_mse,pc_eta,pc_bias,pc_mse,lm_eta,lm_bias,lm_mse,team_strength_correlation
bivpois,0.7084596613422036,0.5596544284643752,0.7500676222321379,0.04160796088993424,0.0017312224094182972,0.7539564322021718,0.04549677085996817,0.002069956158684449,0.9356725146198854,0.22721285327768181,0.05162568069458536,0.5
