method,true_params,bivpois_eta,bivpois_estimated_ha,bivpois_bias,bivpois_mse,pc_eta,pc_bias,pc_mse,lm_eta,lm_bias,lm_mse,team_strength_correlation
bivpois,0.01870995736680925,0.016288605768259933,0.016421988328419124,-0.0022879690383901252,5.234802320631834e-6,0.017986950317302724,-7.230070495065251e-4,5.227391936361308e-7,-0.18713450292397743,-0.20584446029078668,0.04237194183240525,0.5
