method,true_params,bivpois_eta,bivpois_estimated_ha,bivpois_bias,bivpois_mse,pc_eta,pc_bias,pc_mse,lm_eta,lm_bias,lm_mse,team_strength_correlation
bivpois,0.5055596341844648,0.2848356741785286,0.32954353183662377,-0.17601610234784104,0.030981668285725652,0.358854612295959,-0.14670502188850582,0.021522363447306972,-0.5614035087719348,-1.0669631429563995,1.1384103484273982,0.5
