method,true_params,bivpois_eta,bivpois_estimated_ha,bivpois_bias,bivpois_mse,pc_eta,pc_bias,pc_mse,lm_eta,lm_bias,lm_mse,team_strength_correlation
bivpois,0.9806641032919288,0.7468431017197947,1.1103274008272943,0.12966329753536554,0.01681257072774473,0.9963384416782511,0.015674338386322373,2.4568488384893905e-4,0.11988304093566557,-0.8607810623562632,0.740944037311177,0.5
