method,true_params,bivpois_eta,bivpois_estimated_ha,bivpois_bias,bivpois_mse,pc_eta,pc_bias,pc_mse,lm_eta,lm_bias,lm_mse,team_strength_correlation
bivpois,0.8786323356907815,0.7187632471729744,1.0518939551020847,0.17326161941130325,0.030019588761027293,1.4735671563057096,0.5949348206149281,0.35394744078011664,3.1988304093567335,2.320198073665952,5.3833191010431944,0.5
