method,true_params,bivpois_eta,bivpois_estimated_ha,bivpois_bias,bivpois_mse,pc_eta,pc_bias,pc_mse,lm_eta,lm_bias,lm_mse,team_strength_correlation
bivpois,0.5380884599871933,0.3615030887900087,0.4354854558906085,-0.10260300409658485,0.010527376449643808,0.5127266259647316,-0.025361834022461727,6.432226249828972e-4,-0.459064327485384,-0.9971527874725774,0.9943136815643311,-0.5
