method,true_params,bivpois_eta,bivpois_estimated_ha,bivpois_bias,bivpois_mse,pc_eta,pc_bias,pc_mse,lm_eta,lm_bias,lm_mse,team_strength_correlation
bivpois,0.6105428030714393,0.46392903864070006,0.5903101158683992,-0.020232687203040056,4.0936163145606085e-4,0.6115931935810032,0.0010503905095639032,1.1033202225819163e-6,0.8128654970760385,0.20232269400459924,0.040934472509278695,0.5
