method,true_params,bivpois_eta,bivpois_estimated_ha,bivpois_bias,bivpois_mse,pc_eta,pc_bias,pc_mse,lm_eta,lm_bias,lm_mse,team_strength_correlation
bivpois,0.7789905443787575,0.5970959839849151,0.8168350140262153,0.0378444696474578,0.0014322038828973548,0.8904684984223897,0.11147795404363225,0.012427334237754184,0.9035087719298238,0.12451822755106634,0.015504788992459136,0.5
