method,true_params,bivpois_eta,bivpois_estimated_ha,bivpois_bias,bivpois_mse,pc_eta,pc_bias,pc_mse,lm_eta,lm_bias,lm_mse,team_strength_correlation
bivpois,0.17530307243578136,0.09492966171423806,0.09958150972751367,-0.07572156270826769,0.005733755058982115,0.10243398450178082,-0.07286908793400054,0.005309903976333103,-0.00292397660818814,-0.1782270490439695,0.03176488101092151,0.5
