method,true_params,bivpois_eta,bivpois_estimated_ha,bivpois_bias,bivpois_mse,pc_eta,pc_bias,pc_mse,lm_eta,lm_bias,lm_mse,team_strength_correlation
bivpois,0.014324504183605313,-0.011718437742489065,-0.011650044266506066,-0.02597454845011138,6.746771671871834e-4,-0.01875268316430312,-0.03307718734790843,0.0010941003228486337,0.406432748538012,0.39210824435440667,0.1537488752906951,0.5
