method,true_params,bivpois_eta,bivpois_estimated_ha,bivpois_bias,bivpois_mse,pc_eta,pc_bias,pc_mse,lm_eta,lm_bias,lm_mse,team_strength_correlation
bivpois,0.03020349331200123,0.05365794159084481,0.05512362651207581,0.02492013320007458,6.210130387094593e-4,0.06626689117833168,0.03606339786633045,0.0013005686656652475,-0.35087719298245446,-0.3810806862944557,0.14522248946665334,0.5
