method,true_params,bivpois_eta,bivpois_estimated_ha,bivpois_bias,bivpois_mse,pc_eta,pc_bias,pc_mse,lm_eta,lm_bias,lm_mse,team_strength_correlation
bivpois,0.6200485206209123,0.5090637830456045,0.6637328506831566,0.04368433006224426,0.0019083206929870974,0.6521451599878405,0.03209663936692819,0.0010301942586506446,1.4444444444444302,0.8243959238235179,0.6796286392168315,0.5
