method,true_params,bivpois_eta,bivpois_estimated_ha,bivpois_bias,bivpois_mse,pc_eta,pc_bias,pc_mse,lm_eta,lm_bias,lm_mse,team_strength_correlation
bivpois,0.9315443730447441,0.6124200533285039,0.844890734653051,-0.08665363839169316,0.007508853046518318,0.9313420402397437,-2.0233280500048245e-4,4.0938563979363253e-8,0.5263157894736905,-0.4052285835710536,0.1642102049430024,0.5
