method,true_params,bivpois_eta,bivpois_estimated_ha,bivpois_bias,bivpois_mse,pc_eta,pc_bias,pc_mse,lm_eta,lm_bias,lm_mse,team_strength_correlation
bivpois,0.9921868927776814,0.6422111574242698,0.900678936653615,-0.09150795612406637,0.008373706034004056,1.3058171822772715,0.31363028949959015,0.09836395849159672,0.21929824561401845,-0.7728886471636629,0.597356860914477,0.5
