method,true_params,bivpois_eta,bivpois_estimated_ha,bivpois_bias,bivpois_mse,pc_eta,pc_bias,pc_mse,lm_eta,lm_bias,lm_mse,team_strength_correlation
bivpois,0.2950309282168746,0.247074883215922,0.28027498029658027,-0.014755947920294332,2.1773799902643863e-4,0.36816602583590124,0.07313509761902665,0.0053487425037445566,0.9269005847953258,0.6318696565784512,0.3992592629045698,0.5
