method,true_params,bivpois_eta,bivpois_estimated_ha,bivpois_bias,bivpois_mse,pc_eta,pc_bias,pc_mse,lm_eta,lm_bias,lm_mse,team_strength_correlation
bivpois,0.429976741084829,0.2483767317173659,0.2819427897431783,-0.14803395134165065,0.02191405074982219,0.3419583821278485,-0.08801835895698046,0.007747231513479862,-0.04970760233917908,-0.47968434342400806,0.2300970693261217,0.5
