method,true_params,bivpois_eta,bivpois_estimated_ha,bivpois_bias,bivpois_mse,pc_eta,pc_bias,pc_mse,lm_eta,lm_bias,lm_mse,team_strength_correlation
bivpois,0.5672464515082538,0.41656077951237797,0.5167361850065852,-0.050510266501668566,0.0025512870220695816,0.7638712915717765,0.19662484006352265,0.038661327730005864,-0.12280701754386332,-0.6900534690521172,0.47617379015086125,0.5
