method,true_params,bivpois_eta,bivpois_estimated_ha,bivpois_bias,bivpois_mse,pc_eta,pc_bias,pc_mse,lm_eta,lm_bias,lm_mse,team_strength_correlation
bivpois,0.9045682027935982,0.7275555328750192,1.0700143360369676,0.16544613324336943,0.02737242300518275,0.8693675071110318,-0.03520069568256634,0.0012390889765366447,1.4795321637426948,0.5749639609490966,0.3305835563902743,0.5
