method,true_params,bivpois_eta,bivpois_estimated_ha,bivpois_bias,bivpois_mse,pc_eta,pc_bias,pc_mse,lm_eta,lm_bias,lm_mse,team_strength_correlation
bivpois,0.30439179646782577,0.28339009608738447,0.327622961337547,0.02323116486972121,5.396870212041689e-4,0.34845882430116704,0.044067027833341266,0.0019419029420644739,-0.0029239766081774303,-0.3073157730760032,0.0944429843813015,0.5
