method,true_params,bivpois_eta,bivpois_estimated_ha,bivpois_bias,bivpois_mse,pc_eta,pc_bias,pc_mse,lm_eta,lm_bias,lm_mse,team_strength_correlation
bivpois,0.7112519645597786,0.550018083004122,0.7332843605722461,0.022032396012467537,4.8542647405019543e-4,0.7240945675371228,0.012842602977344186,1.6493245123368975e-4,0.8625730994151922,0.15132113485541365,0.022898085853930286,0.5
