method,true_params,bivpois_eta,bivpois_estimated_ha,bivpois_bias,bivpois_mse,pc_eta,pc_bias,pc_mse,lm_eta,lm_bias,lm_mse,team_strength_correlation
bivpois,0.37031106371432543,0.268024447795209,0.30737910216078257,-0.06293196155354286,0.003960431784976596,0.3969723293893499,0.02666126567502447,7.10823087394238e-4,1.3918128654970676,1.0215018017827422,1.0434659310453887,0.5
