method,true_params,bivpois_eta,bivpois_estimated_ha,bivpois_bias,bivpois_mse,pc_eta,pc_bias,pc_mse,lm_eta,lm_bias,lm_mse,team_strength_correlation
bivpois,0.9718222399242222,0.7066881336456177,1.0272660940024436,0.05544385407822139,0.0030740209550471063,1.50538642530945,0.5335641853852278,0.2846907399258017,0.7690058479532093,-0.20281639197101298,0.04113448885213958,-0.5
