method,true_params,bivpois_eta,bivpois_estimated_ha,bivpois_bias,bivpois_mse,pc_eta,pc_bias,pc_mse,lm_eta,lm_bias,lm_mse,team_strength_correlation
bivpois,0.7239129915833473,0.49928924143077463,0.6475498442787124,-0.07636314730463489,0.005831330266269368,0.7325968419932893,0.008683850409942018,7.540925794225016e-5,0.8538011695906486,0.12988817800730124,0.01687093878605637,0.5
