method,true_params,bivpois_eta,bivpois_estimated_ha,bivpois_bias,bivpois_mse,pc_eta,pc_bias,pc_mse,lm_eta,lm_bias,lm_mse,team_strength_correlation
bivpois,0.4466418132651597,0.3939638143605259,0.48284688994096636,0.036205076675806636,0.0013108075771010377,0.5681980562997793,0.12155624303461954,0.01477592022069149,0.26023391812865276,-0.18640789513650696,0.034747903369222975,0.5
