method,true_params,bivpois_eta,bivpois_estimated_ha,bivpois_bias,bivpois_mse,pc_eta,pc_bias,pc_mse,lm_eta,lm_bias,lm_mse,team_strength_correlation
bivpois,0.5712735261768103,0.4758648840575055,0.6094055449198077,0.03813201874299743,0.0014540508534163074,0.45775011624148076,-0.1135234099353295,0.01288756460334487,1.1549707602339219,0.5836972340571116,0.3407024610459225,0.5
