method,true_params,bivpois_eta,bivpois_estimated_ha,bivpois_bias,bivpois_mse,pc_eta,pc_bias,pc_mse,lm_eta,lm_bias,lm_mse,team_strength_correlation
bivpois,0.23734602192416787,0.3227204875901557,0.3808793240509254,0.14353330212675752,0.020601808819411056,0.33356368115980517,0.0962176592356373,0.00925783794878522,0.8538011695906358,0.6164551476664679,0.38001694908448674,0.5
