method,true_params,bivpois_eta,bivpois_estimated_ha,bivpois_bias,bivpois_mse,pc_eta,pc_bias,pc_mse,lm_eta,lm_bias,lm_mse,team_strength_correlation
bivpois,0.4049589491914958,0.4211161798170559,0.52366128681571,0.11870233762421423,0.014090244957452945,0.5965126313822698,0.19155368219077407,0.03669281316084407,2.3421052631578982,1.9371463139664025,3.75253584171362,0.5
