method,true_params,bivpois_eta,bivpois_estimated_ha,bivpois_bias,bivpois_mse,pc_eta,pc_bias,pc_mse,lm_eta,lm_bias,lm_mse,team_strength_correlation
bivpois,0.8137628203257918,0.5710078320856801,0.7700500660429661,-0.04371275428282573,0.001910804886990699,0.8604582866664683,0.04669546634067645,0.0021804665767732475,0.32748538011695966,-0.4862774402088322,0.23646574885605434,-0.5
