method,true_params,bivpois_eta,bivpois_estimated_ha,bivpois_bias,bivpois_mse,pc_eta,pc_bias,pc_mse,lm_eta,lm_bias,lm_mse,team_strength_correlation
bivpois,0.42362701636739075,0.2897640029091126,0.33611213223910386,-0.0875148841282869,0.007658854943987482,0.38945314701315076,-0.034173869354239994,0.0011678533466406634,0.39766081871346176,-0.02596619765392899,6.742434206029075e-4,0.5
