method,true_params,bivpois_eta,bivpois_estimated_ha,bivpois_bias,bivpois_mse,pc_eta,pc_bias,pc_mse,lm_eta,lm_bias,lm_mse,team_strength_correlation
bivpois,0.8589447080157697,0.5903364829559486,0.80459552888831,-0.054349179127459735,0.002953833271828705,1.0754077280581953,0.21646302004242557,0.04685623904588753,2.0292397660818833,1.1702950580661136,1.3695905229339682,0.5
