method,true_params,bivpois_eta,bivpois_estimated_ha,bivpois_bias,bivpois_mse,pc_eta,pc_bias,pc_mse,lm_eta,lm_bias,lm_mse,team_strength_correlation
bivpois,0.3983491170220077,0.39689184112083936,0.48719506800048573,0.08884595097847803,0.00789360300527012,0.5343066115364112,0.13595749451440353,0.018484440314634067,0.7953216374268922,0.3969725204048845,0.15758718195660645,0.5
