method,true_params,bivpois_eta,bivpois_estimated_ha,bivpois_bias,bivpois_mse,pc_eta,pc_bias,pc_mse,lm_eta,lm_bias,lm_mse,team_strength_correlation
bivpois,0.14340073661878705,0.2523984733618057,0.2871088136901876,0.14370807707140054,0.0206520114155596,0.2466323412898362,0.10323160467104914,0.010656764202959775,-0.8304093567251575,-0.9738100933439445,0.9483060978985419,0.5
