method,true_params,bivpois_eta,bivpois_estimated_ha,bivpois_bias,bivpois_mse,pc_eta,pc_bias,pc_mse,lm_eta,lm_bias,lm_mse,team_strength_correlation
bivpois,0.22796619427390397,0.22804997618246362,0.25614810135039523,0.028181907076491264,7.942198864679884e-4,0.28739472638204283,0.059428532108138865,0.003531750428528092,0.4590643274853926,0.23109813321148864,0.05340634717383495,0.5
