method,true_params,bivpois_eta,bivpois_estimated_ha,bivpois_bias,bivpois_mse,pc_eta,pc_bias,pc_mse,lm_eta,lm_bias,lm_mse,team_strength_correlation
bivpois,0.7617292331997305,0.6301816701559694,0.8779517160573769,0.11622248285764636,0.013507665521595902,1.008770827198011,0.2470415939982804,0.061029549165211215,0.10233918128654612,-0.6593900519131843,0.4347952405620719,0.5
