method,true_params,bivpois_eta,bivpois_estimated_ha,bivpois_bias,bivpois_mse,pc_eta,pc_bias,pc_mse,lm_eta,lm_bias,lm_mse,team_strength_correlation
bivpois,0.11199131375178695,0.14879841214217016,0.1604390352094851,0.048447721457698156,0.0023471817144427062,0.13871485660505956,0.026723542853272608,7.141477426306975e-4,-0.4356725146198724,-0.5476638283716593,0.29993566890670226,0.5
