method,true_params,bivpois_eta,bivpois_estimated_ha,bivpois_bias,bivpois_mse,pc_eta,pc_bias,pc_mse,lm_eta,lm_bias,lm_mse,team_strength_correlation
bivpois,0.3555622803978622,0.30861134615589125,0.3615331025848778,0.005970822187015612,3.565071758895789e-5,0.4218298182996535,0.0662675379017913,0.004391386579565346,0.41812865497075924,0.06256637457289704,0.003914551227196058,0.5
