method,true_params,bivpois_eta,bivpois_estimated_ha,bivpois_bias,bivpois_mse,pc_eta,pc_bias,pc_mse,lm_eta,lm_bias,lm_mse,team_strength_correlation
bivpois,0.9963618046604097,0.6289871935930946,0.8757098859196633,-0.12065191874074643,0.014556885495823681,1.1842288964816752,0.18786709182126549,0.0352940441893798,0.18421052631577425,-0.8121512783446354,0.6595896989168255,-0.5
