method,true_params,bivpois_eta,bivpois_estimated_ha,bivpois_bias,bivpois_mse,pc_eta,pc_bias,pc_mse,lm_eta,lm_bias,lm_mse,team_strength_correlation
bivpois,0.6495379293337464,0.4762319214928559,0.6099963654234422,-0.03954156391030428,0.0015635352764726777,0.6472474774053986,-0.0022904519283478697,5.246170036072475e-6,1.0614035087719356,0.41186557943818913,0.1696332555259553,-0.5
