method,true_params,bivpois_eta,bivpois_estimated_ha,bivpois_bias,bivpois_mse,pc_eta,pc_bias,pc_mse,lm_eta,lm_bias,lm_mse,team_strength_correlation
bivnorm,0.9137519635260105,0.3319710932990118,0.39371256029797563,-0.5200394032280349,0.27044098090977065,0.64494174944502,-0.2688102140809905,0.07225893119426793,1.4999999999999936,0.586248036473983,0.34368676026960054,-0.5
