method,true_params,bivpois_eta,bivpois_estimated_ha,bivpois_bias,bivpois_mse,pc_eta,pc_bias,pc_mse,lm_eta,lm_bias,lm_mse,team_strength_correlation
bivnorm,0.5231885637622327,0.32230447260043515,0.38030497702989363,-0.14288358673233903,0.02041571935749785,0.5055637488612829,-0.017624814900949803,3.106341002927422e-4,0.6608187134502902,0.13763014968805753,0.018942058103157123,-0.5
