method,true_params,bivpois_eta,bivpois_estimated_ha,bivpois_bias,bivpois_mse,pc_eta,pc_bias,pc_mse,lm_eta,lm_bias,lm_mse,team_strength_correlation
bivnorm,0.5964420780073851,0.3166034944677967,0.372458276725121,-0.22398380128226414,0.05016874323685279,0.5648553621395437,-0.03158671586784145,9.97720619315747e-4,1.0380116959064245,0.44156961789903937,0.19498372745150364,-0.5
