method,true_params,bivpois_eta,bivpois_estimated_ha,bivpois_bias,bivpois_mse,pc_eta,pc_bias,pc_mse,lm_eta,lm_bias,lm_mse,team_strength_correlation
bivnorm,0.22363047231920063,0.09091399412183243,0.09517480973658077,-0.12845566258261987,0.016500857249539886,0.15383990102699552,-0.06979057129220512,0.004870723841292365,-0.3362573099415113,-0.559887782260712,0.31347432872481845,-0.5
