method,true_params,bivpois_eta,bivpois_estimated_ha,bivpois_bias,bivpois_mse,pc_eta,pc_bias,pc_mse,lm_eta,lm_bias,lm_mse,team_strength_correlation
bivnorm,0.43940864177420735,0.29065523371906277,0.33730344732640427,-0.10210519444780308,0.010425470733223677,0.54306653262699,0.10365789085278265,0.010744958336047402,-0.2163742690058365,-0.6557829107800439,0.43005122607114704,-0.5
