method,true_params,bivpois_eta,bivpois_estimated_ha,bivpois_bias,bivpois_mse,pc_eta,pc_bias,pc_mse,lm_eta,lm_bias,lm_mse,team_strength_correlation
bivnorm,0.20919585600495338,0.1667099501797669,0.18141154740118548,-0.027784308603767904,7.719678045894112e-4,0.2847137849134395,0.07551792890848613,0.005702957586627165,0.7426900584795361,0.5334942024745827,0.28461606407399104,-0.5
