method,true_params,bivpois_eta,bivpois_estimated_ha,bivpois_bias,bivpois_mse,pc_eta,pc_bias,pc_mse,lm_eta,lm_bias,lm_mse,team_strength_correlation
bivnorm,0.4448028807528317,0.18079369740164278,0.19816796862877872,-0.24663491212405297,0.060828779878439335,0.3333202688028259,-0.1114826119500058,0.012428372767195578,0.8508771929824487,0.406074312229617,0.16489634705275646,-0.5
