method,true_params,bivpois_eta,bivpois_estimated_ha,bivpois_bias,bivpois_mse,pc_eta,pc_bias,pc_mse,lm_eta,lm_bias,lm_mse,team_strength_correlation
bivnorm,0.5372335149440914,0.266175142729089,0.30496359355837077,-0.23226992138572067,0.05394931638052886,0.4427052763856137,-0.09452823855847775,0.00893558788496848,1.0058479532163893,0.4686144382722979,0.21959949175726126,-0.5
