method,true_params,bivpois_eta,bivpois_estimated_ha,bivpois_bias,bivpois_mse,pc_eta,pc_bias,pc_mse,lm_eta,lm_bias,lm_mse,team_strength_correlation
bivnorm,0.1187086587306112,0.09561847680568195,0.10033917898273792,-0.018369479747873285,3.3743778620752676e-4,0.14429167606736057,0.025583017336749364,6.544907760524185e-4,-0.3274853801169518,-0.446194038847563,0.19908912030310055,-0.5
