method,true_params,bivpois_eta,bivpois_estimated_ha,bivpois_bias,bivpois_mse,pc_eta,pc_bias,pc_mse,lm_eta,lm_bias,lm_mse,team_strength_correlation
bivnorm,0.879844912327826,0.4022149659767046,0.49513270079452876,-0.38471221153329727,0.14800348570284047,0.7606662161078547,-0.11917869621997135,0.014203561632692213,0.4883040935672503,-0.3915408187605757,0.153304212755702,-0.5
