method,true_params,bivpois_eta,bivpois_estimated_ha,bivpois_bias,bivpois_mse,pc_eta,pc_bias,pc_mse,lm_eta,lm_bias,lm_mse,team_strength_correlation
bivnorm,0.24097312288358808,0.1490672406537524,0.1607510362436102,-0.08022208663997787,0.006435583184872117,0.2646354745560124,0.02366235167242431,5.599068866694815e-4,0.09356725146197611,-0.14740587142161196,0.021728490929564796,-0.5
