method,true_params,bivpois_eta,bivpois_estimated_ha,bivpois_bias,bivpois_mse,pc_eta,pc_bias,pc_mse,lm_eta,lm_bias,lm_mse,team_strength_correlation
bivnorm,0.466174716129899,0.18343262797724585,0.20133402638184905,-0.26484068974805,0.07014059094622287,0.29716951564166816,-0.16900520048823087,0.02856275779206711,0.7222222222222209,0.25604750609232185,0.0655603253760976,-0.5
