method,true_params,bivpois_eta,bivpois_estimated_ha,bivpois_bias,bivpois_mse,pc_eta,pc_bias,pc_mse,lm_eta,lm_bias,lm_mse,team_strength_correlation
bivnorm,0.6183273368515074,0.33773394894945646,0.4017675120709483,-0.21655982478055913,0.04689815770898647,0.6465742839597365,0.02824694710822906,7.9789002093509e-4,-0.16374269005848704,-0.7820700269099945,0.6116335269909995,-0.5
