method,true_params,bivpois_eta,bivpois_estimated_ha,bivpois_bias,bivpois_mse,pc_eta,pc_bias,pc_mse,lm_eta,lm_bias,lm_mse,team_strength_correlation
bivnorm,0.9583871846552938,0.3523958979726424,0.4224715658666691,-0.5359156187886247,0.2872055504615945,0.725332664787038,-0.23305451986825587,0.05431440923102327,1.4707602339181294,0.5123730492628356,0.2625261416108961,-0.5
