method,true_params,bivpois_eta,bivpois_estimated_ha,bivpois_bias,bivpois_mse,pc_eta,pc_bias,pc_mse,lm_eta,lm_bias,lm_mse,team_strength_correlation
bivnorm,0.7209182223305106,0.3185750091421384,0.3751667673948609,-0.34575145493564974,0.11954406859011864,0.6211223439943109,-0.09979587833619974,0.00995921733289358,0.9239766081871301,0.2030583858566195,0.041232708066695774,-0.5
