method,true_params,bivpois_eta,bivpois_estimated_ha,bivpois_bias,bivpois_mse,pc_eta,pc_bias,pc_mse,lm_eta,lm_bias,lm_mse,team_strength_correlation
bivnorm,0.6351049637887627,0.3130545885627675,0.3675961841001212,-0.2675087796886415,0.07156094721050614,0.5348691284674285,-0.10023583532133418,0.010047222682565624,-0.2602339181286568,-0.8953388819174195,0.8016317134731349,-0.5
