method,true_params,bivpois_eta,bivpois_estimated_ha,bivpois_bias,bivpois_mse,pc_eta,pc_bias,pc_mse,lm_eta,lm_bias,lm_mse,team_strength_correlation
bivnorm,0.5783440393861383,0.2366722950210008,0.26702583905856825,-0.31131820032757007,0.09691902185519705,0.47306571150451937,-0.10527832788161895,0.011083526321549665,0.5847953216374361,0.006451282251297763,4.161904268590953e-5,-0.5
