method,true_params,bivpois_eta,bivpois_estimated_ha,bivpois_bias,bivpois_mse,pc_eta,pc_bias,pc_mse,lm_eta,lm_bias,lm_mse,team_strength_correlation
bivnorm,0.705097480211407,0.23833531662140567,0.2691346834380459,-0.43596279677336103,0.1900635601704509,0.45529494851419433,-0.24980253169721262,0.06240130484233691,0.8859649122807034,0.18086743206929645,0.03271302798334157,-0.5
