method,true_params,bivpois_eta,bivpois_estimated_ha,bivpois_bias,bivpois_mse,pc_eta,pc_bias,pc_mse,lm_eta,lm_bias,lm_mse,team_strength_correlation
bivpois,0.08894652570597827,0.05028017423335773,0.05156567671448564,-0.03738084899149263,0.0013973278713247756,0.062034000829243464,-0.02691252487673481,7.2428399524087e-4,-0.011695906432723523,-0.1006424321387018,0.010128899146793198,-0.5
