method,true_params,bivpois_eta,bivpois_estimated_ha,bivpois_bias,bivpois_mse,pc_eta,pc_bias,pc_mse,lm_eta,lm_bias,lm_mse,team_strength_correlation
bivnorm,0.13939868682064116,0.06221747583175674,0.06419375598617716,-0.075204930834464,0.005655781621816514,0.0945183146368883,-0.04488037218375286,0.0020142478073521776,-0.2748538011695817,-0.41425248799022285,0.17160512380608972,-0.5
