method,true_params,bivpois_eta,bivpois_estimated_ha,bivpois_bias,bivpois_mse,pc_eta,pc_bias,pc_mse,lm_eta,lm_bias,lm_mse,team_strength_correlation
bivnorm,0.5832707392983139,0.29729445837934027,0.3462116443907455,-0.23705909490756838,0.056197014478395514,0.5329610235713453,-0.05030971572696852,0.0025310674965283836,0.41228070175438103,-0.17099003754393283,0.029237592939275556,-0.5
