method,true_params,bivpois_eta,bivpois_estimated_ha,bivpois_bias,bivpois_mse,pc_eta,pc_bias,pc_mse,lm_eta,lm_bias,lm_mse,team_strength_correlation
bivnorm,0.4756946924608201,0.20287883072019014,0.2249240360916971,-0.250770656369123,0.06288592209580077,0.3507527959733565,-0.12494189648746357,0.015610477497884061,-0.7251461988304072,-1.2008408912912274,1.4420188461971095,-0.5
