method,true_params,bivpois_eta,bivpois_estimated_ha,bivpois_bias,bivpois_mse,pc_eta,pc_bias,pc_mse,lm_eta,lm_bias,lm_mse,team_strength_correlation
bivnorm,0.8037457938771695,0.3951088792703278,0.48454581838728816,-0.3191999754898813,0.10188862435274083,0.7128870939555242,-0.0908586999216453,0.008255303351451589,0.8771929824561303,0.07344718857896082,0.005394489510153433,-0.5
