method,true_params,bivpois_eta,bivpois_estimated_ha,bivpois_bias,bivpois_mse,pc_eta,pc_bias,pc_mse,lm_eta,lm_bias,lm_mse,team_strength_correlation
bivnorm,0.8687442031223327,0.3993235603674733,0.49081590952160203,-0.37792829360073066,0.14282979510396007,0.7373705839304835,-0.1313736191918492,0.01725902781956501,1.014619883040934,0.1458756799186014,0.021279713991714248,-0.5
