method,true_params,bivpois_eta,bivpois_estimated_ha,bivpois_bias,bivpois_mse,pc_eta,pc_bias,pc_mse,lm_eta,lm_bias,lm_mse,team_strength_correlation
bivnorm,0.6244990061968565,0.2134376661090444,0.23792633109811234,-0.38657267509874416,0.1494384331329992,0.402076497196884,-0.2224225089999725,0.04947177250984285,0.502923976608192,-0.12157502958866451,0.01478048781948465,-0.5
