method,true_params,bivpois_eta,bivpois_estimated_ha,bivpois_bias,bivpois_mse,pc_eta,pc_bias,pc_mse,lm_eta,lm_bias,lm_mse,team_strength_correlation
bivnorm,0.043661620700731874,-0.059232678134778415,-0.057512552578914966,-0.10117417327964684,0.010236213338820004,-0.09361935909726779,-0.13728097979799966,0.01884606741429879,-1.114035087719306,-1.1576967084200378,1.34026166868659,-0.5
