method,true_params,bivpois_eta,bivpois_estimated_ha,bivpois_bias,bivpois_mse,pc_eta,pc_bias,pc_mse,lm_eta,lm_bias,lm_mse,team_strength_correlation
bivnorm,0.4503501404542476,0.10797219524343432,0.11401676999073818,-0.3363333704635094,0.11312013608734427,0.19342822714949076,-0.25692191330475683,0.06600886953617699,0.6169590643274888,0.16660892387324122,0.027758533514199487,-0.5
