method,true_params,bivpois_eta,bivpois_estimated_ha,bivpois_bias,bivpois_mse,pc_eta,pc_bias,pc_mse,lm_eta,lm_bias,lm_mse,team_strength_correlation
bivpois,0.15446262410841882,0.2101132555096368,0.23381778870652736,0.07935516459810854,0.006297242148392899,0.2590143706706629,0.10455174656224409,0.010931067709215718,0.2105263157894751,0.056063691681056266,0.0031431375249085375,-0.5
