method,true_params,bivpois_eta,bivpois_estimated_ha,bivpois_bias,bivpois_mse,pc_eta,pc_bias,pc_mse,lm_eta,lm_bias,lm_mse,team_strength_correlation
bivnorm,0.3678875749465078,0.1011551834012092,0.10644833085667482,-0.261439244089833,0.06835047835026327,0.17777416516353212,-0.1901134097829757,0.03614310857930964,1.0292397660818657,0.6613521911353579,0.437386720719539,-0.5
