method,true_params,bivpois_eta,bivpois_estimated_ha,bivpois_bias,bivpois_mse,pc_eta,pc_bias,pc_mse,lm_eta,lm_bias,lm_mse,team_strength_correlation
bivnorm,0.7955732340924442,0.31567892709769907,0.3711899330105979,-0.4243833010818463,0.180101186237125,0.6051578386253393,-0.19041539546710484,0.03625802283089393,0.1052631578947354,-0.6903100761977088,0.4765280013000865,-0.5
