method,true_params,bivpois_eta,bivpois_estimated_ha,bivpois_bias,bivpois_mse,pc_eta,pc_bias,pc_mse,lm_eta,lm_bias,lm_mse,team_strength_correlation
bivpois,0.25364207779057324,0.22391931436356158,0.2509700800391643,-0.0026719977514089166,7.139571983534307e-6,0.3155368522597357,0.06189477446916247,0.0038309631065884865,-0.01754385964913582,-0.27118593743970903,0.07354181266505379,-0.5
