method,true_params,bivpois_eta,bivpois_estimated_ha,bivpois_bias,bivpois_mse,pc_eta,pc_bias,pc_mse,lm_eta,lm_bias,lm_mse,team_strength_correlation
bivnorm,0.6101439769845456,0.32983200213624153,0.3907344684173861,-0.21940950856715946,0.04814053244968242,0.56967999532953,-0.040463981655015635,0.001637333811377442,0.9210526315789428,0.3109086545943972,0.09666419150169818,-0.5
