method,true_params,bivpois_eta,bivpois_estimated_ha,bivpois_bias,bivpois_mse,pc_eta,pc_bias,pc_mse,lm_eta,lm_bias,lm_mse,team_strength_correlation
bivpois,0.15904687903821468,0.2256638603138518,0.2531543595602501,0.09410748052203544,0.008856217890205279,0.3018726511350257,0.14282577209681102,0.020399201175050202,0.10818713450292528,-0.05085974453528941,0.0025867136141949007,-0.5
