method,true_params,bivpois_eta,bivpois_estimated_ha,bivpois_bias,bivpois_mse,pc_eta,pc_bias,pc_mse,lm_eta,lm_bias,lm_mse,team_strength_correlation
bivnorm,0.4091156064532697,0.13010167095141734,0.13894417497607936,-0.27017143147719036,0.07299260238643417,0.21560424146418047,-0.19351136498908925,0.037446648379940516,0.42397660818714544,0.014861001733875723,2.2084937253425723e-4,-0.5
