method,true_params,bivpois_eta,bivpois_estimated_ha,bivpois_bias,bivpois_mse,pc_eta,pc_bias,pc_mse,lm_eta,lm_bias,lm_mse,team_strength_correlation
bivnorm,0.22825566004030406,0.07662634147598878,0.07963858485318664,-0.14861707518711742,0.02208703503717331,0.12845306982398605,-0.09980259021631802,0.009960557013886297,0.08187134502923105,-0.14638431501107302,0.021428367681261058,-0.5
