method,true_params,bivpois_eta,bivpois_estimated_ha,bivpois_bias,bivpois_mse,pc_eta,pc_bias,pc_mse,lm_eta,lm_bias,lm_mse,team_strength_correlation
bivnorm,0.6613294337876141,0.3495874677009578,0.41848225812885076,-0.24284717565876335,0.058974750725438264,0.6293190144689773,-0.032010419318636796,0.0010246669449549557,0.08187134502923525,-0.5794580887583789,0.33577167662751334,-0.5
