method,true_params,bivpois_eta,bivpois_estimated_ha,bivpois_bias,bivpois_mse,pc_eta,pc_bias,pc_mse,lm_eta,lm_bias,lm_mse,team_strength_correlation
bivnorm,0.009698766749352217,0.07054889662202996,0.07309703896822684,0.06339827221887462,0.004019340920338529,0.10740148551083104,0.09770271876147882,0.009545821253384625,0.10233918128655452,0.0926404145372023,0.008582246405624683,-0.5
