method,true_params,bivpois_eta,bivpois_estimated_ha,bivpois_bias,bivpois_mse,pc_eta,pc_bias,pc_mse,lm_eta,lm_bias,lm_mse,team_strength_correlation
bivnorm,0.44346205377951264,0.1710453655849676,0.18654457608953878,-0.25691747768997386,0.06600659034257822,0.3037280282034653,-0.13973402557604736,0.019525597903687457,0.10526315789473871,-0.3381988958847739,0.11437849317768015,-0.5
