method,true_params,bivpois_eta,bivpois_estimated_ha,bivpois_bias,bivpois_mse,pc_eta,pc_bias,pc_mse,lm_eta,lm_bias,lm_mse,team_strength_correlation
bivnorm,0.9807422982994467,0.5049234786665402,0.6568587305704292,-0.3238835677290175,0.10490056544487707,0.9232690275303989,-0.057473270769047846,0.0033031768528922895,0.8070175438596447,-0.17372475443980195,0.03018029030516949,-0.5
