method,true_params,bivpois_eta,bivpois_estimated_ha,bivpois_bias,bivpois_mse,pc_eta,pc_bias,pc_mse,lm_eta,lm_bias,lm_mse,team_strength_correlation
bivpois,0.4708381711971015,0.4227680898222312,0.5261803181736218,0.05534214697652029,0.003062753231970774,0.5991386982611464,0.12830052706404493,0.016461025244911727,-0.16374269005847886,-0.6345808612555803,0.4026928694718741,-0.5
