method,true_params,bivpois_eta,bivpois_estimated_ha,bivpois_bias,bivpois_mse,pc_eta,pc_bias,pc_mse,lm_eta,lm_bias,lm_mse,team_strength_correlation
bivnorm,0.2513557388447225,0.16604942357483082,0.180631451308223,-0.07072428753649951,0.00500192484754546,0.2937231437249755,0.04236740488025298,0.0017949969962872839,0.6198830409356814,0.36852730209095885,0.13581237238644084,-0.5
