method,true_params,bivpois_eta,bivpois_estimated_ha,bivpois_bias,bivpois_mse,pc_eta,pc_bias,pc_mse,lm_eta,lm_bias,lm_mse,team_strength_correlation
bivnorm,0.058969952864572406,0.011400006440424416,0.01146523414360634,-0.047504718720966066,0.002256698300758104,0.016443096438082186,-0.04252685642649022,0.0018085335175193125,0.9210526315789441,0.8620826787143717,0.7431865449393467,-0.5
