method,true_params,bivpois_eta,bivpois_estimated_ha,bivpois_bias,bivpois_mse,pc_eta,pc_bias,pc_mse,lm_eta,lm_bias,lm_mse,team_strength_correlation
bivnorm,0.3851616738829762,0.16673168545191272,0.18143722598174894,-0.20372444790122723,0.04150365067265985,0.2768304872290873,-0.10833118665388886,0.011735646001839706,-0.47368421052631304,-0.8588458844092892,0.7376162531667741,-0.5
