method,true_params,bivpois_eta,bivpois_estimated_ha,bivpois_bias,bivpois_mse,pc_eta,pc_bias,pc_mse,lm_eta,lm_bias,lm_mse,team_strength_correlation
bivnorm,0.2810956558678299,0.1562603586149462,0.16913055668003873,-0.11196509918779118,0.012536183436131918,0.26303575393558376,-0.01805990193224616,3.2616005780234855e-4,0.1549707602339147,-0.1261248956339152,0.015907489298666005,-0.5
