method,true_params,bivpois_eta,bivpois_estimated_ha,bivpois_bias,bivpois_mse,pc_eta,pc_bias,pc_mse,lm_eta,lm_bias,lm_mse,team_strength_correlation
bivpois,0.6710228933952749,0.5387834223298145,0.7139204759372308,0.04289758254195597,0.0018402025879439255,0.8418995961211371,0.1708767027258622,0.02919884753446268,0.12573099415203354,-0.5452918992432414,0.2973432553803013,-0.5
