method,true_params,bivpois_eta,bivpois_estimated_ha,bivpois_bias,bivpois_mse,pc_eta,pc_bias,pc_mse,lm_eta,lm_bias,lm_mse,team_strength_correlation
bivpois,0.7224589469842613,0.5547295675173953,0.7414699710405894,0.019011024056328152,3.614190356702877e-4,0.8568906547763216,0.13443170779206037,0.018071884059889905,2.432748538011714,1.7102895910274527,2.9250904851768516,-0.5
