method,true_params,bivpois_eta,bivpois_estimated_ha,bivpois_bias,bivpois_mse,pc_eta,pc_bias,pc_mse,lm_eta,lm_bias,lm_mse,team_strength_correlation
bivnorm,0.9635205972008407,0.3993026604247091,0.4907847518800186,-0.47273584532082213,0.22347917945119228,0.726472889253023,-0.2370477079478177,0.05619161584331388,1.192982456140346,0.22946185893950521,0.05265274470797339,-0.5
