method,true_params,bivpois_eta,bivpois_estimated_ha,bivpois_bias,bivpois_mse,pc_eta,pc_bias,pc_mse,lm_eta,lm_bias,lm_mse,team_strength_correlation
bivnorm,0.8255896617192775,0.38665949747226425,0.4720551674214861,-0.3535344942977914,0.12498663865839509,0.7771004392265458,-0.04848922249273169,0.0023512046979496364,0.7456140350877264,-0.07997562663155111,0.006396100855109267,0
