method,true_params,bivpois_eta,bivpois_estimated_ha,bivpois_bias,bivpois_mse,pc_eta,pc_bias,pc_mse,lm_eta,lm_bias,lm_mse,team_strength_correlation
bivnorm,0.1420374766457826,0.06552405653869965,0.06771842261410099,-0.0743190540316816,0.005523321792164008,0.09915786977315284,-0.04287960687262975,0.0018386606855512763,-0.6666666666666611,-0.8087041433124437,0.6540023914107135,0
