method,true_params,bivpois_eta,bivpois_estimated_ha,bivpois_bias,bivpois_mse,pc_eta,pc_bias,pc_mse,lm_eta,lm_bias,lm_mse,team_strength_correlation
bivnorm,0.4293154627084732,0.2223108464187269,0.24895955213378262,-0.18035591057469058,0.032528254479225784,0.41137149643891463,-0.017943966269558576,3.219859254830559e-4,0.9853801169590625,0.5560646542505893,0.3092078997068274,0
