method,true_params,bivpois_eta,bivpois_estimated_ha,bivpois_bias,bivpois_mse,pc_eta,pc_bias,pc_mse,lm_eta,lm_bias,lm_mse,team_strength_correlation
bivnorm,0.047922199591994286,0.044911435086690446,0.04593522264425087,-0.001986976947743413,3.9480773908637295e-6,0.07150272177677881,0.023580522184784528,5.560410265071153e-4,0.7573099415204725,0.7093877419284782,0.5032309683983852,0
