method,true_params,bivpois_eta,bivpois_estimated_ha,bivpois_bias,bivpois_mse,pc_eta,pc_bias,pc_mse,lm_eta,lm_bias,lm_mse,team_strength_correlation
bivnorm,0.20922397822141647,0.06978443443213711,0.07227701033622713,-0.13694696788518934,0.018754472012947082,0.10734199585204497,-0.1018819823693715,0.010379938331512925,0.49122807017542675,0.28200409195401027,0.07952630787880588,0
