method,true_params,bivpois_eta,bivpois_estimated_ha,bivpois_bias,bivpois_mse,pc_eta,pc_bias,pc_mse,lm_eta,lm_bias,lm_mse,team_strength_correlation
bivnorm,0.1731573031283915,0.10649396718262495,0.11237121569304453,-0.06078608743534697,0.003694948425697647,0.18179425616848927,0.008636953040097761,7.459695781685396e-5,-0.4269005847953317,-0.6000578879237233,0.36006946885947966,0
