method,true_params,bivpois_eta,bivpois_estimated_ha,bivpois_bias,bivpois_mse,pc_eta,pc_bias,pc_mse,lm_eta,lm_bias,lm_mse,team_strength_correlation
bivnorm,0.2242445070296526,0.08936652940769106,0.09348137596513184,-0.13076313106452075,0.017098996445797033,0.14677938733942317,-0.07746511969022943,0.006000844768621571,0.611111111111098,0.38686660408144535,0.14966576935350978,0
