method,true_params,bivpois_eta,bivpois_estimated_ha,bivpois_bias,bivpois_mse,pc_eta,pc_bias,pc_mse,lm_eta,lm_bias,lm_mse,team_strength_correlation
bivnorm,0.008076931117102504,-0.06352116589312619,-0.0615457441320324,-0.0696226752491349,0.0048473169088465015,-0.09945881978366296,-0.10753575090076546,0.01156393772179148,-0.39181286549707967,-0.39988979661418217,0.159911849436132,0
