method,true_params,bivpois_eta,bivpois_estimated_ha,bivpois_bias,bivpois_mse,pc_eta,pc_bias,pc_mse,lm_eta,lm_bias,lm_mse,team_strength_correlation
bivpois,0.47857492906041443,0.3133479899408468,0.36799749757527644,-0.11057743148513799,0.012227368353850387,0.37152742363770913,-0.1070475054227053,0.01145916841722412,0.7514619883040974,0.27288705924368295,0.07446734710266532,-0.5
