method,true_params,bivpois_eta,bivpois_estimated_ha,bivpois_bias,bivpois_mse,pc_eta,pc_bias,pc_mse,lm_eta,lm_bias,lm_mse,team_strength_correlation
bivnorm,0.4791029938496649,0.2718927185851643,0.31244619267372253,-0.1666568011759424,0.027774489378197594,0.5005583823678528,0.021455388518187846,4.6033369646638684e-4,0.7192982456140392,0.24019525176437428,0.057693758970151145,0
