method,true_params,bivpois_eta,bivpois_estimated_ha,bivpois_bias,bivpois_mse,pc_eta,pc_bias,pc_mse,lm_eta,lm_bias,lm_mse,team_strength_correlation
bivnorm,0.025780699914321303,-0.009399414293849419,-0.009355377879486926,-0.03513607779380823,0.0012345439627325437,-0.019766863709192655,-0.04554756362351396,0.0020745805520380523,0.18713450292398245,0.16135380300966115,0.026035049745680536,0
