method,true_params,bivpois_eta,bivpois_estimated_ha,bivpois_bias,bivpois_mse,pc_eta,pc_bias,pc_mse,lm_eta,lm_bias,lm_mse,team_strength_correlation
bivnorm,0.8310931220185012,0.3236129721162846,0.3821122875986951,-0.4489808344198061,0.20158378967630533,0.602414058287118,-0.22867906373138314,0.05229411418906199,1.1608187134502903,0.32972559143178914,0.10871896564504314,0
