method,true_params,bivpois_eta,bivpois_estimated_ha,bivpois_bias,bivpois_mse,pc_eta,pc_bias,pc_mse,lm_eta,lm_bias,lm_mse,team_strength_correlation
bivnorm,0.08742961962707341,0.14582278291248135,0.15699113128298037,0.06956151165590696,0.00483880390385488,0.24245040686042496,0.15502078723335155,0.024031444474448053,0.6725146198830294,0.585085000255956,0.342324457524512,0
