method,true_params,bivpois_eta,bivpois_estimated_ha,bivpois_bias,bivpois_mse,pc_eta,pc_bias,pc_mse,lm_eta,lm_bias,lm_mse,team_strength_correlation
bivnorm,0.6189083738718182,0.32875753523841467,0.38924097276690817,-0.22966740110491002,0.05274711513028362,0.6131794525945882,-0.005728921277230015,3.2820539000698784e-5,0.15204678362572696,-0.4668615902460912,0.21795974444710917,0
