method,true_params,bivpois_eta,bivpois_estimated_ha,bivpois_bias,bivpois_mse,pc_eta,pc_bias,pc_mse,lm_eta,lm_bias,lm_mse,team_strength_correlation
bivnorm,0.31355362199246883,0.11826862062441039,0.12554641574392944,-0.1880072062485394,0.03534670960138083,0.21044327527905202,-0.10311034671341682,0.010631743599361027,0.546783625730996,0.2332300037385272,0.054396234643873415,0
