method,true_params,bivpois_eta,bivpois_estimated_ha,bivpois_bias,bivpois_mse,pc_eta,pc_bias,pc_mse,lm_eta,lm_bias,lm_mse,team_strength_correlation
bivnorm,0.8492999416776001,0.4665364596955388,0.5944621346264609,-0.25483780705113923,0.06494230790263367,0.8457212382061906,-0.003578703471409539,1.2807118536278684e-5,0.11403508771929854,-0.7352648539583015,0.5406144054663224,0
