method,true_params,bivpois_eta,bivpois_estimated_ha,bivpois_bias,bivpois_mse,pc_eta,pc_bias,pc_mse,lm_eta,lm_bias,lm_mse,team_strength_correlation
bivnorm,0.31771403388120234,0.11820339153026803,0.12547299976527015,-0.19224103411593219,0.036956615197963005,0.19388497230093676,-0.12382906158026558,0.015333636491849205,-0.32456140350877943,-0.6422754373899817,0.41251773747449233,0
