method,true_params,bivpois_eta,bivpois_estimated_ha,bivpois_bias,bivpois_mse,pc_eta,pc_bias,pc_mse,lm_eta,lm_bias,lm_mse,team_strength_correlation
bivnorm,0.4048430889379233,0.23776616695992436,0.2684125613798485,-0.13643052755807483,0.018613288849774617,0.4296504278399355,0.0248073389020122,6.154040633992878e-4,0.9649122807017606,0.5600691917638373,0.31367749956299795,0
