method,true_params,bivpois_eta,bivpois_estimated_ha,bivpois_bias,bivpois_mse,pc_eta,pc_bias,pc_mse,lm_eta,lm_bias,lm_mse,team_strength_correlation
bivpois,0.36166679626330733,0.27342984972804685,0.3144651458902443,-0.04720165037306301,0.002227995797940879,0.3791622204243539,0.017495424161046547,3.060898665749313e-4,-0.25146198830409744,-0.6131287845674047,0.37592690646510296,-0.5
