method,true_params,bivpois_eta,bivpois_estimated_ha,bivpois_bias,bivpois_mse,pc_eta,pc_bias,pc_mse,lm_eta,lm_bias,lm_mse,team_strength_correlation
bivnorm,0.34300746768713,0.13493014733979922,0.14445683820448796,-0.19855062948264202,0.03942235246795339,0.21828968014136385,-0.12471778754576612,0.015554526530310855,-0.6871345029239907,-1.0301419706111208,1.0611924796145633,0
