method,true_params,bivpois_eta,bivpois_estimated_ha,bivpois_bias,bivpois_mse,pc_eta,pc_bias,pc_mse,lm_eta,lm_bias,lm_mse,team_strength_correlation
bivnorm,0.14672643528319895,0.03537350939103813,0.03600659473467127,-0.11071984054852768,0.012258883091091395,0.05515306505917612,-0.09157337022402283,0.00838568213418595,-0.17251461988304478,-0.31924105516624374,0.10191485130365667,0
