method,true_params,bivpois_eta,bivpois_estimated_ha,bivpois_bias,bivpois_mse,pc_eta,pc_bias,pc_mse,lm_eta,lm_bias,lm_mse,team_strength_correlation
bivnorm,0.9019542764872313,0.302710403770555,0.3535224326865938,-0.5484318438006375,0.3007774872945668,0.6041629807632072,-0.2977912957240241,0.08867965580899316,-0.06140350877192561,-0.9633577852591568,0.9280582224194277,0
