method,true_params,bivpois_eta,bivpois_estimated_ha,bivpois_bias,bivpois_mse,pc_eta,pc_bias,pc_mse,lm_eta,lm_bias,lm_mse,team_strength_correlation
bivnorm,0.04534689849242568,-0.023909414749618448,-0.023625849150959666,-0.06897274764338535,0.0047572399174781186,-0.03878805464833155,-0.08413495314075722,0.007078690339997414,-0.011695906432762311,-0.05704280492518799,0.003253881593733051,0
