method,true_params,bivpois_eta,bivpois_estimated_ha,bivpois_bias,bivpois_mse,pc_eta,pc_bias,pc_mse,lm_eta,lm_bias,lm_mse,team_strength_correlation
bivnorm,0.7629827365744859,0.3597190032431977,0.4329267102253753,-0.3300560263491106,0.10893698052936478,0.6406186442096652,-0.12236409236482071,0.014972971100266373,0.9502923976608316,0.18730966108634572,0.0350849091362817,0
