method,true_params,bivpois_eta,bivpois_estimated_ha,bivpois_bias,bivpois_mse,pc_eta,pc_bias,pc_mse,lm_eta,lm_bias,lm_mse,team_strength_correlation
bivnorm,0.30566423712298274,0.13363745841508273,0.14297836733226843,-0.1626858697907143,0.026466692229561252,0.20850658824594157,-0.09715764887704118,0.00943960873531442,0.4327485380116977,0.12708430088871497,0.016150419532373443,0
