method,true_params,bivpois_eta,bivpois_estimated_ha,bivpois_bias,bivpois_mse,pc_eta,pc_bias,pc_mse,lm_eta,lm_bias,lm_mse,team_strength_correlation
bivnorm,0.9733315827324986,0.3186978407319718,0.3753356916895936,-0.5979958910429051,0.357599085704198,0.6750930228824273,-0.2982385598500713,0.08894623858144457,-0.19005847953217078,-1.1633900622646693,1.3534764369761911,0
