method,true_params,bivpois_eta,bivpois_estimated_ha,bivpois_bias,bivpois_mse,pc_eta,pc_bias,pc_mse,lm_eta,lm_bias,lm_mse,team_strength_correlation
bivnorm,0.4378468708600849,0.2557862888500003,0.29147669547535915,-0.14637017538472574,0.021424228242155372,0.4354843235360055,-0.002362547324079367,5.581629858514578e-6,0.5672514619883018,0.1294045911282169,0.01674554820506099,0
