method,true_params,bivpois_eta,bivpois_estimated_ha,bivpois_bias,bivpois_mse,pc_eta,pc_bias,pc_mse,lm_eta,lm_bias,lm_mse,team_strength_correlation
bivnorm,0.7413212941028178,0.3350861642366822,0.39806084287818333,-0.34326045122463444,0.11782773737493964,0.5659844706874672,-0.17533682341535062,0.030743001645385844,-0.46491228070175555,-1.2062335748045734,1.4549994369858203,0
