method,true_params,bivpois_eta,bivpois_estimated_ha,bivpois_bias,bivpois_mse,pc_eta,pc_bias,pc_mse,lm_eta,lm_bias,lm_mse,team_strength_correlation
bivnorm,0.7094371919520199,0.3296091744130529,0.39042460874617335,-0.3190125832058466,0.10176902824366718,0.6558042230361425,-0.05363296891587743,0.002876495354731475,0.04385964912280464,-0.6655775428292153,0.442993465518576,0
