method,true_params,bivpois_eta,bivpois_estimated_ha,bivpois_bias,bivpois_mse,pc_eta,pc_bias,pc_mse,lm_eta,lm_bias,lm_mse,team_strength_correlation
bivnorm,0.5744766083080322,0.31962816788896026,0.37661579920060984,-0.19786080910742232,0.039148899780643814,0.5590168035459391,-0.015459804762093077,2.3900556328203577e-4,0.3245614035087741,-0.24991520479925805,0.06245760958985509,0
