method,true_params,bivpois_eta,bivpois_estimated_ha,bivpois_bias,bivpois_mse,pc_eta,pc_bias,pc_mse,lm_eta,lm_bias,lm_mse,team_strength_correlation
bivnorm,0.5275978855788708,0.21058798957328234,0.2344036630954196,-0.2931942224834512,0.08596285209767547,0.38063373408071316,-0.1469641514981576,0.02159846182557342,-0.040935672514621005,-0.5685335580934918,0.3232304066784458,0
