method,true_params,bivpois_eta,bivpois_estimated_ha,bivpois_bias,bivpois_mse,pc_eta,pc_bias,pc_mse,lm_eta,lm_bias,lm_mse,team_strength_correlation
bivnorm,0.5698112058453262,0.20857512584135576,0.23192147572196076,-0.33788973012336543,0.11416946972284073,0.37845709419966456,-0.19135411164566163,0.03661639604370034,0.4678362573099336,-0.10197494853539257,0.010398890128795964,0
