method,true_params,bivpois_eta,bivpois_estimated_ha,bivpois_bias,bivpois_mse,pc_eta,pc_bias,pc_mse,lm_eta,lm_bias,lm_mse,team_strength_correlation
bivnorm,0.25205857027322054,0.11211838552188202,0.11864528421214637,-0.13341328606107417,0.017799104897614007,0.18182764751102531,-0.07023092276219522,0.004932382512029431,-1.0906432748538002,-1.3427018451270207,1.802848244907506,0
