method,true_params,bivpois_eta,bivpois_estimated_ha,bivpois_bias,bivpois_mse,pc_eta,pc_bias,pc_mse,lm_eta,lm_bias,lm_mse,team_strength_correlation
bivnorm,0.5603628526441753,0.2568128185011798,0.2928031152852264,-0.2675597373589489,0.07158821305558971,0.4144481819497768,-0.1459146706943985,0.021291091123854758,0.4853801169590626,-0.07498273568511271,0.005622410650823475,0
