method,true_params,bivpois_eta,bivpois_estimated_ha,bivpois_bias,bivpois_mse,pc_eta,pc_bias,pc_mse,lm_eta,lm_bias,lm_mse,team_strength_correlation
bivnorm,0.8004884182009846,0.4086580073819757,0.5047970030091335,-0.29569141519185105,0.08743341301815964,0.7810205088497413,-0.019467909351243318,3.78999494508227e-4,0.5233918128654947,-0.27709660533548985,0.07678252868845223,0
