method,true_params,bivpois_eta,bivpois_estimated_ha,bivpois_bias,bivpois_mse,pc_eta,pc_bias,pc_mse,lm_eta,lm_bias,lm_mse,team_strength_correlation
bivnorm,0.8622143759857863,0.3683243853661163,0.44531080061326933,-0.416903575372517,0.17380859115838795,0.7262880866739106,-0.13592628931187567,0.018475956126095726,0.41520467836256797,-0.44700969762321835,0.1998176697692011,0
