method,true_params,bivpois_eta,bivpois_estimated_ha,bivpois_bias,bivpois_mse,pc_eta,pc_bias,pc_mse,lm_eta,lm_bias,lm_mse,team_strength_correlation
bivpois,0.3812509656418115,0.329460713627169,0.390218200538188,0.00896723489637652,8.04113016867928e-5,0.47269714164390064,0.09144617600208915,0.008362403105405066,0.2514619883041128,-0.12978897733769867,0.01684517863836566,-0.5
