method,true_params,bivpois_eta,bivpois_estimated_ha,bivpois_bias,bivpois_mse,pc_eta,pc_bias,pc_mse,lm_eta,lm_bias,lm_mse,team_strength_correlation
bivnorm,0.5907614463940263,0.2552339389037047,0.29076354536431515,-0.29999790102971113,0.08999874062223236,0.4279570327219564,-0.16280441367206988,0.026505277111106455,0.245614035087718,-0.34514741130630827,0.11912673553144594,0
