method,true_params,bivpois_eta,bivpois_estimated_ha,bivpois_bias,bivpois_mse,pc_eta,pc_bias,pc_mse,lm_eta,lm_bias,lm_mse,team_strength_correlation
bivnorm,0.032770173624157906,-0.021042465828665043,-0.02082261789239226,-0.053592791516550164,0.0028721873025364113,-0.029942948428908107,-0.062713122053066,0.003932935677642754,0.5350877192982452,0.5023175456740873,0.25232291669203877,0
