method,true_params,bivpois_eta,bivpois_estimated_ha,bivpois_bias,bivpois_mse,pc_eta,pc_bias,pc_mse,lm_eta,lm_bias,lm_mse,team_strength_correlation
bivnorm,0.5405104456003755,0.30763718582995797,0.36020739688368364,-0.1803030487166919,0.03250918937653377,0.564460538274604,0.02395009267422843,5.736069391041302e-4,0.53801169590642,-0.002498749693955582,6.2437500330431146e-6,0
