method,true_params,bivpois_eta,bivpois_estimated_ha,bivpois_bias,bivpois_mse,pc_eta,pc_bias,pc_mse,lm_eta,lm_bias,lm_mse,team_strength_correlation
bivnorm,0.7985437815077603,0.40545303239656794,0.49998188654197206,-0.2985618949657882,0.08913920512556235,0.6995402231713505,-0.09900355833640984,0.009801704563270905,0.8362573099415171,0.03771352843375686,0.0014223102269237873,0
