method,true_params,bivpois_eta,bivpois_estimated_ha,bivpois_bias,bivpois_mse,pc_eta,pc_bias,pc_mse,lm_eta,lm_bias,lm_mse,team_strength_correlation
bivnorm,0.3371798670850694,0.10697501074133721,0.1129064434248559,-0.22427342366021352,0.05029856856027362,0.18828771028421987,-0.14889215680084955,0.022168874356808768,0.9005847953216429,0.5634049282365735,0.31742511316125854,0
