method,true_params,bivpois_eta,bivpois_estimated_ha,bivpois_bias,bivpois_mse,pc_eta,pc_bias,pc_mse,lm_eta,lm_bias,lm_mse,team_strength_correlation
bivnorm,0.3206072999164462,0.24298466641034366,0.27504907288928937,-0.04555822702715684,0.0020755520498579637,0.43980990104717455,0.11920260113072834,0.014209260116331517,0.6725146198830323,0.3519073199665861,0.1238387618460652,0
