method,true_params,bivpois_eta,bivpois_estimated_ha,bivpois_bias,bivpois_mse,pc_eta,pc_bias,pc_mse,lm_eta,lm_bias,lm_mse,team_strength_correlation
bivpois,0.8147523235529661,0.5876917513889391,0.7998291637837371,-0.014923159769228977,2.2270069749793427e-4,0.9569094280557504,0.1421571045027843,0.020208642360615533,-0.5555555555555604,-1.3703078791085264,1.8777436835469077,-0.5
