method,true_params,bivpois_eta,bivpois_estimated_ha,bivpois_bias,bivpois_mse,pc_eta,pc_bias,pc_mse,lm_eta,lm_bias,lm_mse,team_strength_correlation
bivnorm,0.9851890353020281,0.4709313757380867,0.6014850831715941,-0.38370395213043396,0.14722872288051436,0.9000081352927972,-0.08518090000923084,0.007255785726382583,0.2222222222222026,-0.7629668130798255,0.5821183578611854,0
