method,true_params,bivpois_eta,bivpois_estimated_ha,bivpois_bias,bivpois_mse,pc_eta,pc_bias,pc_mse,lm_eta,lm_bias,lm_mse,team_strength_correlation
bivnorm,0.056328848004341125,0.02627449291009734,0.0266227104562049,-0.029706137548136224,8.824546080287888e-4,0.04279810241789103,-0.013530745586450094,1.8308107612523869e-4,0.3976608187134417,0.3413319707091006,0.1165075142281583,0
