method,true_params,bivpois_eta,bivpois_estimated_ha,bivpois_bias,bivpois_mse,pc_eta,pc_bias,pc_mse,lm_eta,lm_bias,lm_mse,team_strength_correlation
bivnorm,0.032435095869004726,-0.06314041208247187,-0.06118835606386919,-0.09362345193287391,0.008765350751827152,-0.11879409496279664,-0.15122919083180136,0.022870268159641393,0.7953216374268907,0.7628865415578859,0.5819958752901521,0
