method,true_params,bivpois_eta,bivpois_estimated_ha,bivpois_bias,bivpois_mse,pc_eta,pc_bias,pc_mse,lm_eta,lm_bias,lm_mse,team_strength_correlation
bivpois,0.66768146189861,0.49884170278525686,0.6468126670229404,-0.020868794875669616,4.3550659956277443e-4,0.6847958426545728,0.017114380755962832,2.9290202866007095e-4,0.7982456140350881,0.1305641521364781,0.0170469978231174,-0.5
