method,true_params,bivpois_eta,bivpois_estimated_ha,bivpois_bias,bivpois_mse,pc_eta,pc_bias,pc_mse,lm_eta,lm_bias,lm_mse,team_strength_correlation,mu
bivpois,0,-0.010391148685743187,-0.012096434686885482,-0.012096434686885482,1.4632373213408628e-4,-0.01045594870319718,-0.01045594870319718,1.093268632838908e-4,0.7894736842105314,0.7894736842105314,0.6232686980609499,-0.8,1.161834242728283
