method,true_params,bivpois_eta,bivpois_estimated_ha,bivpois_bias,bivpois_mse,pc_eta,pc_bias,pc_mse,lm_eta,lm_bias,lm_mse,team_strength_correlation,mu
bivpois,0,-0.008450940701373085,-0.009054090513159974,-0.009054090513159974,8.197655502049343e-5,-0.007886694502619954,-0.007886694502619954,6.21999501776558e-5,-0.3245614035087727,-0.3245614035087727,0.10534010464758438,-0.4,1.161834242728283
