true_params,bivpois_eta,bivpois_estimated_ha,bivpois_eta_bias,bivpois_eta_mse,lm_eta,lm_eta_bias,lm_eta_mse,team_strength_correlation,lambda3
0.6892950789720548,0.6794284249459787,0.9727498353285895,0.2834547563565347,0.08034659890114246,2.3801169590643427,1.690821880092288,2.8588786301988196,0.5,0.1
