method,true_params,bivpois_eta,bivpois_estimated_ha,bivpois_bias,bivpois_mse,pc_eta,pc_bias,pc_mse,lm_eta,lm_bias,lm_mse,team_strength_correlation,mu
bivpois,0,0.022268762972439998,0.022791664492929353,0.022791664492929353,5.194599703582566e-4,0.02754226130770416,0.02754226130770416,7.585761579418576e-4,0.24853801169589654,0.24853801169589654,0.06177114325774961,-0.4,1.161834242728283
