true_params,bivpois_eta,bivpois_estimated_ha,bivpois_eta_bias,bivpois_eta_mse,lm_eta,lm_eta_bias,lm_eta_mse,team_strength_correlation,lambda3
0.6765513990439675,0.6766708273077308,0.9673172788868258,0.2907658798428583,0.0845447968807915,-0.07017543859648039,-0.7467268376404479,0.5576009700525039,0.5,0.1
