method,true_params,bivpois_eta,bivpois_estimated_ha,bivpois_bias,bivpois_mse,pc_eta,pc_bias,pc_mse,lm_eta,lm_bias,lm_mse,team_strength_correlation,mu
bivpois,0,0.01761978400568377,0.021661905430263362,0.021661905430263362,4.6923814686967335e-4,0.020247861321725555,0.020247861321725555,4.099758881038297e-4,0.029239766081876783,0.029239766081876783,8.549639205228719e-4,-0.4,1.161834242728283
