method,true_params,bivpois_eta,bivpois_estimated_ha,bivpois_bias,bivpois_mse,pc_eta,pc_bias,pc_mse,lm_eta,lm_bias,lm_mse,team_strength_correlation,mu
bivpois,0,-0.01456185701723897,-0.015766247885412588,-0.015766247885412588,2.485745723842769e-4,-0.02403919358003408,-0.02403919358003408,5.778828279783517e-4,0.46783625730994144,0.46783625730994144,0.21887076365377373,-0.4,1.161834242728283
