method,true_params,bivpois_eta,bivpois_estimated_ha,bivpois_bias,bivpois_mse,pc_eta,pc_bias,pc_mse,lm_eta,lm_bias,lm_mse,team_strength_correlation,mu
bivpois,0,0.08128463407107826,0.10082925577809498,0.10082925577809498,0.0101665388207645,0.10516979495632028,0.10516979495632028,0.011060685771154452,0.6608187134502868,0.6608187134502868,0.4366813720460922,-0.4,1.161834242728283
