method,true_params,bivpois_eta,bivpois_estimated_ha,bivpois_bias,bivpois_mse,pc_eta,pc_bias,pc_mse,lm_eta,lm_bias,lm_mse,team_strength_correlation
bivnorm,0.2598792652133852,0.1063281372564996,0.11218676655053872,-0.1476924986628465,0.021813074161274915,0.18045388479737332,-0.07942538041601191,0.006308391054228208,0.3011695906432742,0.041290325429888974,0.0017048909741061362,0.5
