method,true_params,bivpois_eta,bivpois_estimated_ha,bivpois_bias,bivpois_mse,pc_eta,pc_bias,pc_mse,lm_eta,lm_bias,lm_mse,team_strength_correlation,mu
bivpois,0,-0.030582109406162315,-0.032790638828767094,-0.032790638828767094,0.0010752259947986482,-0.04100614856455854,-0.04100614856455854,0.0016815042200986462,0.769005847953221,0.769005847953221,0.5913699941862525,-0.4,1.161834242728283
