true_params,bivpois_eta,bivpois_estimated_ha,bivpois_eta_bias,bivpois_eta_mse,lm_eta,lm_eta_bias,lm_eta_mse,team_strength_correlation,lambda3
0.5261459393613155,0.4481306386786362,0.5653831818867661,0.03923724252545058,0.0015395612010010273,-0.5438596491228113,-1.0700055884841269,1.1449119593872625,0.5,0.1
