method,true_params,bivpois_eta,bivpois_estimated_ha,bivpois_bias,bivpois_mse,pc_eta,pc_bias,pc_mse,lm_eta,lm_bias,lm_mse,team_strength_correlation,mu
bivpois,0,-0.008356767123099022,-0.01119546549348116,-0.01119546549348116,1.2533844761572737e-4,-0.016752168171133102,-0.016752168171133102,2.8063513843392497e-4,-0.6491228070175314,-0.6491228070175314,0.42136041859031936,-0.4,1.161834242728283
