method,true_params,bivpois_eta,bivpois_estimated_ha,bivpois_bias,bivpois_mse,pc_eta,pc_bias,pc_mse,lm_eta,lm_bias,lm_mse,team_strength_correlation
bivnorm,0.6559265302494168,0.3825431404314983,0.46600811721615076,-0.18991841303326606,0.036069003609074245,0.7040850266325356,0.048158496383118754,0.002319240773882862,1.6052631578947283,0.9493366276453115,0.9012400325889728,0.5
