method,true_params,bivpois_eta,bivpois_estimated_ha,bivpois_bias,bivpois_mse,pc_eta,pc_bias,pc_mse,lm_eta,lm_bias,lm_mse,team_strength_correlation,mu
bivpois,0,0.03522277581426473,0.03893583416978674,0.03893583416978674,0.001515999182497133,0.04124600965784972,0.04124600965784972,0.0017012333126954324,0.17543859649122992,0.17543859649122992,0.030778701138812592,-0.4,1.161834242728283
