method,true_params,bivpois_eta,bivpois_estimated_ha,bivpois_bias,bivpois_mse,pc_eta,pc_bias,pc_mse,lm_eta,lm_bias,lm_mse,team_strength_correlation
bivnorm,0.37255767546594143,0.10608763773265331,0.11191931832462987,-0.26063835714131156,0.06793235321332187,0.17208481186708535,-0.20047286359885608,0.04018936903952555,0.13742690058479648,-0.23513077488114495,0.05528648129620767,0.5
