true_params,bivpois_eta,bivpois_estimated_ha,bivpois_eta_bias,bivpois_eta_mse,lm_eta,lm_eta_bias,lm_eta_mse,team_strength_correlation,lambda3
0.4355056649434246,0.39970741305282065,0.4913882730564425,0.05588260811301793,0.003122865889513137,0.4152046783625573,-0.020300986580867264,4.1213005615655274e-4,0.5,0.1
