true_params,bivpois_eta,bivpois_estimated_ha,bivpois_eta_bias,bivpois_eta_mse,lm_eta,lm_eta_bias,lm_eta_mse,team_strength_correlation,lambda3
0.11787492766577924,0.091454700103812,0.09576713743065124,-0.022107790235128003,4.887543890804211e-4,0.29532163742690554,0.1774467097611263,0.0314873348050494,0.5,0.1
