method,true_params,bivpois_eta,bivpois_estimated_ha,bivpois_bias,bivpois_mse,pc_eta,pc_bias,pc_mse,lm_eta,lm_bias,lm_mse,team_strength_correlation,mu
bivpois,0,0.0474026850389098,0.0627420975971349,0.0627420975971349,0.0039365708108884,0.06835755089924257,0.06835755089924257,0.004672754764942539,0.31578947368420884,0.31578947368420884,0.09972299168974963,-0.4,1.161834242728283
