method,true_params,bivpois_eta,bivpois_estimated_ha,bivpois_bias,bivpois_mse,pc_eta,pc_bias,pc_mse,lm_eta,lm_bias,lm_mse,team_strength_correlation,mu
bivpois,0,0.1034261971389433,0.11115608917880104,0.11115608917880104,0.01235567616152557,0.12470833814652031,0.12470833814652031,0.015552169603266853,0.1432748538011786,0.1432748538011786,0.020527683731749104,-0.4,1.161834242728283
