method,true_params,bivpois_eta,bivpois_estimated_ha,bivpois_bias,bivpois_mse,pc_eta,pc_bias,pc_mse,lm_eta,lm_bias,lm_mse,team_strength_correlation,mu
bivpois,0,0.18204664127016526,0.18081733096307162,0.18081733096307162,0.03269490717660898,0.21525050239600502,0.21525050239600502,0.04633277878173256,0.09649122807017413,0.09649122807017413,0.00931055709449036,-0.4,1.161834242728283
