true_params,bivpois_eta,bivpois_estimated_ha,bivpois_eta_bias,bivpois_eta_mse,lm_eta,lm_eta_bias,lm_eta_mse,team_strength_correlation,lambda3
0.2762019058432097,0.17156711670320288,0.18716381858013276,-0.08903808726307694,0.007927780983467303,0.8450292397660804,0.5688273339228707,0.323564535817801,0.5,0.1
