method,true_params,bivpois_eta,bivpois_estimated_ha,bivpois_bias,bivpois_mse,pc_eta,pc_bias,pc_mse,lm_eta,lm_bias,lm_mse,team_strength_correlation,mu
bivpois,0,0.11451811041053404,0.1138387984673166,0.1138387984673166,0.012959272036482323,0.13657802529905402,0.13657802529905402,0.01865355699458904,-0.9269005847953319,-0.9269005847953319,0.8591446940939282,-0.4,1.161834242728283
