method,true_params,bivpois_eta,bivpois_estimated_ha,bivpois_bias,bivpois_mse,pc_eta,pc_bias,pc_mse,lm_eta,lm_bias,lm_mse,team_strength_correlation
bivnorm,0.7100885224062949,0.3377812594796616,0.4018338320039718,-0.3082546904023231,0.09502095415503208,0.5765029553746279,-0.13358556703166702,0.017845103719172,1.1374269005847975,0.4273383781785025,0.18261808946423283,0.5
