method,true_params,bivpois_eta,bivpois_estimated_ha,bivpois_bias,bivpois_mse,pc_eta,pc_bias,pc_mse,lm_eta,lm_bias,lm_mse,team_strength_correlation,mu
bivpois,0,0.027378054766998085,0.032391566179086784,0.032391566179086784,0.0010492135595341588,0.036576911262275316,0.036576911262275316,0.001337870437488363,0.011695906432747734,0.011695906432747734,1.3679422728358982e-4,-0.4,1.161834242728283
