method,true_params,bivpois_eta,bivpois_estimated_ha,bivpois_bias,bivpois_mse,pc_eta,pc_bias,pc_mse,lm_eta,lm_bias,lm_mse,team_strength_correlation,mu
bivpois,0,-0.031762981644595054,-0.042827914115811216,-0.042827914115811216,0.0018342302275113017,-0.04204100991895008,-0.04204100991895008,0.001767446515005259,-0.061403508771932534,-0.061403508771932534,0.0037703908895047955,-0.4,1.161834242728283
