method,true_params,bivpois_eta,bivpois_estimated_ha,bivpois_bias,bivpois_mse,pc_eta,pc_bias,pc_mse,lm_eta,lm_bias,lm_mse,team_strength_correlation
bivnorm,0.9896376566030085,0.381846761682471,0.4649875757003741,-0.5246500809026344,0.27525770739114086,0.738122475438388,-0.25151518116462046,0.06325988635627185,0.12573099415204503,-0.8639066624509635,0.746334721427163,0.5
