method,true_params,bivpois_eta,bivpois_estimated_ha,bivpois_bias,bivpois_mse,pc_eta,pc_bias,pc_mse,lm_eta,lm_bias,lm_mse,team_strength_correlation,mu
bivpois,0,-0.036956724067676014,-0.04496795905548545,-0.04496795905548545,0.002022117341615816,-0.05293814371305323,-0.05293814371305323,0.002802447059783877,1.0000000000000087,1.0000000000000087,1.0000000000000173,-0.4,1.161834242728283
