true_params,bivpois_eta,bivpois_estimated_ha,bivpois_eta_bias,bivpois_eta_mse,lm_eta,lm_eta_bias,lm_eta_mse,team_strength_correlation,lambda3
0.6081436443674167,0.5894535517921343,0.80300289845276,0.19485925408534321,0.03797012890269635,3.4853801169590644,2.8772364725916475,8.278489719211626,0.5,0.1
