method,true_params,bivpois_eta,bivpois_estimated_ha,bivpois_bias,bivpois_mse,pc_eta,pc_bias,pc_mse,lm_eta,lm_bias,lm_mse,team_strength_correlation
bivnorm,0.44525055633857846,0.1911859480118754,0.21068455553799126,-0.2345660008005872,0.055021208731581076,0.3580452475203897,-0.08720530881818878,0.007604765886075673,0.7134502923976582,0.26819973605907976,0.07193109842216006,0.5
