method,true_params,bivpois_eta,bivpois_estimated_ha,bivpois_bias,bivpois_mse,pc_eta,pc_bias,pc_mse,lm_eta,lm_bias,lm_mse,team_strength_correlation,mu
bivpois,0,-0.016922086436372854,-0.025200732006352533,-0.025200732006352533,6.350768936560009e-4,-0.025668025524621076,-0.025668025524621076,6.588475343325991e-4,-0.1959064327485345,-0.1959064327485345,0.03837933039225607,-0.4,1.161834242728283
