method,true_params,bivpois_eta,bivpois_estimated_ha,bivpois_bias,bivpois_mse,pc_eta,pc_bias,pc_mse,lm_eta,lm_bias,lm_mse,team_strength_correlation,mu
bivpois,0,-0.10094440025196211,-0.10556137554186518,-0.10556137554186518,0.011143204006290692,-0.12909439236972958,-0.12909439236972958,0.016665362141309696,-0.692982456140349,-0.692982456140349,0.4802246845183108,-0.4,1.161834242728283
