method,true_params,bivpois_eta,bivpois_estimated_ha,bivpois_bias,bivpois_mse,pc_eta,pc_bias,pc_mse,lm_eta,lm_bias,lm_mse,team_strength_correlation,mu
bivpois,0,-0.04031972704741672,-0.045029348149464576,-0.045029348149464576,0.002027642194765689,-0.05035067601700207,-0.05035067601700207,0.0025351905753691075,-0.0029239766081881943,-0.0029239766081881943,8.549639205231736e-6,-0.4,1.161834242728283
