method,true_params,bivpois_eta,bivpois_estimated_ha,bivpois_bias,bivpois_mse,pc_eta,pc_bias,pc_mse,lm_eta,lm_bias,lm_mse,team_strength_correlation,mu
bivpois,0,0.04375223416005449,0.05500921512099688,0.05500921512099688,0.0030260137482281116,0.06451638273167677,0.06451638273167677,0.004162363640780201,-0.6257309941520384,-0.6257309941520384,0.39153927704249825,-0.4,1.161834242728283
