true_params,bivpois_eta,bivpois_estimated_ha,bivpois_eta_bias,bivpois_eta_mse,lm_eta,lm_eta_bias,lm_eta_mse,team_strength_correlation,lambda3
0.34619783660893294,0.2697041995715274,0.30957701999135123,-0.03662081661758171,0.0013410842097385486,1.4824561403508765,1.1362583037419436,1.2910829328225188,0.5,0.1
