method,true_params,bivpois_eta,bivpois_estimated_ha,bivpois_bias,bivpois_mse,pc_eta,pc_bias,pc_mse,lm_eta,lm_bias,lm_mse,team_strength_correlation,mu
bivpois,0,-0.07050416698128176,-0.07485707324569613,-0.07485707324569613,0.005603581414911515,-0.08358686369028563,-0.08358686369028563,0.0069867637815783906,0.20467836257310318,0.20467836257310318,0.041893232105606686,-0.4,1.161834242728283
