true_params,bivpois_eta,bivpois_estimated_ha,bivpois_eta_bias,bivpois_eta_mse,lm_eta,lm_eta_bias,lm_eta_mse,team_strength_correlation,lambda3
0.12482503664482257,0.07661810296540507,0.07962969027591771,-0.04519534636890486,0.002042619333405282,-0.7105263157894787,-0.8353513524343013,0.6978118820138162,0.5,0.1
