method,true_params,bivpois_eta,bivpois_estimated_ha,bivpois_bias,bivpois_mse,pc_eta,pc_bias,pc_mse,lm_eta,lm_bias,lm_mse,team_strength_correlation,mu
bivpois,0,-0.03878217656416381,-0.045893861920406565,-0.045893861920406565,0.002106246561969344,-0.046293809248559595,-0.046293809248559595,0.002143116774742022,0.49415204678362873,0.49415204678362873,0.2441862453404496,-0.4,1.161834242728283
