method,true_params,bivpois_eta,bivpois_estimated_ha,bivpois_bias,bivpois_mse,pc_eta,pc_bias,pc_mse,lm_eta,lm_bias,lm_mse,team_strength_correlation,mu
bivpois,0,-0.12098577762196942,-0.14482391826964292,-0.14482391826964292,0.02097396730297221,-0.16437514885000196,-0.16437514885000196,0.0270191895594603,-1.0964912280701933,-1.0964912280701933,1.2022930132348806,-0.4,1.161834242728283
