true_params,bivpois_eta,bivpois_estimated_ha,bivpois_eta_bias,bivpois_eta_mse,lm_eta,lm_eta_bias,lm_eta_mse,team_strength_correlation,lambda3
0.6207247798019011,0.5270478759936783,0.6939242456137933,0.07319946581189218,0.0053581617951463725,0.3684210526315748,-0.2523037271703263,0.06365717074403844,0.5,0.1
