method,true_params,bivpois_eta,bivpois_estimated_ha,bivpois_bias,bivpois_mse,pc_eta,pc_bias,pc_mse,lm_eta,lm_bias,lm_mse,team_strength_correlation,mu
bivpois,0,0.09359244820339327,0.11697814332451606,0.11697814332451606,0.013683886015651021,0.12172646277184615,0.12172646277184615,0.014817331738945647,0.41812865497076634,0.41812865497076634,0.17483157210766218,-0.4,1.161834242728283
