method,true_params,bivpois_eta,bivpois_estimated_ha,bivpois_bias,bivpois_mse,pc_eta,pc_bias,pc_mse,lm_eta,lm_bias,lm_mse,team_strength_correlation
bivnorm,0.1755946532357484,0.09428955800819666,0.09887788874726589,-0.07671676448848253,0.005885461953581294,0.14546233895388688,-0.030132314281861527,9.079563639808762e-4,-0.10526315789474922,-0.2808578111304976,0.07888111007301428,0.5
