method,true_params,bivpois_eta,bivpois_estimated_ha,bivpois_bias,bivpois_mse,pc_eta,pc_bias,pc_mse,lm_eta,lm_bias,lm_mse,team_strength_correlation,mu
bivpois,0,-0.0847107578403908,-0.11197575390310854,-0.11197575390310854,0.012538569462169528,-0.1301960822013335,-0.1301960822013335,0.01695101982057639,0.7543859649122802,0.7543859649122802,0.569098184056632,-0.4,1.161834242728283
