method,true_params,bivpois_eta,bivpois_estimated_ha,bivpois_bias,bivpois_mse,pc_eta,pc_bias,pc_mse,lm_eta,lm_bias,lm_mse,team_strength_correlation,mu
bivpois,0,0.002447848118958455,0.0022028697367956207,0.0022028697367956207,4.852635077290007e-6,0.005143605759227155,0.005143605759227155,2.645668020635476e-5,-0.6169590643274955,-0.6169590643274955,0.3806384870558587,-0.4,1
