method,true_params,bivpois_eta,bivpois_estimated_ha,bivpois_bias,bivpois_mse,pc_eta,pc_bias,pc_mse,lm_eta,lm_bias,lm_mse,team_strength_correlation
bivpois,0.788371957372874,0.7215401674797344,1.0575998197924599,0.26922786241958585,0.07248364190301945,1.0407741207118406,0.2524021633389666,0.06370685205819036,0.6754385964912332,-0.11293336088164085,0.01275394400002293,-0.5
