method,true_params,bivpois_eta,bivpois_estimated_ha,bivpois_bias,bivpois_mse,pc_eta,pc_bias,pc_mse,lm_eta,lm_bias,lm_mse,team_strength_correlation,mu
bivpois,0,-0.02569955816659633,-0.029955403744634124,-0.029955403744634124,8.973262135040401e-4,-0.035010772121051845,-0.035010772121051845,0.001225754164512221,0.09064327485380366,0.09064327485380366,0.008216203276222196,-0.4,1.161834242728283
