method,true_params,bivpois_eta,bivpois_estimated_ha,bivpois_bias,bivpois_mse,pc_eta,pc_bias,pc_mse,lm_eta,lm_bias,lm_mse,team_strength_correlation
bivnorm,0.32830231660045683,0.11101114832193647,0.1174073640020481,-0.21089495259840874,0.04447668103148507,0.19003699690941483,-0.138265319691042,0.019117298629266047,0.6754385964912285,0.34713627989077167,0.12050359681640417,0.5
