method,true_params,bivpois_eta,bivpois_estimated_ha,bivpois_bias,bivpois_mse,pc_eta,pc_bias,pc_mse,lm_eta,lm_bias,lm_mse,team_strength_correlation,mu
bivpois,0,0.0536909045949828,0.051864486267229504,0.051864486267229504,0.002689924935763638,0.05326731753983757,0.05326731753983757,0.0028374071178898876,0.21929824561403213,0.21929824561403213,0.04809172052939236,-0.4,1.161834242728283
