true_params,bivpois_eta,bivpois_estimated_ha,bivpois_eta_bias,bivpois_eta_mse,lm_eta,lm_eta_bias,lm_eta_mse,team_strength_correlation,lambda3
0.5476802686603598,0.4327300788830954,0.5414600919125123,-0.006220176747847472,3.8690598774462356e-5,1.0789473684210473,0.5312670997606875,0.2822447312881323,0.5,0.1
