method,true_params,bivpois_eta,bivpois_estimated_ha,bivpois_bias,bivpois_mse,pc_eta,pc_bias,pc_mse,lm_eta,lm_bias,lm_mse,team_strength_correlation
bivpois,0.4941806916613132,0.39892060776437216,0.4902153023863467,-0.00396538927496648,1.5724312102019183e-5,0.6095345226214479,0.11535383096013474,0.01330650631717934,0.8245614035087867,0.33038071184747353,0.10915141476084333,-0.5
