method,true_params,bivpois_eta,bivpois_estimated_ha,bivpois_bias,bivpois_mse,pc_eta,pc_bias,pc_mse,lm_eta,lm_bias,lm_mse,team_strength_correlation,mu
bivpois,0,0.0447825998903222,0.052482200161584336,0.052482200161584336,0.002754381333800603,0.06133795615317161,0.06133795615317161,0.0037623448650484035,1.2105263157894761,1.2105263157894761,1.4653739612188426,-0.4,1.161834242728283
