true_params,bivpois_eta,bivpois_estimated_ha,bivpois_eta_bias,bivpois_eta_mse,lm_eta,lm_eta_bias,lm_eta_mse,team_strength_correlation,lambda3
0.24028027833614973,0.19659687416930868,0.21725323556269172,-0.023027042773458017,5.302446988906651e-4,5.658304340608881e-15,-0.24028027833614407,0.05773461215729486,0.5,0.1
