true_params,bivpois_eta,bivpois_estimated_ha,bivpois_eta_bias,bivpois_eta_mse,lm_eta,lm_eta_bias,lm_eta_mse,team_strength_correlation,lambda3
0.2416018524967269,0.22908518096704972,0.25744914518227313,0.015847292685546244,2.5113668546136747e-4,0.0701754385964863,-0.1714264139002406,0.029387015382696606,0.5,0.1
