method,true_params,bivpois_eta,bivpois_estimated_ha,bivpois_bias,bivpois_mse,pc_eta,pc_bias,pc_mse,lm_eta,lm_bias,lm_mse,team_strength_correlation,mu
bivpois,0,0.055956561749236036,0.053355434621816134,0.053355434621816134,0.0028468024036828955,0.0619619065129143,0.0619619065129143,0.0038392778587151314,0.3771929824561446,0.3771929824561446,0.1422745460141614,-0.4,1.161834242728283
