method,true_params,bivpois_eta,bivpois_estimated_ha,bivpois_bias,bivpois_mse,pc_eta,pc_bias,pc_mse,lm_eta,lm_bias,lm_mse,team_strength_correlation
bivnorm,0.10874945553950965,0.04165411469129937,0.042533819249045646,-0.06621563629046401,0.004384510489351014,0.06583057997739206,-0.0429188755621176,0.0018420298795165351,0.0380116959064419,-0.07073775963306775,0.005003830637905669,0.5
