method,true_params,bivpois_eta,bivpois_estimated_ha,bivpois_bias,bivpois_mse,pc_eta,pc_bias,pc_mse,lm_eta,lm_bias,lm_mse,team_strength_correlation,mu
bivpois,0,-0.005037979698330083,-0.00446212204434826,-0.00446212204434826,1.9910533138658696e-5,-7.782976854695413e-4,-7.782976854695413e-4,6.057472872072451e-7,0.0029239766082032642,0.0029239766082032642,8.549639205319865e-6,-0.4,1
