method,true_params,bivpois_eta,bivpois_estimated_ha,bivpois_bias,bivpois_mse,pc_eta,pc_bias,pc_mse,lm_eta,lm_bias,lm_mse,team_strength_correlation,mu
bivpois,0,0.06941218480632601,0.06524052228581345,0.06524052228581345,0.004256325748125722,0.07380883428555136,0.07380883428555136,0.005447744018591982,0.8654970760233881,0.8654970760233881,0.7490851886050345,-0.4,1.161834242728283
