method,true_params,bivpois_eta,bivpois_estimated_ha,bivpois_bias,bivpois_mse,pc_eta,pc_bias,pc_mse,lm_eta,lm_bias,lm_mse,team_strength_correlation,mu
bivpois,0,-0.09997015537274637,-0.11945524871269853,-0.11945524871269853,0.014269556445012663,-0.13856600962855134,-0.13856600962855134,0.019200539024379782,-0.786549707602343,-0.786549707602343,0.6186604425293313,-0.4,1.161834242728283
