method,true_params,bivpois_eta,bivpois_estimated_ha,bivpois_bias,bivpois_mse,pc_eta,pc_bias,pc_mse,lm_eta,lm_bias,lm_mse,team_strength_correlation,mu
bivpois,0,-0.08673382518548405,-0.11253406802739785,-0.11253406802739785,0.012663916466795006,-0.12741412001623262,-0.12741412001623262,0.01623435797951093,0.6403508771929916,0.6403508771929916,0.4100492459218337,-0.4,1.161834242728283
