true_params,bivpois_eta,bivpois_estimated_ha,bivpois_eta_bias,bivpois_eta_mse,lm_eta,lm_eta_bias,lm_eta_mse,team_strength_correlation,lambda3
0.11003752447258355,0.12289120839680596,0.13076139691041977,0.020723872437836216,4.2947888881970757e-4,0.80116959064327,0.6911320661706865,0.47766353288936214,0.5,0.1
