method,true_params,bivpois_eta,bivpois_estimated_ha,bivpois_bias,bivpois_mse,pc_eta,pc_bias,pc_mse,lm_eta,lm_bias,lm_mse,team_strength_correlation,mu
bivpois,0,0.10940458482153595,0.14269219029373525,0.14269219029373525,0.020361061170823553,0.1635639171580209,0.1635639171580209,0.026753154996075924,0.5964912280701572,0.5964912280701572,0.3558017851646443,-0.4,1.161834242728283
