true_params,bivpois_eta,bivpois_estimated_ha,bivpois_eta_bias,bivpois_eta_mse,lm_eta,lm_eta_bias,lm_eta_mse,team_strength_correlation,lambda3
0.43433761380440566,0.4333042845921781,0.5423454612653538,0.1080078474609481,0.011665695113147434,0.04678362573100048,-0.3875539880734052,0.15019809367160109,0.5,0.1
