method,true_params,bivpois_eta,bivpois_estimated_ha,bivpois_bias,bivpois_mse,pc_eta,pc_bias,pc_mse,lm_eta,lm_bias,lm_mse,team_strength_correlation,mu
bivpois,0,-0.005311264427243584,-0.00524979228077016,-0.00524979228077016,2.756031899123396e-5,-0.004443887802222471,-0.004443887802222471,1.9748138798741666e-5,-0.7163742690058537,-0.7163742690058537,0.5131920932936712,-0.4,1
