method,true_params,bivpois_eta,bivpois_estimated_ha,bivpois_bias,bivpois_mse,pc_eta,pc_bias,pc_mse,lm_eta,lm_bias,lm_mse,team_strength_correlation
bivnorm,0.29566063871607184,0.1834120203902909,0.20130927004152355,-0.0943513686745483,0.008902180770760534,0.3022160008950505,0.006555362178978674,4.297277329758403e-5,0.2748538011695941,-0.02080683754647772,4.3292448868551496e-4,0.5
