true_params,bivpois_eta,bivpois_estimated_ha,bivpois_eta_bias,bivpois_eta_mse,lm_eta,lm_eta_bias,lm_eta_mse,team_strength_correlation,lambda3
0.3532954527885697,0.431198877734415,0.5391016125630785,0.18580615977450882,0.0345239290101503,1.6871345029239884,1.3338390501354187,1.779126611666156,0.5,0.1
