method,true_params,bivpois_eta,bivpois_estimated_ha,bivpois_bias,bivpois_mse,pc_eta,pc_bias,pc_mse,lm_eta,lm_bias,lm_mse,team_strength_correlation,mu
bivpois,0,-0.02496617314072078,-0.03177221766527838,-0.03177221766527838,0.0010094738153698275,-0.03787978142664711,-0.03787978142664711,0.0014348778409305591,-0.3450292397660747,-0.3450292397660747,0.11904517629355546,-0.4,1.161834242728283
