true_params,bivpois_eta,bivpois_estimated_ha,bivpois_eta_bias,bivpois_eta_mse,lm_eta,lm_eta_bias,lm_eta_mse,team_strength_correlation,lambda3
0.5393647813516927,0.5107733362836373,0.6665795231410221,0.12721474178932934,0.016183590528525738,0.9883040935672558,0.44893931221556305,0.20154650605258279,0.5,0.1
