method,true_params,bivpois_eta,bivpois_estimated_ha,bivpois_bias,bivpois_mse,pc_eta,pc_bias,pc_mse,lm_eta,lm_bias,lm_mse,team_strength_correlation,mu
bivpois,0,-0.08111700676663666,-0.08572829982740027,-0.08572829982740027,0.007349341391296636,-0.09594306678144177,-0.09594306678144177,0.009205072063428195,0.1052631578947341,0.1052631578947341,0.011080332409971722,-0.4,1.161834242728283
