method,true_params,bivpois_eta,bivpois_estimated_ha,bivpois_bias,bivpois_mse,pc_eta,pc_bias,pc_mse,lm_eta,lm_bias,lm_mse,team_strength_correlation
bivnorm,0.7934173143003136,0.3545694801442916,0.4255667873424194,-0.3678505269578942,0.13531401018320047,0.6479838904070568,-0.14543342389325675,0.021150880785315705,0.502923976608197,-0.2904933376921166,0.08438637924350609,0.5
