method,true_params,bivpois_eta,bivpois_estimated_ha,bivpois_bias,bivpois_mse,pc_eta,pc_bias,pc_mse,lm_eta,lm_bias,lm_mse,team_strength_correlation
bivpois,0.3697165986523032,0.2873857949894875,0.33293835523138626,-0.036778243420916956,0.0013526391891282214,0.41355036816967766,0.043833769517374443,0.0019213993501023049,1.2631578947368354,0.8934412960845322,0.7982373495492087,-0.5
