method,true_params,bivpois_eta,bivpois_estimated_ha,bivpois_bias,bivpois_mse,pc_eta,pc_bias,pc_mse,lm_eta,lm_bias,lm_mse,team_strength_correlation
bivnorm,0.6796184880658984,0.33814796078604953,0.4023479805652197,-0.2772705075006787,0.07687893432968393,0.6367859438735214,-0.04283254419237703,0.0018346268419919313,0.46198830409358366,-0.21763018397231476,0.04736289697582357,0.5
