method,true_params,bivpois_eta,bivpois_estimated_ha,bivpois_bias,bivpois_mse,pc_eta,pc_bias,pc_mse,lm_eta,lm_bias,lm_mse,team_strength_correlation,mu
bivpois,0,0.02940890072604635,0.03241164170970712,0.03241164170970712,0.0010505145183184262,0.032635953772512806,0.032635953772512806,0.001065105478641593,-0.4269005847953207,-0.4269005847953207,0.1822441092985868,0,1.161834242728283
