method,true_params,bivpois_eta,bivpois_estimated_ha,bivpois_bias,bivpois_mse,pc_eta,pc_bias,pc_mse,lm_eta,lm_bias,lm_mse,team_strength_correlation
bivnorm,0.6743445983156562,0.2661394304883772,0.3049169912165395,-0.3694276070991167,0.13647675688697936,0.5626441537478858,-0.1117004445677704,0.012476989316637547,-0.2836257309941608,-0.957970329309817,0.9177071518379591,0.5
