method,true_params,bivpois_eta,bivpois_estimated_ha,bivpois_bias,bivpois_mse,pc_eta,pc_bias,pc_mse,lm_eta,lm_bias,lm_mse,team_strength_correlation,mu
bivpois,0,0.059849736432089067,0.060614484113298506,0.060614484113298506,0.003674115684321317,0.05960733029815995,0.05960733029815995,0.003553033825273937,-0.34795321637427007,-0.34795321637427007,0.1210714407851996,0,1.161834242728283
