true_params,bivpois_eta,bivpois_estimated_ha,bivpois_eta_bias,bivpois_eta_mse,lm_eta,lm_eta_bias,lm_eta_mse,team_strength_correlation,lambda3
0.692395676445584,0.7572185565310637,1.1323369897149056,0.4399413132693216,0.19354835912113538,1.0146198830409126,0.3222242065953286,0.103828439315989,0.5,0.1
