method,true_params,bivpois_eta,bivpois_estimated_ha,bivpois_bias,bivpois_mse,pc_eta,pc_bias,pc_mse,lm_eta,lm_bias,lm_mse,team_strength_correlation,mu
bivpois,0,-0.09655362657429487,-0.11785842494460907,-0.11785842494460907,0.013890608330424051,-0.13083236112259816,-0.13083236112259816,0.017117106716913934,-0.1374269005847934,-0.1374269005847934,0.01888615300434269,0,1.161834242728283
