method,true_params,bivpois_eta,bivpois_estimated_ha,bivpois_bias,bivpois_mse,pc_eta,pc_bias,pc_mse,lm_eta,lm_bias,lm_mse,team_strength_correlation,mu
bivpois,0,-0.07306659408593552,-0.08208553207795921,-0.08208553207795921,0.006738034576521671,-0.099961211750489,-0.099961211750489,0.0099922438546261,-1.1772234596918528e-14,-1.1772234596918528e-14,1.3858550740488553e-28,0,1.161834242728283
