method,true_params,bivpois_eta,bivpois_estimated_ha,bivpois_bias,bivpois_mse,pc_eta,pc_bias,pc_mse,lm_eta,lm_bias,lm_mse,team_strength_correlation,mu
bivpois,0,9.044626322936165e-4,0.0010045093448258768,0.0010045093448258768,1.0090390238425123e-6,0.005769005899498741,0.005769005899498741,3.3281429068451276e-5,-0.22807017543860322,-0.22807017543860322,0.05201600492459525,0,1.161834242728283
