true_params,bivpois_eta,bivpois_estimated_ha,bivpois_eta_bias,bivpois_eta_mse,lm_eta,lm_eta_bias,lm_eta_mse,team_strength_correlation,lambda3
0.6401999723087268,0.5641710051268501,0.7579898139381842,0.11778984162945738,0.013874446791092652,-0.07894736842103904,-0.7191473407297658,0.5171728976786939,0.5,0.1
