method,true_params,bivpois_eta,bivpois_estimated_ha,bivpois_bias,bivpois_mse,pc_eta,pc_bias,pc_mse,lm_eta,lm_bias,lm_mse,team_strength_correlation,mu
bivpois,0,-0.06237275791188613,-0.061615805185366135,-0.061615805185366135,0.003796507448640992,-0.07150299743894925,-0.07150299743894925,0.005112678642754383,-0.587719298245609,-0.587719298245609,0.34541397353031106,0,1.161834242728283
