method,true_params,bivpois_eta,bivpois_estimated_ha,bivpois_bias,bivpois_mse,pc_eta,pc_bias,pc_mse,lm_eta,lm_bias,lm_mse,team_strength_correlation,mu
bivpois,0,-0.02051320385695205,-0.02278444018988468,-0.02278444018988468,5.191307147664323e-4,-0.029980921093112983,-0.029980921093112983,8.98855629591467e-4,-0.8567251461988317,-0.8567251461988317,0.7339779761294095,0,1.161834242728283
