method,true_params,bivpois_eta,bivpois_estimated_ha,bivpois_bias,bivpois_mse,pc_eta,pc_bias,pc_mse,lm_eta,lm_bias,lm_mse,team_strength_correlation
bivnorm,0.7895674486644566,0.3691534632363701,0.44650957268272706,-0.34305787598172954,0.11768870627309573,0.6223226497046799,-0.16724479895977673,0.027970822779096134,-0.08187134502924401,-0.8714387936937006,0.759405571154332,0.5
