method,true_params,bivpois_eta,bivpois_estimated_ha,bivpois_bias,bivpois_mse,pc_eta,pc_bias,pc_mse,lm_eta,lm_bias,lm_mse,team_strength_correlation
bivnorm,0.027348825009539723,0.031477463071391557,0.0319781177164018,0.004629292706862076,2.1430350965806405e-5,0.05707780416624712,0.0297289791567074,8.83812201699943e-4,0.3245614035087688,0.29721257849922905,0.0883353168181604,0.5
