method,true_params,bivpois_eta,bivpois_estimated_ha,bivpois_bias,bivpois_mse,pc_eta,pc_bias,pc_mse,lm_eta,lm_bias,lm_mse,team_strength_correlation,mu
bivpois,0,0.0739806836218486,0.0984209834433154,0.0984209834433154,0.009686689981949364,0.1128171511914388,0.1128171511914388,0.012727709602951961,0.3187134502923868,0.3187134502923868,0.1015782633972777,0,1.161834242728283
