true_params,bivpois_eta,bivpois_estimated_ha,bivpois_eta_bias,bivpois_eta_mse,lm_eta,lm_eta_bias,lm_eta_mse,team_strength_correlation,lambda3
0.5966033962101255,0.475372499894842,0.6086132941800511,0.012009897969925576,1.4423764924802247e-4,-0.35672514619881973,-0.9533285424089453,0.9088353097715641,0.5,0.1
