method,true_params,bivpois_eta,bivpois_estimated_ha,bivpois_bias,bivpois_mse,pc_eta,pc_bias,pc_mse,lm_eta,lm_bias,lm_mse,team_strength_correlation,mu
bivpois,0,-0.08581111326532206,-0.10381364824317374,-0.10381364824317374,0.01077727356155741,-0.11787663590751087,-0.11787663590751087,0.01389490129287188,0.18128654970761746,0.18128654970761746,0.032864813104892455,0,1.161834242728283
