true_params,bivpois_eta,bivpois_estimated_ha,bivpois_eta_bias,bivpois_eta_mse,lm_eta,lm_eta_bias,lm_eta_mse,team_strength_correlation,lambda3
0.18329474820713454,0.15227606863895096,0.16448166893077976,-0.018813079276354783,3.539319518584098e-4,1.219298245614054,1.0360034974069194,1.0733032466393688,0.5,0.1
