method,true_params,bivpois_eta,bivpois_estimated_ha,bivpois_bias,bivpois_mse,pc_eta,pc_bias,pc_mse,lm_eta,lm_bias,lm_mse,team_strength_correlation,mu
bivpois,0,0.1074267652560245,0.11697122494213485,0.11697122494213485,0.01368226746446351,0.13293088621314744,0.13293088621314744,0.017670620509412753,0.4093567251462027,0.4093567251462027,0.16757292842242374,0,1.161834242728283
