method,true_params,bivpois_eta,bivpois_estimated_ha,bivpois_bias,bivpois_mse,pc_eta,pc_bias,pc_mse,lm_eta,lm_bias,lm_mse,team_strength_correlation,mu
bivpois,0,0.0043905857157715885,0.00534335175978673,0.00534335175978673,2.855140802881594e-5,0.0014417353658224708,0.0014417353658224708,2.078600865063254e-6,-0.6695906432748643,-0.6695906432748643,0.4483516295612466,0,1.161834242728283
