method,true_params,bivpois_eta,bivpois_estimated_ha,bivpois_bias,bivpois_mse,pc_eta,pc_bias,pc_mse,lm_eta,lm_bias,lm_mse,team_strength_correlation,mu
bivpois,0,-0.014248057195764746,-0.02061113841035689,-0.02061113841035689,4.248190265708891e-4,-0.023417915698998343,-0.023417915698998343,5.48398775685393e-4,0.3011695906432746,0.3011695906432746,0.09070312232823759,0,1.161834242728283
