method,true_params,bivpois_eta,bivpois_estimated_ha,bivpois_bias,bivpois_mse,pc_eta,pc_bias,pc_mse,lm_eta,lm_bias,lm_mse,team_strength_correlation,mu
bivpois,0,0.06693199721368143,0.09497997007848236,0.09497997007848236,0.009021194716109404,0.09971808861636679,0.09971808861636679,0.00994369719730158,0.052631578947378445,0.052631578947378445,0.00277008310249413,0,1.161834242728283
