true_params,bivpois_eta,bivpois_estimated_ha,bivpois_eta_bias,bivpois_eta_mse,lm_eta,lm_eta_bias,lm_eta_mse,team_strength_correlation,lambda3
0.19881602285712882,0.16742479313766875,0.18225637304908626,-0.01655964980804256,2.7422200176500396e-4,-0.07602339181287182,-0.2748394146700006,0.07553670385614855,0.5,0.1
