method,true_params,bivpois_eta,bivpois_estimated_ha,bivpois_bias,bivpois_mse,pc_eta,pc_bias,pc_mse,lm_eta,lm_bias,lm_mse,team_strength_correlation,mu
bivpois,0,0.004541896617813125,0.005771449020227193,0.005771449020227193,3.330962379308143e-5,-4.8526138002664526e-4,-4.8526138002664526e-4,2.3547860694536422e-7,0.8304093567251445,0.8304093567251445,0.6895796997366682,0,1.161834242728283
