true_params,bivpois_eta,bivpois_estimated_ha,bivpois_eta_bias,bivpois_eta_mse,lm_eta,lm_eta_bias,lm_eta_mse,team_strength_correlation,lambda3
0.2709895182965164,0.23183735800248595,0.26091463447545804,-0.010074883821058367,1.0150328400782364e-4,-0.39766081871344405,-0.6686503370099605,0.4470932731835337,0.5,0.1
