method,true_params,bivpois_eta,bivpois_estimated_ha,bivpois_bias,bivpois_mse,pc_eta,pc_bias,pc_mse,lm_eta,lm_bias,lm_mse,team_strength_correlation,mu
bivpois,0,-0.02788674261724938,-0.029911084475668925,-0.029911084475668925,8.946729745106026e-4,-0.03453690253462745,-0.03453690253462745,0.0011927976366863558,-0.12865497076024035,-0.12865497076024035,0.0165521015013183,0,1.161834242728283
