true_params,bivpois_eta,bivpois_estimated_ha,bivpois_eta_bias,bivpois_eta_mse,lm_eta,lm_eta_bias,lm_eta_mse,team_strength_correlation,lambda3
0.6353958962640001,0.6917790583474508,0.997265626480093,0.3618697302160929,0.1309497016466679,1.2690058479532216,0.6336099516892215,0.40146157087961765,-0.5,0
