method,true_params,bivpois_eta,bivpois_estimated_ha,bivpois_bias,bivpois_mse,pc_eta,pc_bias,pc_mse,lm_eta,lm_bias,lm_mse,team_strength_correlation,mu
bivpois,0,-0.03453376702908856,-0.03947330720694531,-0.03947330720694531,0.0015581419818538804,-0.04975313341651639,-0.04975313341651639,0.0024753742847616798,-0.3947368421052666,-0.3947368421052666,0.1558171745152382,0,1.161834242728283
