true_params,bivpois_eta,bivpois_estimated_ha,bivpois_eta_bias,bivpois_eta_mse,lm_eta,lm_eta_bias,lm_eta_mse,team_strength_correlation,lambda3
0.6630543290458425,0.6114688961879924,0.8431367879290306,0.18008245888318808,0.032429691997415126,0.8976608187134457,0.23460648966760322,0.05504020499415522,0.5,0.1
