true_params,bivpois_eta,bivpois_estimated_ha,bivpois_eta_bias,bivpois_eta_mse,lm_eta,lm_eta_bias,lm_eta_mse,team_strength_correlation,lambda3
0.3647194198197129,0.4237218683704888,0.527636650620791,0.16291723080107812,0.026542024091891755,1.1023391812865537,0.7376197614668408,0.5440829125063992,0.5,0.1
