method,true_params,bivpois_eta,bivpois_estimated_ha,bivpois_bias,bivpois_mse,pc_eta,pc_bias,pc_mse,lm_eta,lm_bias,lm_mse,team_strength_correlation,mu
bivpois,0,0.06105298833030192,0.0555298666753028,0.0555298666753028,0.003083566092976904,0.06173392158851027,0.06173392158851027,0.0038110770746963346,1.210526315789473,1.210526315789473,1.465373961218835,0,1.161834242728283
