method,true_params,bivpois_eta,bivpois_estimated_ha,bivpois_bias,bivpois_mse,pc_eta,pc_bias,pc_mse,lm_eta,lm_bias,lm_mse,team_strength_correlation,mu
bivpois,0,0.03601102555128554,0.044352812497308935,0.044352812497308935,0.001967171976421444,0.05414230952872893,0.05414230952872893,0.0029313896811046913,0.27485380116958374,0.27485380116958374,0.07554461201736908,0,1.161834242728283
