method,true_params,bivpois_eta,bivpois_estimated_ha,bivpois_bias,bivpois_mse,pc_eta,pc_bias,pc_mse,lm_eta,lm_bias,lm_mse,team_strength_correlation,mu
bivpois,0,-0.06288084028419015,-0.0672810515957587,-0.0672810515957587,0.004526739903831145,-0.08385006631552712,-0.08385006631552712,0.007030833621118296,-0.8567251461988351,-0.8567251461988351,0.7339779761294154,0,1.161834242728283
