true_params,bivpois_eta,bivpois_estimated_ha,bivpois_eta_bias,bivpois_eta_mse,lm_eta,lm_eta_bias,lm_eta_mse,team_strength_correlation,lambda3
0.5213497242625962,0.5118227961139054,0.6683294494825973,0.14697972522000113,0.02160303962574704,0.0994152046783649,-0.4219345195842313,0.17802873881677606,0.5,0.1
