method,true_params,bivpois_eta,bivpois_estimated_ha,bivpois_bias,bivpois_mse,pc_eta,pc_bias,pc_mse,lm_eta,lm_bias,lm_mse,team_strength_correlation,mu
bivpois,0,0.011022050812599632,0.012844558743057233,0.012844558743057233,1.64982689303848e-4,0.014177279096934383,0.014177279096934383,2.009952425923726e-4,-0.1286549707602284,-0.1286549707602284,0.01655210150131522,0,1.161834242728283
