true_params,bivpois_eta,bivpois_estimated_ha,bivpois_eta_bias,bivpois_eta_mse,lm_eta,lm_eta_bias,lm_eta_mse,team_strength_correlation,lambda3
0.3959759784484513,0.4144197541072997,0.5134922881736159,0.11751630972516464,0.013810083051420825,0.3070175438596479,-0.08895843458880337,0.007913603084490408,0.5,0.1
