method,true_params,bivpois_eta,bivpois_estimated_ha,bivpois_bias,bivpois_mse,pc_eta,pc_bias,pc_mse,lm_eta,lm_bias,lm_mse,team_strength_correlation
bivnorm,0.11631258041597903,-0.031609717720152475,-0.031115353192718076,-0.1474279336086971,0.0217349956081304,-0.050248602322642257,-0.16656118273862128,0.02774262759528839,0.05555555555555791,-0.060757024860421116,0.0036914160698898295,0.5
