method,true_params,bivpois_eta,bivpois_estimated_ha,bivpois_bias,bivpois_mse,pc_eta,pc_bias,pc_mse,lm_eta,lm_bias,lm_mse,team_strength_correlation,mu
bivpois,0,-0.002627165489215251,-0.003215378226302912,-0.003215378226302912,1.033865713818286e-5,-0.007001314183546817,-0.007001314183546817,4.9018400296733834e-5,0.33918128654970586,0.33918128654970586,0.11504394514551368,0,1.161834242728283
