method,true_params,bivpois_eta,bivpois_estimated_ha,bivpois_bias,bivpois_mse,pc_eta,pc_bias,pc_mse,lm_eta,lm_bias,lm_mse,team_strength_correlation
bivnorm,0.32713608676567674,0.2533779643670671,0.2883701428254175,-0.03876594394025923,0.0015027984095793213,0.4217002504749497,0.09456416370927295,0.008942381058034176,0.03216374269005392,-0.29497234407562284,0.08700868376946763,0.5
