method,true_params,bivpois_eta,bivpois_estimated_ha,bivpois_bias,bivpois_mse,pc_eta,pc_bias,pc_mse,lm_eta,lm_bias,lm_mse,team_strength_correlation
bivnorm,0.2641810728237033,0.17545437046915688,0.19178760670120165,-0.07239346612250164,0.0052408139372297925,0.2857630384960155,0.021581965672312187,4.657812422808616e-4,0.6842105263157905,0.4200294534920872,0.17642474180086146,0.5
