method,true_params,bivpois_eta,bivpois_estimated_ha,bivpois_bias,bivpois_mse,pc_eta,pc_bias,pc_mse,lm_eta,lm_bias,lm_mse,team_strength_correlation,mu
bivpois,0,0.08267383415203944,0.10329427665956814,0.10329427665956814,0.010669707590623403,0.12034860437112828,0.12034860437112828,0.014483786574078356,1.0350877192982482,1.0350877192982482,1.071406586642049,0,1.161834242728283
