method,true_params,bivpois_eta,bivpois_estimated_ha,bivpois_bias,bivpois_mse,pc_eta,pc_bias,pc_mse,lm_eta,lm_bias,lm_mse,team_strength_correlation,mu
bivpois,0,-0.020061338347592675,-0.024142964774574116,-0.024142964774574116,5.828827481063266e-4,-0.02062768289783735,-0.02062768289783735,4.2550130173373154e-4,0.19005847953216448,0.19005847953216448,0.03612222564207818,0,1.161834242728283
