method,true_params,bivpois_eta,bivpois_estimated_ha,bivpois_bias,bivpois_mse,pc_eta,pc_bias,pc_mse,lm_eta,lm_bias,lm_mse,team_strength_correlation,mu
bivpois,0,0.09410309835647086,0.11063943605212523,0.11063943605212523,0.012241084809932308,0.1192741963969742,0.1192741963969742,0.014226333926143973,0.47660818713449615,0.47660818713449615,0.2271553640436309,0,1.161834242728283
