method,true_params,bivpois_eta,bivpois_estimated_ha,bivpois_bias,bivpois_mse,pc_eta,pc_bias,pc_mse,lm_eta,lm_bias,lm_mse,team_strength_correlation
bivnorm,0.21665586717426777,0.12698040632671853,0.1353947710093506,-0.08126109616491717,0.006603365749923915,0.20926034447045966,-0.007395522703808111,5.469375606254123e-5,0.5409356725146325,0.3242798053403647,0.10515739215158483,0.5
