method,true_params,bivpois_eta,bivpois_estimated_ha,bivpois_bias,bivpois_mse,pc_eta,pc_bias,pc_mse,lm_eta,lm_bias,lm_mse,team_strength_correlation,mu
bivpois,0,-0.04273717205688974,-0.04622549250391472,-0.04622549250391472,0.0021367961572294762,-0.05192228757056145,-0.05192228757056145,0.00269592394656008,-0.3888888888888795,-0.3888888888888795,0.15123456790122727,0,1.161834242728283
