method,true_params,bivpois_eta,bivpois_estimated_ha,bivpois_bias,bivpois_mse,pc_eta,pc_bias,pc_mse,lm_eta,lm_bias,lm_mse,team_strength_correlation,mu
bivpois,0,-0.01573397551763835,-0.01587481577566008,-0.01587481577566008,2.520097759111461e-4,-0.018242202648854428,-0.018242202648854428,3.327779574818715e-4,-0.0906432748538039,-0.0906432748538039,0.008216203276222238,0,1.161834242728283
