method,true_params,bivpois_eta,bivpois_estimated_ha,bivpois_bias,bivpois_mse,pc_eta,pc_bias,pc_mse,lm_eta,lm_bias,lm_mse,team_strength_correlation,mu
bivpois,0,-0.052542683873775475,-0.048331636987041904,-0.048331636987041904,0.002335947133847197,-0.057671247209615466,-0.057671247209615466,0.0033259727547125797,-0.7719298245613962,-0.7719298245613962,0.595875654047388,-0.4,1
