method,true_params,bivpois_eta,bivpois_estimated_ha,bivpois_bias,bivpois_mse,pc_eta,pc_bias,pc_mse,lm_eta,lm_bias,lm_mse,team_strength_correlation,mu
bivpois,0,-0.02998060206468304,-0.028896786713884293,-0.028896786713884293,8.350242823877197e-4,-0.03245039481264257,-0.03245039481264257,0.00105302812349638,-0.5204678362573103,-0.5204678362573103,0.27088676857836635,0,1.161834242728283
