method,true_params,bivpois_eta,bivpois_estimated_ha,bivpois_bias,bivpois_mse,pc_eta,pc_bias,pc_mse,lm_eta,lm_bias,lm_mse,team_strength_correlation,mu
bivpois,0,-0.03446706985407311,-0.04281570873923091,-0.04281570873923091,0.0018331849148426537,-0.048591530076667847,-0.048591530076667847,0.002361136795191716,0.27777777777778184,0.27777777777778184,0.07716049382716275,0,1.161834242728283
