method,true_params,bivpois_eta,bivpois_estimated_ha,bivpois_bias,bivpois_mse,pc_eta,pc_bias,pc_mse,lm_eta,lm_bias,lm_mse,team_strength_correlation,mu
bivpois,0,0.03851273117372017,0.04248617291547463,0.04248617291547463,0.00180507488900361,0.05006405864595677,0.05006405864595677,0.002506409968105799,-0.1081871345029165,-0.1081871345029165,0.011704456071952148,0,1.161834242728283
