method,true_params,bivpois_eta,bivpois_estimated_ha,bivpois_bias,bivpois_mse,pc_eta,pc_bias,pc_mse,lm_eta,lm_bias,lm_mse,team_strength_correlation
bivnorm,0.5508321628440171,0.24245021958613153,0.2743678090274386,-0.2764643538165785,0.07643253893121832,0.4160622782630484,-0.13476988458096872,0.01816292178996763,-0.29532163742689316,-0.8461538002709104,0.7159762537129036,0.5
