true_params,bivpois_eta,bivpois_estimated_ha,bivpois_eta_bias,bivpois_eta_mse,lm_eta,lm_eta_bias,lm_eta_mse,team_strength_correlation,lambda3
0.43705962447734703,0.440390024312269,0.5533129301898532,0.11625330571250614,0.013514831089085412,0.11988304093566741,-0.3171765835416796,0.10060098514717206,0.5,0.1
