method,true_params,bivpois_eta,bivpois_estimated_ha,bivpois_bias,bivpois_mse,pc_eta,pc_bias,pc_mse,lm_eta,lm_bias,lm_mse,team_strength_correlation
bivnorm,0.30577074247412384,0.10260108379879254,0.1080493020817117,-0.19772144039241213,0.03909376799085018,0.1744874389154672,-0.13128330355865664,0.017235305793274387,0.47368421052630866,0.16791346805218482,0.028194932753312092,0.5
