method,true_params,bivpois_eta,bivpois_estimated_ha,bivpois_bias,bivpois_mse,pc_eta,pc_bias,pc_mse,lm_eta,lm_bias,lm_mse,team_strength_correlation
bivnorm,0.6986634649801999,0.2682250282553959,0.30764136316406976,-0.3910221018161302,0.15289828410870407,0.4979391323125976,-0.2007243326676023,0.040290257724854284,0.6666666666666625,-0.03199679831353741,0.0010237951023171906,0.5
