true_params,bivpois_eta,bivpois_estimated_ha,bivpois_eta_bias,bivpois_eta_mse,lm_eta,lm_eta_bias,lm_eta_mse,team_strength_correlation,lambda3
0.6050827763916249,0.5622554778231857,0.7546255596391942,0.1495427832475693,0.022363044021429496,0.6345029239766059,0.029420147584981016,8.655450839220643e-4,-0.5,0
