true_params,bivpois_eta,bivpois_estimated_ha,bivpois_eta_bias,bivpois_eta_mse,lm_eta,lm_eta_bias,lm_eta_mse,team_strength_correlation,lambda3
0.12124872484643918,0.056989956804171224,0.058645178161272016,-0.06260354668516717,0.003919204057561905,-0.1754385964912276,-0.2966873213376668,0.08802336664251995,0.5,0.1
