method,true_params,bivpois_eta,bivpois_estimated_ha,bivpois_bias,bivpois_mse,pc_eta,pc_bias,pc_mse,lm_eta,lm_bias,lm_mse,team_strength_correlation
bivnorm,0.5866775275208056,0.2669548563743749,0.30598148826049454,-0.28069603926031106,0.07879026645642609,0.4955327441067745,-0.0911447834140311,0.008307371543590637,-0.16081871345028928,-0.7474962409710949,0.5587506302659172,0.5
