method,true_params,bivpois_eta,bivpois_estimated_ha,bivpois_bias,bivpois_mse,pc_eta,pc_bias,pc_mse,lm_eta,lm_bias,lm_mse,team_strength_correlation,mu
bivpois,0,0.09677895359950683,0.097213598532082,0.097213598532082,0.009450483739556816,0.11514190199186217,0.11514190199186217,0.013257657594303593,-0.7397660818713537,-0.7397660818713537,0.5472538558872945,0,1.161834242728283
