true_params,bivpois_eta,bivpois_estimated_ha,bivpois_eta_bias,bivpois_eta_mse,lm_eta,lm_eta_bias,lm_eta_mse,team_strength_correlation,lambda3
0.2292352584803185,0.21453486998384128,0.23928533408063823,0.01005007560031973,1.0100401957214199e-4,2.064327485380112,1.8350922268997936,3.3675634812280433,0.5,0.1
