method,true_params,bivpois_eta,bivpois_estimated_ha,bivpois_bias,bivpois_mse,pc_eta,pc_bias,pc_mse,lm_eta,lm_bias,lm_mse,team_strength_correlation,mu
bivpois,0,-0.08740090018562142,-0.111017837223081,-0.111017837223081,0.012324960181690511,-0.11544563374554857,-0.11544563374554857,0.013327694350911343,-0.7543859649122769,-0.7543859649122769,0.5690981840566272,0,1.161834242728283
