method,true_params,bivpois_eta,bivpois_estimated_ha,bivpois_bias,bivpois_mse,pc_eta,pc_bias,pc_mse,lm_eta,lm_bias,lm_mse,team_strength_correlation,mu
bivpois,0,0.06684313291303481,0.08216491180239927,0.08216491180239927,0.00675107273149605,0.09529541558405191,0.09529541558405191,0.009081216231337164,0.2280701754385932,0.2280701754385932,0.05201600492459068,0,1.161834242728283
