true_params,bivpois_eta,bivpois_estimated_ha,bivpois_eta_bias,bivpois_eta_mse,lm_eta,lm_eta_bias,lm_eta_mse,team_strength_correlation,lambda3
0.6120232892034189,0.535298725790892,0.7079583772722358,0.0959350880688169,0.009203541122771655,1.4269005847953158,0.8148772955918969,0.6640250068711637,0.5,0.1
