method,true_params,bivpois_eta,bivpois_estimated_ha,bivpois_bias,bivpois_mse,pc_eta,pc_bias,pc_mse,lm_eta,lm_bias,lm_mse,team_strength_correlation,mu
bivpois,0,0.08149577457420572,0.10526522665467164,0.10526522665467164,0.011080767942659393,0.11740350691103509,0.11740350691103509,0.013783583435009463,-0.0760233918128702,-0.0760233918128702,0.0057795561027331795,0,1.161834242728283
