true_params,bivpois_eta,bivpois_estimated_ha,bivpois_eta_bias,bivpois_eta_mse,lm_eta,lm_eta_bias,lm_eta_mse,team_strength_correlation,lambda3
0.5857613013763721,0.6107928093588727,0.8418910885703605,0.2561297871939885,0.06560246788803784,1.1403508771930009,0.5545895758166288,0.3075695976044683,-0.5,0
