method,true_params,bivpois_eta,bivpois_estimated_ha,bivpois_bias,bivpois_mse,pc_eta,pc_bias,pc_mse,lm_eta,lm_bias,lm_mse,team_strength_correlation,mu
bivpois,0,0.07570083379123563,0.09445763916009775,0.09445763916009775,0.008922245595699232,0.11328658941918077,0.11328658941918077,0.01283385134223004,-0.4561403508772047,-0.4561403508772047,0.20806401969837945,0,1.161834242728283
