true_params,bivpois_eta,bivpois_estimated_ha,bivpois_eta_bias,bivpois_eta_mse,lm_eta,lm_eta_bias,lm_eta_mse,team_strength_correlation,lambda3
0.45091284508488666,0.39940871769363084,0.4909428688239308,0.04003002373904413,0.0016024028005484365,0.3830409356725095,-0.06787190941237714,0.004606596087281928,0.5,0.1
