true_params,bivpois_eta,bivpois_estimated_ha,bivpois_eta_bias,bivpois_eta_mse,lm_eta,lm_eta_bias,lm_eta_mse,team_strength_correlation,lambda3
0.29473427447396705,0.23953208155547154,0.2706544485431943,-0.024079825930772736,5.79838016856315e-4,0.2690058479532261,-0.025728426520740977,6.619519312331677e-4,0.5,0.1
