method,true_params,bivpois_eta,bivpois_estimated_ha,bivpois_bias,bivpois_mse,pc_eta,pc_bias,pc_mse,lm_eta,lm_bias,lm_mse,team_strength_correlation,mu
bivpois,0,-0.011471129961450036,-0.0148168946773799,-0.0148168946773799,2.1954036788056878e-4,-0.019596363638600442,-0.019596363638600442,3.8401746785626155e-4,0.30116959064327214,0.30116959064327214,0.09070312232823612,0,1.161834242728283
