method,true_params,bivpois_eta,bivpois_estimated_ha,bivpois_bias,bivpois_mse,pc_eta,pc_bias,pc_mse,lm_eta,lm_bias,lm_mse,team_strength_correlation,mu
bivpois,0,0.09230809215114609,0.12720146877212857,0.12720146877212857,0.0161802136577868,0.1385714308833849,0.1385714308833849,0.019202041457068716,-0.4883040935672665,-0.4883040935672665,0.23844088779454975,0,1.161834242728283
