method,true_params,bivpois_eta,bivpois_estimated_ha,bivpois_bias,bivpois_mse,pc_eta,pc_bias,pc_mse,lm_eta,lm_bias,lm_mse,team_strength_correlation,mu
bivpois,0,-0.021506813432905555,-0.023702977903468314,-0.023702977903468314,5.618311614923072e-4,-0.024686215193058008,-0.024686215193058008,6.09409220557968e-4,1.1403508771929933,1.1403508771929933,1.3004001231148294,0,1.161834242728283
