true_params,bivpois_eta,bivpois_estimated_ha,bivpois_eta_bias,bivpois_eta_mse,lm_eta,lm_eta_bias,lm_eta_mse,team_strength_correlation,lambda3
0.2776695963806579,0.19258566517330838,0.21238035803251765,-0.06528923834814027,0.004262684644080269,1.0789473684210478,0.8012777720403899,0.6420460679660109,0.5,0.1
