method,true_params,bivpois_eta,bivpois_estimated_ha,bivpois_bias,bivpois_mse,pc_eta,pc_bias,pc_mse,lm_eta,lm_bias,lm_mse,team_strength_correlation,mu
bivpois,0,0.07597686583818741,0.0866116487695816,0.0866116487695816,0.007501577702585367,0.09721786607533772,0.09721786607533772,0.009451313484242302,-0.4415204678362603,-0.4415204678362603,0.19494032351835017,0,1.161834242728283
