true_params,bivpois_eta,bivpois_estimated_ha,bivpois_eta_bias,bivpois_eta_mse,lm_eta,lm_eta_bias,lm_eta_mse,team_strength_correlation,lambda3
0.27560900098263724,0.3559850248441118,0.4275861697783361,0.15197716879569884,0.023097059835156336,0.7309941520467828,0.4553851510641455,0.20737563580971463,0.5,0.1
