true_params,bivpois_eta,bivpois_estimated_ha,bivpois_eta_bias,bivpois_eta_mse,lm_eta,lm_eta_bias,lm_eta_mse,team_strength_correlation,lambda3
0.40998311989380304,0.34416445325460715,0.41081062883067254,8.275089368695032e-4,6.847710405988955e-7,0.5467836257309916,0.13680050583718856,0.01871437839731066,0.5,0.1
