true_params,bivpois_eta,bivpois_estimated_ha,bivpois_eta_bias,bivpois_eta_mse,lm_eta,lm_eta_bias,lm_eta_mse,team_strength_correlation,lambda3
0.37416664482509554,0.4178853279919236,0.5187465067046682,0.1445798618795726,0.020903336461116293,0.7836257309941531,0.4094590861690576,0.1676567432463997,0.5,0.1
