method,true_params,bivpois_eta,bivpois_estimated_ha,bivpois_bias,bivpois_mse,pc_eta,pc_bias,pc_mse,lm_eta,lm_bias,lm_mse,team_strength_correlation,mu
bivpois,0,-0.042624024091124355,-0.05426997424663926,-0.05426997424663926,0.002945230104730889,-0.05969998277965316,-0.05969998277965316,0.003564087943890884,0.07017543859650019,0.07017543859650019,0.004924592182211168,0,1.161834242728283
