method,true_params,bivpois_eta,bivpois_estimated_ha,bivpois_bias,bivpois_mse,pc_eta,pc_bias,pc_mse,lm_eta,lm_bias,lm_mse,team_strength_correlation,mu
bivpois,0,-0.06715912426666396,-0.08189055374679732,-0.08189055374679732,0.0067060627929571015,-0.09878275961817606,-0.09878275961817606,0.009758033597782356,0.16666666666667107,0.16666666666667107,0.027777777777779247,0,1.161834242728283
