method,true_params,bivpois_eta,bivpois_estimated_ha,bivpois_bias,bivpois_mse,pc_eta,pc_bias,pc_mse,lm_eta,lm_bias,lm_mse,team_strength_correlation
bivnorm,0.022743571316823363,-9.985237132545813e-4,-9.980253543397932e-4,-0.023741596671163157,5.636634124961855e-4,-0.005390987622528005,-0.028134558939351368,7.915534067118359e-4,-0.10526315789473857,-0.12800672921156192,0.01638572272344214,0.5
