true_params,bivpois_eta,bivpois_estimated_ha,bivpois_eta_bias,bivpois_eta_mse,lm_eta,lm_eta_bias,lm_eta_mse,team_strength_correlation,lambda3
0.024180912073625844,-0.05874462074890868,-0.05705245235058731,-0.08123336442421315,0.006598859495677019,-0.2690058479532065,-0.2931867600268323,0.08595847625503135,0.5,0.1
