method,true_params,bivpois_eta,bivpois_estimated_ha,bivpois_bias,bivpois_mse,pc_eta,pc_bias,pc_mse,lm_eta,lm_bias,lm_mse,team_strength_correlation,mu
bivpois,0,-0.0660436044050616,-0.0729008099435402,-0.0729008099435402,0.00531452809042417,-0.07824741375492728,-0.07824741375492728,0.006122657759334782,-0.023391812865505613,-0.023391812865505613,5.47176909134834e-4,-0.4,1
