method,true_params,bivpois_eta,bivpois_estimated_ha,bivpois_bias,bivpois_mse,pc_eta,pc_bias,pc_mse,lm_eta,lm_bias,lm_mse,team_strength_correlation,mu
bivpois,0,0.0868931270547576,0.09866578136900506,0.09866578136900506,0.009734936413156306,0.11433355092930052,0.11433355092930052,0.013072160868102955,-0.5701754385964916,-0.5701754385964916,0.32510003077870153,0,1.161834242728283
