method,true_params,bivpois_eta,bivpois_estimated_ha,bivpois_bias,bivpois_mse,pc_eta,pc_bias,pc_mse,lm_eta,lm_bias,lm_mse,team_strength_correlation,mu
bivpois,0,4.614829786426401e-4,5.313767392836066e-4,5.313767392836066e-4,2.8236123905167805e-7,-6.236998071399118e-4,-6.236998071399118e-4,3.8900144942636316e-7,1.055555555555552,1.055555555555552,1.11419753086419,0,1.161834242728283
