method,true_params,bivpois_eta,bivpois_estimated_ha,bivpois_bias,bivpois_mse,pc_eta,pc_bias,pc_mse,lm_eta,lm_bias,lm_mse,team_strength_correlation
bivnorm,0.604861689498648,0.2667845091493729,0.3057590368855905,-0.2991026526130576,0.08946239680016739,0.5231278526944738,-0.08173383680417423,0.006680420078731386,0.5292397660818697,-0.07562192341677831,0.005718675301253084,0.5
