true_params,bivpois_eta,bivpois_estimated_ha,bivpois_eta_bias,bivpois_eta_mse,lm_eta,lm_eta_bias,lm_eta_mse,team_strength_correlation,lambda3
0.3628470575165956,0.3497174536812467,0.4186666529198053,0.05581959540320974,0.0031158272309780343,0.45614035087719235,0.09329329336059677,0.00870363858606637,0.5,0.1
