method,true_params,bivpois_eta,bivpois_estimated_ha,bivpois_bias,bivpois_mse,pc_eta,pc_bias,pc_mse,lm_eta,lm_bias,lm_mse,team_strength_correlation,mu
bivpois,0,0.11014235879414304,0.10823935587461198,0.10823935587461198,0.011715758160150897,0.13017038995512578,0.13017038995512578,0.01694433042106951,0.6374269005847943,0.6374269005847943,0.4063130535891373,-0.8,1
