method,true_params,bivpois_eta,bivpois_estimated_ha,bivpois_bias,bivpois_mse,pc_eta,pc_bias,pc_mse,lm_eta,lm_bias,lm_mse,team_strength_correlation,mu
bivpois,0.25,0.03274092233713975,0.041435644854215914,-0.20856435514578409,0.043499090237376754,0.044791398776803056,-0.20520860122319695,0.04211057001598107,0.06140350877193364,-0.18859649122806638,0.035568636503538115,-0.8,1.161834242728283
