method,true_params,bivpois_eta,bivpois_estimated_ha,bivpois_bias,bivpois_mse,pc_eta,pc_bias,pc_mse,lm_eta,lm_bias,lm_mse,team_strength_correlation,mu
bivpois,0.25,0.16929047310016726,0.22834732261349888,-0.021652677386501118,4.688384380038969e-4,0.27258131487409487,0.02258131487409487,5.099157814430183e-4,-0.745614035087727,-0.995614035087727,0.9912473068636656,-0.8,1.161834242728283
