true_params,bivpois_eta,bivpois_estimated_ha,bivpois_eta_bias,bivpois_eta_mse,lm_eta,lm_eta_bias,lm_eta_mse,team_strength_correlation,lambda3
0.4278069195161516,0.3754771738403915,0.45568586413264534,0.02787894461649376,7.772355529295265e-4,1.6871345029239873,1.2593275834078357,1.5859059623318192,-0.5,0.2
