method,true_params,bivpois_eta,bivpois_estimated_ha,bivpois_bias,bivpois_mse,pc_eta,pc_bias,pc_mse,lm_eta,lm_bias,lm_mse,team_strength_correlation,mu
bivpois,0.25,0.23542136158603136,0.29950296724629966,0.049502967246299656,0.0024505437661882165,0.32997349624973515,0.07997349624973515,0.006395760102406403,0.18713450292396552,-0.06286549707603448,0.0039520707226169,-0.8,1.161834242728283
