method,true_params,bivpois_eta,bivpois_estimated_ha,bivpois_bias,bivpois_mse,pc_eta,pc_bias,pc_mse,lm_eta,lm_bias,lm_mse,team_strength_correlation
bivpois,0.489655148005113,0.36297258275283784,0.437596443763862,-0.05205870424125103,0.002710108687278048,0.5388802474276482,0.04922509942253517,0.0024231104131584723,0.9035087719298295,0.4138536239247165,0.17127482203562067,-0.5
