method,true_params,bivpois_eta,bivpois_estimated_ha,bivpois_bias,bivpois_mse,pc_eta,pc_bias,pc_mse,lm_eta,lm_bias,lm_mse,team_strength_correlation,mu
bivpois,0.25,0.2780237733205968,0.3448749215505309,0.0948749215505309,0.009001250739219393,0.41901354114990463,0.16901354114990463,0.028565577092030506,0.0321637426900578,-0.21783625730994222,0.04745263499880335,-0.8,1.161834242728283
