method,true_params,bivpois_eta,bivpois_estimated_ha,bivpois_bias,bivpois_mse,pc_eta,pc_bias,pc_mse,lm_eta,lm_bias,lm_mse,team_strength_correlation,mu
bivpois,0.25,0.27306926119968095,0.35192894749161985,0.10192894749161985,0.010389510336749397,0.41247672864013346,0.16247672864013346,0.026398687349599565,1.1491228070175339,0.8991228070175339,0.8084218220990895,-0.8,1.161834242728283
