true_params,bivpois_eta,bivpois_estimated_ha,bivpois_eta_bias,bivpois_eta_mse,lm_eta,lm_eta_bias,lm_eta_mse,team_strength_correlation,lambda3
0.2791614155632567,0.27650163311378484,0.3185091059913967,0.039347690428140014,0.0015482407420287414,-0.1959064327485482,-0.4750678483118049,0.22568946049960806,-0.5,0.2
