true_params,bivpois_eta,bivpois_estimated_ha,bivpois_eta_bias,bivpois_eta_mse,lm_eta,lm_eta_bias,lm_eta_mse,team_strength_correlation,lambda3
0.2985004797054362,0.2952312595405124,0.3434370053894591,0.0449365256840229,0.0020192913405508496,-0.20175438596492049,-0.5002548656703567,0.25025493062686666,-0.5,0.2
