true_params,bivpois_eta,bivpois_estimated_ha,bivpois_eta_bias,bivpois_eta_mse,lm_eta,lm_eta_bias,lm_eta_mse,team_strength_correlation,lambda3
0.15169285698891158,0.03997290194435113,0.04078257062624191,-0.11091028636266967,0.012301091621049389,-0.06432748538011754,-0.21602034236902912,0.04666478831723256,-0.5,0.2
