method,true_params,bivpois_eta,bivpois_estimated_ha,bivpois_bias,bivpois_mse,pc_eta,pc_bias,pc_mse,lm_eta,lm_bias,lm_mse,team_strength_correlation,mu
bivpois,0.25,0.3219789292935799,0.3388634069801103,0.0888634069801103,0.007896705100112717,0.37588693918971844,0.12588693918971844,0.015847521458555867,0.47076023391812355,0.22076023391812355,0.04873508087958463,-0.8,1.161834242728283
