method,true_params,bivpois_eta,bivpois_estimated_ha,bivpois_bias,bivpois_mse,pc_eta,pc_bias,pc_mse,lm_eta,lm_bias,lm_mse,team_strength_correlation,mu
bivpois,0.25,0.16669590363034917,0.21944012088575504,-0.03055987911424496,9.339062114772653e-4,0.25319228228659446,0.003192282286594461,1.019066619730476e-5,0.33040935672514443,0.08040935672514443,0.00646566464895153,-0.8,1.161834242728283
