method,true_params,bivpois_eta,bivpois_estimated_ha,bivpois_bias,bivpois_mse,pc_eta,pc_bias,pc_mse,lm_eta,lm_bias,lm_mse,team_strength_correlation,mu
bivpois,0,-0.14931165436197474,-0.14500245279233903,-0.14500245279233903,0.02102571131579451,-0.15981777370149564,-0.15981777370149564,0.02554172079090247,-0.2690058479532247,-0.2690058479532247,0.07236414623303344,-0.4,1
