true_params,bivpois_eta,bivpois_estimated_ha,bivpois_eta_bias,bivpois_eta_mse,lm_eta,lm_eta_bias,lm_eta_mse,team_strength_correlation,lambda3
0.5466183164880214,0.47434335996113425,0.6069586575734607,0.060340341085439286,0.003640956762307152,1.4210526315789542,0.8744343150909328,0.7646353714085488,-0.5,0.2
