method,true_params,bivpois_eta,bivpois_estimated_ha,bivpois_bias,bivpois_mse,pc_eta,pc_bias,pc_mse,lm_eta,lm_bias,lm_mse,team_strength_correlation,mu
bivpois,0.25,0.18590209241068245,0.24897855564507898,-0.0010214443549210195,1.0433485702000175e-6,0.2732762781600047,0.023276278160004715,5.417851249819125e-4,0.03216374269005885,-0.21783625730994116,0.047452634998802895,-0.8,1.161834242728283
