method,true_params,bivpois_eta,bivpois_estimated_ha,bivpois_bias,bivpois_mse,pc_eta,pc_bias,pc_mse,lm_eta,lm_bias,lm_mse,team_strength_correlation,mu
bivpois,0.25,0.15095641332941157,0.19523189293535737,-0.054768107064642635,0.0029995455514441583,0.22220873474453748,-0.02779126525546252,7.723544244994784e-4,0.7017543859649078,0.4517543859649078,0.2040820252385309,-0.8,1.161834242728283
