true_params,bivpois_eta,bivpois_estimated_ha,bivpois_eta_bias,bivpois_eta_mse,lm_eta,lm_eta_bias,lm_eta_mse,team_strength_correlation,lambda3
0.6641191771268458,0.6444449395328435,0.904929384776539,0.2408102076496932,0.05798955610828835,2.3976608187134696,1.7335416415866238,3.0051666231148464,-0.5,0.2
