method,true_params,bivpois_eta,bivpois_estimated_ha,bivpois_bias,bivpois_mse,pc_eta,pc_bias,pc_mse,lm_eta,lm_bias,lm_mse,team_strength_correlation,mu
bivpois,0.25,0.186433626980609,0.2648068103182937,0.014806810318293673,2.1924163180192798e-4,0.311220265462237,0.06122026546223702,0.0037479209032667713,1.1023391812865178,0.8523391812865178,0.7264820799561714,-0.8,1.161834242728283
