true_params,bivpois_eta,bivpois_estimated_ha,bivpois_eta_bias,bivpois_eta_mse,lm_eta,lm_eta_bias,lm_eta_mse,team_strength_correlation,lambda3
0.40374398602561423,0.32517584003077,0.38427403537029914,-0.019469950655315094,3.7907897852040466e-4,-0.10233918128655298,-0.5060831673121672,0.256120172236715,-0.5,0.2
