method,true_params,bivpois_eta,bivpois_estimated_ha,bivpois_bias,bivpois_mse,pc_eta,pc_bias,pc_mse,lm_eta,lm_bias,lm_mse,team_strength_correlation,mu
bivpois,0.25,0.17771453133350723,0.21332941935305483,-0.03667058064694517,0.0013447314849841098,0.23782717833826977,-0.012172821661730227,1.4817758720828863e-4,-0.9941520467836232,-1.2441520467836233,1.5479143155158792,-0.8,1.161834242728283
