method,true_params,bivpois_eta,bivpois_estimated_ha,bivpois_bias,bivpois_mse,pc_eta,pc_bias,pc_mse,lm_eta,lm_bias,lm_mse,team_strength_correlation,mu
bivpois,0.25,0.13322900435678706,0.17186775185541503,-0.07813224814458497,0.006104648200127002,0.1956633552701655,-0.05433664472983449,0.00295247096049625,0.8391812865497221,0.5891812865497221,0.3471345884203858,-0.8,1.161834242728283
