method,true_params,bivpois_eta,bivpois_estimated_ha,bivpois_bias,bivpois_mse,pc_eta,pc_bias,pc_mse,lm_eta,lm_bias,lm_mse,team_strength_correlation,mu
bivpois,0.25,0.14653694796044936,0.18222080988889955,-0.06777919011110045,0.004594018612116697,0.21324149416764052,-0.036758505832359484,0.0013511877510276062,0.37426900584795064,0.12426900584795064,0.015442785814437992,-0.8,1.161834242728283
