method,true_params,bivpois_eta,bivpois_estimated_ha,bivpois_bias,bivpois_mse,pc_eta,pc_bias,pc_mse,lm_eta,lm_bias,lm_mse,team_strength_correlation,mu
bivpois,0.25,0.22255905284454838,0.2949139417218034,0.04491394172180341,0.002017262160989553,0.3383617405027842,0.08836174050278423,0.007807797184681378,0.4590643274853771,0.20906432748537712,0.04370789302691301,-0.8,1.161834242728283
