true_params,bivpois_eta,bivpois_estimated_ha,bivpois_eta_bias,bivpois_eta_mse,lm_eta,lm_eta_bias,lm_eta_mse,team_strength_correlation,lambda3
0.571569583840706,0.4776861472104196,0.612339366756713,0.04076978291600697,0.0016621751990183338,1.5409356725146284,0.9693660886739224,0.9396706138709787,-0.5,0.2
