true_params,bivpois_eta,bivpois_estimated_ha,bivpois_eta_bias,bivpois_eta_mse,lm_eta,lm_eta_bias,lm_eta_mse,team_strength_correlation,lambda3
0.18795490724209268,0.19594705576259946,0.21646249895002456,0.02850759170793188,8.126827849861464e-4,0.5292397660818764,0.3412848588397837,0.1164753548732911,-0.5,0.2
