method,true_params,bivpois_eta,bivpois_estimated_ha,bivpois_bias,bivpois_mse,pc_eta,pc_bias,pc_mse,lm_eta,lm_bias,lm_mse,team_strength_correlation,mu
bivpois,0.25,0.3200910030914119,0.3839375910871847,0.13393759108718473,0.017939278306237906,0.4129802436360035,0.1629802436360035,0.026562559815651057,-0.23684210526316257,-0.48684210526316257,0.23701523545706826,-0.8,1.161834242728283
