method,true_params,bivpois_eta,bivpois_estimated_ha,bivpois_bias,bivpois_mse,pc_eta,pc_bias,pc_mse,lm_eta,lm_bias,lm_mse,team_strength_correlation,mu
bivpois,0.25,0.23006528406207602,0.2811095386573337,0.03110953865733368,9.678033954721386e-4,0.3064588547468868,0.05645885474688678,0.0031876022793300594,-0.44736842105264024,-0.6973684210526403,0.4863227146814526,-0.8,1.161834242728283
