method,true_params,bivpois_eta,bivpois_estimated_ha,bivpois_bias,bivpois_mse,pc_eta,pc_bias,pc_mse,lm_eta,lm_bias,lm_mse,team_strength_correlation,mu
bivpois,0,-0.12009638035239796,-0.12477611770361352,-0.12477611770361352,0.015569079549186016,-0.1399721133374175,-0.1399721133374175,0.019592192512142847,-0.28947368421053216,-0.28947368421053216,0.08379501385041889,-0.4,1
