method,true_params,bivpois_eta,bivpois_estimated_ha,bivpois_bias,bivpois_mse,pc_eta,pc_bias,pc_mse,lm_eta,lm_bias,lm_mse,team_strength_correlation,mu
bivpois,0.25,0.15157406884969987,0.19694895278917213,-0.05305104721082787,0.002814413610165488,0.21026511132682962,-0.03973488867317038,0.0015788613778692435,0.6023391812865507,0.35233918128655073,0.12414289866967686,-0.8,1.161834242728283
