method,true_params,bivpois_eta,bivpois_estimated_ha,bivpois_bias,bivpois_mse,pc_eta,pc_bias,pc_mse,lm_eta,lm_bias,lm_mse,team_strength_correlation,mu
bivpois,0.25,0.25706256573835967,0.3457169183390054,0.09571691833900542,0.009161728456315832,0.3872948517964005,0.1372948517964005,0.018849876329795578,1.2368421052631655,0.9868421052631655,0.9738573407202367,-0.8,1.161834242728283
