method,true_params,bivpois_eta,bivpois_estimated_ha,bivpois_bias,bivpois_mse,pc_eta,pc_bias,pc_mse,lm_eta,lm_bias,lm_mse,team_strength_correlation,mu
bivpois,0.25,0.184231178333727,0.2401298356534598,-0.0098701643465402,9.742014422771334e-5,0.26326155167066945,0.013261551670669447,1.758687527138356e-4,-0.35087719298245484,-0.6008771929824548,0.3610534010464742,-0.8,1.161834242728283
