true_params,bivpois_eta,bivpois_estimated_ha,bivpois_eta_bias,bivpois_eta_mse,lm_eta,lm_eta_bias,lm_eta_mse,team_strength_correlation,lambda3
0.1464367717878685,0.2026376594937482,0.22462865527972276,0.07819188349185424,0.006113970644003708,0.44736842105262836,0.30093164926475985,0.09055985752920843,-0.5,0.2
