method,true_params,bivpois_eta,bivpois_estimated_ha,bivpois_bias,bivpois_mse,pc_eta,pc_bias,pc_mse,lm_eta,lm_bias,lm_mse,team_strength_correlation,mu
bivpois,0.25,0.1340853839414108,0.17947587073732696,-0.07052412926267304,0.004973652808258216,0.2148519985056665,-0.0351480014943335,0.0012353820090456702,1.2631578947368391,1.0131578947368391,1.026488919667584,-0.8,1.161834242728283
