true_params,bivpois_eta,bivpois_estimated_ha,bivpois_eta_bias,bivpois_eta_mse,lm_eta,lm_eta_bias,lm_eta_mse,team_strength_correlation,lambda3
0.5995566783709013,0.6458271154045925,0.9075641526463942,0.3080074742754929,0.09486860420956843,1.5935672514620007,0.9940105730910994,0.9880570194168959,-0.5,0
