method,true_params,bivpois_eta,bivpois_estimated_ha,bivpois_bias,bivpois_mse,pc_eta,pc_bias,pc_mse,lm_eta,lm_bias,lm_mse,team_strength_correlation,mu
bivpois,0.25,0.23083144974880115,0.2841268051134742,0.03412680511347421,0.0011646388272530497,0.31487891900392123,0.06487891900392123,0.004209274131117371,0.15204678362573057,-0.09795321637426943,0.009594832598064445,-0.8,1.161834242728283
