true_params,bivpois_eta,bivpois_estimated_ha,bivpois_eta_bias,bivpois_eta_mse,lm_eta,lm_eta_bias,lm_eta_mse,team_strength_correlation,lambda3
0.4264268758880276,0.36991652569098815,0.4476137710604713,0.02118689517244371,4.4888452704811856e-4,0.1228070175438526,-0.303619858344175,0.09218501838093689,-0.5,0.2
