method,true_params,bivpois_eta,bivpois_estimated_ha,bivpois_bias,bivpois_mse,pc_eta,pc_bias,pc_mse,lm_eta,lm_bias,lm_mse,team_strength_correlation,mu
bivpois,0.25,0.13788375262457628,0.18917107194125893,-0.06082892805874107,0.003700158488775497,0.21556994183629416,-0.03443005816370584,0.0011854289051561671,-0.1842105263157568,-0.4342105263157568,0.18853878116340653,-0.8,1.161834242728283
