true_params,bivpois_eta,bivpois_estimated_ha,bivpois_eta_bias,bivpois_eta_mse,lm_eta,lm_eta_bias,lm_eta_mse,team_strength_correlation,lambda3
0.531367829148662,0.4134171038451337,0.5119755452425072,-0.019392283906154772,3.760606750969094e-4,0.04970760233918197,-0.48166022680948,0.23199657409015972,-0.5,0.2
