method,true_params,bivpois_eta,bivpois_estimated_ha,bivpois_bias,bivpois_mse,pc_eta,pc_bias,pc_mse,lm_eta,lm_bias,lm_mse,team_strength_correlation,mu
bivpois,0.25,0.1976896282067788,0.25368699800384364,0.0036869980038436445,1.359395428034702e-5,0.28382853388014273,0.03382853388014273,0.0011443697044799645,0.2953216374268948,0.04532163742689482,0.0020540508190549137,-0.8,1.161834242728283
