method,true_params,bivpois_eta,bivpois_estimated_ha,bivpois_bias,bivpois_mse,pc_eta,pc_bias,pc_mse,lm_eta,lm_bias,lm_mse,team_strength_correlation,mu
bivpois,0.25,0.1439488506837393,0.18019560631672782,-0.06980439368327218,0.004872653377489249,0.20685641743452654,-0.04314358256547346,0.0018613687165838254,-0.7280701754386055,-0.9780701754386055,0.9566212680825046,-0.8,1.161834242728283
