method,true_params,bivpois_eta,bivpois_estimated_ha,bivpois_bias,bivpois_mse,pc_eta,pc_bias,pc_mse,lm_eta,lm_bias,lm_mse,team_strength_correlation,mu
bivpois,0.25,0.10983908103666726,0.13222424464148408,-0.11777575535851592,0.013871128550268992,0.14707727320307232,-0.10292272679692768,0.010593087691315015,0.728070175438585,0.478070175438585,0.22855109264387943,-0.8,1.161834242728283
