true_params,bivpois_eta,bivpois_estimated_ha,bivpois_eta_bias,bivpois_eta_mse,lm_eta,lm_eta_bias,lm_eta_mse,team_strength_correlation,lambda3
0.43127393755249493,0.3826413857379149,0.4661521527081256,0.034878215155630665,0.0012164898924424646,0.9970760233917968,0.5658020858393018,0.32013200034010464,-0.5,0.2
