method,true_params,bivpois_eta,bivpois_estimated_ha,bivpois_bias,bivpois_mse,pc_eta,pc_bias,pc_mse,lm_eta,lm_bias,lm_mse,team_strength_correlation,mu
bivpois,0.25,0.237106638279871,0.2834635909081433,0.033463590908143326,0.0011198119164675727,0.33017492755271544,0.08017492755271544,0.006428019008083169,1.0760233918128739,0.8260233918128739,0.6823146438220445,-0.8,1.161834242728283
