method,true_params,bivpois_eta,bivpois_estimated_ha,bivpois_bias,bivpois_mse,pc_eta,pc_bias,pc_mse,lm_eta,lm_bias,lm_mse,team_strength_correlation,mu
bivpois,0.25,0.2454180878393408,0.28918401708205455,0.039184017082054545,0.0015353871946867425,0.3137744621507856,0.06377446215078558,0.004067182022621983,0.5935672514619986,0.3435672514619986,0.11803845627715219,-0.8,1.161834242728283
