method,true_params,bivpois_eta,bivpois_estimated_ha,bivpois_bias,bivpois_mse,pc_eta,pc_bias,pc_mse,lm_eta,lm_bias,lm_mse,team_strength_correlation,mu
bivpois,0.25,0.20668870308614637,0.2706075543920632,0.020607554392063188,4.2467129802184277e-4,0.29350386785434357,0.04350386785434357,0.001892586518288188,-0.21637426900585638,-0.4663742690058564,0.21750495879074688,-0.8,1.161834242728283
