method,true_params,bivpois_eta,bivpois_estimated_ha,bivpois_bias,bivpois_mse,pc_eta,pc_bias,pc_mse,lm_eta,lm_bias,lm_mse,team_strength_correlation,mu
bivpois,0.25,0.303593073707706,0.42687533433462765,0.17687533433462765,0.03128488389598631,0.4931245740471308,0.24312457404713078,0.05910955850559878,1.0058479532163738,0.7558479532163738,0.5713061283813815,-0.8,1.161834242728283
