method,true_params,bivpois_eta,bivpois_estimated_ha,bivpois_bias,bivpois_mse,pc_eta,pc_bias,pc_mse,lm_eta,lm_bias,lm_mse,team_strength_correlation,mu
bivpois,0.25,0.21602286620425545,0.2689389301496907,0.018938930149690725,3.5868307521486433e-4,0.2867925548800175,0.03679255488001748,0.0013536920945990982,0.12280701754385963,-0.12719298245614036,0.01617805478608803,-0.8,1.161834242728283
