method,true_params,bivpois_eta,bivpois_estimated_ha,bivpois_bias,bivpois_mse,pc_eta,pc_bias,pc_mse,lm_eta,lm_bias,lm_mse,team_strength_correlation,mu
bivpois,0.25,0.16290942093691888,0.19463035500406511,-0.055369644995934886,0.003065797586975857,0.22348355212001444,-0.026516447879985555,7.031220081719905e-4,0.14327485380115562,-0.10672514619884438,0.011390256831164706,-0.8,1.161834242728283
