method,true_params,bivpois_eta,bivpois_estimated_ha,bivpois_bias,bivpois_mse,pc_eta,pc_bias,pc_mse,lm_eta,lm_bias,lm_mse,team_strength_correlation,mu
bivpois,0.25,0.2543815120102736,0.3339535829596687,0.0839535829596687,0.007048204091765976,0.3584643103958732,0.10846431039587318,0.011764506629652323,0.38011695906432996,0.13011695906432996,0.016930423036148518,-0.8,1.161834242728283
