true_params,bivpois_eta,bivpois_estimated_ha,bivpois_eta_bias,bivpois_eta_mse,lm_eta,lm_eta_bias,lm_eta_mse,team_strength_correlation,lambda3
0.5999098497965245,0.47438417002321387,0.6070242389942173,0.007114389197692805,5.061453365624808e-5,0.38888888888889517,-0.21102096090762934,0.04452984594237923,-0.5,0.2
