method,true_params,bivpois_eta,bivpois_estimated_ha,bivpois_bias,bivpois_mse,pc_eta,pc_bias,pc_mse,lm_eta,lm_bias,lm_mse,team_strength_correlation,mu
bivpois,0.25,0.285263088063639,0.36527265302841627,0.11527265302841627,0.013287784536209647,0.39529906933742154,0.14529906933742154,0.02111181955032083,-0.10526315789473197,-0.35526315789473195,0.12621191135733725,-0.8,1.161834242728283
