method,true_params,bivpois_eta,bivpois_estimated_ha,bivpois_bias,bivpois_mse,pc_eta,pc_bias,pc_mse,lm_eta,lm_bias,lm_mse,team_strength_correlation,mu
bivpois,0.25,0.20962636982682611,0.26264690161547666,0.012646901615476658,1.599441204715461e-4,0.29583723120762867,0.04583723120762867,0.002101051764781608,1.1111111111111125,0.8611111111111125,0.7415123456790147,-0.8,1.161834242728283
