method,true_params,bivpois_eta,bivpois_estimated_ha,bivpois_bias,bivpois_mse,pc_eta,pc_bias,pc_mse,lm_eta,lm_bias,lm_mse,team_strength_correlation,mu
bivpois,0.25,0.11897651597939202,0.1606934091682619,-0.08930659083173809,0.007975667165987485,0.17402317320621088,-0.07597682679378912,0.005772478209653432,0.08771929824560792,-0.16228070175439208,0.02633502616189795,-0.8,1.161834242728283
