method,true_params,bivpois_eta,bivpois_estimated_ha,bivpois_bias,bivpois_mse,pc_eta,pc_bias,pc_mse,lm_eta,lm_bias,lm_mse,team_strength_correlation,mu
bivpois,0.25,0.24915840616823828,0.29595727099975866,0.04595727099975866,0.002112070757745258,0.3770706449911003,0.12707064499110032,0.01614694881845425,0.6403508771929665,0.39035087719296646,0.15237380732531838,-0.8,1.161834242728283
