method,true_params,bivpois_eta,bivpois_estimated_ha,bivpois_bias,bivpois_mse,pc_eta,pc_bias,pc_mse,lm_eta,lm_bias,lm_mse,team_strength_correlation,mu
bivpois,0.25,0.2552143161039909,0.3242329133680557,0.07423291336805571,0.005510525427109264,0.377170035587976,0.12717003558797602,0.016172217951447087,-0.08771929824560709,-0.3377192982456071,0.11405432440750532,-0.8,1.161834242728283
