method,true_params,bivpois_eta,bivpois_estimated_ha,bivpois_bias,bivpois_mse,pc_eta,pc_bias,pc_mse,lm_eta,lm_bias,lm_mse,team_strength_correlation,mu
bivpois,0.25,0.1759568471954195,0.21269755783738864,-0.03730244216261136,0.0013914721912949657,0.23157187936095813,-0.018428120639041867,3.395956302870808e-4,-0.8713450292397772,-1.121345029239777,1.2574146746007566,-0.8,1.161834242728283
