method,true_params,bivpois_eta,bivpois_estimated_ha,bivpois_bias,bivpois_mse,pc_eta,pc_bias,pc_mse,lm_eta,lm_bias,lm_mse,team_strength_correlation,mu
bivpois,0,0.024148686092751438,0.02032918932666683,0.02032918932666683,4.1327593867946456e-4,0.022739767077842237,0.022739767077842237,5.170970067545176e-4,0.029239766081871794,0.029239766081871794,8.549639205225802e-4,-0.4,1
