method,true_params,bivpois_eta,bivpois_estimated_ha,bivpois_bias,bivpois_mse,pc_eta,pc_bias,pc_mse,lm_eta,lm_bias,lm_mse,team_strength_correlation,mu
bivpois,0.25,0.20375080776135343,0.25408629620109346,0.0040862962010934645,1.6697816643070878e-5,0.29555155823473783,0.04555155823473783,0.002074944457612712,1.3918128654970672,1.1418128654970672,1.3037366198146236,-0.8,1.161834242728283
