method,true_params,bivpois_eta,bivpois_estimated_ha,bivpois_bias,bivpois_mse,pc_eta,pc_bias,pc_mse,lm_eta,lm_bias,lm_mse,team_strength_correlation,mu
bivpois,0.25,0.1271424888665032,0.1632722416895409,-0.08672775831045909,0.007521704061557406,0.18863541145855836,-0.06136458854144164,0.0037656127268604306,0.8421052631578907,0.5921052631578907,0.350588642659275,-0.8,1.161834242728283
