method,true_params,bivpois_eta,bivpois_estimated_ha,bivpois_bias,bivpois_mse,pc_eta,pc_bias,pc_mse,lm_eta,lm_bias,lm_mse,team_strength_correlation,mu
bivpois,0.25,0.13424640109119695,0.16365859334001454,-0.08634140665998546,0.007454838504024982,0.20163664034360743,-0.048363359656392574,0.002339014557253581,0.33625730994153646,0.08625730994153646,0.007440323518350285,-0.8,1.161834242728283
