method,true_params,bivpois_eta,bivpois_estimated_ha,bivpois_bias,bivpois_mse,pc_eta,pc_bias,pc_mse,lm_eta,lm_bias,lm_mse,team_strength_correlation,mu
bivpois,0.25,0.21691451594099231,0.3037955566837294,0.05379555668372937,0.00289396191891234,0.3449850131124065,0.09498501311240648,0.009022152715964031,-0.7719298245613987,-1.0219298245613988,1.0443405663280914,-0.8,1.161834242728283
