method,true_params,bivpois_eta,bivpois_estimated_ha,bivpois_bias,bivpois_mse,pc_eta,pc_bias,pc_mse,lm_eta,lm_bias,lm_mse,team_strength_correlation,mu
bivpois,0.25,0.11335841257435159,0.12655530622301225,-0.12344469377698775,0.015238592421694277,0.1434910953419956,-0.10650890465800439,0.011344146771447869,0.39181286549708366,0.14181286549708366,0.02011088882049394,-0.8,1.161834242728283
