method,true_params,bivpois_eta,bivpois_estimated_ha,bivpois_bias,bivpois_mse,pc_eta,pc_bias,pc_mse,lm_eta,lm_bias,lm_mse,team_strength_correlation,mu
bivpois,0,0.02291855967178731,0.022539801327049025,0.022539801327049025,5.08042643862841e-4,0.0248824841823806,0.0248824841823806,6.191380190864208e-4,0.13450292397661553,0.13450292397661553,0.018091036558259218,-0.8,1
