method,true_params,bivpois_eta,bivpois_estimated_ha,bivpois_bias,bivpois_mse,pc_eta,pc_bias,pc_mse,lm_eta,lm_bias,lm_mse,team_strength_correlation,mu
bivpois,0.25,0.229421771981566,0.26429021369040995,0.014290213690409947,2.042102073175799e-4,0.30039638941398145,0.050396389413981446,0.0025397960659656613,1.333333333333335,1.083333333333335,1.1736111111111147,-0.8,1.161834242728283
