method,true_params,bivpois_eta,bivpois_estimated_ha,bivpois_bias,bivpois_mse,pc_eta,pc_bias,pc_mse,lm_eta,lm_bias,lm_mse,team_strength_correlation,mu
bivpois,0.25,0.19768984532480943,0.2533067076544959,0.0033067076544959217,1.093431551230192e-5,0.2945487250143532,0.0445487250143532,0.0019845889004044583,0.9561403508771897,0.7061403508771897,0.4986341951369606,-0.4,1.161834242728283
