method,true_params,bivpois_eta,bivpois_estimated_ha,bivpois_bias,bivpois_mse,pc_eta,pc_bias,pc_mse,lm_eta,lm_bias,lm_mse,team_strength_correlation,mu
bivpois,0.25,0.25064700305621734,0.28174733161867893,0.03174733161867893,0.001007893064906371,0.3186876324412702,0.06868763244127019,0.0047179908503870325,1.1988304093567324,0.9488304093567324,0.9002791457200643,-0.4,1.161834242728283
