method,true_params,bivpois_eta,bivpois_estimated_ha,bivpois_bias,bivpois_mse,pc_eta,pc_bias,pc_mse,lm_eta,lm_bias,lm_mse,team_strength_correlation,mu
bivpois,0.25,0.22922298292899979,0.3047931697186095,0.05479316971860948,0.003002291447812343,0.34523833136280874,0.09523833136280874,0.009070339760772159,-0.16081871345028437,-0.41081871345028437,0.16877201532094685,-0.4,1.161834242728283
