true_params,bivpois_eta,bivpois_estimated_ha,bivpois_eta_bias,bivpois_eta_mse,lm_eta,lm_eta_bias,lm_eta_mse,team_strength_correlation,lambda3
0.1663965500027021,0.22636287395880314,0.2540306377863508,0.08763408778364873,0.0076797333416722515,0.4649122807017634,0.2985157306990613,0.08911164147479449,-0.5,0.2
