method,true_params,bivpois_eta,bivpois_estimated_ha,bivpois_bias,bivpois_mse,pc_eta,pc_bias,pc_mse,lm_eta,lm_bias,lm_mse,team_strength_correlation,mu
bivpois,0.25,0.1986282330262044,0.26579829972179736,0.01579829972179736,2.495862740997425e-4,0.29377320686708547,0.04377320686708547,0.0019160936394286585,0.8362573099415219,0.5862573099415219,0.3436976334598697,-0.4,1.161834242728283
