method,true_params,bivpois_eta,bivpois_estimated_ha,bivpois_bias,bivpois_mse,pc_eta,pc_bias,pc_mse,lm_eta,lm_bias,lm_mse,team_strength_correlation,mu
bivpois,0.25,0.24319968666352082,0.3033074072198265,0.05330740721982652,0.0028416796645004123,0.33072634064813666,0.08072634064813666,0.006516742074439002,0.4093567251461921,0.1593567251461921,0.025394565849319012,-0.4,1.161834242728283
