method,true_params,bivpois_eta,bivpois_estimated_ha,bivpois_bias,bivpois_mse,pc_eta,pc_bias,pc_mse,lm_eta,lm_bias,lm_mse,team_strength_correlation,mu
bivpois,0.25,0.19469590907296477,0.2452308435714603,-0.0047691564285397,2.274485303988155e-5,0.2660995259524834,0.016099525952483373,2.5919473589468565e-4,0.47953216374269114,0.22953216374269114,0.052685014192401576,-0.4,1.161834242728283
