method,true_params,bivpois_eta,bivpois_estimated_ha,bivpois_bias,bivpois_mse,pc_eta,pc_bias,pc_mse,lm_eta,lm_bias,lm_mse,team_strength_correlation,mu
bivpois,0,-0.023501704496329677,-0.022541667195152715,-0.022541667195152715,5.08126759937024e-4,-0.024379496139770744,-0.024379496139770744,5.943598320290966e-4,-0.2485380116958955,-0.2485380116958955,0.061771143257749093,-0.4,1
