method,true_params,bivpois_eta,bivpois_estimated_ha,bivpois_bias,bivpois_mse,pc_eta,pc_bias,pc_mse,lm_eta,lm_bias,lm_mse,team_strength_correlation
bivpois,0.1980244310107082,0.15402446712083076,0.1665194278010711,-0.03150500320963712,9.92565227239245e-4,0.18213922662192575,-0.015885204388782465,2.5233971847339365e-4,0.02046783625730451,-0.1775565947534037,0.03152634434042443,-0.5
