true_params,bivpois_eta,bivpois_estimated_ha,bivpois_eta_bias,bivpois_eta_mse,lm_eta,lm_eta_bias,lm_eta_mse,team_strength_correlation,lambda3
0.5161054993116525,0.480525142380002,0.616923294225804,0.10081779491415155,0.010164227771351921,0.6783625730994116,0.1622570737877591,0.026327357994166304,-0.5,0.2
