true_params,bivpois_eta,bivpois_estimated_ha,bivpois_eta_bias,bivpois_eta_mse,lm_eta,lm_eta_bias,lm_eta_mse,team_strength_correlation,lambda3
0.32587453696766827,0.19948832937579947,0.22077796210702627,-0.105096574860642,0.011045290047438528,0.11403508771928893,-0.21183944924837933,0.044875952257856684,-0.5,0.2
