method,true_params,bivpois_eta,bivpois_estimated_ha,bivpois_bias,bivpois_mse,pc_eta,pc_bias,pc_mse,lm_eta,lm_bias,lm_mse,team_strength_correlation,mu
bivpois,0.25,0.2312266275506917,0.31563849541539923,0.06563849541539923,0.004308412080397386,0.3580324587648922,0.1080324587648922,0.011671012146788133,1.2660818713450201,1.0160818713450201,1.0324223692759982,-0.4,1.161834242728283
