method,true_params,bivpois_eta,bivpois_estimated_ha,bivpois_bias,bivpois_mse,pc_eta,pc_bias,pc_mse,lm_eta,lm_bias,lm_mse,team_strength_correlation,mu
bivpois,0.25,0.2369650663808864,0.343336882732834,0.09333688273283403,0.008711773678282811,0.39056081467783477,0.14056081467783477,0.01975734262289661,0.06432748538011394,-0.18567251461988604,0.03447428268527179,-0.4,1.161834242728283
