method,true_params,bivpois_eta,bivpois_estimated_ha,bivpois_bias,bivpois_mse,pc_eta,pc_bias,pc_mse,lm_eta,lm_bias,lm_mse,team_strength_correlation,mu
bivpois,0.25,0.2572633269183895,0.3894043007570729,0.13940430075707289,0.01943355906956843,0.4316448938011786,0.1816448938011786,0.032994867444041454,1.4064327485380166,1.1564327485380166,1.3373367018911915,-0.4,1.161834242728283
