true_params,bivpois_eta,bivpois_estimated_ha,bivpois_eta_bias,bivpois_eta_mse,lm_eta,lm_eta_bias,lm_eta_mse,team_strength_correlation,lambda3
0.5714385231548375,0.4672098033934741,0.5955361171955276,0.024097594040690118,5.806940385499039e-4,-0.15497076023392556,-0.726409283388763,0.5276704469933762,-0.5,0.2
