true_params,bivpois_eta,bivpois_estimated_ha,bivpois_eta_bias,bivpois_eta_mse,lm_eta,lm_eta_bias,lm_eta_mse,team_strength_correlation,lambda3
0.5991825406569203,0.5705992335840762,0.7693269739754449,0.17014443331852458,0.02894912818928186,0.6052631578947606,0.006080617237840258,3.6973905993120085e-5,-0.5,0.2
