method,true_params,bivpois_eta,bivpois_estimated_ha,bivpois_bias,bivpois_mse,pc_eta,pc_bias,pc_mse,lm_eta,lm_bias,lm_mse,team_strength_correlation,mu
bivpois,0.25,0.18660417354852255,0.22795632380115372,-0.022043676198846285,4.859236603595822e-4,0.24339528878530708,-0.0066047112146929154,4.362221022949037e-5,0.339181286549711,0.08918128654971103,0.007953301870661669,-0.4,1.161834242728283
