method,true_params,bivpois_eta,bivpois_estimated_ha,bivpois_bias,bivpois_mse,pc_eta,pc_bias,pc_mse,lm_eta,lm_bias,lm_mse,team_strength_correlation,mu
bivpois,0.25,0.17845867986601105,0.2716862882374269,0.02168628823742691,4.7029509751676075e-4,0.2913322801767495,0.0413322801767495,0.0017083573846093198,0.011695906432745628,-0.23830409356725438,0.05678884101091073,-0.4,1.161834242728283
