method,true_params,bivpois_eta,bivpois_estimated_ha,bivpois_bias,bivpois_mse,pc_eta,pc_bias,pc_mse,lm_eta,lm_bias,lm_mse,team_strength_correlation,mu
bivpois,0.25,0.1816134903110016,0.22972787896059477,-0.020272121039405233,4.109588914362963e-4,0.26004953820982574,0.010049538209825737,1.0099321823074748e-4,0.26608187134503086,0.016081871345030863,2.5862658595812477e-4,-0.4,1.161834242728283
