method,true_params,bivpois_eta,bivpois_estimated_ha,bivpois_bias,bivpois_mse,pc_eta,pc_bias,pc_mse,lm_eta,lm_bias,lm_mse,team_strength_correlation,mu
bivpois,0.25,0.26187106932684434,0.3295103552066856,0.07951035520668559,0.0063218965850933145,0.3773483134281581,0.1273483134281581,0.016217592932996395,-0.14327485380117372,-0.3932748538011737,0.15466511063233457,-0.4,1.161834242728283
