method,true_params,bivpois_eta,bivpois_estimated_ha,bivpois_bias,bivpois_mse,pc_eta,pc_bias,pc_mse,lm_eta,lm_bias,lm_mse,team_strength_correlation
bivpois,0.2214976625982672,0.2769645498858815,0.31911960726545985,0.09762194466719265,0.009530044080604424,0.31432833786509445,0.09283067526682726,0.008617534270495133,1.207602339181281,0.9861046765830137,0.9724024331788901,-0.5
