method,true_params,bivpois_eta,bivpois_estimated_ha,bivpois_bias,bivpois_mse,pc_eta,pc_bias,pc_mse,lm_eta,lm_bias,lm_mse,team_strength_correlation,mu
bivpois,0.25,0.27978078348236096,0.31187477548577003,0.06187477548577003,0.0038284878414144474,0.3710625581255636,0.1210625581255636,0.014656142979905466,0.3684210526315598,0.11842105263155978,0.014023545706366651,-0.4,1.161834242728283
