method,true_params,bivpois_eta,bivpois_estimated_ha,bivpois_bias,bivpois_mse,pc_eta,pc_bias,pc_mse,lm_eta,lm_bias,lm_mse,team_strength_correlation,mu
bivpois,0.25,0.2930347723266837,0.2741394980352554,0.02413949803525539,5.827153653940989e-4,0.31383557079227137,0.06383557079227137,0.004074980098375089,0.20467836257310254,-0.04532163742689746,0.0020540508190551527,-0.4,1.161834242728283
