true_params,bivpois_eta,bivpois_estimated_ha,bivpois_eta_bias,bivpois_eta_mse,lm_eta,lm_eta_bias,lm_eta_mse,team_strength_correlation,lambda3
0.3050815259116419,0.30838813276116733,0.36122922407515934,0.056147698163517445,0.0031525640090614604,0.4736842105263234,0.16860268461468153,0.02842686525927777,-0.5,0.2
