method,true_params,bivpois_eta,bivpois_estimated_ha,bivpois_bias,bivpois_mse,pc_eta,pc_bias,pc_mse,lm_eta,lm_bias,lm_mse,team_strength_correlation,mu
bivpois,0.25,0.17677366073513895,0.21788100524534748,-0.03211899475465252,0.001031629824049396,0.24724834435107645,-0.0027516556489235455,7.571608810252858e-6,-0.5497076023391834,-0.7997076023391834,0.6395322492390855,-0.4,1.161834242728283
