method,true_params,bivpois_eta,bivpois_estimated_ha,bivpois_bias,bivpois_mse,pc_eta,pc_bias,pc_mse,lm_eta,lm_bias,lm_mse,team_strength_correlation,mu
bivpois,0.25,0.179651747433878,0.18937661255748595,-0.060623387442514054,0.003675195105005171,0.21106380622814944,-0.038936193771850564,0.0015160271854390945,2.377192982456149,2.127192982456149,4.524949984610686,-0.4,1.161834242728283
