true_params,bivpois_eta,bivpois_estimated_ha,bivpois_eta_bias,bivpois_eta_mse,lm_eta,lm_eta_bias,lm_eta_mse,team_strength_correlation,lambda3
0.6312010147274716,0.5979556577068975,0.8183975708932574,0.1871965561657858,0.03504255064033019,1.4152046783625605,0.7840036636350889,0.6146617445932416,-0.5,0.2
