method,true_params,bivpois_eta,bivpois_estimated_ha,bivpois_bias,bivpois_mse,pc_eta,pc_bias,pc_mse,lm_eta,lm_bias,lm_mse,team_strength_correlation,mu
bivpois,0.25,0.2051520023873726,0.27982665891650793,0.02982665891650793,8.89629582121702e-4,0.3174309980843117,0.06743099808431169,0.004546939502646447,0.14327485380117017,-0.10672514619882983,0.011390256831161603,-0.4,1.161834242728283
