method,true_params,bivpois_eta,bivpois_estimated_ha,bivpois_bias,bivpois_mse,pc_eta,pc_bias,pc_mse,lm_eta,lm_bias,lm_mse,team_strength_correlation,mu
bivpois,0.25,0.2795372367547175,0.3230920635400525,0.07309206354005249,0.00534244975254307,0.4025138750232994,0.15251387502329938,0.023260482074622585,1.7192982456140262,1.4692982456140262,2.1588373345644554,-0.4,1.161834242728283
