method,true_params,bivpois_eta,bivpois_estimated_ha,bivpois_bias,bivpois_mse,pc_eta,pc_bias,pc_mse,lm_eta,lm_bias,lm_mse,team_strength_correlation,mu
bivpois,0.25,0.105789796599777,0.13882636564574002,-0.11117363435425998,0.012359576975534694,0.153907053534908,-0.096092946465092,0.009233854360343038,1.0526315789473801,0.8026315789473801,0.6442174515235645,-0.4,1.161834242728283
