true_params,bivpois_eta,bivpois_estimated_ha,bivpois_eta_bias,bivpois_eta_mse,lm_eta,lm_eta_bias,lm_eta_mse,team_strength_correlation,lambda3
0.2844996742706832,0.21592257473356544,0.24100629003820973,-0.04349338423247345,0.0018916744719935704,1.0964912280701828,0.8119915537994997,0.6593302834417258,-0.5,0.2
