method,true_params,bivpois_eta,bivpois_estimated_ha,bivpois_bias,bivpois_mse,pc_eta,pc_bias,pc_mse,lm_eta,lm_bias,lm_mse,team_strength_correlation,mu
bivpois,0.25,0.11980870401109801,0.14873396816758944,-0.10126603183241056,0.01025480920308279,0.17545983795759948,-0.07454016204240052,0.005556235757307328,-0.24853801169590808,-0.49853801169590806,0.24854014910570935,-0.4,1.161834242728283
