method,true_params,bivpois_eta,bivpois_estimated_ha,bivpois_bias,bivpois_mse,pc_eta,pc_bias,pc_mse,lm_eta,lm_bias,lm_mse,team_strength_correlation,mu
bivpois,0.25,0.18501505410279595,0.2275653078326232,-0.022434692167376813,5.033154126449585e-4,0.24834226253472932,-0.0016577374652706756,2.7480935037620445e-6,0.5614035087719369,0.3114035087719369,0.09697214527547378,-0.4,1.161834242728283
