method,true_params,bivpois_eta,bivpois_estimated_ha,bivpois_bias,bivpois_mse,pc_eta,pc_bias,pc_mse,lm_eta,lm_bias,lm_mse,team_strength_correlation,mu
bivpois,0.25,0.19064363894972772,0.2689002976437753,0.01890029764377532,3.5722125102329895e-4,0.3033921808040638,0.05339218080406383,0.0028507249710138416,0.16374269005847625,-0.08625730994152375,0.007440323518348092,-0.4,1.161834242728283
