method,true_params,bivpois_eta,bivpois_estimated_ha,bivpois_bias,bivpois_mse,pc_eta,pc_bias,pc_mse,lm_eta,lm_bias,lm_mse,team_strength_correlation,mu
bivpois,0.25,0.1683685200657264,0.23158730454104215,-0.01841269545895785,3.3902735406432706e-4,0.26804572526974274,0.01804572526974274,3.256482005110317e-4,-0.01754385964912746,-0.26754385964912747,0.07157971683595202,-0.4,1.161834242728283
