method,true_params,bivpois_eta,bivpois_estimated_ha,bivpois_bias,bivpois_mse,pc_eta,pc_bias,pc_mse,lm_eta,lm_bias,lm_mse,team_strength_correlation,mu
bivpois,0.25,0.17840430055329307,0.1977976922714686,-0.052202307728531405,0.0027250809321842898,0.22552185553732962,-0.02447814446267038,5.991795563353606e-4,-0.029239766081870233,-0.27923976608187023,0.07797484696145761,-0.4,1.161834242728283
