method,true_params,bivpois_eta,bivpois_estimated_ha,bivpois_bias,bivpois_mse,pc_eta,pc_bias,pc_mse,lm_eta,lm_bias,lm_mse,team_strength_correlation,mu
bivpois,0.25,0.16912889815843574,0.1790832186244692,-0.07091678137553081,0.005029189880664834,0.20897836199299377,-0.04102163800700623,0.0016827747847778579,0.1578947368421181,-0.0921052631578819,0.008483379501382676,-0.4,1.161834242728283
