method,true_params,bivpois_eta,bivpois_estimated_ha,bivpois_bias,bivpois_mse,pc_eta,pc_bias,pc_mse,lm_eta,lm_bias,lm_mse,team_strength_correlation,mu
bivpois,0.25,0.33513668861444773,0.3703653227054462,0.1203653227054462,0.014487810909986203,0.40278041363266126,0.15278041363266126,0.023341854789767066,-1.1140350877192942,-1.3640350877192942,1.8605917205293825,-0.4,1.161834242728283
