method,true_params,bivpois_eta,bivpois_estimated_ha,bivpois_bias,bivpois_mse,pc_eta,pc_bias,pc_mse,lm_eta,lm_bias,lm_mse,team_strength_correlation
bivpois,0.9083208909723908,0.7265984596663506,1.0680341285273185,0.15971323755492772,0.025508318250276774,1.2208521551003881,0.31253126412799737,0.09767579105744405,1.8040935672514573,0.8957726762790665,0.8024086875681613,-0.5
