true_params,bivpois_eta,bivpois_estimated_ha,bivpois_eta_bias,bivpois_eta_mse,lm_eta,lm_eta_bias,lm_eta_mse,team_strength_correlation,lambda3
0.4057700690480225,0.3347860918574465,0.397641386371548,-0.008128682676474486,6.607548205481641e-5,0.25730994152047765,-0.14846012752754484,0.022040409465494876,-0.5,0.2
