true_params,bivpois_eta,bivpois_estimated_ha,bivpois_eta_bias,bivpois_eta_mse,lm_eta,lm_eta_bias,lm_eta_mse,team_strength_correlation,lambda3
0.012671854970038619,-0.021951514781666747,-0.021712333607560974,-0.03438418857759959,0.00118227242413993,-0.3567251461988281,-0.36939700116886676,0.13645414447255175,-0.5,0.2
