true_params,bivpois_eta,bivpois_estimated_ha,bivpois_eta_bias,bivpois_eta_mse,lm_eta,lm_eta_bias,lm_eta_mse,team_strength_correlation,lambda3
0.10650641977091192,0.03544234919932997,0.03607791568487406,-0.07042850408603786,0.004960174187797052,-0.22807017543860492,-0.3345765952095168,0.11194149806199288,-0.5,0.2
