method,true_params,bivpois_eta,bivpois_estimated_ha,bivpois_bias,bivpois_mse,pc_eta,pc_bias,pc_mse,lm_eta,lm_bias,lm_mse,team_strength_correlation,mu
bivpois,0.25,0.2805922715227033,0.3933563639288624,0.14335636392886242,0.020551047078904445,0.4496441719875415,0.19964417198754147,0.03985779540859104,-0.7192982456140261,-0.9692982456140261,0.9395390889504289,-0.4,1.161834242728283
