method,true_params,bivpois_eta,bivpois_estimated_ha,bivpois_bias,bivpois_mse,pc_eta,pc_bias,pc_mse,lm_eta,lm_bias,lm_mse,team_strength_correlation,mu
bivpois,0.25,0.19426752930344765,0.262402251252315,0.012402251252314977,1.5381583612554843e-4,0.29727511536953216,0.04727511536953216,0.002234936533202576,0.9502923976608318,0.7002923976608318,0.49040944222155664,-0.4,1.161834242728283
