method,true_params,bivpois_eta,bivpois_estimated_ha,bivpois_bias,bivpois_mse,pc_eta,pc_bias,pc_mse,lm_eta,lm_bias,lm_mse,team_strength_correlation,mu
bivpois,0.25,0.21070704349930783,0.30285098646782327,0.05285098646782327,0.002793226770622038,0.3315887700867281,0.0815887700867281,0.006656727404264979,0.7953216374268995,0.5453216374268995,0.2973756882459549,-0.4,1.161834242728283
