true_params,bivpois_eta,bivpois_estimated_ha,bivpois_eta_bias,bivpois_eta_mse,lm_eta,lm_eta_bias,lm_eta_mse,team_strength_correlation,lambda3
0.17429223642411115,0.2402919207226769,0.2716203084638098,0.09732807203969865,0.00947275360696477,1.178362573099411,1.0040703366752999,1.00815724099125,-0.5,0.2
