method,true_params,bivpois_eta,bivpois_estimated_ha,bivpois_bias,bivpois_mse,pc_eta,pc_bias,pc_mse,lm_eta,lm_bias,lm_mse,team_strength_correlation,mu
bivpois,0,-0.04075896618249,-0.040634937654263514,-0.040634937654263514,0.0016511981581658827,-0.04839203829601191,-0.04839203829601191,0.002341789370442683,0.055555555555549856,0.055555555555549856,0.0030864197530857864,-0.4,1
