true_params,bivpois_eta,bivpois_estimated_ha,bivpois_eta_bias,bivpois_eta_mse,lm_eta,lm_eta_bias,lm_eta_mse,team_strength_correlation,lambda3
0.2817860182232303,0.2816427735568766,0.3253052013520068,0.043519183128776506,0.0018939193001959857,0.263157894736827,-0.018628123486403303,3.4700698462469034e-4,-0.5,0.2
