method,true_params,bivpois_eta,bivpois_estimated_ha,bivpois_bias,bivpois_mse,pc_eta,pc_bias,pc_mse,lm_eta,lm_bias,lm_mse,team_strength_correlation,mu
bivpois,0.25,0.16327280728743548,0.22896488622457412,-0.021035113775425884,4.424760115451118e-4,0.25460681350729975,0.004606813507299745,2.122273069103938e-5,0.21929824561403286,-0.030701754385967145,9.425977223762528e-4,-0.4,1.161834242728283
