true_params,bivpois_eta,bivpois_estimated_ha,bivpois_eta_bias,bivpois_eta_mse,lm_eta,lm_eta_bias,lm_eta_mse,team_strength_correlation,lambda3
0.023198870615908192,0.07586372480694592,0.07881554834240556,0.055616677726497366,0.0030932148413330683,-0.3918128654970777,-0.4150117361129859,0.17223474111151466,-0.5,0.2
