true_params,bivpois_eta,bivpois_estimated_ha,bivpois_eta_bias,bivpois_eta_mse,lm_eta,lm_eta_bias,lm_eta_mse,team_strength_correlation,lambda3
0.36687002949688646,0.3061820034371992,0.358229486488457,-0.00864054300842948,7.465898348051957e-5,0.25146198830409255,-0.11540804119279391,0.013319015971957615,-0.5,0.2
