method,true_params,bivpois_eta,bivpois_estimated_ha,bivpois_bias,bivpois_mse,pc_eta,pc_bias,pc_mse,lm_eta,lm_bias,lm_mse,team_strength_correlation,mu
bivpois,0.25,0.1913776526744589,0.23393864271714926,-0.01606135728285074,2.5796719776738255e-4,0.2617231776870496,0.011723177687049613,1.374328950821379e-4,0.7602339181286437,0.5102339181286437,0.2603386512089075,-0.4,1.161834242728283
