true_params,bivpois_eta,bivpois_estimated_ha,bivpois_eta_bias,bivpois_eta_mse,lm_eta,lm_eta_bias,lm_eta_mse,team_strength_correlation,lambda3
0.13148516549457454,0.11275169014253397,0.11935395181705699,-0.012131213677517544,1.4716634528958873e-4,-0.38596491228069146,-0.517450077775266,0.2677545829896288,-0.5,0.2
