method,true_params,bivpois_eta,bivpois_estimated_ha,bivpois_bias,bivpois_mse,pc_eta,pc_bias,pc_mse,lm_eta,lm_bias,lm_mse,team_strength_correlation,mu
bivpois,0,0.020291531338658936,0.022991741648923147,0.022991741648923147,5.286201840508272e-4,0.025295340235402922,0.025295340235402922,6.39854237624794e-4,-0.25146198830409694,-0.25146198830409694,0.06323313156184979,-0.4,1
