true_params,bivpois_eta,bivpois_estimated_ha,bivpois_eta_bias,bivpois_eta_mse,lm_eta,lm_eta_bias,lm_eta_mse,team_strength_correlation,lambda3
0.1476563047075543,0.0845209104260121,0.08819559862765303,-0.05946070607990128,0.003535575567520409,-0.17836257309939796,-0.32601887780695227,0.10628830868650448,-0.5,0.2
