method,true_params,bivpois_eta,bivpois_estimated_ha,bivpois_bias,bivpois_mse,pc_eta,pc_bias,pc_mse,lm_eta,lm_bias,lm_mse,team_strength_correlation,mu
bivpois,0.25,0.2261942013085108,0.29022851040006614,0.04022851040006614,0.0016183330490082298,0.34498119135857824,0.09498119135857824,0.009021426711894858,1.061403508771917,0.8114035087719169,0.6583756540473783,-0.4,1.161834242728283
