method,true_params,bivpois_eta,bivpois_estimated_ha,bivpois_bias,bivpois_mse,pc_eta,pc_bias,pc_mse,lm_eta,lm_bias,lm_mse,team_strength_correlation,mu
bivpois,0.25,0.15539272544879468,0.20386249947924484,-0.04613750052075516,0.0021286689543026827,0.22141574425607546,-0.028584255743924536,8.170596764340829e-4,-1.5263157894736794,-1.7763157894736794,3.155297783933501,-0.4,1.161834242728283
