true_params,bivpois_eta,bivpois_estimated_ha,bivpois_eta_bias,bivpois_eta_mse,lm_eta,lm_eta_bias,lm_eta_mse,team_strength_correlation,lambda3
0.39224843256478886,0.35230841576595173,0.4223471303581581,0.03009869779336921,9.059316088565686e-4,0.5730994152046783,0.18085098263988947,0.0327070779218136,-0.5,0.2
