true_params,bivpois_eta,bivpois_estimated_ha,bivpois_eta_bias,bivpois_eta_mse,lm_eta,lm_eta_bias,lm_eta_mse,team_strength_correlation,lambda3
0.4267735073112691,0.4417679723463741,0.5554547900352369,0.12868128272396778,0.01655887252348573,0.5350877192982454,0.10831421198697627,0.011731968518359634,-0.5,0.2
