method,true_params,bivpois_eta,bivpois_estimated_ha,bivpois_bias,bivpois_mse,pc_eta,pc_bias,pc_mse,lm_eta,lm_bias,lm_mse,team_strength_correlation,mu
bivpois,0.25,0.2042898205031315,0.2575915321226854,0.007591532122685374,5.7631359969763894e-5,0.2910616034534725,0.041061603453472484,0.0016860552781702235,0.2309941520467721,-0.019005847953227906,3.612222564212174e-4,-0.4,1.161834242728283
