method,true_params,bivpois_eta,bivpois_estimated_ha,bivpois_bias,bivpois_mse,pc_eta,pc_bias,pc_mse,lm_eta,lm_bias,lm_mse,team_strength_correlation,mu
bivpois,0.25,0.3021497350395544,0.3344804953222146,0.08448049532221458,0.007136954089886719,0.3818355382530665,0.1318355382530665,0.017380609146475757,0.5730994152046762,0.3230994152046762,0.10439323210560376,-0.4,1.161834242728283
