method,true_params,bivpois_eta,bivpois_estimated_ha,bivpois_bias,bivpois_mse,pc_eta,pc_bias,pc_mse,lm_eta,lm_bias,lm_mse,team_strength_correlation,mu
bivpois,0.25,0.20790416336965853,0.2646743719006388,0.014674371900638805,2.1533719067825773e-4,0.28997039285425025,0.03997039285425025,0.0015976323049230992,0.7894736842105257,0.5394736842105257,0.291031855955678,-0.4,1.161834242728283
