true_params,bivpois_eta,bivpois_estimated_ha,bivpois_eta_bias,bivpois_eta_mse,lm_eta,lm_eta_bias,lm_eta_mse,team_strength_correlation,lambda3
0.3276515339192072,0.23466854141100246,0.2644895733339925,-0.06316196058521473,0.003989433264968219,-0.3362573099415247,-0.6639088438607319,0.4407749529564937,-0.5,0.2
