true_params,bivpois_eta,bivpois_estimated_ha,bivpois_eta_bias,bivpois_eta_mse,lm_eta,lm_eta_bias,lm_eta_mse,team_strength_correlation,lambda3
0.2522941198847422,0.1848817331382719,0.20307614767321502,-0.04921797221152718,0.002422408788614662,0.043859649122802574,-0.20843447076193963,0.04344492860180987,-0.5,0.2
