method,true_params,bivpois_eta,bivpois_estimated_ha,bivpois_bias,bivpois_mse,pc_eta,pc_bias,pc_mse,lm_eta,lm_bias,lm_mse,team_strength_correlation,mu
bivpois,0.25,0.13055321636642445,0.15145225788279726,-0.09854774211720274,0.009711657476398695,0.17375611196065466,-0.07624388803934534,0.005813130463356228,-0.9122807017543915,-1.1622807017543915,1.3508964296706807,-0.4,1.161834242728283
