method,true_params,bivpois_eta,bivpois_estimated_ha,bivpois_bias,bivpois_mse,pc_eta,pc_bias,pc_mse,lm_eta,lm_bias,lm_mse,team_strength_correlation,mu
bivpois,0.25,0.20441330854039477,0.31181878317478096,0.061818783174780956,0.003821561953210581,0.33538604161489055,0.08538604161489055,0.007290776102659821,0.9619883040935676,0.7119883040935676,0.5069273451660345,-0.4,1.161834242728283
