true_params,bivpois_eta,bivpois_estimated_ha,bivpois_eta_bias,bivpois_eta_mse,lm_eta,lm_eta_bias,lm_eta_mse,team_strength_correlation,lambda3
0.5753817704984552,0.5279801785154838,0.6955042318578644,0.12012246135940918,0.014429405723042752,0.020467836257303283,-0.5549139342411519,0.3079294744149934,-0.5,0.2
