true_params,bivpois_eta,bivpois_estimated_ha,bivpois_eta_bias,bivpois_eta_mse,lm_eta,lm_eta_bias,lm_eta_mse,team_strength_correlation,lambda3
0.1922042273104388,0.14132023769562205,0.15179343660755484,-0.04041079070288395,0.0016330320052322918,0.30409356725145603,0.11188933994101724,0.012519224392436516,-0.5,0.2
