method,true_params,bivpois_eta,bivpois_estimated_ha,bivpois_bias,bivpois_mse,pc_eta,pc_bias,pc_mse,lm_eta,lm_bias,lm_mse,team_strength_correlation,mu
bivpois,0.25,0.25720291268099693,0.36599605791392364,0.11599605791392364,0.013455085451570328,0.4083312543429442,0.1583312543429442,0.025068786101810087,1.0409356725146277,0.7909356725146277,0.6255792380561664,-0.4,1.161834242728283
