method,true_params,bivpois_eta,bivpois_estimated_ha,bivpois_bias,bivpois_mse,pc_eta,pc_bias,pc_mse,lm_eta,lm_bias,lm_mse,team_strength_correlation,mu
bivpois,0.25,0.1422163893863345,0.17122181564088512,-0.07877818435911488,0.006206002330918692,0.18668435318595414,-0.06331564681404586,0.004008871131480996,-0.37426900584795875,-0.6242690058479587,0.3897117916623988,-0.4,1.161834242728283
