method,true_params,bivpois_eta,bivpois_estimated_ha,bivpois_bias,bivpois_mse,pc_eta,pc_bias,pc_mse,lm_eta,lm_bias,lm_mse,team_strength_correlation,mu
bivpois,0.25,0.23557426522838687,0.23226452907582784,-0.01773547092417216,3.1454692890215606e-4,0.2634080986106504,0.013408098610650399,1.7977710835292515e-4,0.6520467836257364,0.4020467836257364,0.16164161622379972,-0.4,1.161834242728283
