method,true_params,bivpois_eta,bivpois_estimated_ha,bivpois_bias,bivpois_mse,pc_eta,pc_bias,pc_mse,lm_eta,lm_bias,lm_mse,team_strength_correlation
bivpois,0.8497730786912143,0.5989768799452858,0.8202555074524813,-0.029517571238732998,8.712870118336775e-4,0.9600846580661478,0.11031157937493352,0.012168644544192258,0.494152046783627,-0.3556210319075873,0.12646631833501723,-0.5
