method,true_params,bivpois_eta,bivpois_estimated_ha,bivpois_bias,bivpois_mse,pc_eta,pc_bias,pc_mse,lm_eta,lm_bias,lm_mse,team_strength_correlation,mu
bivpois,0.25,0.2688376155195191,0.35414281591800467,0.10414281591800467,0.010845726107331408,0.38871981658230725,0.13871981658230725,0.019243187512628965,-0.4356725146198889,-0.6856725146198889,0.47014679730516173,-0.4,1.161834242728283
