method,true_params,bivpois_eta,bivpois_estimated_ha,bivpois_bias,bivpois_mse,pc_eta,pc_bias,pc_mse,lm_eta,lm_bias,lm_mse,team_strength_correlation,mu
bivpois,0.25,0.23812343942062203,0.33502720057819224,0.08502720057819224,0.007229624838164135,0.3762352867872445,0.1262352867872445,0.015935347630257866,-0.6959064327485385,-0.9459064327485385,0.8947389795150653,-0.4,1.161834242728283
