true_params,bivpois_eta,bivpois_estimated_ha,bivpois_eta_bias,bivpois_eta_mse,lm_eta,lm_eta_bias,lm_eta_mse,team_strength_correlation,lambda3
0.05375017009974693,0.07925165882405324,0.08247670260943774,0.028726532509690803,8.252136700303226e-4,0.05555555555556746,0.0018053854558205268,3.2594166440882912e-6,-0.5,0.2
