method,true_params,bivpois_eta,bivpois_estimated_ha,bivpois_bias,bivpois_mse,pc_eta,pc_bias,pc_mse,lm_eta,lm_bias,lm_mse,team_strength_correlation,mu
bivpois,0.25,0.24355365308508015,0.2935485533357498,0.04354855333574981,0.0018964764976366457,0.3471708575609007,0.09717085756090071,0.009442175559120856,1.5029239766081979,1.2529239766081979,1.5698184911597,-0.4,1.161834242728283
