method,true_params,bivpois_eta,bivpois_estimated_ha,bivpois_bias,bivpois_mse,pc_eta,pc_bias,pc_mse,lm_eta,lm_bias,lm_mse,team_strength_correlation,mu
bivpois,0.25,0.09118736657079042,0.10876719067668161,-0.1412328093233184,0.01994670642935681,0.11850209834861407,-0.13149790165138592,0.017291698138717563,-0.020467836257319173,-0.2704678362573192,0.07315285044971602,-0.4,1.161834242728283
