method,true_params,bivpois_eta,bivpois_estimated_ha,bivpois_bias,bivpois_mse,pc_eta,pc_bias,pc_mse,lm_eta,lm_bias,lm_mse,team_strength_correlation,mu
bivpois,0.25,0.17721205344622806,0.2240575960999407,-0.025942403900059308,6.730083201138124e-4,0.2605156560363891,0.010515656036389098,1.1057902187564648e-4,0.09941520467835947,-0.15058479532164054,0.022675780582060375,-0.4,1.161834242728283
