method,true_params,bivpois_eta,bivpois_estimated_ha,bivpois_bias,bivpois_mse,pc_eta,pc_bias,pc_mse,lm_eta,lm_bias,lm_mse,team_strength_correlation,mu
bivpois,0.25,0.18050377264382167,0.2106626359057302,-0.0393373640942698,0.0015474282138851468,0.2230031411207549,-0.026996858879245106,7.288303893458753e-4,0.1959064327485446,-0.05409356725145539,0.0029261140179877273,-0.4,1.161834242728283
