method,true_params,bivpois_eta,bivpois_estimated_ha,bivpois_bias,bivpois_mse,pc_eta,pc_bias,pc_mse,lm_eta,lm_bias,lm_mse,team_strength_correlation,mu
bivpois,0.25,0.07047615623901522,0.07038984859879083,-0.17961015140120917,0.03225980648636528,0.08088125020916186,-0.16911874979083813,0.02860115153081611,0.520467836257322,0.27046783625732196,0.07315285044971752,0,1.161834242728283
