true_params,bivpois_eta,bivpois_estimated_ha,bivpois_eta_bias,bivpois_eta_mse,lm_eta,lm_eta_bias,lm_eta_mse,team_strength_correlation,lambda3
0.2056010350244944,0.2486724753085305,0.2823219721751078,0.0767209371506134,0.005886102197268372,0.2982456140350811,0.0926445790105867,0.008583018020048842,0,0.2
