method,true_params,bivpois_eta,bivpois_estimated_ha,bivpois_bias,bivpois_mse,pc_eta,pc_bias,pc_mse,lm_eta,lm_bias,lm_mse,team_strength_correlation,mu
bivpois,0.25,0.16136759019274058,0.2302246656579774,-0.01977533434202261,3.910638483387788e-4,0.2587718460266539,0.008771846026653873,7.694528271532335e-5,0.599415204678364,0.34941520467836396,0.12209098526042297,0,1.161834242728283
