method,true_params,bivpois_eta,bivpois_estimated_ha,bivpois_bias,bivpois_mse,pc_eta,pc_bias,pc_mse,lm_eta,lm_bias,lm_mse,team_strength_correlation,mu
bivpois,0.25,0.21558432558345197,0.24241848858480664,-0.007581511415193365,5.74793153387073e-5,0.2755459742026754,0.025545974202675403,6.525967979637572e-4,-0.2543859649122853,-0.5043859649122853,0.25440520160049707,0,1.161834242728283
