true_params,bivpois_eta,bivpois_estimated_ha,bivpois_eta_bias,bivpois_eta_mse,lm_eta,lm_eta_bias,lm_eta_mse,team_strength_correlation,lambda3
0.3456520049502825,0.1913990393666282,0.2109425694393987,-0.13470943551088377,0.018146632015660955,0.1754385964912187,-0.17021340845906377,0.02897260441925208,0,0.2
