method,true_params,bivpois_eta,bivpois_estimated_ha,bivpois_bias,bivpois_mse,pc_eta,pc_bias,pc_mse,lm_eta,lm_bias,lm_mse,team_strength_correlation,mu
bivpois,0.25,0.22404291581031566,0.283829870147682,0.03382987014768202,0.001144460114209027,0.3251419575604186,0.07514195756041858,0.005646313786011747,0.8596491228070221,0.6096491228070221,0.3716720529393715,0,1.161834242728283
