method,true_params,bivpois_eta,bivpois_estimated_ha,bivpois_bias,bivpois_mse,pc_eta,pc_bias,pc_mse,lm_eta,lm_bias,lm_mse,team_strength_correlation,mu
bivpois,0.25,0.21205434190263645,0.24644834684841,-0.0035516531515900063,1.2614240109199225e-5,0.26551977687408296,0.015519776874082958,2.4086347422132019e-4,-0.020467836257308174,-0.2704678362573082,0.07315285044971008,0,1.161834242728283
