method,true_params,bivpois_eta,bivpois_estimated_ha,bivpois_bias,bivpois_mse,pc_eta,pc_bias,pc_mse,lm_eta,lm_bias,lm_mse,team_strength_correlation,mu
bivpois,0.25,0.2556389102706462,0.30766340431127315,0.05766340431127315,0.0033250681967653545,0.3269256699689351,0.07692566996893507,0.005917558700169519,0.5263157894736866,0.2763157894736866,0.07635041551246671,0,1.161834242728283
