true_params,bivpois_eta,bivpois_estimated_ha,bivpois_eta_bias,bivpois_eta_mse,lm_eta,lm_eta_bias,lm_eta_mse,team_strength_correlation,lambda3
0.42111351821868914,0.3133837440269771,0.36804640995003424,-0.053067108268654906,0.002816117979997142,0.13742690058478904,-0.28368661763390013,0.08047809702456266,0,0.2
