true_params,bivpois_eta,bivpois_estimated_ha,bivpois_eta_bias,bivpois_eta_mse,lm_eta,lm_eta_bias,lm_eta_mse,team_strength_correlation,lambda3
0.5390071648741103,0.39130309592605933,0.47890669608315006,-0.060100468790960204,0.0036120663488931814,0.011695906432756776,-0.5273112584413535,0.2780571632790039,0,0.2
