method,true_params,bivpois_eta,bivpois_estimated_ha,bivpois_bias,bivpois_mse,pc_eta,pc_bias,pc_mse,lm_eta,lm_bias,lm_mse,team_strength_correlation,mu
bivpois,0.25,0.21447345908797885,0.27858040943756257,0.02858040943756257,8.168398036187156e-4,0.31584630423208965,0.06584630423208965,0.004335735781024907,0.5877192982456135,0.33771929824561353,0.11405432440750966,0,1.161834242728283
