true_params,bivpois_eta,bivpois_estimated_ha,bivpois_eta_bias,bivpois_eta_mse,lm_eta,lm_eta_bias,lm_eta_mse,team_strength_correlation,lambda3
0.4662903416783758,0.3892134908648983,0.4758195917038044,0.009529250025428593,9.080660604713084e-5,0.5263157894736931,0.060025447795317266,0.0036030543830283582,0,0.2
