method,true_params,bivpois_eta,bivpois_estimated_ha,bivpois_bias,bivpois_mse,pc_eta,pc_bias,pc_mse,lm_eta,lm_bias,lm_mse,team_strength_correlation,mu
bivpois,0.25,0.13227060738097454,0.15021248687860678,-0.09978751312139322,0.009957547774952225,0.1674766062477162,-0.08252339375228379,0.006810110516394472,0.14912280701755615,-0.10087719298244385,0.01017620806401722,0,1.161834242728283
