method,true_params,bivpois_eta,bivpois_estimated_ha,bivpois_bias,bivpois_mse,pc_eta,pc_bias,pc_mse,lm_eta,lm_bias,lm_mse,team_strength_correlation,mu
bivpois,0.25,0.18326664349404623,0.22979484551487683,-0.020205154485123167,4.0824826776769284e-4,0.2465740985165641,-0.0034259014834359114,1.1736800974208379e-5,-0.16374269005846753,-0.41374269005846753,0.17118301357681712,0,1.161834242728283
