true_params,bivpois_eta,bivpois_estimated_ha,bivpois_eta_bias,bivpois_eta_mse,lm_eta,lm_eta_bias,lm_eta_mse,team_strength_correlation,lambda3
0.6362751736333614,0.6103608552791557,0.841095648009524,0.20482047437616258,0.04195142672367627,1.9502923976608324,1.314017224027471,1.726641265040861,0,0.2
