method,true_params,bivpois_eta,bivpois_estimated_ha,bivpois_bias,bivpois_mse,pc_eta,pc_bias,pc_mse,lm_eta,lm_bias,lm_mse,team_strength_correlation,mu
bivpois,0.25,0.1596267272187177,0.1757749678716456,-0.0742250321283544,0.005509355394455244,0.19940914985893068,-0.050590850141069316,0.002559434117996133,0.44444444444445047,0.19444444444445047,0.03780864197531099,0,1.161834242728283
