method,true_params,bivpois_eta,bivpois_estimated_ha,bivpois_bias,bivpois_mse,pc_eta,pc_bias,pc_mse,lm_eta,lm_bias,lm_mse,team_strength_correlation,mu
bivpois,0.25,0.15536781731547492,0.17897256949548757,-0.07102743050451243,0.005044895884073344,0.2104882337865326,-0.039511766213467386,0.0015611796693077028,-0.008771929824556775,-0.25877192982455677,0.06696291166512533,0,1.161834242728283
