true_params,bivpois_eta,bivpois_estimated_ha,bivpois_eta_bias,bivpois_eta_mse,lm_eta,lm_eta_bias,lm_eta_mse,team_strength_correlation,lambda3
0.6191909520298259,0.5160883018735227,0.6754609172038135,0.056269965173987635,0.0031663089806817815,1.251461988304092,0.6322710362742662,0.3997666633113344,0,0.2
