method,true_params,bivpois_eta,bivpois_estimated_ha,bivpois_bias,bivpois_mse,pc_eta,pc_bias,pc_mse,lm_eta,lm_bias,lm_mse,team_strength_correlation,mu
bivpois,0.25,0.20827266887317056,0.2551025473320332,0.0051025473320331916,2.6035989275639042e-5,0.27252125264923577,0.022521252649235768,5.072068208907091e-4,-0.3625730994152011,-0.6125730994152011,0.37524580212714587,0,1.161834242728283
