true_params,bivpois_eta,bivpois_estimated_ha,bivpois_eta_bias,bivpois_eta_mse,lm_eta,lm_eta_bias,lm_eta_mse,team_strength_correlation,lambda3
0.4902297491067538,0.35370662339512376,0.42433725794872346,-0.06589249115803036,0.0043418203910111095,0.1374269005847897,-0.3528028485219641,0.12446984992521194,0,0.2
