method,true_params,bivpois_eta,bivpois_estimated_ha,bivpois_bias,bivpois_mse,pc_eta,pc_bias,pc_mse,lm_eta,lm_bias,lm_mse,team_strength_correlation,mu
bivpois,0,0.008007142825555928,0.00855941630095125,0.00855941630095125,7.326360741298999e-5,0.011754719822096318,0.011754719822096318,1.381734380959841e-4,0.7660818713450342,0.7660818713450342,0.5868814336035096,-0.4,1
