method,true_params,bivpois_eta,bivpois_estimated_ha,bivpois_bias,bivpois_mse,pc_eta,pc_bias,pc_mse,lm_eta,lm_bias,lm_mse,team_strength_correlation,mu
bivpois,0.25,0.09247531946765286,0.10271137415317355,-0.14728862584682645,0.021693939303846433,0.11442825666647803,-0.13557174333352195,0.018379697590490355,0.7046783625731117,0.45467836257311167,0.206732413392166,0,1.161834242728283
