method,true_params,bivpois_eta,bivpois_estimated_ha,bivpois_bias,bivpois_mse,pc_eta,pc_bias,pc_mse,lm_eta,lm_bias,lm_mse,team_strength_correlation,mu
bivpois,0.25,0.2786381725548358,0.3924070279494156,0.14240702794941562,0.020279761609385643,0.4271906282761109,0.17719062827611087,0.031396518748882905,1.6929824561403504,1.4429824561403504,2.082198368728838,0,1.161834242728283
