method,true_params,bivpois_eta,bivpois_estimated_ha,bivpois_bias,bivpois_mse,pc_eta,pc_bias,pc_mse,lm_eta,lm_bias,lm_mse,team_strength_correlation,mu
bivpois,0.25,0.2683557298508321,0.43248227791174565,0.18248227791174565,0.033299781751859575,0.46667555489299756,0.21667555489299756,0.046948296088188395,0.3684210526315798,0.11842105263157982,0.014023545706371397,0,1.161834242728283
