method,true_params,bivpois_eta,bivpois_estimated_ha,bivpois_bias,bivpois_mse,pc_eta,pc_bias,pc_mse,lm_eta,lm_bias,lm_mse,team_strength_correlation,mu
bivpois,0.25,0.21355624001416598,0.24656590294124792,-0.0034340970587520836,1.1793022608929711e-5,0.2685986929197772,0.018598692919777227,3.4591137832417154e-4,0.1461988304093556,-0.1038011695906444,0.010774682808385718,0,1.161834242728283
