true_params,bivpois_eta,bivpois_estimated_ha,bivpois_eta_bias,bivpois_eta_mse,lm_eta,lm_eta_bias,lm_eta_mse,team_strength_correlation,lambda3
0.6626841113954745,0.6285787265318473,0.8749438766702331,0.21225976527475865,0.04505420795449564,0.8128654970760244,0.15018138568054995,0.022554448604930093,0,0.2
