true_params,bivpois_eta,bivpois_estimated_ha,bivpois_eta_bias,bivpois_eta_mse,lm_eta,lm_eta_bias,lm_eta_mse,team_strength_correlation,lambda3
0.04166852258627802,0.03663006640956921,0.03730921432903034,-0.004359308257247681,1.900356848170781e-5,0.8362573099415191,0.7945887873552411,0.6313713409906725,0,0.2
