method,true_params,bivpois_eta,bivpois_estimated_ha,bivpois_bias,bivpois_mse,pc_eta,pc_bias,pc_mse,lm_eta,lm_bias,lm_mse,team_strength_correlation,mu
bivpois,0.25,0.2875577426956965,0.39723996038181086,0.14723996038181086,0.02167960593323723,0.47841192623835427,0.22841192623835427,0.05217200804791539,-0.2573099415204665,-0.5073099415204665,0.25736337676549914,0,1.161834242728283
