method,true_params,bivpois_eta,bivpois_estimated_ha,bivpois_bias,bivpois_mse,pc_eta,pc_bias,pc_mse,lm_eta,lm_bias,lm_mse,team_strength_correlation,mu
bivpois,0.25,0.20136208745105572,0.3168968823037581,0.06689688230375812,0.004475192861962867,0.3560751628185383,0.1060751628185383,0.011251940166979408,1.5467836257310064,1.2967836257310064,1.6816477719640548,0,1.161834242728283
