method,true_params,bivpois_eta,bivpois_estimated_ha,bivpois_bias,bivpois_mse,pc_eta,pc_bias,pc_mse,lm_eta,lm_bias,lm_mse,team_strength_correlation,mu
bivpois,0.25,0.19419289852075816,0.2593256132579571,0.00932561325795711,8.696706263698544e-5,0.2970224696461889,0.04702246964618889,0.0022111126516267555,-1.2192982456140355,-1.4692982456140355,2.158837334564483,0,1.161834242728283
