true_params,bivpois_eta,bivpois_estimated_ha,bivpois_eta_bias,bivpois_eta_mse,lm_eta,lm_eta_bias,lm_eta_mse,team_strength_correlation,lambda3
0.5332240783603325,0.4692696085366038,0.5988259977890682,0.06560191942873572,0.0043036118327343335,1.3508771929824626,0.8176531146221301,0.6685566158512702,0,0.2
