method,true_params,bivpois_eta,bivpois_estimated_ha,bivpois_bias,bivpois_mse,pc_eta,pc_bias,pc_mse,lm_eta,lm_bias,lm_mse,team_strength_correlation,mu
bivpois,0.25,0.3576574444255493,0.45505919102775616,0.20505919102775616,0.042049271824957796,0.4934387206493663,0.24343872064936628,0.05926241071140019,0.8947368421052734,0.6447368421052734,0.4156855955678802,0,1.161834242728283
