method,true_params,bivpois_eta,bivpois_estimated_ha,bivpois_bias,bivpois_mse,pc_eta,pc_bias,pc_mse,lm_eta,lm_bias,lm_mse,team_strength_correlation,mu
bivpois,0.25,0.24964073212086524,0.2695019846909039,0.019501984690903917,3.8032740688425076e-4,0.30433622033744534,0.05433622033744534,0.0029524248405594085,-0.22807017543860897,-0.47807017543860897,0.22855109264390236,0,1.161834242728283
