method,true_params,bivpois_eta,bivpois_estimated_ha,bivpois_bias,bivpois_mse,pc_eta,pc_bias,pc_mse,lm_eta,lm_bias,lm_mse,team_strength_correlation,mu
bivpois,0.25,0.17683225431854302,0.2220324721795086,-0.02796752782049139,7.821826123899598e-4,0.2564379473785917,0.006437947378591713,4.144716644951591e-5,0.5497076023391743,0.29970760233917426,0.08982464689989661,0,1.161834242728283
