method,true_params,bivpois_eta,bivpois_estimated_ha,bivpois_bias,bivpois_mse,pc_eta,pc_bias,pc_mse,lm_eta,lm_bias,lm_mse,team_strength_correlation,mu
bivpois,0.25,0.0933979505351213,0.10129759947360739,-0.1487024005263926,0.022112403922311688,0.10524809053100187,-0.14475190946899813,0.02095311529492103,0.2163742690058536,-0.0336257309941464,0.0011306897848906976,0,1.161834242728283
