true_params,bivpois_eta,bivpois_estimated_ha,bivpois_eta_bias,bivpois_eta_mse,lm_eta,lm_eta_bias,lm_eta_mse,team_strength_correlation,lambda3
0.4730178052461639,0.42626530579416694,0.5315270442368503,0.058509238990686385,0.003423331047269256,1.0584795321637497,0.5854617269175858,0.3427654336853218,0,0.2
