true_params,bivpois_eta,bivpois_estimated_ha,bivpois_eta_bias,bivpois_eta_mse,lm_eta,lm_eta_bias,lm_eta_mse,team_strength_correlation,lambda3
0.5235051919782578,0.47871841175136254,0.614004586838937,0.09049939486067915,0.00819014047014912,1.8274853801169577,1.3039801881386999,1.700364331058239,0,0.2
