method,true_params,bivpois_eta,bivpois_estimated_ha,bivpois_bias,bivpois_mse,pc_eta,pc_bias,pc_mse,lm_eta,lm_bias,lm_mse,team_strength_correlation,mu
bivpois,0.25,0.277363383077532,0.3211627516867981,0.07116275168679809,0.005064137227636884,0.34844475417100823,0.09844475417100823,0.009691369623790242,0.2777777777777691,0.027777777777769075,7.716049382711214e-4,0,1.161834242728283
