true_params,bivpois_eta,bivpois_estimated_ha,bivpois_eta_bias,bivpois_eta_mse,lm_eta,lm_eta_bias,lm_eta_mse,team_strength_correlation,lambda3
0.49501968112945094,0.4278563628640724,0.5339657306985492,0.03894604956909831,0.0015167947770386625,0.7076023391812939,0.21258265805184295,0.04519138650438679,0,0.2
