method,true_params,bivpois_eta,bivpois_estimated_ha,bivpois_bias,bivpois_mse,pc_eta,pc_bias,pc_mse,lm_eta,lm_bias,lm_mse,team_strength_correlation
bivpois,0.8959870093967766,0.7292249623581015,1.0734729651654047,0.17748595576862813,0.031501264495103425,1.164309559312246,0.26832254991546933,0.07199699079313954,0.7660818713450452,-0.12990513805173132,0.016875344892239373,-0.5
