method,true_params,bivpois_eta,bivpois_estimated_ha,bivpois_bias,bivpois_mse,pc_eta,pc_bias,pc_mse,lm_eta,lm_bias,lm_mse,team_strength_correlation,mu
bivpois,0.25,0.2174715719712339,0.2777220299593315,0.027722029959331485,7.685109450660724e-4,0.3057921892787911,0.05579218927879109,0.0031127683845204516,0.7719298245614038,0.5219298245614038,0.2724107417666978,0,1.161834242728283
