method,true_params,bivpois_eta,bivpois_estimated_ha,bivpois_bias,bivpois_mse,pc_eta,pc_bias,pc_mse,lm_eta,lm_bias,lm_mse,team_strength_correlation,mu
bivpois,0.25,0.19507139115837308,0.2632674209600907,0.013267420960090703,1.7602445893225412e-4,0.30264166777007934,0.05264166777007934,0.00277114518561541,1.44444444444445,1.19444444444445,1.4266975308642107,0,1.161834242728283
