method,true_params,bivpois_eta,bivpois_estimated_ha,bivpois_bias,bivpois_mse,pc_eta,pc_bias,pc_mse,lm_eta,lm_bias,lm_mse,team_strength_correlation,mu
bivpois,0.25,0.24373596436724368,0.3071863939668342,0.057186393966834226,0.003270283654929974,0.32652513045893833,0.07652513045893833,0.0058560955917575305,0.4152046783625762,0.16520467836257618,0.027292585752882247,0,1.161834242728283
