method,true_params,bivpois_eta,bivpois_estimated_ha,bivpois_bias,bivpois_mse,pc_eta,pc_bias,pc_mse,lm_eta,lm_bias,lm_mse,team_strength_correlation,mu
bivpois,0.25,0.3477901061343861,0.48628537886390855,0.23628537886390855,0.055830780264860796,0.563146010930227,0.313146010930227,0.09806042416151384,0.3742690058479488,0.12426900584794881,0.015442785814437535,0,1.161834242728283
