method,true_params,bivpois_eta,bivpois_estimated_ha,bivpois_bias,bivpois_mse,pc_eta,pc_bias,pc_mse,lm_eta,lm_bias,lm_mse,team_strength_correlation,mu
bivpois,0.25,0.28419499951286364,0.45265375199970137,0.20265375199970137,0.04106854319955647,0.5020035285018891,0.2520035285018891,0.06350577837740244,1.1695906432748597,0.9195906432748597,0.8456469511986703,0,1.161834242728283
