method,true_params,bivpois_eta,bivpois_estimated_ha,bivpois_bias,bivpois_mse,pc_eta,pc_bias,pc_mse,lm_eta,lm_bias,lm_mse,team_strength_correlation,mu
bivpois,0.25,0.24982080048024788,0.31968629878885046,0.06968629878885046,0.0048561802388889415,0.3388374068886123,0.0888374068886123,0.00789208486269286,1.1842105263157845,0.9342105263157845,0.8727493074792151,0,1.161834242728283
