true_params,bivpois_eta,bivpois_estimated_ha,bivpois_eta_bias,bivpois_eta_mse,lm_eta,lm_eta_bias,lm_eta_mse,team_strength_correlation,lambda3
0.6232835983396061,0.39326925283572517,0.48181731913556747,-0.14146627920403865,0.020012708151835017,1.102339181286558,0.47905558294695183,0.22949425155264386,0,0.2
