method,true_params,bivpois_eta,bivpois_estimated_ha,bivpois_bias,bivpois_mse,pc_eta,pc_bias,pc_mse,lm_eta,lm_bias,lm_mse,team_strength_correlation,mu
bivpois,0.25,0.1985513614930734,0.21910125141347592,-0.030898748586524083,9.54732664213224e-4,0.2422737561981924,-0.007726243801807586,5.969484328497015e-5,1.3947368421052575,1.1447368421052575,1.3104224376731173,0,1.161834242728283
