method,true_params,bivpois_eta,bivpois_estimated_ha,bivpois_bias,bivpois_mse,pc_eta,pc_bias,pc_mse,lm_eta,lm_bias,lm_mse,team_strength_correlation,mu
bivpois,0.25,0.2298969231105362,0.3235094798825482,0.07350947988254819,0.005403643632602757,0.3647954272700194,0.1147954272700194,0.013177990122106313,-0.7397660818713475,-0.9897660818713475,0.979636896822959,0,1.161834242728283
