true_params,bivpois_eta,bivpois_estimated_ha,bivpois_eta_bias,bivpois_eta_mse,lm_eta,lm_eta_bias,lm_eta_mse,team_strength_correlation,lambda3
0.41908707288492597,0.35988936636478924,0.43317084888826307,0.0140837760033371,1.9835274651217396e-4,0.24853801169589537,-0.1705490611890306,0.029086982272459705,0,0.2
