true_params,bivpois_eta,bivpois_estimated_ha,bivpois_eta_bias,bivpois_eta_mse,lm_eta,lm_eta_bias,lm_eta_mse,team_strength_correlation,lambda3
0.6688486423700457,0.4338887218074197,0.5432471288100458,-0.12560151355999993,0.015775740208562847,1.1228070175438731,0.4539583751738274,0.20607820639046145,0,0.2
