method,true_params,bivpois_eta,bivpois_estimated_ha,bivpois_bias,bivpois_mse,pc_eta,pc_bias,pc_mse,lm_eta,lm_bias,lm_mse,team_strength_correlation,mu
bivpois,0.25,0.208549259276078,0.3045689812839165,0.05456898128391652,0.0029777737183644313,0.3237511449593653,0.0737511449593653,0.0054392313828173135,0.41228070175438514,0.16228070175438514,0.0263350261618957,0,1.161834242728283
