method,true_params,bivpois_eta,bivpois_estimated_ha,bivpois_bias,bivpois_mse,pc_eta,pc_bias,pc_mse,lm_eta,lm_bias,lm_mse,team_strength_correlation,mu
bivpois,0.25,0.11818396121648496,0.1320688876892051,-0.1179311123107949,0.01390774725086132,0.1496837446740197,-0.10031625532598029,0.01006335108262727,-0.05263157894737875,-0.30263157894737874,0.09158587257618353,0,1.161834242728283
