true_params,bivpois_eta,bivpois_estimated_ha,bivpois_eta_bias,bivpois_eta_mse,lm_eta,lm_eta_bias,lm_eta_mse,team_strength_correlation,lambda3
0.4672922671705777,0.4289341406408366,0.5356198961246577,0.06832762895407996,0.004668664878486425,1.716374269005859,1.2490820018352813,1.5602058473088336,0,0.2
