method,true_params,bivpois_eta,bivpois_estimated_ha,bivpois_bias,bivpois_mse,pc_eta,pc_bias,pc_mse,lm_eta,lm_bias,lm_mse,team_strength_correlation,mu
bivpois,0.25,0.28185942960483773,0.4754643482758223,0.2254643482758223,0.05083417234344129,0.5287175336830431,0.2787175336830431,0.07768346358235825,2.0263157894736827,1.7763157894736827,3.155297783933513,0,1.161834242728283
