true_params,bivpois_eta,bivpois_estimated_ha,bivpois_eta_bias,bivpois_eta_mse,lm_eta,lm_eta_bias,lm_eta_mse,team_strength_correlation,lambda3
0.073315077999031,0.047696231401170124,0.048851998625969006,-0.024463079373061997,5.984422524127314e-4,-1.3538011695906453,-1.4271162475896764,2.0366607841344386,0,0.2
