true_params,bivpois_eta,bivpois_estimated_ha,bivpois_eta_bias,bivpois_eta_mse,lm_eta,lm_eta_bias,lm_eta_mse,team_strength_correlation,lambda3
0.6924981104997662,0.6596032794707041,0.9340249147986706,0.24152680429890439,0.05833519719484126,1.1637426900584822,0.471244579558716,0.22207145376347104,-0.5,0
