method,true_params,bivpois_eta,bivpois_estimated_ha,bivpois_bias,bivpois_mse,pc_eta,pc_bias,pc_mse,lm_eta,lm_bias,lm_mse,team_strength_correlation,mu
bivpois,0,0.05370113544819591,0.05021399747211297,0.05021399747211297,0.0025214455421293676,0.057679515291318526,0.057679515291318526,0.0033269264842414477,0.3801169590643319,0.3801169590643319,0.14448890256831498,-0.4,1
