method,true_params,bivpois_eta,bivpois_estimated_ha,bivpois_bias,bivpois_mse,pc_eta,pc_bias,pc_mse,lm_eta,lm_bias,lm_mse,team_strength_correlation,mu
bivpois,0.25,0.18607010979004748,0.214575128027926,-0.035424871972074,0.0012549215542378342,0.25384093072959313,0.0038409307295931283,1.47527488695328e-5,0.055555555555546934,-0.19444444444445308,0.037808641975312,0,1.161834242728283
