method,true_params,bivpois_eta,bivpois_estimated_ha,bivpois_bias,bivpois_mse,pc_eta,pc_bias,pc_mse,lm_eta,lm_bias,lm_mse,team_strength_correlation,mu
bivpois,0.25,0.18994785154809463,0.23710298017558595,-0.012897019824414047,1.6633312035132893e-4,0.2657983997872565,0.0157983997872565,2.4958943583798624e-4,0.040935672514605746,-0.20906432748539425,0.04370789302692017,0,1.161834242728283
