method,true_params,bivpois_eta,bivpois_estimated_ha,bivpois_bias,bivpois_mse,pc_eta,pc_bias,pc_mse,lm_eta,lm_bias,lm_mse,team_strength_correlation,mu
bivpois,0.25,0.2238522126251763,0.29058798360276117,0.04058798360276117,0.0016473844129380095,0.3112628665396163,0.06126286653961632,0.003753138816650841,0.5994152046783652,0.3494152046783652,0.12209098526042383,0,1.161834242728283
