method,true_params,bivpois_eta,bivpois_estimated_ha,bivpois_bias,bivpois_mse,pc_eta,pc_bias,pc_mse,lm_eta,lm_bias,lm_mse,team_strength_correlation,mu
bivpois,0.25,0.2081469935876859,0.29347439535281206,0.043474395352812056,0.0018900230512926065,0.3276023176298594,0.07760231762985942,0.00602211970152559,-0.7485380116959172,-0.9985380116959172,0.9970781608016356,0,1.161834242728283
