true_params,bivpois_eta,bivpois_estimated_ha,bivpois_eta_bias,bivpois_eta_mse,lm_eta,lm_eta_bias,lm_eta_mse,team_strength_correlation,lambda3
0.06566342352612947,0.1555336366603135,0.168281232485316,0.10261780895918654,0.010530414715584106,-0.1315789473684261,-0.19724237089455557,0.03890455287610542,0,0.2
