method,true_params,bivpois_eta,bivpois_estimated_ha,bivpois_bias,bivpois_mse,pc_eta,pc_bias,pc_mse,lm_eta,lm_bias,lm_mse,team_strength_correlation,mu
bivpois,0.25,0.17059166145997143,0.23115029199905535,-0.018849708000944654,3.553114917208769e-4,0.27510682862899166,0.025106828628991662,6.303528438055553e-4,-0.12865497076022886,-0.37865497076022886,0.14337958688142977,0,1.161834242728283
