true_params,bivpois_eta,bivpois_estimated_ha,bivpois_eta_bias,bivpois_eta_mse,lm_eta,lm_eta_bias,lm_eta_mse,team_strength_correlation,lambda3
0.5253892512089395,0.3860782747457305,0.47119982410003747,-0.054189427108902066,0.00293649401039101,0.30994152046783485,-0.21544773074110468,0.046417724681491544,0,0.2
