true_params,bivpois_eta,bivpois_estimated_ha,bivpois_eta_bias,bivpois_eta_mse,lm_eta,lm_eta_bias,lm_eta_mse,team_strength_correlation,lambda3
0.009471840390420273,0.03333464394449041,0.033896468548933134,0.02442462815851286,5.965624606816193e-4,-0.10526315789473162,-0.11473499828515189,0.013164119831493808,0,0.2
