method,true_params,bivpois_eta,bivpois_estimated_ha,bivpois_bias,bivpois_mse,pc_eta,pc_bias,pc_mse,lm_eta,lm_bias,lm_mse,team_strength_correlation,mu
bivpois,0.5,0.3553215378335056,0.4602817488051951,-0.03971825119480488,0.001577539477973619,0.5147537637129193,0.014753763712919254,2.1767354369665295e-4,0.48538011695905503,-0.01461988304094497,2.1374098013091035e-4,-0.8,1.161834242728283
