method,true_params,bivpois_eta,bivpois_estimated_ha,bivpois_bias,bivpois_mse,pc_eta,pc_bias,pc_mse,lm_eta,lm_bias,lm_mse,team_strength_correlation,mu
bivpois,0.5,0.38595797361399153,0.5381859816929526,0.03818598169295262,0.0014581691978545125,0.6239138667151277,0.12391386671512772,0.015354646364294436,0.5233918128655024,0.023391812865502404,5.471769091346838e-4,-0.8,1.161834242728283
