method,true_params,bivpois_eta,bivpois_estimated_ha,bivpois_bias,bivpois_mse,pc_eta,pc_bias,pc_mse,lm_eta,lm_bias,lm_mse,team_strength_correlation,mu
bivpois,0.5,0.32102083842948737,0.4444413158906826,-0.05555868410931741,0.003086767379958919,0.5163666535776016,0.016366653577601586,2.678673493292188e-4,1.4210526315789607,0.9210526315789607,0.8483379501385286,-0.8,1.161834242728283
