method,true_params,bivpois_eta,bivpois_estimated_ha,bivpois_bias,bivpois_mse,pc_eta,pc_bias,pc_mse,lm_eta,lm_bias,lm_mse,team_strength_correlation,mu
bivpois,0.5,0.4055815101837952,0.5826412112708688,0.08264121127086876,0.006829569800316367,0.6701807719223761,0.17018077192237613,0.028961495132095803,0.47368421052631526,-0.026315789473684736,6.925207756232963e-4,-0.8,1.161834242728283
