method,true_params,bivpois_eta,bivpois_estimated_ha,bivpois_bias,bivpois_mse,pc_eta,pc_bias,pc_mse,lm_eta,lm_bias,lm_mse,team_strength_correlation,mu
bivpois,0.5,0.30116816228188653,0.43444575695428345,-0.06555424304571655,0.004297358781296877,0.48346075345129913,-0.01653924654870087,2.735466763987136e-4,-0.20467836257308802,-0.704678362573088,0.4965715946786885,-0.8,1.161834242728283
