method,true_params,bivpois_eta,bivpois_estimated_ha,bivpois_bias,bivpois_mse,pc_eta,pc_bias,pc_mse,lm_eta,lm_bias,lm_mse,team_strength_correlation,mu
bivpois,0,0.030463301394578653,0.028289845192733365,0.028289845192733365,8.003153410288191e-4,0.02530687464378176,0.02530687464378176,6.404379042360842e-4,-0.8654970760233909,-0.8654970760233909,0.7490851886050393,-0.4,1
