method,true_params,bivpois_eta,bivpois_estimated_ha,bivpois_bias,bivpois_mse,pc_eta,pc_bias,pc_mse,lm_eta,lm_bias,lm_mse,team_strength_correlation,mu
bivpois,0.5,0.4064801690438531,0.6058403878700374,0.10584038787003736,0.01120218770447995,0.7623345067036741,0.2623345067036741,0.06881939340746003,0.5994152046783744,0.09941520467837439,0.009883382921243073,-0.8,1.161834242728283
