method,true_params,bivpois_eta,bivpois_estimated_ha,bivpois_bias,bivpois_mse,pc_eta,pc_bias,pc_mse,lm_eta,lm_bias,lm_mse,team_strength_correlation,mu
bivpois,0.5,0.3789062927636908,0.5113075650175523,0.011307565017552257,1.2786102662617156e-4,0.5517780801961237,0.05177808019612373,0.0026809695887962206,0.6637426900584835,0.16374269005848352,0.026811668547588596,-0.8,1.161834242728283
