method,true_params,bivpois_eta,bivpois_estimated_ha,bivpois_bias,bivpois_mse,pc_eta,pc_bias,pc_mse,lm_eta,lm_bias,lm_mse,team_strength_correlation,mu
bivpois,0.5,0.39277611383804206,0.49930623932927043,-6.937606707295707e-4,4.813038682511438e-7,0.5326371778595164,0.032637177859516364,0.001065185378633705,0.298245614035097,-0.20175438596490303,0.04070483225607506,-0.8,1.161834242728283
