method,true_params,bivpois_eta,bivpois_estimated_ha,bivpois_bias,bivpois_mse,pc_eta,pc_bias,pc_mse,lm_eta,lm_bias,lm_mse,team_strength_correlation,mu
bivpois,0.5,0.2902437734297993,0.45534609639381385,-0.04465390360618615,0.0019939711072705646,0.4874175672251181,-0.012582432774881913,1.5831761453442256e-4,0.5175438596491223,0.017543859649122306,3.0778701138810185e-4,-0.8,1.161834242728283
