method,true_params,bivpois_eta,bivpois_estimated_ha,bivpois_bias,bivpois_mse,pc_eta,pc_bias,pc_mse,lm_eta,lm_bias,lm_mse,team_strength_correlation,mu
bivpois,0.5,0.308658752990628,0.41180560451734594,-0.08819439548265406,0.007778251394550791,0.44772321022414724,-0.05227678977585276,0.002732862749268704,0.05263157894735132,-0.4473684210526487,0.20013850415513995,-0.8,1.161834242728283
