method,true_params,bivpois_eta,bivpois_estimated_ha,bivpois_bias,bivpois_mse,pc_eta,pc_bias,pc_mse,lm_eta,lm_bias,lm_mse,team_strength_correlation,mu
bivpois,0.5,0.39350753574931213,0.55006103901388,0.05006103901388004,0.0025061076271492193,0.5793251187236268,0.0793251187236268,0.006292474460517486,0.41228070175438175,-0.08771929824561825,0.007694675284703725,-0.8,1.161834242728283
