true_params,bivpois_eta,bivpois_estimated_ha,bivpois_eta_bias,bivpois_eta_mse,lm_eta,lm_eta_bias,lm_eta_mse,team_strength_correlation,lambda3
0.04151497567960592,-0.024072127981845888,-0.02378470522056486,-0.06529968090017078,0.004264048325664129,-0.1286549707602288,-0.17016994643983474,0.028957810671336223,0,0.2
