method,true_params,bivpois_eta,bivpois_estimated_ha,bivpois_bias,bivpois_mse,pc_eta,pc_bias,pc_mse,lm_eta,lm_bias,lm_mse,team_strength_correlation,mu
bivpois,0.5,0.3753646498641097,0.5320949579104424,0.03209495791044237,0.001030086323273067,0.5766379621456535,0.07663796214565355,0.005873377241838626,0.1403508771929762,-0.35964912280702377,0.12934749153586167,-0.8,1.161834242728283
