method,true_params,bivpois_eta,bivpois_estimated_ha,bivpois_bias,bivpois_mse,pc_eta,pc_bias,pc_mse,lm_eta,lm_bias,lm_mse,team_strength_correlation,mu
bivpois,0.5,0.34453717670516465,0.46086859893488175,-0.039131401065118254,0.001531266549319138,0.5101838332419197,0.010183833241919737,1.0371045949922947e-4,1.154970760233906,0.6549707602339061,0.4289866967613809,-0.8,1.161834242728283
