method,true_params,bivpois_eta,bivpois_estimated_ha,bivpois_bias,bivpois_mse,pc_eta,pc_bias,pc_mse,lm_eta,lm_bias,lm_mse,team_strength_correlation,mu
bivpois,0.5,0.3432199701456789,0.4948319778485013,-0.005168022151498697,2.670845295838122e-5,0.5698021955586005,0.069802195558600455,0.004872346504801101,1.0321637426900707,0.5321637426900707,0.2831982490339038,-0.8,1.161834242728283
