true_params,bivpois_eta,bivpois_estimated_ha,bivpois_eta_bias,bivpois_eta_mse,lm_eta,lm_eta_bias,lm_eta_mse,team_strength_correlation,lambda3
0.5348557197081527,0.5689369441744323,0.7663882836380052,0.23153256392985244,0.05360732815993121,0.4415204678362634,-0.09333525187188929,0.008711469241989013,0,0.2
