method,true_params,bivpois_eta,bivpois_estimated_ha,bivpois_bias,bivpois_mse,pc_eta,pc_bias,pc_mse,lm_eta,lm_bias,lm_mse,team_strength_correlation,mu
bivpois,0.5,0.3094159689039802,0.43246959559695997,-0.06753040440304003,0.004560355518838129,0.4684795799469153,-0.0315204200530847,9.93536880322904e-4,0.8099415204678392,0.3099415204678392,0.09606374610991597,-0.8,1.161834242728283
