method,true_params,bivpois_eta,bivpois_estimated_ha,bivpois_bias,bivpois_mse,pc_eta,pc_bias,pc_mse,lm_eta,lm_bias,lm_mse,team_strength_correlation,mu
bivpois,0.5,0.4051065544497592,0.5787569323089683,0.0787569323089683,0.0062026543867194145,0.6900581091305487,0.19005810913054866,0.036122084846279545,0.2397660818713452,-0.2602339181286548,0.06772169214459142,-0.8,1.161834242728283
