method,true_params,bivpois_eta,bivpois_estimated_ha,bivpois_bias,bivpois_mse,pc_eta,pc_bias,pc_mse,lm_eta,lm_bias,lm_mse,team_strength_correlation,mu
bivpois,0.5,0.4469593188108531,0.5999649573076926,0.09996495730769261,0.009992992689528806,0.6618294321560009,0.16182943215600087,0.02618876511193369,0.15789473684210723,-0.3421052631578928,0.11703601108033108,-0.8,1.161834242728283
