method,true_params,bivpois_eta,bivpois_estimated_ha,bivpois_bias,bivpois_mse,pc_eta,pc_bias,pc_mse,lm_eta,lm_bias,lm_mse,team_strength_correlation,mu
bivpois,0.5,0.29326093005870796,0.4582860616498343,-0.04171393835016568,0.001740052652681423,0.4863431629207542,-0.01365683707924581,1.865091990090632e-4,0.40350877192982526,-0.09649122807017474,0.009310557094490477,-0.8,1.161834242728283
