true_params,bivpois_eta,bivpois_estimated_ha,bivpois_eta_bias,bivpois_eta_mse,lm_eta,lm_eta_bias,lm_eta_mse,team_strength_correlation,lambda3
0.25121686719898473,0.17988498954417315,0.1970796785248896,-0.054137188674095116,0.0029308351975345726,0.08771929824560869,-0.16349756895337603,0.02673145505366395,0,0.2
