true_params,bivpois_eta,bivpois_estimated_ha,bivpois_eta_bias,bivpois_eta_mse,lm_eta,lm_eta_bias,lm_eta_mse,team_strength_correlation,lambda3
0.3711454937589406,0.3221904806776205,0.38014764237910126,0.009002148620160633,8.103867977945998e-5,-0.2690058479532228,-0.6401513417121634,0.40979374029588295,0,0.2
