method,true_params,bivpois_eta,bivpois_estimated_ha,bivpois_bias,bivpois_mse,pc_eta,pc_bias,pc_mse,lm_eta,lm_bias,lm_mse,team_strength_correlation,mu
bivpois,0.5,0.37281911398101086,0.5067505414237621,0.00675054142376208,4.5569809513927764e-5,0.5379432125805317,0.03794321258053168,0.0014396873809314177,0.570175438596482,0.07017543859648201,0.0049245921822086165,-0.8,1.161834242728283
