method,true_params,bivpois_eta,bivpois_estimated_ha,bivpois_bias,bivpois_mse,pc_eta,pc_bias,pc_mse,lm_eta,lm_bias,lm_mse,team_strength_correlation,mu
bivpois,0.5,0.46291766848472443,0.6101559228025608,0.11015592280256081,0.012134327328483737,0.686225168835765,0.186225168835765,0.034679813507909184,1.0175438596491166,0.5175438596491166,0.26785164666050454,-0.8,1.161834242728283
