method,true_params,bivpois_eta,bivpois_estimated_ha,bivpois_bias,bivpois_mse,pc_eta,pc_bias,pc_mse,lm_eta,lm_bias,lm_mse,team_strength_correlation,mu
bivpois,0,0.043625911172409174,0.046702459488240144,0.046702459488240144,0.002181119722250712,0.0545271478961147,0.0545271478961147,0.0029732098576847658,-0.2251461988304068,-0.2251461988304068,0.05069081084778107,-0.4,1
