true_params,bivpois_eta,bivpois_estimated_ha,bivpois_eta_bias,bivpois_eta_mse,lm_eta,lm_eta_bias,lm_eta_mse,team_strength_correlation,lambda3
0.14733935231348047,0.119264911256933,0.12666834588584797,-0.020671006427632505,4.272905067312243e-4,-0.17543859649123597,-0.32277794880471644,0.10418560423458015,0,0.2
