true_params,bivpois_eta,bivpois_estimated_ha,bivpois_eta_bias,bivpois_eta_mse,lm_eta,lm_eta_bias,lm_eta_mse,team_strength_correlation,lambda3
0.10405690677641802,0.09097443871754228,0.09524100913586464,-0.008815897640553377,7.77200512087146e-5,0.5964912280701771,0.4924343212937591,0.24249156078804515,0,0.2
