method,true_params,bivpois_eta,bivpois_estimated_ha,bivpois_bias,bivpois_mse,pc_eta,pc_bias,pc_mse,lm_eta,lm_bias,lm_mse,team_strength_correlation,mu
bivpois,0.5,0.368405335246146,0.5139856057056862,0.013985605705686188,1.9559716695492207e-4,0.6018412968672302,0.1018412968672302,0.010371649747599312,0.154970760233916,-0.345029239766084,0.11904517629356189,-0.8,1.161834242728283
