method,true_params,bivpois_eta,bivpois_estimated_ha,bivpois_bias,bivpois_mse,pc_eta,pc_bias,pc_mse,lm_eta,lm_bias,lm_mse,team_strength_correlation,mu
bivpois,0.5,0.3630836350985309,0.5312949219923269,0.03129492199232686,9.793721425058236e-4,0.6133904099266413,0.11339040992664129,0.012857385063331752,0.4298245614035027,-0.07017543859649727,0.00492459218221076,-0.8,1.161834242728283
