method,true_params,bivpois_eta,bivpois_estimated_ha,bivpois_bias,bivpois_mse,pc_eta,pc_bias,pc_mse,lm_eta,lm_bias,lm_mse,team_strength_correlation,mu
bivpois,0.5,0.43166115771352526,0.6392106377714009,0.13921063777140086,0.01937960166872018,0.7382647061338427,0.23826470613384265,0.056770070189046395,1.0146198830409219,0.5146198830409219,0.2648336240210521,-0.8,1.161834242728283
