method,true_params,bivpois_eta,bivpois_estimated_ha,bivpois_bias,bivpois_mse,pc_eta,pc_bias,pc_mse,lm_eta,lm_bias,lm_mse,team_strength_correlation,mu
bivpois,0.5,0.3756327304333014,0.44010062407482764,-0.05989937592517236,0.003587935236225118,0.5047896073192785,0.004789607319278466,2.2940338272885855e-5,1.0497076023391667,0.5497076023391667,0.30217844806947547,-0.8,1.161834242728283
