method,true_params,bivpois_eta,bivpois_estimated_ha,bivpois_bias,bivpois_mse,pc_eta,pc_bias,pc_mse,lm_eta,lm_bias,lm_mse,team_strength_correlation,mu
bivpois,0.5,0.2842411377944166,0.35615718189188894,-0.14384281810811106,0.020690756321283123,0.413880175943604,-0.08611982405639601,0.007416624095504605,-0.017543859649136285,-0.5175438596491363,0.2678516466605249,-0.8,1.161834242728283
