method,true_params,bivpois_eta,bivpois_estimated_ha,bivpois_bias,bivpois_mse,pc_eta,pc_bias,pc_mse,lm_eta,lm_bias,lm_mse,team_strength_correlation,mu
bivpois,0.5,0.4293550241480758,0.609133387535848,0.109133387535848,0.011910096275049584,0.6393907327580682,0.13939073275806824,0.0194297763788312,0.3976608187134292,-0.10233918128657082,0.010473308026405607,-0.8,1.161834242728283
