method,true_params,bivpois_eta,bivpois_estimated_ha,bivpois_bias,bivpois_mse,pc_eta,pc_bias,pc_mse,lm_eta,lm_bias,lm_mse,team_strength_correlation,mu
bivpois,0.5,0.3082360717909897,0.4177154007598092,-0.08228459924019083,0.0067707552721188126,0.47437102385713703,-0.02562897614286297,6.568444181314393e-4,0.07894736842104645,-0.42105263157895356,0.177285318559562,-0.8,1.161834242728283
