method,true_params,bivpois_eta,bivpois_estimated_ha,bivpois_bias,bivpois_mse,pc_eta,pc_bias,pc_mse,lm_eta,lm_bias,lm_mse,team_strength_correlation,mu
bivpois,0.5,0.35748648418757795,0.4981386520259745,-0.0018613479740254846,3.464616280408776e-6,0.564966121088189,0.064966121088189,0.004220596889245236,-0.28947368421052216,-0.7894736842105221,0.6232686980609352,-0.8,1.161834242728283
