true_params,bivpois_eta,bivpois_estimated_ha,bivpois_eta_bias,bivpois_eta_mse,lm_eta,lm_eta_bias,lm_eta_mse,team_strength_correlation,lambda3
0.5675831678657324,0.49908155954470806,0.6472077135480714,0.07962454568233901,0.006340068275118892,0.5000000000000004,-0.06758316786573193,0.0045674845787677006,0,0.2
