method,true_params,bivpois_eta,bivpois_estimated_ha,bivpois_bias,bivpois_mse,pc_eta,pc_bias,pc_mse,lm_eta,lm_bias,lm_mse,team_strength_correlation,mu
bivpois,0.5,0.40067548391686203,0.570724556767439,0.07072455676743905,0.005001962929950709,0.6211643719575639,0.12116437195756391,0.0146808050318709,1.0350877192982426,0.5350877192982426,0.28631886734379486,-0.8,1.161834242728283
