true_params,bivpois_eta,bivpois_estimated_ha,bivpois_eta_bias,bivpois_eta_mse,lm_eta,lm_eta_bias,lm_eta_mse,team_strength_correlation,lambda3
0.5379848610223995,0.4942799939500852,0.6393174955223015,0.10133263449990204,0.010268302814690737,0.24853801169591286,-0.2894468493264867,0.08377947858502988,0,0.2
