method,true_params,bivpois_eta,bivpois_estimated_ha,bivpois_bias,bivpois_mse,pc_eta,pc_bias,pc_mse,lm_eta,lm_bias,lm_mse,team_strength_correlation,mu
bivpois,0.5,0.2286574034358823,0.32361157968393583,-0.17638842031606417,0.03111287482159652,0.35539881687498803,-0.14460118312501197,0.020909502161153247,-0.7280701754385928,-1.2280701754385928,1.508156355801776,-0.8,1.161834242728283
