method,true_params,bivpois_eta,bivpois_estimated_ha,bivpois_bias,bivpois_mse,pc_eta,pc_bias,pc_mse,lm_eta,lm_bias,lm_mse,team_strength_correlation,mu
bivpois,0.5,0.31413999509245305,0.46183786367678414,-0.038162136323215856,0.001456348648751711,0.5015572329526826,0.001557232952682619,2.4249744689206276e-6,-0.2777777777777828,-0.7777777777777828,0.6049382716049461,-0.8,1.161834242728283
