method,true_params,bivpois_eta,bivpois_estimated_ha,bivpois_bias,bivpois_mse,pc_eta,pc_bias,pc_mse,lm_eta,lm_bias,lm_mse,team_strength_correlation,mu
bivpois,0,0.02736556320454036,0.028051980986723457,0.028051980986723457,7.869136372794943e-4,0.03003811681977964,0.03003811681977964,9.022884620787285e-4,0.8508771929824565,0.8508771929824565,0.7239919975377045,-0.4,1
