method,true_params,bivpois_eta,bivpois_estimated_ha,bivpois_bias,bivpois_mse,pc_eta,pc_bias,pc_mse,lm_eta,lm_bias,lm_mse,team_strength_correlation,mu
bivpois,0.5,0.26798373402849657,0.3780810023155097,-0.12191899768449033,0.014864241996390758,0.38779252121445895,-0.11220747878554105,0.012590518295407645,-0.32456140350877194,-0.8245614035087719,0.6799015081563559,-0.8,1.161834242728283
