method,true_params,bivpois_eta,bivpois_estimated_ha,bivpois_bias,bivpois_mse,pc_eta,pc_bias,pc_mse,lm_eta,lm_bias,lm_mse,team_strength_correlation,mu
bivpois,0.5,0.4458739934678898,0.6026997226181119,0.10269972261811189,0.010547233025837122,0.721607903128591,0.22160790312859102,0.04911006272905098,2.087719298245619,1.5877192982456192,2.5208525700215616,-0.8,1.161834242728283
