true_params,bivpois_eta,bivpois_estimated_ha,bivpois_eta_bias,bivpois_eta_mse,lm_eta,lm_eta_bias,lm_eta_mse,team_strength_correlation,lambda3
0.20488499417149306,0.1252479320117874,0.13342943167280508,-0.07145556249868798,0.005105897412003904,0.2485380116959054,0.043653017524412335,0.0019055859389866504,0,0.2
