method,true_params,bivpois_eta,bivpois_estimated_ha,bivpois_bias,bivpois_mse,pc_eta,pc_bias,pc_mse,lm_eta,lm_bias,lm_mse,team_strength_correlation,mu
bivpois,0.5,0.39396854880925164,0.5193758295069202,0.019375829506920184,3.7542276908123884e-4,0.5600475882244318,0.06004758822443179,0.0036057128515709197,0.8771929824561394,0.3771929824561394,0.14227454601415748,-0.8,1.161834242728283
