method,true_params,bivpois_eta,bivpois_estimated_ha,bivpois_bias,bivpois_mse,pc_eta,pc_bias,pc_mse,lm_eta,lm_bias,lm_mse,team_strength_correlation,mu
bivpois,0.5,0.3301390209819307,0.4684780891457374,-0.03152191085426259,9.936308639040777e-4,0.5021494127350404,0.0021494127350404346,4.6199751055540015e-6,0.21929824561403022,-0.2807017543859698,0.0787934749153613,-0.8,1.161834242728283
