true_params,bivpois_eta,bivpois_estimated_ha,bivpois_eta_bias,bivpois_eta_mse,lm_eta,lm_eta_bias,lm_eta_mse,team_strength_correlation,lambda3
0.010671048369331564,-0.0039046615274598486,-0.0038970482489532055,-0.01456809661828477,2.1222943907968014e-4,-0.10818713450292809,-0.11885818287225966,0.01412726763569552,-0.5,0
