true_params,bivpois_eta,bivpois_estimated_ha,bivpois_eta_bias,bivpois_eta_mse,lm_eta,lm_eta_bias,lm_eta_mse,team_strength_correlation,lambda3
0.5547910477971146,0.44901348764962296,0.5667657890449453,0.011974741247830711,1.4339442795249823e-4,0.7280701754385889,0.17327912764147424,0.030025656076190323,0,0.2
