true_params,bivpois_eta,bivpois_estimated_ha,bivpois_eta_bias,bivpois_eta_mse,lm_eta,lm_eta_bias,lm_eta_mse,team_strength_correlation,lambda3
0.3666507360708614,0.3769779493640361,0.45787216200846603,0.09122142593760463,0.008321348550089886,0.4502923976608292,0.08364166158996778,0.006995927553530691,0,0.2
