method,true_params,bivpois_eta,bivpois_estimated_ha,bivpois_bias,bivpois_mse,pc_eta,pc_bias,pc_mse,lm_eta,lm_bias,lm_mse,team_strength_correlation,mu
bivpois,0.5,0.3460319233482142,0.46910785361032903,-0.03089214638967097,9.543247085608612e-4,0.5182686760467523,0.018268676046752308,3.3374452450118155e-4,-1.0204678362573205,-1.5204678362573205,2.311822441093018,-0.8,1.161834242728283
