method,true_params,bivpois_eta,bivpois_estimated_ha,bivpois_bias,bivpois_mse,pc_eta,pc_bias,pc_mse,lm_eta,lm_bias,lm_mse,team_strength_correlation,mu
bivpois,0.5,0.28337257744346384,0.38769200766901446,-0.11230799233098554,0.012613085141416706,0.44772108193953725,-0.052278918060462753,0.0027330852735725788,0.058479532163723716,-0.4415204678362763,0.1949403235183643,-0.8,1.161834242728283
