method,true_params,bivpois_eta,bivpois_estimated_ha,bivpois_bias,bivpois_mse,pc_eta,pc_bias,pc_mse,lm_eta,lm_bias,lm_mse,team_strength_correlation,mu
bivpois,0,-0.05852956001385279,-0.05854816752091485,-0.05854816752091485,0.0034278879200571087,-0.06692480533970771,-0.06692480533970771,0.00447892956975777,0.2982456140350952,0.2982456140350952,0.08895044629117098,-0.4,1
