true_params,bivpois_eta,bivpois_estimated_ha,bivpois_eta_bias,bivpois_eta_mse,lm_eta,lm_eta_bias,lm_eta_mse,team_strength_correlation,lambda3
0.016770548732420884,-0.015113234250953692,-0.014999602494211728,-0.03177015122663261,0.0010093425089631057,0.2982456140350886,0.2814750653026677,0.07922821238714105,0,0.2
