method,true_params,bivpois_eta,bivpois_estimated_ha,bivpois_bias,bivpois_mse,pc_eta,pc_bias,pc_mse,lm_eta,lm_bias,lm_mse,team_strength_correlation,mu
bivpois,0.5,0.3616125404963372,0.519118418785202,0.01911841878520204,3.6551393684636625e-4,0.6037918243422943,0.10379182434229428,0.010772742800301672,-0.394736842105264,-0.8947368421052639,0.8005540166205,-0.8,1.161834242728283
