true_params,bivpois_eta,bivpois_estimated_ha,bivpois_eta_bias,bivpois_eta_mse,lm_eta,lm_eta_bias,lm_eta_mse,team_strength_correlation,lambda3
0.2867204016044249,0.23891926722943768,0.26987601183663257,-0.016844389767792345,2.8373346664930745e-4,-0.9766081871345166,-1.2633285887389416,1.5959991231251258,0,0.2
