method,true_params,bivpois_eta,bivpois_estimated_ha,bivpois_bias,bivpois_mse,pc_eta,pc_bias,pc_mse,lm_eta,lm_bias,lm_mse,team_strength_correlation,mu
bivpois,0.5,0.24600091083510323,0.3101467974056564,-0.18985320259434357,0.036044238535328864,0.3612001528450162,-0.13879984715498378,0.01926539757024686,0.5497076023391858,0.04970760233918581,0.0024708457303106303,-0.8,1.161834242728283
