method,true_params,bivpois_eta,bivpois_estimated_ha,bivpois_bias,bivpois_mse,pc_eta,pc_bias,pc_mse,lm_eta,lm_bias,lm_mse,team_strength_correlation,mu
bivpois,0.5,0.36753684458237007,0.5002919450668211,2.9194506682106436e-4,8.523192204115573e-8,0.626446453282548,0.126446453282548,0.015988705547735595,1.8040935672514702,1.3040935672514702,1.7006600321466647,-0.8,1.161834242728283
