method,true_params,bivpois_eta,bivpois_estimated_ha,bivpois_bias,bivpois_mse,pc_eta,pc_bias,pc_mse,lm_eta,lm_bias,lm_mse,team_strength_correlation,mu
bivpois,0.5,0.3772974726221331,0.5150237344821582,0.015023734482158213,2.257125977903897e-4,0.5385952192203755,0.038595219220375454,0.0014895909466688389,0.5146198830409316,0.014619883040931647,2.137409801305208e-4,-0.8,1.161834242728283
