true_params,bivpois_eta,bivpois_estimated_ha,bivpois_eta_bias,bivpois_eta_mse,lm_eta,lm_eta_bias,lm_eta_mse,team_strength_correlation,lambda3
0.3910964431964992,0.32068145723407554,0.3780665378438799,-0.013029905352619331,1.6977843349821789e-4,0.4298245614035108,0.03872811820701155,0.0014998671398562598,0,0.2
