method,true_params,bivpois_eta,bivpois_estimated_ha,bivpois_bias,bivpois_mse,pc_eta,pc_bias,pc_mse,lm_eta,lm_bias,lm_mse,team_strength_correlation,mu
bivpois,0,0.05370859408921509,0.06083666968343926,0.06083666968343926,0.0037011003781718976,0.07392007957293616,0.07392007957293616,0.005464178164069213,0.03216374269006101,0.03216374269006101,0.001034506343832453,-0.4,1
