method,true_params,bivpois_eta,bivpois_estimated_ha,bivpois_bias,bivpois_mse,pc_eta,pc_bias,pc_mse,lm_eta,lm_bias,lm_mse,team_strength_correlation,mu
bivpois,0.5,0.32063100610104905,0.48611864375076963,-0.01388135624923037,1.9269205131804704e-4,0.5249495774720312,0.024949577472031192,6.224814160328863e-4,1.1900584795321798,0.6900584795321798,0.4761807051742638,-0.4,1.161834242728283
