method,true_params,bivpois_eta,bivpois_estimated_ha,bivpois_bias,bivpois_mse,pc_eta,pc_bias,pc_mse,lm_eta,lm_bias,lm_mse,team_strength_correlation,mu
bivpois,0.5,0.2930563010612987,0.3675098191028381,-0.1324901808971619,0.017553648034162688,0.40578685351214266,-0.09421314648785734,0.008876116971142465,0.7690058479532246,0.2690058479532246,0.07236414623303337,-0.4,1.161834242728283
