true_params,bivpois_eta,bivpois_estimated_ha,bivpois_eta_bias,bivpois_eta_mse,lm_eta,lm_eta_bias,lm_eta_mse,team_strength_correlation,lambda3
0.2090090489217903,0.15907480209866065,0.1724256432993736,-0.036583405622416715,0.001338345566934271,0.011695906432747111,-0.1973131424890432,0.03893247619890146,0.5,0.2
