method,true_params,bivpois_eta,bivpois_estimated_ha,bivpois_bias,bivpois_mse,pc_eta,pc_bias,pc_mse,lm_eta,lm_bias,lm_mse,team_strength_correlation,mu
bivpois,0.5,0.3663841484116402,0.624196112889158,0.124196112889158,0.015424674456776477,0.6815382102647138,0.18153821026471384,0.032956121786115455,1.6812865497075933,1.1812865497075933,1.3954379125200702,-0.4,1.161834242728283
