true_params,bivpois_eta,bivpois_estimated_ha,bivpois_eta_bias,bivpois_eta_mse,lm_eta,lm_eta_bias,lm_eta_mse,team_strength_correlation,lambda3
0.13385887149521966,0.14295379653337992,0.15367649658107996,0.019817625085860296,3.9273826404371935e-4,-0.20175438596492065,-0.3356132574601403,0.11263625858300642,0.5,0.2
