method,true_params,bivpois_eta,bivpois_estimated_ha,bivpois_bias,bivpois_mse,pc_eta,pc_bias,pc_mse,lm_eta,lm_bias,lm_mse,team_strength_correlation,mu
bivpois,0.5,0.3709217744869688,0.5022582269497291,0.002258226949729103,5.099588956482808e-6,0.5673712970808427,0.06737129708084266,0.004538891670355159,-0.24561403508772198,-0.745614035087722,0.5559402893197947,-0.4,1.161834242728283
