true_params,bivpois_eta,bivpois_estimated_ha,bivpois_eta_bias,bivpois_eta_mse,lm_eta,lm_eta_bias,lm_eta_mse,team_strength_correlation,lambda3
0.4314317335886386,0.4660300359421395,0.59365486555496,0.16222313196632143,0.02631634454496254,1.461988304093576,1.0305565705049373,1.0620468450108977,0.5,0.2
