method,true_params,bivpois_eta,bivpois_estimated_ha,bivpois_bias,bivpois_mse,pc_eta,pc_bias,pc_mse,lm_eta,lm_bias,lm_mse,team_strength_correlation,mu
bivpois,0,0.02125983406399375,0.019875031375238494,0.019875031375238494,3.9501687216671454e-4,0.02117960736489301,0.02117960736489301,4.485757681310303e-4,0.14327485380115698,0.14327485380115698,0.020527683731742907,-0.4,1
