method,true_params,bivpois_eta,bivpois_estimated_ha,bivpois_bias,bivpois_mse,pc_eta,pc_bias,pc_mse,lm_eta,lm_bias,lm_mse,team_strength_correlation,mu
bivpois,0.5,0.43903477165627575,0.6030806839786171,0.10308068397861714,0.010625627409499535,0.7097437323912883,0.2097437323912883,0.043992433277428356,0.4912280701754384,-0.008771929824561597,7.694675284703325e-5,-0.4,1.161834242728283
