true_params,bivpois_eta,bivpois_estimated_ha,bivpois_eta_bias,bivpois_eta_mse,lm_eta,lm_eta_bias,lm_eta_mse,team_strength_correlation,lambda3
0.6103835767851438,0.6397568793020129,0.8960198615936001,0.2856362848084564,0.08158808719917761,0.3040935672514455,-0.3062900095336983,0.09381356994015298,0.5,0.2
