true_params,bivpois_eta,bivpois_estimated_ha,bivpois_eta_bias,bivpois_eta_mse,lm_eta,lm_eta_bias,lm_eta_mse,team_strength_correlation,lambda3
0.3114005729152399,0.19812397930561026,0.21911352930143613,-0.0922870436138038,0.008516898418976125,0.5964912280701657,0.2850906551549258,0.08127668165666484,0.5,0.2
