method,true_params,bivpois_eta,bivpois_estimated_ha,bivpois_bias,bivpois_mse,pc_eta,pc_bias,pc_mse,lm_eta,lm_bias,lm_mse,team_strength_correlation,mu
bivpois,0.5,0.37065384346242797,0.4734958633307158,-0.026504136669284195,7.024692605840952e-4,0.5330033935758638,0.03300339357586379,0.0010892239875233674,1.5760233918128739,1.0760233918128739,1.1578263397284816,-0.4,1.161834242728283
