method,true_params,bivpois_eta,bivpois_estimated_ha,bivpois_bias,bivpois_mse,pc_eta,pc_bias,pc_mse,lm_eta,lm_bias,lm_mse,team_strength_correlation,mu
bivpois,0.5,0.2882907893168948,0.376319620964884,-0.12368037903511597,0.015296836158269954,0.4283747634637181,-0.07162523653628189,0.00513017450887833,-0.3070175438596682,-0.8070175438596682,0.6512773160972914,-0.4,1.161834242728283
