true_params,bivpois_eta,bivpois_estimated_ha,bivpois_eta_bias,bivpois_eta_mse,lm_eta,lm_eta_bias,lm_eta_mse,team_strength_correlation,lambda3
0.4655282832486518,0.37103261507008023,0.4492303393649295,-0.0162979438837223,2.6562297483696107e-4,1.3801169590643236,0.9145886758156718,0.836472445930264,0.5,0.2
