method,true_params,bivpois_eta,bivpois_estimated_ha,bivpois_bias,bivpois_mse,pc_eta,pc_bias,pc_mse,lm_eta,lm_bias,lm_mse,team_strength_correlation,mu
bivpois,0.5,0.387100439779991,0.5308132914598322,0.030813291459832248,9.49458930588571e-4,0.6428196690788854,0.14281966907888544,0.020397457875802345,0.7865497076023411,0.2865497076023411,0.08211073492698719,-0.4,1.161834242728283
