method,true_params,bivpois_eta,bivpois_estimated_ha,bivpois_bias,bivpois_mse,pc_eta,pc_bias,pc_mse,lm_eta,lm_bias,lm_mse,team_strength_correlation,mu
bivpois,0.5,0.37067939859541593,0.5130366519029099,0.013036651902909924,1.6995429283764494e-4,0.5591946231070685,0.05919462310706847,0.003504003404787884,0.04970760233916935,-0.4502923976608306,0.20276324339113963,-0.4,1.161834242728283
