method,true_params,bivpois_eta,bivpois_estimated_ha,bivpois_bias,bivpois_mse,pc_eta,pc_bias,pc_mse,lm_eta,lm_bias,lm_mse,team_strength_correlation,mu
bivpois,0.5,0.44742076610267745,0.6093849881811388,0.10938498818113884,0.011965075639387885,0.6535964210031552,0.15359642100315518,0.02359186054497849,0.38304093567251724,-0.11695906432748276,0.01367942272836025,-0.4,1.161834242728283
