true_params,bivpois_eta,bivpois_estimated_ha,bivpois_eta_bias,bivpois_eta_mse,lm_eta,lm_eta_bias,lm_eta_mse,team_strength_correlation,lambda3
0.2114592150450385,0.0796554819583086,0.08291392001755438,-0.12854529502748413,0.016523892873702935,0.8421052631578899,0.6306460481128514,0.3977144380003569,0.5,0.2
