true_params,bivpois_eta,bivpois_estimated_ha,bivpois_eta_bias,bivpois_eta_mse,lm_eta,lm_eta_bias,lm_eta_mse,team_strength_correlation,lambda3
0.3702149114878633,0.34143733416293304,0.40696842168954084,0.03675351020167755,0.001350820512144816,0.30701754385964897,-0.06319736762821432,0.003993907275135671,0.5,0.2
