method,true_params,bivpois_eta,bivpois_estimated_ha,bivpois_bias,bivpois_mse,pc_eta,pc_bias,pc_mse,lm_eta,lm_bias,lm_mse,team_strength_correlation,mu
bivpois,0.5,0.2966677984044658,0.452604300066362,-0.047395699933638014,0.0022463523721994545,0.4855167842922639,-0.014483215707736086,2.097635372368133e-4,1.956140350877188,1.456140350877188,2.12034472145274,-0.4,1.161834242728283
