true_params,bivpois_eta,bivpois_estimated_ha,bivpois_eta_bias,bivpois_eta_mse,lm_eta,lm_eta_bias,lm_eta_mse,team_strength_correlation,lambda3
0.6321072312775051,0.7003301653117412,1.014417688531707,0.382310457254202,0.146161285725917,0.34210526315789536,-0.29000196811960977,0.08410114151324716,-0.5,0
