true_params,bivpois_eta,bivpois_estimated_ha,bivpois_eta_bias,bivpois_eta_mse,lm_eta,lm_eta_bias,lm_eta_mse,team_strength_correlation,lambda3
0.5441383946773011,0.5397106697579335,0.7155104413222819,0.17137204664498085,0.029368378371289493,-0.10526315789473618,-0.6494015525720372,0.42172237648297245,0.5,0.2
