method,true_params,bivpois_eta,bivpois_estimated_ha,bivpois_bias,bivpois_mse,pc_eta,pc_bias,pc_mse,lm_eta,lm_bias,lm_mse,team_strength_correlation,mu
bivpois,0.5,0.40781091940895153,0.6212950326251394,0.12129503262513941,0.014712484939533635,0.6734726701744795,0.17347267017447954,0.03009276729746376,0.08187134502924139,-0.41812865497075863,0.1748315721076557,-0.4,1.161834242728283
