method,true_params,bivpois_eta,bivpois_estimated_ha,bivpois_bias,bivpois_mse,pc_eta,pc_bias,pc_mse,lm_eta,lm_bias,lm_mse,team_strength_correlation,mu
bivpois,0.5,0.30169476570528225,0.46853878943453564,-0.03146121056546436,9.898077702444861e-4,0.5403178618006769,0.04031786180067687,0.001625529980178479,0.008771929824554013,-0.491228070175446,0.2413050169282929,-0.4,1.161834242728283
