method,true_params,bivpois_eta,bivpois_estimated_ha,bivpois_bias,bivpois_mse,pc_eta,pc_bias,pc_mse,lm_eta,lm_bias,lm_mse,team_strength_correlation,mu
bivpois,0.5,0.49266199371141384,0.6401211346593294,0.1401211346593294,0.019633932378217926,0.7108300146904744,0.21083001469047435,0.04444929509438563,1.3216374269005906,0.8216374269005906,0.6750880612838234,-0.4,1.161834242728283
