method,true_params,bivpois_eta,bivpois_estimated_ha,bivpois_bias,bivpois_mse,pc_eta,pc_bias,pc_mse,lm_eta,lm_bias,lm_mse,team_strength_correlation,mu
bivpois,0.5,0.38087248893146275,0.6164810670035736,0.11648106700357364,0.013567838970291011,0.6899609563920139,0.18996095639201394,0.03608516495336862,0.4590643274853793,-0.04093567251462071,0.0016757292842242738,-0.4,1.161834242728283
