method,true_params,bivpois_eta,bivpois_estimated_ha,bivpois_bias,bivpois_mse,pc_eta,pc_bias,pc_mse,lm_eta,lm_bias,lm_mse,team_strength_correlation,mu
bivpois,0.5,0.3913441627471387,0.5885482488955642,0.08854824889556423,0.007840792382470792,0.6519389597037182,0.15193895970371818,0.023085447475848096,0.10526315789473342,-0.3947368421052666,0.1558171745152382,-0.4,1.161834242728283
