method,true_params,bivpois_eta,bivpois_estimated_ha,bivpois_bias,bivpois_mse,pc_eta,pc_bias,pc_mse,lm_eta,lm_bias,lm_mse,team_strength_correlation,mu
bivpois,0,-0.007783378342830417,-0.007341711121481409,-0.007341711121481409,5.390072219128381e-5,-0.00810202951707782,-0.00810202951707782,6.564288229560025e-5,0.5116959064327407,0.5116959064327407,0.26183270066002406,-0.4,1
