method,true_params,bivpois_eta,bivpois_estimated_ha,bivpois_bias,bivpois_mse,pc_eta,pc_bias,pc_mse,lm_eta,lm_bias,lm_mse,team_strength_correlation,mu
bivpois,0.5,0.44117861643315126,0.6744423426258825,0.17444234262588254,0.030430130900805798,0.7255162592738769,0.22551625927387686,0.05085758319688245,1.137426900584782,0.6374269005847819,0.40631305358912145,-0.4,1.161834242728283
