true_params,bivpois_eta,bivpois_estimated_ha,bivpois_eta_bias,bivpois_eta_mse,lm_eta,lm_eta_bias,lm_eta_mse,team_strength_correlation,lambda3
0.6550623217069164,0.5909388921618793,0.8056829613546723,0.15062063964775596,0.022686577087899156,0.18128654970760763,-0.47377577199930876,0.224463482133541,0.5,0.2
