true_params,bivpois_eta,bivpois_estimated_ha,bivpois_eta_bias,bivpois_eta_mse,lm_eta,lm_eta_bias,lm_eta_mse,team_strength_correlation,lambda3
0.6332606532684664,0.6279871563306494,0.8738350437524696,0.2405743904840032,0.05787603735674965,0.8128654970760342,0.1796048438075678,0.032257899919140826,0.5,0.2
