method,true_params,bivpois_eta,bivpois_estimated_ha,bivpois_bias,bivpois_mse,pc_eta,pc_bias,pc_mse,lm_eta,lm_bias,lm_mse,team_strength_correlation,mu
bivpois,0.5,0.28761903983809023,0.4135789692428222,-0.08642103075717777,0.0074685945571330665,0.48675776076354854,-0.013242239236451459,1.753568999954145e-4,0.12573099415206027,-0.37426900584793976,0.14007728873840516,-0.4,1.161834242728283
