method,true_params,bivpois_eta,bivpois_estimated_ha,bivpois_bias,bivpois_mse,pc_eta,pc_bias,pc_mse,lm_eta,lm_bias,lm_mse,team_strength_correlation,mu
bivpois,0.5,0.45146737743008475,0.6522292278650519,0.15222922786505189,0.02317373781638989,0.7326555064571598,0.23265550645715982,0.054128584684837534,0.07894736842104093,-0.42105263157895906,0.17728531855956664,-0.4,1.161834242728283
