true_params,bivpois_eta,bivpois_estimated_ha,bivpois_eta_bias,bivpois_eta_mse,lm_eta,lm_eta_bias,lm_eta_mse,team_strength_correlation,lambda3
0.6111032163824228,0.6224864822275065,0.86355598464898,0.25245276826655716,0.06373240020544801,0.7280701754385843,0.1169669590561615,0.013681269510845761,0.5,0.2
