method,true_params,bivpois_eta,bivpois_estimated_ha,bivpois_bias,bivpois_mse,pc_eta,pc_bias,pc_mse,lm_eta,lm_bias,lm_mse,team_strength_correlation,mu
bivpois,0.5,0.41943471332380267,0.6951055818398757,0.1951055818398757,0.03806618806507643,0.7946937971513429,0.2946937971513429,0.08684443407947685,-0.3830409356725174,-0.8830409356725174,0.779761294073395,-0.4,1.161834242728283
