method,true_params,bivpois_eta,bivpois_estimated_ha,bivpois_bias,bivpois_mse,pc_eta,pc_bias,pc_mse,lm_eta,lm_bias,lm_mse,team_strength_correlation,mu
bivpois,0.5,0.3317719810027078,0.4210241860634749,-0.07897581393652509,0.00623717918693663,0.47407018115266203,-0.02592981884733797,6.723555054557634e-4,0.7456140350877182,0.24561403508771817,0.06032625423207085,-0.4,1.161834242728283
