method,true_params,bivpois_eta,bivpois_estimated_ha,bivpois_bias,bivpois_mse,pc_eta,pc_bias,pc_mse,lm_eta,lm_bias,lm_mse,team_strength_correlation,mu
bivpois,0.5,0.30630801266479313,0.4527572986136519,-0.04724270138634812,0.0022318728342796586,0.5374774225822972,0.03747742258229725,0.0014045572034120837,0.6198830409356636,0.1198830409356636,0.014371943503981995,-0.4,1.161834242728283
