method,true_params,bivpois_eta,bivpois_estimated_ha,bivpois_bias,bivpois_mse,pc_eta,pc_bias,pc_mse,lm_eta,lm_bias,lm_mse,team_strength_correlation,mu
bivpois,0.5,0.41099499945452056,0.4465256795801149,-0.05347432041988509,0.0028595029443685394,0.5005651718985193,5.651718985193455e-4,3.1941927487596134e-7,0.3888888888888802,-0.11111111111111982,0.012345679012347614,-0.4,1.161834242728283
