method,true_params,bivpois_eta,bivpois_estimated_ha,bivpois_bias,bivpois_mse,pc_eta,pc_bias,pc_mse,lm_eta,lm_bias,lm_mse,team_strength_correlation,mu
bivpois,0.5,0.338735981912014,0.43235259052982355,-0.06764740947017645,0.004576172008025718,0.5198563412723086,0.01985634127230862,3.9427428872238667e-4,0.14912280701753672,-0.3508771929824633,0.12311480455525278,-0.4,1.161834242728283
