method,true_params,bivpois_eta,bivpois_estimated_ha,bivpois_bias,bivpois_mse,pc_eta,pc_bias,pc_mse,lm_eta,lm_bias,lm_mse,team_strength_correlation,mu
bivpois,0.5,0.3395169910279723,0.4755661016771495,-0.024433898322850478,5.970153872513954e-4,0.5504285886131501,0.05042858861315014,0.0025430425495143356,0.33040935672513416,-0.16959064327486584,0.028760986286382798,-0.4,1.161834242728283
