true_params,bivpois_eta,bivpois_estimated_ha,bivpois_eta_bias,bivpois_eta_mse,lm_eta,lm_eta_bias,lm_eta_mse,team_strength_correlation,lambda3
0.48401938744033696,0.5368828862688166,0.7106662016793661,0.22664681423902916,0.05136877840470099,1.1929824561403464,0.7089630687000095,0.5026286327805344,-0.5,0
