method,true_params,bivpois_eta,bivpois_estimated_ha,bivpois_bias,bivpois_mse,pc_eta,pc_bias,pc_mse,lm_eta,lm_bias,lm_mse,team_strength_correlation,mu
bivpois,0,0.06386437013710089,0.06815692245642069,0.06815692245642069,0.004645366078730543,0.07181586705104426,0.07181586705104426,0.005157518760293264,-0.3040935672514519,-0.3040935672514519,0.09247289764371332,-0.4,1
