true_params,bivpois_eta,bivpois_estimated_ha,bivpois_eta_bias,bivpois_eta_mse,lm_eta,lm_eta_bias,lm_eta_mse,team_strength_correlation,lambda3
0.5820884012440283,0.49171776892858315,0.6351225716814739,0.05303417043744563,0.002812623233988032,-0.09064327485380694,-0.6727316760978352,0.4525679080254027,0.5,0.2
