true_params,bivpois_eta,bivpois_estimated_ha,bivpois_eta_bias,bivpois_eta_mse,lm_eta,lm_eta_bias,lm_eta_mse,team_strength_correlation,lambda3
0.5864041007872436,0.6191508468866614,0.8573501973227409,0.2709460965354973,0.07341178722782302,0.78654970760233,0.20014560681508642,0.04005826392737917,0.5,0.2
