true_params,bivpois_eta,bivpois_estimated_ha,bivpois_eta_bias,bivpois_eta_mse,lm_eta,lm_eta_bias,lm_eta_mse,team_strength_correlation,lambda3
0.013545538058416946,0.03784265416074407,0.03856780569852969,0.02502226764011274,6.261138778534333e-4,-0.055555555555550654,-0.0691010936139676,0.004774961138646314,0.5,0.2
