method,true_params,bivpois_eta,bivpois_estimated_ha,bivpois_bias,bivpois_mse,pc_eta,pc_bias,pc_mse,lm_eta,lm_bias,lm_mse,team_strength_correlation,mu
bivpois,0.5,0.508042124012509,0.7087866761907509,0.20878667619075086,0.04359187615478145,0.8071600091658353,0.3071600091658353,0.09434727123075602,1.5526315789473613,1.0526315789473613,1.108033240997215,-0.4,1.161834242728283
