method,true_params,bivpois_eta,bivpois_estimated_ha,bivpois_bias,bivpois_mse,pc_eta,pc_bias,pc_mse,lm_eta,lm_bias,lm_mse,team_strength_correlation,mu
bivpois,0.5,0.3120801139985197,0.5016534169142921,0.0016534169142921051,2.7337874924672267e-6,0.5576232097593568,0.05762320975935675,0.0033204343029708274,0.32748538011695655,-0.17251461988304345,0.02976129407339097,-0.4,1.161834242728283
