method,true_params,bivpois_eta,bivpois_estimated_ha,bivpois_bias,bivpois_mse,pc_eta,pc_bias,pc_mse,lm_eta,lm_bias,lm_mse,team_strength_correlation,mu
bivpois,0.5,0.3873949278741537,0.5282831140241533,0.02828311402415329,7.999345389032564e-4,0.5969475708366485,0.09694757083664851,0.009398831491126981,1.1695906432748495,0.6695906432748495,0.44835162956122676,-0.4,1.161834242728283
