true_params,bivpois_eta,bivpois_estimated_ha,bivpois_eta_bias,bivpois_eta_mse,lm_eta,lm_eta_bias,lm_eta_mse,team_strength_correlation,lambda3
0.6168676771876114,0.5683815632954985,0.7654075377294713,0.14853986054185997,0.022064090169795207,1.2222222222222123,0.605354545034601,0.36645412519404874,0.5,0.2
