method,true_params,bivpois_eta,bivpois_estimated_ha,bivpois_bias,bivpois_mse,pc_eta,pc_bias,pc_mse,lm_eta,lm_bias,lm_mse,team_strength_correlation,mu
bivpois,0.5,0.3300574994882867,0.44070378647760133,-0.059296213522398666,0.0035160409380938945,0.4989194003369023,-0.0010805996630977033,1.1676956318868697e-6,-0.16666666666667315,-0.6666666666666732,0.44444444444445314,-0.4,1.161834242728283
