method,true_params,bivpois_eta,bivpois_estimated_ha,bivpois_bias,bivpois_mse,pc_eta,pc_bias,pc_mse,lm_eta,lm_bias,lm_mse,team_strength_correlation,mu
bivpois,0.5,0.35274860174724976,0.4816575275682182,-0.018342472431781776,3.3644629491067445e-4,0.5303785484972146,0.030378548497214553,9.228562087976166e-4,-0.032163742690053614,-0.5321637426900536,0.2831982490338856,-0.4,1.161834242728283
