method,true_params,bivpois_eta,bivpois_estimated_ha,bivpois_bias,bivpois_mse,pc_eta,pc_bias,pc_mse,lm_eta,lm_bias,lm_mse,team_strength_correlation,mu
bivpois,0.5,0.429430363586264,0.6532855243721005,0.15328552437210052,0.023496451982029824,0.6983823778884135,0.1983823778884135,0.0393555678566613,0.7777777777777725,0.27777777777777246,0.07716049382715753,-0.4,1.161834242728283
