method,true_params,bivpois_eta,bivpois_estimated_ha,bivpois_bias,bivpois_mse,pc_eta,pc_bias,pc_mse,lm_eta,lm_bias,lm_mse,team_strength_correlation,mu
bivpois,0.5,0.3852221466085565,0.5351670035859601,0.035167003585960144,0.0012367181412149336,0.5794181325651888,0.07941813256518881,0.006307239780141904,-0.09064327485380258,-0.5906432748538026,0.34885947813002466,-0.4,1.161834242728283
