true_params,bivpois_eta,bivpois_estimated_ha,bivpois_eta_bias,bivpois_eta_mse,lm_eta,lm_eta_bias,lm_eta_mse,team_strength_correlation,lambda3
0.09057966981483156,0.055004358864113416,0.05654522000250095,-0.034034449812330614,0.0011583437740280513,-0.30116959064326837,-0.39174926045809993,0.15346748306946822,0.5,0.2
