method,true_params,bivpois_eta,bivpois_estimated_ha,bivpois_bias,bivpois_mse,pc_eta,pc_bias,pc_mse,lm_eta,lm_bias,lm_mse,team_strength_correlation,mu
bivpois,0.5,0.4267970602686913,0.6155648849270505,0.11556488492705053,0.013355242628202429,0.6852467408325157,0.1852467408325157,0.03431635498906924,0.6812865497075936,0.18128654970759361,0.03286481310488381,-0.4,1.161834242728283
