method,true_params,bivpois_eta,bivpois_estimated_ha,bivpois_bias,bivpois_mse,pc_eta,pc_bias,pc_mse,lm_eta,lm_bias,lm_mse,team_strength_correlation,mu
bivpois,0.5,0.2854934934345268,0.38848849735001223,-0.11151150264998777,0.01243481522325823,0.4326764349496799,-0.06732356505032011,0.004532462411084684,0.7397660818713476,0.23976608187134762,0.05748777401593777,-0.4,1.161834242728283
