method,true_params,bivpois_eta,bivpois_estimated_ha,bivpois_bias,bivpois_mse,pc_eta,pc_bias,pc_mse,lm_eta,lm_bias,lm_mse,team_strength_correlation,mu
bivpois,0.5,0.36348768305032875,0.5126116017384184,0.012611601738418354,1.5905249840847687e-4,0.5609673902145046,0.06096739021450459,0.0037170226695676704,0.4824561403508556,-0.0175438596491444,3.0778701138887705e-4,-0.4,1.161834242728283
