method,true_params,bivpois_eta,bivpois_estimated_ha,bivpois_bias,bivpois_mse,pc_eta,pc_bias,pc_mse,lm_eta,lm_bias,lm_mse,team_strength_correlation,mu
bivpois,0.5,0.3329307036839417,0.4119516818659845,-0.08804831813401548,0.007752506326228799,0.4492880982479648,-0.050711901752035216,0.002571696979308072,1.0555555555555631,0.5555555555555631,0.3086419753086504,-0.4,1.161834242728283
