method,true_params,bivpois_eta,bivpois_estimated_ha,bivpois_bias,bivpois_mse,pc_eta,pc_bias,pc_mse,lm_eta,lm_bias,lm_mse,team_strength_correlation,mu
bivpois,0.5,0.38865118687332995,0.5507914053922309,0.050791405392230926,0.0025797668617179447,0.6128025787562807,0.11280257875628075,0.012724421774066921,0.09649122807017006,-0.4035087719298299,0.1628193290243195,-0.4,1.161834242728283
