method,true_params,bivpois_eta,bivpois_estimated_ha,bivpois_bias,bivpois_mse,pc_eta,pc_bias,pc_mse,lm_eta,lm_bias,lm_mse,team_strength_correlation,mu
bivpois,0,-0.026692186233348854,-0.02422803075751634,-0.02422803075751634,5.869974743871577e-4,-0.029737290810258193,-0.029737290810258193,8.843064647338664e-4,0.2543859649122801,0.2543859649122801,0.06471221914435181,-0.4,1
