method,true_params,bivpois_eta,bivpois_estimated_ha,bivpois_bias,bivpois_mse,pc_eta,pc_bias,pc_mse,lm_eta,lm_bias,lm_mse,team_strength_correlation,mu
bivpois,0.5,0.3146756732521512,0.40499065348411056,-0.09500934651588944,0.009026775925376353,0.4744293199412136,-0.025570680058786377,6.538596786688153e-4,0.08187134502924893,-0.4181286549707511,0.1748315721076494,-0.4,1.161834242728283
