method,true_params,bivpois_eta,bivpois_estimated_ha,bivpois_bias,bivpois_mse,pc_eta,pc_bias,pc_mse,lm_eta,lm_bias,lm_mse,team_strength_correlation,mu
bivpois,0.5,0.3602900447168305,0.4644584078799179,-0.03554159212008212,0.0012632047704302836,0.5457240146310616,0.04572401463106157,0.002090685513981533,-0.27485380116959357,-0.7748538011695936,0.6003984131869681,-0.4,1.161834242728283
