true_params,bivpois_eta,bivpois_estimated_ha,bivpois_eta_bias,bivpois_eta_mse,lm_eta,lm_eta_bias,lm_eta_mse,team_strength_correlation,lambda3
0.4922147513472488,0.47188036173008724,0.6030055914383339,0.11079084009108509,0.012274610248088387,0.7777777777777752,0.28556302643052645,0.08154624206416154,0.5,0.2
