true_params,bivpois_eta,bivpois_estimated_ha,bivpois_eta_bias,bivpois_eta_mse,lm_eta,lm_eta_bias,lm_eta_mse,team_strength_correlation,lambda3
0.49082926578643526,0.3631186895526731,0.4378065017247894,-0.053022764061645855,0.002811413508736963,0.6140350877193027,0.12320582193286744,0.01517967455815344,0.5,0.2
