method,true_params,bivpois_eta,bivpois_estimated_ha,bivpois_bias,bivpois_mse,pc_eta,pc_bias,pc_mse,lm_eta,lm_bias,lm_mse,team_strength_correlation,mu
bivpois,0.5,0.24673772270828645,0.30011154147964314,-0.19988845852035686,0.03995539584964442,0.33400103431624967,-0.16599896568375033,0.02755565660807492,1.070175438596503,0.570175438596503,0.3251000307787146,-0.4,1.161834242728283
