true_params,bivpois_eta,bivpois_estimated_ha,bivpois_eta_bias,bivpois_eta_mse,lm_eta,lm_eta_bias,lm_eta_mse,team_strength_correlation,lambda3
0.08182786312606835,0.014072609300390894,0.014172094591407669,-0.06765576853466068,0.0045773030160155825,-0.19298245614035453,-0.27481031926642285,0.07552071157531326,0.5,0.2
