method,true_params,bivpois_eta,bivpois_estimated_ha,bivpois_bias,bivpois_mse,pc_eta,pc_bias,pc_mse,lm_eta,lm_bias,lm_mse,team_strength_correlation,mu
bivpois,0.5,0.3282050030656994,0.47055338533699675,-0.029446614663003245,8.671031151113978e-4,0.5329356336805153,0.03293563368051533,0.001084755965937096,0.24269005847953762,-0.2573099415204624,0.06620840600526377,-0.4,1.161834242728283
