method,true_params,bivpois_eta,bivpois_estimated_ha,bivpois_bias,bivpois_mse,pc_eta,pc_bias,pc_mse,lm_eta,lm_bias,lm_mse,team_strength_correlation,mu
bivpois,0.5,0.38872478374647096,0.5251896772203706,0.025189677220370577,6.345198384664564e-4,0.566685225537669,0.06668522553766898,0.004446919305009779,1.9269005847953207,1.4269005847953207,2.0360452788892283,-0.4,1.161834242728283
