method,true_params,bivpois_eta,bivpois_estimated_ha,bivpois_bias,bivpois_mse,pc_eta,pc_bias,pc_mse,lm_eta,lm_bias,lm_mse,team_strength_correlation,mu
bivpois,0,0.05288329100010813,0.050517554521912644,0.050517554521912644,0.0025520233148744165,0.05838892763881111,0.05838892763881111,0.00340926687081032,-0.28362573099414684,-0.28362573099414684,0.08044355528196415,-0.4,1
