method,true_params,bivpois_eta,bivpois_estimated_ha,bivpois_bias,bivpois_mse,pc_eta,pc_bias,pc_mse,lm_eta,lm_bias,lm_mse,team_strength_correlation,mu
bivpois,0.5,0.45380174450380556,0.5993874663118715,0.09938746631187145,0.009877868459893384,0.684976145595754,0.18497614559575404,0.034216174439461594,1.4064327485379995,0.9064327485379995,0.8216203276221522,-0.4,1.161834242728283
