true_params,bivpois_eta,bivpois_estimated_ha,bivpois_eta_bias,bivpois_eta_mse,lm_eta,lm_eta_bias,lm_eta_mse,team_strength_correlation,lambda3
0.6201662270607383,0.45955173423386464,0.5833640579858581,-0.03680216907488021,0.0013543996486160691,0.39766081871345077,-0.22250540834728755,0.04950865674379318,0.5,0.2
