method,true_params,bivpois_eta,bivpois_estimated_ha,bivpois_bias,bivpois_mse,pc_eta,pc_bias,pc_mse,lm_eta,lm_bias,lm_mse,team_strength_correlation,mu
bivpois,0.5,0.33818419232595737,0.5253491532067789,0.025349153206778885,6.425795683007483e-4,0.5839871742587772,0.08398717425877722,0.007053845439974211,-0.09356725146199338,-0.5935672514619934,0.3523220820081453,0,1.161834242728283
