true_params,bivpois_eta,bivpois_estimated_ha,bivpois_eta_bias,bivpois_eta_mse,lm_eta,lm_eta_bias,lm_eta_mse,team_strength_correlation,lambda3
0.5850926995871375,0.530690080620719,0.7001051134990597,0.11501241391192218,0.013227855353847311,1.4502923976608262,0.8651996980736887,0.748570517546802,0.5,0.2
