method,true_params,bivpois_eta,bivpois_estimated_ha,bivpois_bias,bivpois_mse,pc_eta,pc_bias,pc_mse,lm_eta,lm_bias,lm_mse,team_strength_correlation,mu
bivpois,0.5,0.3707898461942731,0.40998960044632227,-0.09001039955367773,0.008101872027812708,0.5174333181125872,0.017433318112587193,3.039205804146607e-4,-1.0175438596491193,-1.5175438596491193,2.302939365958746,0,1.161834242728283
