true_params,bivpois_eta,bivpois_estimated_ha,bivpois_eta_bias,bivpois_eta_mse,lm_eta,lm_eta_bias,lm_eta_mse,team_strength_correlation,lambda3
0.34995223242686246,0.2982499242519692,0.3474985183584751,-0.002453714068387347,6.020712729401986e-6,0.017543859649125568,-0.3324083727777369,0.11049532629274289,0.5,0.2
