method,true_params,bivpois_eta,bivpois_estimated_ha,bivpois_bias,bivpois_mse,pc_eta,pc_bias,pc_mse,lm_eta,lm_bias,lm_mse,team_strength_correlation,mu
bivpois,0.5,0.3256323766226973,0.4346220547578745,-0.06537794524212548,0.0042742757240823576,0.4897774312364167,-0.010222568763583295,1.045009121261889e-4,0.675438596491233,0.17543859649123295,0.030778701138813654,0,1.161834242728283
