method,true_params,bivpois_eta,bivpois_estimated_ha,bivpois_bias,bivpois_mse,pc_eta,pc_bias,pc_mse,lm_eta,lm_bias,lm_mse,team_strength_correlation,mu
bivpois,0.5,0.27425875266369426,0.36238289703980064,-0.13761710296019936,0.01893846702715811,0.3921445466930138,-0.1078554533069862,0.011632798808055482,-0.5438596491228158,-1.0438596491228158,1.0896429670668082,0,1.161834242728283
