method,true_params,bivpois_eta,bivpois_estimated_ha,bivpois_bias,bivpois_mse,pc_eta,pc_bias,pc_mse,lm_eta,lm_bias,lm_mse,team_strength_correlation,mu
bivpois,0.5,0.3661942924622385,0.517092923362195,0.017092923362195034,2.921680290658728e-4,0.5642928009051095,0.06429280090510947,0.004133564248224045,0.09356725146200433,-0.40643274853799566,0.1651875790841496,0,1.161834242728283
