method,true_params,bivpois_eta,bivpois_estimated_ha,bivpois_bias,bivpois_mse,pc_eta,pc_bias,pc_mse,lm_eta,lm_bias,lm_mse,team_strength_correlation,mu
bivpois,0.5,0.3820297549337086,0.488726127886133,-0.01127387211386699,1.2710019243982774e-4,0.5298549082120505,0.0298549082120505,8.913155443499605e-4,1.0760233918128632,0.5760233918128632,0.33180294791559534,0,1.161834242728283
