method,true_params,bivpois_eta,bivpois_estimated_ha,bivpois_bias,bivpois_mse,pc_eta,pc_bias,pc_mse,lm_eta,lm_bias,lm_mse,team_strength_correlation,mu
bivpois,0.5,0.3582211037846102,0.5344503606731732,0.0344503606731732,0.0011868273505117185,0.6122278629724883,0.11222786297248832,0.012595093227371616,0.9298245614035259,0.4298245614035259,0.18474915358573338,0,1.161834242728283
