true_params,bivpois_eta,bivpois_estimated_ha,bivpois_eta_bias,bivpois_eta_mse,lm_eta,lm_eta_bias,lm_eta_mse,team_strength_correlation,lambda3
0.3409179797483594,0.2632650157143586,0.30117150415863514,-0.03974647558972427,0.0015797823218045475,-0.2368421052631656,-0.577760085011525,0.3338067158325246,-0.5,0
