method,true_params,bivpois_eta,bivpois_estimated_ha,bivpois_bias,bivpois_mse,pc_eta,pc_bias,pc_mse,lm_eta,lm_bias,lm_mse,team_strength_correlation
bivpois,0.4918406787328422,0.3192690929755815,0.37612157973797156,-0.11571909899487065,0.013390909872184673,0.4489622013452773,-0.042878477387564895,0.001838563823075914,-0.2280701754386037,-0.7199108541714458,0.5182716379538608,-0.5
