true_params,bivpois_eta,bivpois_estimated_ha,bivpois_eta_bias,bivpois_eta_mse,lm_eta,lm_eta_bias,lm_eta_mse,team_strength_correlation,lambda3
0.2617993552147743,0.2543347744692855,0.28960345832374323,0.027804103108968914,7.730681496941748e-4,0.20760233918129095,-0.05419701603348337,0.0029373165469336535,0.5,0.2
