method,true_params,bivpois_eta,bivpois_estimated_ha,bivpois_bias,bivpois_mse,pc_eta,pc_bias,pc_mse,lm_eta,lm_bias,lm_mse,team_strength_correlation,mu
bivpois,0.5,0.34488220398230035,0.4534424796652401,-0.046557520334759905,0.002167602699721582,0.5218215402432357,0.021821540243235682,4.761796185871544e-4,0.6929824561403557,0.1929824561403557,0.03724222837796431,0,1.161834242728283
