method,true_params,bivpois_eta,bivpois_estimated_ha,bivpois_bias,bivpois_mse,pc_eta,pc_bias,pc_mse,lm_eta,lm_bias,lm_mse,team_strength_correlation,mu
bivpois,0.5,0.2912349304027032,0.41266061797548526,-0.08733938202451474,0.007628167652424129,0.4533324317755377,-0.046667568224462275,0.002177861923984841,-0.11403508771928804,-0.614035087719288,0.37703908895043375,0,1.161834242728283
