method,true_params,bivpois_eta,bivpois_estimated_ha,bivpois_bias,bivpois_mse,pc_eta,pc_bias,pc_mse,lm_eta,lm_bias,lm_mse,team_strength_correlation,mu
bivpois,0.5,0.37750022935187333,0.5259164107628873,0.02591641076288731,6.716603468307012e-4,0.6017953193138381,0.10179531931383812,0.010362287034206264,0.16959064327485282,-0.33040935672514715,0.10917034301152555,0,1.161834242728283
