method,true_params,bivpois_eta,bivpois_estimated_ha,bivpois_bias,bivpois_mse,pc_eta,pc_bias,pc_mse,lm_eta,lm_bias,lm_mse,team_strength_correlation,mu
bivpois,0.5,0.3607227429897128,0.5683349079891082,0.06833490798910824,0.004669659649879889,0.643246000813288,0.14324600081328798,0.0205194167490005,2.6169590643274927,2.1169590643274927,4.481515680038333,0,1.161834242728283
