true_params,bivpois_eta,bivpois_estimated_ha,bivpois_eta_bias,bivpois_eta_mse,lm_eta,lm_eta_bias,lm_eta_mse,team_strength_correlation,lambda3
0.40580256329290293,0.3064402428023009,0.35858028010112064,-0.04722228319178229,0.002229944029844884,-0.7777777777777768,-1.1835803410706798,1.4008624237689866,0.5,0.2
