true_params,bivpois_eta,bivpois_estimated_ha,bivpois_eta_bias,bivpois_eta_mse,lm_eta,lm_eta_bias,lm_eta_mse,team_strength_correlation,lambda3
0.06600321961078465,-0.017605554909395707,-0.017451482628546122,-0.08345470223933077,0.00696468732585536,-0.31286549707602584,-0.3788687166868105,0.14354150448391068,0.5,0.2
