method,true_params,bivpois_eta,bivpois_estimated_ha,bivpois_bias,bivpois_mse,pc_eta,pc_bias,pc_mse,lm_eta,lm_bias,lm_mse,team_strength_correlation,mu
bivpois,0.5,0.32977507465761563,0.5188234493526671,0.01882344935266711,3.5432224553242383e-4,0.6014116611410636,0.10141166114106359,0.010284325015389907,0.33040935672514965,-0.16959064327485035,0.028760986286377545,0,1.161834242728283
