method,true_params,bivpois_eta,bivpois_estimated_ha,bivpois_bias,bivpois_mse,pc_eta,pc_bias,pc_mse,lm_eta,lm_bias,lm_mse,team_strength_correlation
bivpois,0.6581467310898006,0.42483199469894556,0.5293334619501666,-0.12881326913963398,0.01659285830643978,0.7198441515705589,0.061697420480758325,0.0038065716939794966,0.9824561403508725,0.3243094092610719,0.10517659293526542,-0.5
