true_params,bivpois_eta,bivpois_estimated_ha,bivpois_eta_bias,bivpois_eta_mse,lm_eta,lm_eta_bias,lm_eta_mse,team_strength_correlation,lambda3
0.4561925510496398,0.3735594503494535,0.4528969362065991,-0.003295614843040695,1.0861077193670145e-5,0.8245614035087618,0.36836885245912204,0.13569561146205042,-0.5,0
