method,true_params,bivpois_eta,bivpois_estimated_ha,bivpois_bias,bivpois_mse,pc_eta,pc_bias,pc_mse,lm_eta,lm_bias,lm_mse,team_strength_correlation,mu
bivpois,0.5,0.5199905584818973,0.7251666679907176,0.2251666679907176,0.050700028374042055,0.8049273694792672,0.30492736947926724,0.09298070065754556,-0.22514619883041367,-0.7251461988304136,0.5258370096781978,0,1.161834242728283
