method,true_params,bivpois_eta,bivpois_estimated_ha,bivpois_bias,bivpois_mse,pc_eta,pc_bias,pc_mse,lm_eta,lm_bias,lm_mse,team_strength_correlation,mu
bivpois,0.5,0.2810591029881243,0.4445383737258499,-0.05546162627415008,0.0030759919889734944,0.5030230696006956,0.0030230696006956492,9.138949810650152e-6,0.6111111111111208,0.11111111111112082,0.012345679012347836,0,1.161834242728283
