true_params,bivpois_eta,bivpois_estimated_ha,bivpois_eta_bias,bivpois_eta_mse,lm_eta,lm_eta_bias,lm_eta_mse,team_strength_correlation,lambda3
0.6783766870154615,0.6819441125321527,0.9777189052931257,0.29934221827766416,0.08960576364339273,2.084795321637426,1.4064186346219647,1.9780133758119114,0.5,0.2
