method,true_params,bivpois_eta,bivpois_estimated_ha,bivpois_bias,bivpois_mse,pc_eta,pc_bias,pc_mse,lm_eta,lm_bias,lm_mse,team_strength_correlation,mu
bivpois,0,0.048002303359408784,0.04795166816307728,0.04795166816307728,0.0022993624796218788,0.05607406657935654,0.05607406657935654,0.00314430094274611,-0.508771929824577,-0.508771929824577,0.2588488765774243,-0.4,1
