true_params,bivpois_eta,bivpois_estimated_ha,bivpois_eta_bias,bivpois_eta_mse,lm_eta,lm_eta_bias,lm_eta_mse,team_strength_correlation,lambda3
0.343222284807237,0.2637329725457121,0.3017805387426016,-0.04144174606463541,0.0017174183168857245,0.3596491228070233,0.016426837999786337,2.698410066712244e-4,0.5,0.2
