method,true_params,bivpois_eta,bivpois_estimated_ha,bivpois_bias,bivpois_mse,pc_eta,pc_bias,pc_mse,lm_eta,lm_bias,lm_mse,team_strength_correlation,mu
bivpois,0.5,0.3596722717442388,0.5105888285119049,0.010588828511904902,1.1212328925453018e-4,0.5639548184421989,0.06395481844219886,0.004090218801974619,0.7076023391812919,0.2076023391812919,0.043098731233544164,0,1.161834242728283
