method,true_params,bivpois_eta,bivpois_estimated_ha,bivpois_bias,bivpois_mse,pc_eta,pc_bias,pc_mse,lm_eta,lm_bias,lm_mse,team_strength_correlation,mu
bivpois,0.5,0.3190265175054547,0.4607749719025589,-0.039225028097441106,0.0015386028292450442,0.5422294055129699,0.04222940551296994,0.0017833226899788561,-0.1608187134503097,-0.6608187134503097,0.43668137204612256,0,1.161834242728283
