method,true_params,bivpois_eta,bivpois_estimated_ha,bivpois_bias,bivpois_mse,pc_eta,pc_bias,pc_mse,lm_eta,lm_bias,lm_mse,team_strength_correlation,mu
bivpois,0.5,0.3864330747399192,0.692056013406434,0.19205601340643397,0.036885512285572346,0.7692491664540224,0.2692491664540224,0.07249511363618587,0.8684210526315769,0.3684210526315769,0.13573407202215915,0,1.161834242728283
