method,true_params,bivpois_eta,bivpois_estimated_ha,bivpois_bias,bivpois_mse,pc_eta,pc_bias,pc_mse,lm_eta,lm_bias,lm_mse,team_strength_correlation,mu
bivpois,0.5,0.32998292868497275,0.527013225423627,0.027013225423627052,7.297143477876909e-4,0.5939847260019815,0.09398472600198149,0.008833128721667536,0.7865497076023396,0.28654970760233955,0.0821107349269863,0,1.161834242728283
