method,true_params,bivpois_eta,bivpois_estimated_ha,bivpois_bias,bivpois_mse,pc_eta,pc_bias,pc_mse,lm_eta,lm_bias,lm_mse,team_strength_correlation,mu
bivpois,0.5,0.3737034087805875,0.517671983661584,0.017671983661583957,3.122990065352903e-4,0.6134991090052829,0.11349910900528293,0.012882047744993096,2.543859649122824,2.043859649122824,4.177362265312472,0,1.161834242728283
