method,true_params,bivpois_eta,bivpois_estimated_ha,bivpois_bias,bivpois_mse,pc_eta,pc_bias,pc_mse,lm_eta,lm_bias,lm_mse,team_strength_correlation,mu
bivpois,0.5,0.3205680501884442,0.3822030817906026,-0.11779691820939742,0.013876113939631465,0.44227899115242275,-0.05772100884757725,0.003331714862382091,1.0087719298245577,0.5087719298245577,0.25884887657740463,0,1.161834242728283
