method,true_params,bivpois_eta,bivpois_estimated_ha,bivpois_bias,bivpois_mse,pc_eta,pc_bias,pc_mse,lm_eta,lm_bias,lm_mse,team_strength_correlation,mu
bivpois,0.5,0.238279086111055,0.32020076852726254,-0.17979923147273746,0.032327763638187026,0.34446771362376377,-0.15553228637623623,0.024190292105419557,0.8888888888888933,0.3888888888888933,0.151234567901238,0,1.161834242728283
