method,true_params,bivpois_eta,bivpois_estimated_ha,bivpois_bias,bivpois_mse,pc_eta,pc_bias,pc_mse,lm_eta,lm_bias,lm_mse,team_strength_correlation,mu
bivpois,0.5,0.4076794586246014,0.5825456551310089,0.08254565513100887,0.0068137851810074505,0.6785657498297347,0.17856574982973472,0.03188572701225541,0.8011695906432758,0.30116959064327575,0.0907031223282383,0,1.161834242728283
