true_params,bivpois_eta,bivpois_estimated_ha,bivpois_eta_bias,bivpois_eta_mse,lm_eta,lm_eta_bias,lm_eta_mse,team_strength_correlation,lambda3
0.5460840131086655,0.43833343883712894,0.5501216920310901,0.00403767892242457,1.630285108059164e-5,0.7134502923976546,0.16736627928898906,0.02801147144303989,0.5,0.2
