true_params,bivpois_eta,bivpois_estimated_ha,bivpois_eta_bias,bivpois_eta_mse,lm_eta,lm_eta_bias,lm_eta_mse,team_strength_correlation,lambda3
0.3119245829402404,0.3866186393935604,0.4719950233042942,0.16007044036405382,0.02562254587834211,1.1725146198830263,0.8605900369427859,0.7406152116851856,0.5,0.2
