method,true_params,bivpois_eta,bivpois_estimated_ha,bivpois_bias,bivpois_mse,pc_eta,pc_bias,pc_mse,lm_eta,lm_bias,lm_mse,team_strength_correlation,mu
bivpois,0.5,0.40022505670353825,0.492575159222467,-0.007424840777533026,5.512826057171723e-5,0.553110601400026,0.05311060140002599,0.002820735981072443,1.0497076023391712,0.5497076023391712,0.3021784480694803,0,1.161834242728283
