method,true_params,bivpois_eta,bivpois_estimated_ha,bivpois_bias,bivpois_mse,pc_eta,pc_bias,pc_mse,lm_eta,lm_bias,lm_mse,team_strength_correlation,mu
bivpois,0.5,0.3267062236470042,0.4033239560329942,-0.0966760439670058,0.009346257477110438,0.4562986434225656,-0.0437013565774344,0.0019098085667080692,0.38304093567251696,-0.11695906432748304,0.013679422728360317,0,1.161834242728283
