true_params,bivpois_eta,bivpois_estimated_ha,bivpois_eta_bias,bivpois_eta_mse,lm_eta,lm_eta_bias,lm_eta_mse,team_strength_correlation,lambda3
0.31880180488059956,0.18852573888684707,0.20746816147303004,-0.11133364340756952,0.012395180154403848,0.2894736842105335,-0.02932812067006607,8.601386620379568e-4,0.5,0.2
