true_params,bivpois_eta,bivpois_estimated_ha,bivpois_eta_bias,bivpois_eta_mse,lm_eta,lm_eta_bias,lm_eta_mse,team_strength_correlation,lambda3
0.04096146366577474,0.011877571066209167,0.0119483895194199,-0.029013074146354838,8.417584714218835e-4,-0.35087719298244796,-0.3918386566482227,0.15353753284388377,0.5,0.2
