method,true_params,bivpois_eta,bivpois_estimated_ha,bivpois_bias,bivpois_mse,pc_eta,pc_bias,pc_mse,lm_eta,lm_bias,lm_mse,team_strength_correlation,mu
bivpois,0.5,0.37828066286732687,0.5393258125788982,0.03932581257889822,0.0015465195349906296,0.5848895652269328,0.0848895652269328,0.00720623828441768,1.2368421052631593,0.7368421052631593,0.5429362880886447,0,1.161834242728283
