true_params,bivpois_eta,bivpois_estimated_ha,bivpois_eta_bias,bivpois_eta_mse,lm_eta,lm_eta_bias,lm_eta_mse,team_strength_correlation,lambda3
0.2885540048232467,0.21533211449874098,0.2402737414644598,-0.048280263358786935,0.002330983829993824,0.429824561403505,0.14127055658025828,0.019957370156495954,0.5,0.2
