method,true_params,bivpois_eta,bivpois_estimated_ha,bivpois_bias,bivpois_mse,pc_eta,pc_bias,pc_mse,lm_eta,lm_bias,lm_mse,team_strength_correlation,mu
bivpois,0.5,0.4085027790818426,0.5265336039434712,0.02653360394347115,7.040321382289879e-4,0.5647646715460642,0.06476467154606425,0.004194462680469584,0.5906432748538142,0.09064327485381418,0.008216203276224103,0,1.161834242728283
