true_params,bivpois_eta,bivpois_estimated_ha,bivpois_eta_bias,bivpois_eta_mse,lm_eta,lm_eta_bias,lm_eta_mse,team_strength_correlation,lambda3
0.6184134192740639,0.5524214492013285,0.7374550874990806,0.11904166822501672,0.014170918773794955,-0.13450292397660987,-0.7529163432506738,0.5668830199339665,0.5,0.2
