method,true_params,bivpois_eta,bivpois_estimated_ha,bivpois_bias,bivpois_mse,pc_eta,pc_bias,pc_mse,lm_eta,lm_bias,lm_mse,team_strength_correlation,mu
bivpois,0.5,0.29704594427197034,0.3943090744611639,-0.10569092553883608,0.011170571741255792,0.4622309877917758,-0.037769012208224206,0.0014264982831849891,0.5438596491228215,0.043859649122821476,0.0019236688211770147,0,1.161834242728283
