method,true_params,bivpois_eta,bivpois_estimated_ha,bivpois_bias,bivpois_mse,pc_eta,pc_bias,pc_mse,lm_eta,lm_bias,lm_mse,team_strength_correlation,mu
bivpois,0.5,0.2831813421197204,0.41640832265744265,-0.08359167734255735,0.006987568520942215,0.45784291483488065,-0.042157085165119346,0.0017772198296191256,0.6023391812865464,0.1023391812865464,0.010473308026400608,0,1.161834242728283
