true_params,bivpois_eta,bivpois_estimated_ha,bivpois_eta_bias,bivpois_eta_mse,lm_eta,lm_eta_bias,lm_eta_mse,team_strength_correlation,lambda3
0.3635738866945206,0.30671793497270755,0.35895759959468343,-0.004616287099837191,2.131010658812326e-5,1.3040935672514475,0.9405196805569269,0.8845772695149039,0.5,0.2
