method,true_params,bivpois_eta,bivpois_estimated_ha,bivpois_bias,bivpois_mse,pc_eta,pc_bias,pc_mse,lm_eta,lm_bias,lm_mse,team_strength_correlation,mu
bivpois,0.5,0.2573742963069461,0.3176086770395137,-0.18239132296048632,0.03326659469127643,0.3634121496153349,-0.1365878503846651,0.018656240872703653,0.043859649122803095,-0.4561403508771969,0.2080640196983723,0,1.161834242728283
