method,true_params,bivpois_eta,bivpois_estimated_ha,bivpois_bias,bivpois_mse,pc_eta,pc_bias,pc_mse,lm_eta,lm_bias,lm_mse,team_strength_correlation,mu
bivpois,0.5,0.3514221965456065,0.4456387253521099,-0.05436127464789009,0.002955148181343338,0.4944784693084239,-0.005521530691576126,3.0487301178017138e-5,-0.10818713450293391,-0.6081871345029339,0.36989159057488985,0,1.161834242728283
