true_params,bivpois_eta,bivpois_estimated_ha,bivpois_eta_bias,bivpois_eta_mse,lm_eta,lm_eta_bias,lm_eta_mse,team_strength_correlation,lambda3
0.1438852850117912,0.15630724523069675,0.16918537454031402,0.025300089528522807,6.400945301512694e-4,0.5380116959064302,0.39412641089463896,0.1553356277646898,0.5,0.2
