method,true_params,bivpois_eta,bivpois_estimated_ha,bivpois_bias,bivpois_mse,pc_eta,pc_bias,pc_mse,lm_eta,lm_bias,lm_mse,team_strength_correlation,mu
bivpois,0.5,0.352328179101055,0.44321076524637615,-0.05678923475362385,0.003225017183902199,0.49671177548066947,-0.0032882245193305293,1.081242048952649e-5,0.005847953216375033,-0.49415204678362495,0.24418624534044586,0,1.161834242728283
