method,true_params,bivpois_eta,bivpois_estimated_ha,bivpois_bias,bivpois_mse,pc_eta,pc_bias,pc_mse,lm_eta,lm_bias,lm_mse,team_strength_correlation,mu
bivpois,0.5,0.36045807706927685,0.5343882481971962,0.034388248197196214,0.0011825516140719686,0.6121154721121167,0.1121154721121167,0.012569879086922817,-0.5701754385964815,-1.0701754385964815,1.1452754693751714,0,1.161834242728283
