true_params,bivpois_eta,bivpois_estimated_ha,bivpois_eta_bias,bivpois_eta_mse,lm_eta,lm_eta_bias,lm_eta_mse,team_strength_correlation,lambda3
0.6821622821177763,0.5038448093773962,0.6550724914951243,-0.027089790622652044,7.338567559791266e-4,0.8918128654970802,0.20965058337930387,0.04395336711128244,0.5,0.2
