method,true_params,bivpois_eta,bivpois_estimated_ha,bivpois_bias,bivpois_mse,pc_eta,pc_bias,pc_mse,lm_eta,lm_bias,lm_mse,team_strength_correlation,mu
bivpois,0.5,0.4237778381094596,0.551748927227554,0.051748927227553976,0.002677951469202677,0.5874494112153463,0.08744941121534633,0.00764739952191074,0.9561403508771977,0.45614035087719773,0.20806401969837307,0,1.161834242728283
