true_params,bivpois_eta,bivpois_estimated_ha,bivpois_eta_bias,bivpois_eta_mse,lm_eta,lm_eta_bias,lm_eta_mse,team_strength_correlation,lambda3
0.6528780414430065,0.6190081120444081,0.8570851076545327,0.20420706621152618,0.04170052589071864,0.6754385964912298,0.022560555048223296,5.089786440839137e-4,0.5,0.2
