method,true_params,bivpois_eta,bivpois_estimated_ha,bivpois_bias,bivpois_mse,pc_eta,pc_bias,pc_mse,lm_eta,lm_bias,lm_mse,team_strength_correlation,mu
bivpois,0.5,0.4102937273202651,0.5576932506515473,0.05769325065154729,0.0033285111707422616,0.5982975872424801,0.09829758724248006,0.009662415657692977,0.44736842105264607,-0.05263157894735393,0.0027700831024915495,0,1.161834242728283
