method,true_params,bivpois_eta,bivpois_estimated_ha,bivpois_bias,bivpois_mse,pc_eta,pc_bias,pc_mse,lm_eta,lm_bias,lm_mse,team_strength_correlation,mu
bivpois,0.5,0.42005803624831395,0.5666824796469048,0.06668247964690477,0.0044465530918598685,0.6436353549755484,0.14363535497554836,0.020631115198951784,0.061403508771929495,-0.4385964912280705,0.1923668821175749,0,1.161834242728283
