method,true_params,bivpois_eta,bivpois_estimated_ha,bivpois_bias,bivpois_mse,pc_eta,pc_bias,pc_mse,lm_eta,lm_bias,lm_mse,team_strength_correlation,mu
bivpois,0,-0.03600409078049995,-0.036335495533222906,-0.036335495533222906,0.0013202682356448618,-0.04446532168857553,-0.04446532168857553,0.0019771648328685055,-0.23099415204678636,-0.23099415204678636,0.05335829827981386,-0.4,1
