method,true_params,bivpois_eta,bivpois_estimated_ha,bivpois_bias,bivpois_mse,pc_eta,pc_bias,pc_mse,lm_eta,lm_bias,lm_mse,team_strength_correlation,mu
bivpois,0.5,0.24809237957778824,0.2730607704867767,-0.22693922951322332,0.051501413892055446,0.33146284685354427,-0.16853715314645573,0.028404771990711872,0.13742690058479962,-0.3625730994152004,0.1314592524195448,0,1.161834242728283
