true_params,bivpois_eta,bivpois_estimated_ha,bivpois_eta_bias,bivpois_eta_mse,lm_eta,lm_eta_bias,lm_eta_mse,team_strength_correlation,lambda3
0.3668840000290692,0.3794978327210955,0.4615504623037032,0.09466646227463404,0.00896173907959471,0.640350877192987,0.2734668771639178,0.07478413290578532,0.5,0.2
