true_params,bivpois_eta,bivpois_estimated_ha,bivpois_eta_bias,bivpois_eta_mse,lm_eta,lm_eta_bias,lm_eta_mse,team_strength_correlation,lambda3
0.22811370310445636,0.09409671482477454,0.09866599806850074,-0.12944770503595562,0.01675670833907577,-0.08187134502923818,-0.30998504813369454,0.09609073006644892,0.5,0.2
