method,true_params,bivpois_eta,bivpois_estimated_ha,bivpois_bias,bivpois_mse,pc_eta,pc_bias,pc_mse,lm_eta,lm_bias,lm_mse,team_strength_correlation,mu
bivpois,0.5,0.3341754604485,0.49614344469800686,-0.0038565553019931365,1.4873018797331372e-5,0.5687350686661719,0.06873506866617185,0.00472450966454336,1.646198830409354,1.146198830409354,1.313771758831771,0,1.161834242728283
