method,true_params,bivpois_eta,bivpois_estimated_ha,bivpois_bias,bivpois_mse,pc_eta,pc_bias,pc_mse,lm_eta,lm_bias,lm_mse,team_strength_correlation,mu
bivpois,0.5,0.25473795880684336,0.29551032454064763,-0.20448967545935237,0.04181602736947126,0.33217210651274226,-0.16782789348725774,0.028166201832370327,0.24269005847952432,-0.2573099415204757,0.06620840600527063,0,1.161834242728283
