method,true_params,bivpois_eta,bivpois_estimated_ha,bivpois_bias,bivpois_mse,pc_eta,pc_bias,pc_mse,lm_eta,lm_bias,lm_mse,team_strength_correlation,mu
bivpois,0.5,0.3274878414359232,0.4231082908449266,-0.07689170915507337,0.005912334936788394,0.48582773778089805,-0.01417226221910195,2.0085301640698452e-4,1.1842105263157892,0.6842105263157892,0.4681440443213292,0,1.161834242728283
