method,true_params,bivpois_eta,bivpois_estimated_ha,bivpois_bias,bivpois_mse,pc_eta,pc_bias,pc_mse,lm_eta,lm_bias,lm_mse,team_strength_correlation,mu
bivpois,0,-0.141450741456413,-0.14933672554219612,-0.14933672554219612,0.022301457595665212,-0.17437952115184652,-0.17437952115184652,0.03040821739714729,-0.3099415204678384,-0.3099415204678384,0.0960637461099155,-0.4,1
