method,true_params,bivpois_eta,bivpois_estimated_ha,bivpois_bias,bivpois_mse,pc_eta,pc_bias,pc_mse,lm_eta,lm_bias,lm_mse,team_strength_correlation,mu
bivpois,0.5,0.3823244613885349,0.6277304701969795,0.12773047019697947,0.016315073016741462,0.6949861787938999,0.1949861787938999,0.0380196099206467,0.28654970760233867,-0.21345029239766133,0.04556102732464712,0,1.161834242728283
