method,true_params,bivpois_eta,bivpois_estimated_ha,bivpois_bias,bivpois_mse,pc_eta,pc_bias,pc_mse,lm_eta,lm_bias,lm_mse,team_strength_correlation,mu
bivpois,0,0.08031177847624472,0.10154098189235738,0.10154098189235738,0.010310571003664051,0.11135325367817278,0.11135325367817278,0.0123995471047155,0.15497076023391707,0.15497076023391707,0.024015936527478212,-0.8,1.3498588075760032
