method,true_params,bivpois_eta,bivpois_estimated_ha,bivpois_bias,bivpois_mse,pc_eta,pc_bias,pc_mse,lm_eta,lm_bias,lm_mse,team_strength_correlation,mu
bivpois,0,0.10900109451483475,0.1672621363571165,0.1672621363571165,0.027976622258746635,0.1832828126813011,0.1832828126813011,0.0335925894243689,0.5672514619883113,0.5672514619883113,0.3217742211278766,-0.8,1.3498588075760032
