method,true_params,bivpois_eta,bivpois_estimated_ha,bivpois_bias,bivpois_mse,pc_eta,pc_bias,pc_mse,lm_eta,lm_bias,lm_mse,team_strength_correlation,mu
bivpois,0,-0.001158391725225769,-0.0016366269572529735,-0.0016366269572529735,2.678547797207126e-6,-0.0028320841840872926,-0.0028320841840872926,8.020700825757386e-6,-0.5497076023391836,-0.5497076023391836,0.302178448069494,-0.8,1.3498588075760032
