method,true_params,bivpois_eta,bivpois_estimated_ha,bivpois_bias,bivpois_mse,pc_eta,pc_bias,pc_mse,lm_eta,lm_bias,lm_mse,team_strength_correlation,mu
bivpois,0,0.07800077220654397,0.11085833311048376,0.11085833311048376,0.01228957002003498,0.11357948240578546,0.11357948240578546,0.012900298823566128,-0.4590643274853782,-0.4590643274853782,0.21074005676960253,-0.8,1.3498588075760032
