method,true_params,bivpois_eta,bivpois_estimated_ha,bivpois_bias,bivpois_mse,pc_eta,pc_bias,pc_mse,lm_eta,lm_bias,lm_mse,team_strength_correlation,mu
bivpois,0,-0.008102679229312713,-0.008332817089995448,-0.008332817089995448,6.94358406553202e-5,-0.008491209089901914,-0.008491209089901914,7.210063180843289e-5,-0.5467836257309886,-0.5467836257309886,0.2989723333675258,-0.4,1
