method,true_params,bivpois_eta,bivpois_estimated_ha,bivpois_bias,bivpois_mse,pc_eta,pc_bias,pc_mse,lm_eta,lm_bias,lm_mse,team_strength_correlation,mu
bivpois,0,-0.030417592688778194,-0.04219583626387835,-0.04219583626387835,0.0017804885980080313,-0.04962494833841336,-0.04962494833841336,0.002462635497590195,0.49999999999999756,0.49999999999999756,0.24999999999999756,-0.8,1.3498588075760032
