method,true_params,bivpois_eta,bivpois_estimated_ha,bivpois_bias,bivpois_mse,pc_eta,pc_bias,pc_mse,lm_eta,lm_bias,lm_mse,team_strength_correlation,mu
bivpois,0,-0.08377455843880788,-0.10994172875055708,-0.10994172875055708,0.012087183720661069,-0.12356524366169337,-0.12356524366169337,0.015268369441173654,0.3040935672514602,0.3040935672514602,0.09247289764371834,-0.8,1.3498588075760032
