method,true_params,bivpois_eta,bivpois_estimated_ha,bivpois_bias,bivpois_mse,pc_eta,pc_bias,pc_mse,lm_eta,lm_bias,lm_mse,team_strength_correlation,mu
bivpois,0,0.019302565875851677,0.02603676206436556,0.02603676206436556,6.779129787963855e-4,0.03222846047573233,0.03222846047573233,0.0010386736646358409,0.5730994152046736,0.5730994152046736,0.3284429397079388,-0.8,1.3498588075760032
