method,true_params,bivpois_eta,bivpois_estimated_ha,bivpois_bias,bivpois_mse,pc_eta,pc_bias,pc_mse,lm_eta,lm_bias,lm_mse,team_strength_correlation,mu
bivpois,0,0.03961916158666308,0.05688525962606317,0.05688525962606317,0.003235932762724612,0.06999014650428277,0.06999014650428277,0.0048986206076909655,-0.01754385964910676,-0.01754385964910676,3.077870113875564e-4,-0.8,1.3498588075760032
