method,true_params,bivpois_eta,bivpois_estimated_ha,bivpois_bias,bivpois_mse,pc_eta,pc_bias,pc_mse,lm_eta,lm_bias,lm_mse,team_strength_correlation
bivpois,0.012322891037911177,0.0064877915994758055,0.006508882906726132,-0.0058140081311850444,3.380269054948581e-5,0.012565082052674807,2.4219101476363053e-4,5.8656487632237104e-8,0.8245614035087677,0.8122385124708565,0.6597314011408698,-0.5
