method,true_params,bivpois_eta,bivpois_estimated_ha,bivpois_bias,bivpois_mse,pc_eta,pc_bias,pc_mse,lm_eta,lm_bias,lm_mse,team_strength_correlation,mu
bivpois,0,-0.04545901873844064,-0.04531781973351112,-0.04531781973351112,0.00205370478539901,-0.05067359198243059,-0.05067359198243059,0.002567812924401854,-0.33333333333333165,-0.33333333333333165,0.11111111111111,-0.4,1
