method,true_params,bivpois_eta,bivpois_estimated_ha,bivpois_bias,bivpois_mse,pc_eta,pc_bias,pc_mse,lm_eta,lm_bias,lm_mse,team_strength_correlation,mu
bivpois,0,-0.038796666566568334,-0.04885728665124223,-0.04885728665124223,0.0023870344589216517,-0.05644232583657864,-0.05644232583657864,0.0031857361458425128,0.6754385964912454,0.6754385964912454,0.4562172976300634,-0.8,1.3498588075760032
