method,true_params,bivpois_eta,bivpois_estimated_ha,bivpois_bias,bivpois_mse,pc_eta,pc_bias,pc_mse,lm_eta,lm_bias,lm_mse,team_strength_correlation,mu
bivpois,0,-0.11032792864294806,-0.14632671655042806,-0.14632671655042806,0.021411507976429316,-0.16256654608406185,-0.16256654608406185,0.026427881905701403,-0.09941520467835606,-0.09941520467835606,0.009883382921239428,-0.8,1.3498588075760032
