method,true_params,bivpois_eta,bivpois_estimated_ha,bivpois_bias,bivpois_mse,pc_eta,pc_bias,pc_mse,lm_eta,lm_bias,lm_mse,team_strength_correlation,mu
bivpois,0,0.05949935799300225,0.07387785450641426,0.07387785450641426,0.005457937386470915,0.08587882768177257,0.08587882768177257,0.007375173043995587,-0.42982456140351105,-0.42982456140351105,0.18474915358572064,-0.8,1.3498588075760032
