method,true_params,bivpois_eta,bivpois_estimated_ha,bivpois_bias,bivpois_mse,pc_eta,pc_bias,pc_mse,lm_eta,lm_bias,lm_mse,team_strength_correlation,mu
bivpois,0,-0.08771491267068289,-0.11371203162111065,-0.11371203162111065,0.012930426135400469,-0.12914646959576653,-0.12914646959576653,0.01667881060905025,0.032163742690053586,0.032163742690053586,0.0010345063438319754,-0.8,1.3498588075760032
