method,true_params,bivpois_eta,bivpois_estimated_ha,bivpois_bias,bivpois_mse,pc_eta,pc_bias,pc_mse,lm_eta,lm_bias,lm_mse,team_strength_correlation,mu
bivpois,0,-0.002851502999265164,-0.0037789355761854715,-0.0037789355761854715,1.4280354088960222e-5,-0.0035531372851787106,-0.0035531372851787106,1.2624784567327138e-5,0.44736842105262836,0.44736842105262836,0.20013850415512177,-0.8,1.3498588075760032
