method,true_params,bivpois_eta,bivpois_estimated_ha,bivpois_bias,bivpois_mse,pc_eta,pc_bias,pc_mse,lm_eta,lm_bias,lm_mse,team_strength_correlation,mu
bivpois,0,0.0140608574326408,0.019857542305525833,0.019857542305525833,3.943219864157482e-4,0.025211181365797832,0.025211181365797832,6.356036658591519e-4,-0.5818713450292601,-0.5818713450292601,0.3385742621661602,-0.8,1.3498588075760032
