method,true_params,bivpois_eta,bivpois_estimated_ha,bivpois_bias,bivpois_mse,pc_eta,pc_bias,pc_mse,lm_eta,lm_bias,lm_mse,team_strength_correlation,mu
bivpois,0,0.029393946598496062,0.03581349236015208,0.03581349236015208,0.0012826062350306713,0.044073120793645754,0.044073120793645754,0.0019424399764912898,0.5672514619882975,0.5672514619882975,0.32177422112786086,-0.8,1.3498588075760032
