method,true_params,bivpois_eta,bivpois_estimated_ha,bivpois_bias,bivpois_mse,pc_eta,pc_bias,pc_mse,lm_eta,lm_bias,lm_mse,team_strength_correlation,mu
bivpois,0,0.0343897119254135,0.04463396321091806,0.04463396321091806,0.001992190671913587,0.048377018324946515,0.048377018324946515,0.002340335902012211,0.5584795321637366,0.5584795321637366,0.3118993878458261,-0.8,1.3498588075760032
