method,true_params,bivpois_eta,bivpois_estimated_ha,bivpois_bias,bivpois_mse,pc_eta,pc_bias,pc_mse,lm_eta,lm_bias,lm_mse,team_strength_correlation,mu
bivpois,0,-0.05024346632632158,-0.06512230226404192,-0.06512230226404192,0.00424091425216924,-0.06532288211518712,-0.06532288211518712,0.0042670789278346334,0.576023391812874,0.576023391812874,0.3318029479156077,-0.8,1.3498588075760032
