method,true_params,bivpois_eta,bivpois_estimated_ha,bivpois_bias,bivpois_mse,pc_eta,pc_bias,pc_mse,lm_eta,lm_bias,lm_mse,team_strength_correlation,mu
bivpois,0,-0.011698124639396557,-0.014939228128089788,-0.014939228128089788,2.231805370631091e-4,-0.01406639762540617,-0.01406639762540617,1.978635421560323e-4,-0.0906432748537964,-0.0906432748537964,0.00821620327622088,-0.8,1.3498588075760032
