method,true_params,bivpois_eta,bivpois_estimated_ha,bivpois_bias,bivpois_mse,pc_eta,pc_bias,pc_mse,lm_eta,lm_bias,lm_mse,team_strength_correlation,mu
bivpois,0,0.03857084576027445,0.05672653323463228,0.05672653323463228,0.003217899572819841,0.06536840419342518,0.06536840419342518,0.004273028266795007,-0.125730994152053,-0.125730994152053,0.015808282890463585,-0.8,1.3498588075760032
