method,true_params,bivpois_eta,bivpois_estimated_ha,bivpois_bias,bivpois_mse,pc_eta,pc_bias,pc_mse,lm_eta,lm_bias,lm_mse,team_strength_correlation,mu
bivpois,0,-0.016453979251905504,-0.014457601837668532,-0.014457601837668532,2.0902225089655652e-4,-0.016219093857209804,-0.016219093857209804,2.6305900554898077e-4,-0.3684210526315877,-0.3684210526315877,0.1357340720221671,-0.4,1
