method,true_params,bivpois_eta,bivpois_estimated_ha,bivpois_bias,bivpois_mse,pc_eta,pc_bias,pc_mse,lm_eta,lm_bias,lm_mse,team_strength_correlation,mu
bivpois,0,-0.017697219806815326,-0.02345483101378143,-0.02345483101378143,5.501290978850432e-4,-0.02312004053476533,-0.02312004053476533,5.345362743291919e-4,1.0292397660818833,1.0292397660818833,1.0593344960842899,-0.8,1.3498588075760032
