method,true_params,bivpois_eta,bivpois_estimated_ha,bivpois_bias,bivpois_mse,pc_eta,pc_bias,pc_mse,lm_eta,lm_bias,lm_mse,team_strength_correlation,mu
bivpois,0,0.1290127537607253,0.18444245371986145,0.18444245371986145,0.03401901873420323,0.18890313966547928,0.18890313966547928,0.03568439617547557,-0.26900584795319066,-0.26900584795319066,0.07236414623301513,-0.8,1.3498588075760032
