method,true_params,bivpois_eta,bivpois_estimated_ha,bivpois_bias,bivpois_mse,pc_eta,pc_bias,pc_mse,lm_eta,lm_bias,lm_mse,team_strength_correlation,mu
bivpois,0,-0.03405802996553119,-0.04708855766923992,-0.04708855766923992,0.0022173322633693335,-0.053335691784296216,-0.053335691784296216,0.002844696018109443,0.11988304093565737,0.11988304093565737,0.0143719435039805,-0.8,1.3498588075760032
