true_params,bivpois_eta,bivpois_estimated_ha,bivpois_eta_bias,bivpois_eta_mse,lm_eta,lm_eta_bias,lm_eta_mse,team_strength_correlation,lambda3
0.0889268510858908,0.04127421816846333,0.04213783949660188,-0.046789011589288915,0.0021892116055026124,-0.5029239766081937,-0.5918508276940845,0.35028740224217286,-0.5,0
