method,true_params,bivpois_eta,bivpois_estimated_ha,bivpois_bias,bivpois_mse,pc_eta,pc_bias,pc_mse,lm_eta,lm_bias,lm_mse,team_strength_correlation,mu
bivpois,0,-0.08679394751050924,-0.0929213664178159,-0.0929213664178159,0.008634380336954003,-0.09985685679067179,-0.09985685679067179,0.009971391848112734,0.3362573099415198,0.3362573099415198,0.11306897848910732,-0.4,1
