method,true_params,bivpois_eta,bivpois_estimated_ha,bivpois_bias,bivpois_mse,pc_eta,pc_bias,pc_mse,lm_eta,lm_bias,lm_mse,team_strength_correlation
bivpois,0.12829432706348598,0.062281344196707056,0.06426172647192097,-0.06403260059156501,0.004100173938518892,0.07989514880029602,-0.04839917826318996,0.0023424804565520393,-0.5321637426900738,-0.6604580697535598,0.43620486190259805,-0.5
