method,true_params,bivpois_eta,bivpois_estimated_ha,bivpois_bias,bivpois_mse,pc_eta,pc_bias,pc_mse,lm_eta,lm_bias,lm_mse,team_strength_correlation,mu
bivpois,0,-0.03459149888270908,-0.04697655926920197,-0.04697655926920197,0.002206797120772845,-0.04908832836677825,-0.04908832836677825,0.0024096639818446458,0.44444444444444614,0.44444444444444614,0.19753086419753238,-0.8,1.3498588075760032
