method,true_params,bivpois_eta,bivpois_estimated_ha,bivpois_bias,bivpois_mse,pc_eta,pc_bias,pc_mse,lm_eta,lm_bias,lm_mse,team_strength_correlation,mu
bivpois,0,0.022402067450806532,0.031065573777677047,0.031065573777677047,9.650698741362957e-4,0.027649958892653703,0.027649958892653703,7.645202267654396e-4,0.19005847953218719,0.19005847953218719,0.036122225642086815,-0.8,1.3498588075760032
