method,true_params,bivpois_eta,bivpois_estimated_ha,bivpois_bias,bivpois_mse,pc_eta,pc_bias,pc_mse,lm_eta,lm_bias,lm_mse,team_strength_correlation
bivpois,0.575690244557336,0.4591950839661251,0.5827994514601673,0.007109206902831344,5.0540822787264835e-5,0.6283125959606899,0.05262235140335392,0.002769111867218064,0.4122807017543782,-0.16340954280295777,0.02670267867907169,-0.5
