method,true_params,bivpois_eta,bivpois_estimated_ha,bivpois_bias,bivpois_mse,pc_eta,pc_bias,pc_mse,lm_eta,lm_bias,lm_mse,team_strength_correlation,mu
bivpois,0,0.08459740387249859,0.10642359812270819,0.10642359812270819,0.011325982237383698,0.12540136484698347,0.12540136484698347,0.01572550230548626,-0.14035087719298886,-0.14035087719298886,0.01969836872884144,-0.8,1.3498588075760032
