method,true_params,bivpois_eta,bivpois_estimated_ha,bivpois_bias,bivpois_mse,pc_eta,pc_bias,pc_mse,lm_eta,lm_bias,lm_mse,team_strength_correlation,mu
bivpois,0,0.06436591598209042,0.08300922168844949,0.08300922168844949,0.006890530885322152,0.10180034678658616,0.10180034678658616,0.010363310605869203,0.1081871345029244,0.1081871345029244,0.011704456071953855,-0.8,1.3498588075760032
