method,true_params,bivpois_eta,bivpois_estimated_ha,bivpois_bias,bivpois_mse,pc_eta,pc_bias,pc_mse,lm_eta,lm_bias,lm_mse,team_strength_correlation,mu
bivpois,0,0.0819971767991492,0.10340055870073583,0.10340055870073583,0.010691675539624317,0.11836798410185165,0.11836798410185165,0.014010979660336204,-0.0730994152046779,-0.0730994152046779,0.005343524503265895,-0.8,1.3498588075760032
