method,true_params,bivpois_eta,bivpois_estimated_ha,bivpois_bias,bivpois_mse,pc_eta,pc_bias,pc_mse,lm_eta,lm_bias,lm_mse,team_strength_correlation,mu
bivpois,0,0.06934293115313439,0.08923675756933913,0.08923675756933913,0.007963198901489004,0.10572142340886748,0.10572142340886748,0.011177019367597033,-0.4444444444444303,-0.4444444444444303,0.1975308641975183,-0.8,1.3498588075760032
