method,true_params,bivpois_eta,bivpois_estimated_ha,bivpois_bias,bivpois_mse,pc_eta,pc_bias,pc_mse,lm_eta,lm_bias,lm_mse,team_strength_correlation,mu
bivpois,0,-0.031172970414358035,-0.03812673137612932,-0.03812673137612932,0.001453647645427524,-0.04121230641794264,-0.04121230641794264,0.0016984542002863963,0.04678362573099884,0.04678362573099884,0.0021887076365381766,-0.8,1.3498588075760032
