method,true_params,bivpois_eta,bivpois_estimated_ha,bivpois_bias,bivpois_mse,pc_eta,pc_bias,pc_mse,lm_eta,lm_bias,lm_mse,team_strength_correlation,mu
bivpois,0,-0.10696976931845219,-0.12706148849309584,-0.12706148849309584,0.01614462185808113,-0.1368704117101466,-0.1368704117101466,0.018733509601705035,-0.23684210526315366,-0.23684210526315366,0.05609418282548276,-0.8,1.3498588075760032
