method,true_params,bivpois_eta,bivpois_estimated_ha,bivpois_bias,bivpois_mse,pc_eta,pc_bias,pc_mse,lm_eta,lm_bias,lm_mse,team_strength_correlation,mu
bivpois,0,0.05485007207915503,0.07966087641411335,0.07966087641411335,0.00634585523106464,0.09075944976412656,0.09075944976412656,0.008237277721487012,-0.26023391812867436,-0.26023391812867436,0.0677216921446016,-0.8,1.3498588075760032
