method,true_params,bivpois_eta,bivpois_estimated_ha,bivpois_bias,bivpois_mse,pc_eta,pc_bias,pc_mse,lm_eta,lm_bias,lm_mse,team_strength_correlation,mu
bivpois,0,0.009668078839103318,0.009585174430608356,0.009585174430608356,9.187556886518823e-5,0.011741192738718839,0.011741192738718839,1.37855606927744e-4,0.4883040935672447,0.4883040935672447,0.23844088779452846,-0.4,1
