method,true_params,bivpois_eta,bivpois_estimated_ha,bivpois_bias,bivpois_mse,pc_eta,pc_bias,pc_mse,lm_eta,lm_bias,lm_mse,team_strength_correlation,mu
bivpois,0,0.08991760897848455,0.12019732219137214,0.12019732219137214,0.01444739626197652,0.13387763477068265,0.13387763477068265,0.017923221091792296,0.24269005847953418,0.24269005847953418,0.05889846448479972,-0.8,1.3498588075760032
