method,true_params,bivpois_eta,bivpois_estimated_ha,bivpois_bias,bivpois_mse,pc_eta,pc_bias,pc_mse,lm_eta,lm_bias,lm_mse,team_strength_correlation,mu
bivpois,0,-0.07531224658095069,-0.11158305808980518,-0.11158305808980518,0.012450778852672836,-0.12611837067944978,-0.12611837067944978,0.0159058434228391,-0.4678362573099362,-0.4678362573099362,0.21887076365376884,-0.8,1.3498588075760032
