method,true_params,bivpois_eta,bivpois_estimated_ha,bivpois_bias,bivpois_mse,pc_eta,pc_bias,pc_mse,lm_eta,lm_bias,lm_mse,team_strength_correlation,mu
bivpois,0,0.012316467356906127,0.015769024555658318,0.015769024555658318,2.4866213543695497e-4,0.014733815219511394,0.014733815219511394,2.170853109227056e-4,0.31286549707602973,0.31286549707602973,0.09788481926063117,-0.8,1.3498588075760032
