method,true_params,bivpois_eta,bivpois_estimated_ha,bivpois_bias,bivpois_mse,pc_eta,pc_bias,pc_mse,lm_eta,lm_bias,lm_mse,team_strength_correlation,mu
bivpois,0,0.03223741256811166,0.040866324453590064,0.040866324453590064,0.0016700564743460933,0.04853392832587282,0.04853392832587282,0.00235554219874096,-0.38888888888888706,-0.38888888888888706,0.15123456790123316,-0.8,1.3498588075760032
