method,true_params,bivpois_eta,bivpois_estimated_ha,bivpois_bias,bivpois_mse,pc_eta,pc_bias,pc_mse,lm_eta,lm_bias,lm_mse,team_strength_correlation,mu
bivpois,0,-0.026559496007198598,-0.035488082322080006,-0.035488082322080006,0.0012594039868987273,-0.03827584897573857,-0.03827584897573857,0.0014650406148135472,-0.1783625730994118,-0.1783625730994118,0.03181320748264302,-0.8,1.3498588075760032
