method,true_params,bivpois_eta,bivpois_estimated_ha,bivpois_bias,bivpois_mse,pc_eta,pc_bias,pc_mse,lm_eta,lm_bias,lm_mse,team_strength_correlation,mu
bivpois,0,0.04308591624523554,0.05435470761966177,0.05435470761966177,0.002954434240418917,0.060275564281897884,0.060275564281897884,0.003633143649501204,0.3216374269005763,0.3216374269005763,0.10345063438322355,-0.8,1.3498588075760032
