method,true_params,bivpois_eta,bivpois_estimated_ha,bivpois_bias,bivpois_mse,pc_eta,pc_bias,pc_mse,lm_eta,lm_bias,lm_mse,team_strength_correlation,mu
bivpois,0,0.07301138200846606,0.07390724973969798,0.07390724973969798,0.005462281564086087,0.08230429313140547,0.08230429313140547,0.006773996667860317,-0.3654970760233903,-0.3654970760233903,0.13358811258164796,-0.8,1
