method,true_params,bivpois_eta,bivpois_estimated_ha,bivpois_bias,bivpois_mse,pc_eta,pc_bias,pc_mse,lm_eta,lm_bias,lm_mse,team_strength_correlation
bivpois,0.462922319304198,0.3412460141068354,0.40669926616042207,-0.05622305314377596,0.0031610317048078557,0.4800321859169031,0.017109866612705082,2.9274753550456007e-4,0.41228070175439413,-0.0506416175498039,0.002564573428060606,-0.5
