method,true_params,bivpois_eta,bivpois_estimated_ha,bivpois_bias,bivpois_mse,pc_eta,pc_bias,pc_mse,lm_eta,lm_bias,lm_mse,team_strength_correlation,mu
bivpois,0,0.019140157985706535,0.025665092324584915,0.025665092324584915,6.586969640294675e-4,0.019346774080348846,0.019346774080348846,3.7429766731605793e-4,0.1959064327485456,0.1959064327485456,0.03837933039226042,-0.4,1.3498588075760032
