method,true_params,bivpois_eta,bivpois_estimated_ha,bivpois_bias,bivpois_mse,pc_eta,pc_bias,pc_mse,lm_eta,lm_bias,lm_mse,team_strength_correlation,mu
bivpois,0,-0.04421602333800176,-0.06311563001948195,-0.06311563001948195,0.003983582752756131,-0.06913223962308089,-0.06913223962308089,0.004779266555303075,0.020467836257314354,0.020467836257314354,4.1893232105623206e-4,-0.4,1.3498588075760032
