method,true_params,bivpois_eta,bivpois_estimated_ha,bivpois_bias,bivpois_mse,pc_eta,pc_bias,pc_mse,lm_eta,lm_bias,lm_mse,team_strength_correlation,mu
bivpois,0,0.05628070498764792,0.09255410403298736,0.09255410403298736,0.008566262173349047,0.10582008286047212,0.10582008286047212,0.011197889936597186,-0.11695906432747695,-0.11695906432747695,0.01367942272835889,-0.4,1.3498588075760032
