method,true_params,bivpois_eta,bivpois_estimated_ha,bivpois_bias,bivpois_mse,pc_eta,pc_bias,pc_mse,lm_eta,lm_bias,lm_mse,team_strength_correlation
bivpois,0.8525982096325606,0.5944811734430197,0.8120905403318268,-0.040507669300733795,0.001640871272177611,0.8775190654874336,0.024920855854873025,6.210490565393592e-4,0.9122807017543685,0.05968249212180787,0.0035619998658696587,-0.5
