method,true_params,bivpois_eta,bivpois_estimated_ha,bivpois_bias,bivpois_mse,pc_eta,pc_bias,pc_mse,lm_eta,lm_bias,lm_mse,team_strength_correlation,mu
bivpois,0,-0.010627337523677435,-0.015022451747925158,-0.015022451747925158,2.2567405651873965e-4,-0.014194499175852639,-0.014194499175852639,2.0148380685328126e-4,-1.0906432748538195,-1.0906432748538195,1.189502752983864,-0.4,1.3498588075760032
