method,true_params,bivpois_eta,bivpois_estimated_ha,bivpois_bias,bivpois_mse,pc_eta,pc_bias,pc_mse,lm_eta,lm_bias,lm_mse,team_strength_correlation,mu
bivpois,0,0.00866380811236692,0.012278815374592744,0.012278815374592744,1.5076930700333514e-4,0.00526104541358065,0.00526104541358065,2.7678598843757997e-5,0.2134502923976696,0.2134502923976696,0.04556102732465065,-0.4,1.3498588075760032
