method,true_params,bivpois_eta,bivpois_estimated_ha,bivpois_bias,bivpois_mse,pc_eta,pc_bias,pc_mse,lm_eta,lm_bias,lm_mse,team_strength_correlation,mu
bivpois,0,-0.09103279200371779,-0.13698411410809808,-0.13698411410809808,0.018764647517980435,-0.15245508908419153,-0.15245508908419153,0.023242554187668775,-0.8888888888888814,-0.8888888888888814,0.7901234567901101,-0.4,1.3498588075760032
