method,true_params,bivpois_eta,bivpois_estimated_ha,bivpois_bias,bivpois_mse,pc_eta,pc_bias,pc_mse,lm_eta,lm_bias,lm_mse,team_strength_correlation,mu
bivpois,0,-0.040728242240607386,-0.05198014911437543,-0.05198014911437543,0.0027019359019527047,-0.059523567663975215,-0.059523567663975215,0.0035430551074478356,-1.2660818713450355,-1.2660818713450355,1.602963304948547,-0.4,1.3498588075760032
