method,true_params,bivpois_eta,bivpois_estimated_ha,bivpois_bias,bivpois_mse,pc_eta,pc_bias,pc_mse,lm_eta,lm_bias,lm_mse,team_strength_correlation,mu
bivpois,0,-0.009237690837968679,-0.013712851360395462,-0.013712851360395462,1.8804229243229968e-4,-0.018457555219115827,-0.018457555219115827,3.406813446667099e-4,0.6842105263158077,0.6842105263158077,0.4681440443213546,-0.4,1.3498588075760032
