method,true_params,bivpois_eta,bivpois_estimated_ha,bivpois_bias,bivpois_mse,pc_eta,pc_bias,pc_mse,lm_eta,lm_bias,lm_mse,team_strength_correlation,mu
bivpois,0,0.03113622033588649,0.046000048907504976,0.046000048907504976,0.0021160044994928497,0.05101859019004331,0.05101859019004331,0.0026028965449795835,0.5555555555555511,0.5555555555555511,0.3086419753086371,-0.4,1.3498588075760032
