method,true_params,bivpois_eta,bivpois_estimated_ha,bivpois_bias,bivpois_mse,pc_eta,pc_bias,pc_mse,lm_eta,lm_bias,lm_mse,team_strength_correlation,mu
bivpois,0,0.05787859769206387,0.05262264572322051,0.05262264572322051,0.0027691428429115774,0.059137542554773936,0.059137542554773936,0.0034972489394176983,-0.34210526315789114,-0.34210526315789114,0.11703601108032995,-0.4,1
