method,true_params,bivpois_eta,bivpois_estimated_ha,bivpois_bias,bivpois_mse,pc_eta,pc_bias,pc_mse,lm_eta,lm_bias,lm_mse,team_strength_correlation,mu
bivpois,0,0.13501817282949088,0.14762471079288342,0.14762471079288342,0.02179305523668247,0.17896283929856358,0.17896283929856358,0.03202769784980349,1.2426900584795453,1.2426900584795453,1.5442785814438957,-0.4,1.3498588075760032
