method,true_params,bivpois_eta,bivpois_estimated_ha,bivpois_bias,bivpois_mse,pc_eta,pc_bias,pc_mse,lm_eta,lm_bias,lm_mse,team_strength_correlation,mu
bivpois,0,0.011086763663450731,0.01621455811170036,0.01621455811170036,2.62911894757708e-4,0.014399395346644361,0.014399395346644361,2.073425863489633e-4,0.31871345029239184,0.31871345029239184,0.10157826339728093,-0.4,1.3498588075760032
