method,true_params,bivpois_eta,bivpois_estimated_ha,bivpois_bias,bivpois_mse,pc_eta,pc_bias,pc_mse,lm_eta,lm_bias,lm_mse,team_strength_correlation,mu
bivpois,0,-0.1079453359069431,-0.1394220941255755,-0.1394220941255755,0.019438520330360833,-0.1505313325881069,-0.1505313325881069,0.02265968209075125,-0.10526315789472124,-0.10526315789472124,0.011080332409969014,-0.4,1.3498588075760032
