method,true_params,bivpois_eta,bivpois_estimated_ha,bivpois_bias,bivpois_mse,pc_eta,pc_bias,pc_mse,lm_eta,lm_bias,lm_mse,team_strength_correlation,mu
bivpois,0,-0.03136655974229563,-0.03772555646056763,-0.03772555646056763,0.0014232176102594763,-0.04163815682402102,-0.04163815682402102,0.0017337361037017684,0.6608187134502841,0.6608187134502841,0.4366813720460887,-0.4,1.3498588075760032
