method,true_params,bivpois_eta,bivpois_estimated_ha,bivpois_bias,bivpois_mse,pc_eta,pc_bias,pc_mse,lm_eta,lm_bias,lm_mse,team_strength_correlation,mu
bivpois,0,-0.07989288145978966,-0.09975404723582804,-0.09975404723582804,0.00995086993992781,-0.11375645839711959,-0.11375645839711959,0.012940531827055601,0.020467836257298373,0.020467836257298373,4.1893232105557785e-4,-0.4,1.3498588075760032
