method,true_params,bivpois_eta,bivpois_estimated_ha,bivpois_bias,bivpois_mse,pc_eta,pc_bias,pc_mse,lm_eta,lm_bias,lm_mse,team_strength_correlation,mu
bivpois,0,-0.02338580319868395,-0.028892127247217125,-0.028892127247217125,8.347550168693863e-4,-0.027233468443234276,-0.027233468443234276,7.416618034486372e-4,0.6432748538011444,0.6432748538011444,0.41380253753288365,-0.4,1.3498588075760032
