method,true_params,bivpois_eta,bivpois_estimated_ha,bivpois_bias,bivpois_mse,pc_eta,pc_bias,pc_mse,lm_eta,lm_bias,lm_mse,team_strength_correlation,mu
bivpois,0,0.043344362188429075,0.06585485208126851,0.06585485208126851,0.004336861542645756,0.07734182122322296,0.07734182122322296,0.005981757310124981,-0.3040935672514601,-0.3040935672514601,0.09247289764371827,-0.4,1.3498588075760032
