method,true_params,bivpois_eta,bivpois_estimated_ha,bivpois_bias,bivpois_mse,pc_eta,pc_bias,pc_mse,lm_eta,lm_bias,lm_mse,team_strength_correlation,mu
bivpois,0,0.08051742577116741,0.09044849454920434,0.09044849454920434,0.008180930166217447,0.1003698203502486,0.1003698203502486,0.01007410083714118,0.21929824561402456,0.21929824561402456,0.04809172052938904,-0.4,1.3498588075760032
