method,true_params,bivpois_eta,bivpois_estimated_ha,bivpois_bias,bivpois_mse,pc_eta,pc_bias,pc_mse,lm_eta,lm_bias,lm_mse,team_strength_correlation,mu
bivpois,0,0.042736791432461216,0.06044289029019745,0.06044289029019745,0.003653342986632845,0.06793244274019103,0.06793244274019103,0.004614816776649333,-0.18713450292397904,-0.18713450292397904,0.03501932218460472,-0.4,1.3498588075760032
