method,true_params,bivpois_eta,bivpois_estimated_ha,bivpois_bias,bivpois_mse,pc_eta,pc_bias,pc_mse,lm_eta,lm_bias,lm_mse,team_strength_correlation,mu
bivpois,0,-0.0029814183287165514,-0.004261480589367039,-0.004261480589367039,1.816021681355205e-5,-0.0025579504729670104,-0.0025579504729670104,6.543110622152152e-6,0.5029239766081921,0.5029239766081921,0.25293252624739737,-0.4,1.3498588075760032
