method,true_params,bivpois_eta,bivpois_estimated_ha,bivpois_bias,bivpois_mse,pc_eta,pc_bias,pc_mse,lm_eta,lm_bias,lm_mse,team_strength_correlation,mu
bivpois,0,0.10424649555887976,0.13593131665608515,0.13593131665608515,0.018477322847856893,0.14462220624532413,0.14462220624532413,0.02091558253926507,0.9473684210526365,0.9473684210526365,0.8975069252077656,-0.4,1.3498588075760032
