true_params,bivpois_eta,bivpois_estimated_ha,bivpois_eta_bias,bivpois_eta_mse,lm_eta,lm_eta_bias,lm_eta_mse,team_strength_correlation,lambda3
0.596176207721717,0.5393552291216819,0.7149007875538023,0.11872457983208529,0.014095525856305193,2.242690058479535,1.646513850757818,2.7110078607373382,-0.5,0
