method,true_params,bivpois_eta,bivpois_estimated_ha,bivpois_bias,bivpois_mse,pc_eta,pc_bias,pc_mse,lm_eta,lm_bias,lm_mse,team_strength_correlation,mu
bivpois,0,-0.04214642273559675,-0.06590103970477212,-0.06590103970477212,0.004342947034169952,-0.06849199267691315,-0.06849199267691315,0.004691153060854325,-0.4181286549707501,-0.4181286549707501,0.17483157210764858,-0.4,1.3498588075760032
