method,true_params,bivpois_eta,bivpois_estimated_ha,bivpois_bias,bivpois_mse,pc_eta,pc_bias,pc_mse,lm_eta,lm_bias,lm_mse,team_strength_correlation,mu
bivpois,0,-0.032674146443490565,-0.0426336893833299,-0.0426336893833299,0.0018176314704342565,-0.04798698026705104,-0.04798698026705104,0.0023027502751503458,-0.055555555555560486,-0.055555555555560486,0.0030864197530869678,-0.4,1.3498588075760032
