method,true_params,bivpois_eta,bivpois_estimated_ha,bivpois_bias,bivpois_mse,pc_eta,pc_bias,pc_mse,lm_eta,lm_bias,lm_mse,team_strength_correlation,mu
bivpois,0,0.009839422646204592,0.013918765309122616,0.013918765309122616,1.937320277304352e-4,0.007860564963300393,0.007860564963300393,6.178848154226571e-5,-0.2953216374269007,-0.2953216374269007,0.0872148695325058,-0.4,1.3498588075760032
