true_params,bivpois_eta,bivpois_estimated_ha,bivpois_eta_bias,bivpois_eta_mse,lm_eta,lm_eta_bias,lm_eta_mse,team_strength_correlation,lambda3
0.14497166423181693,0.17246582890995368,0.18823121676534948,0.04325955253353256,0.0018713888854014632,-0.5263157894736805,-0.6712874537054975,0.4506268455024104,-0.5,0
