method,true_params,bivpois_eta,bivpois_estimated_ha,bivpois_bias,bivpois_mse,pc_eta,pc_bias,pc_mse,lm_eta,lm_bias,lm_mse,team_strength_correlation,mu
bivpois,0,-0.06277795787491333,-0.09064061420464609,-0.09064061420464609,0.00821572094339549,-0.1009830635020121,-0.1009830635020121,0.010197579114251407,0.722222222222238,0.722222222222238,0.5216049382716277,-0.4,1.3498588075760032
