method,true_params,bivpois_eta,bivpois_estimated_ha,bivpois_bias,bivpois_mse,pc_eta,pc_bias,pc_mse,lm_eta,lm_bias,lm_mse,team_strength_correlation,mu
bivpois,0,0.027714965757748164,0.03877572836595089,0.03877572836595089,0.0015035571103100085,0.04565382304631547,0.04565382304631547,0.0020842715587442856,0.453216374269007,0.453216374269007,0.20540508190554466,-0.4,1.3498588075760032
