method,true_params,bivpois_eta,bivpois_estimated_ha,bivpois_bias,bivpois_mse,pc_eta,pc_bias,pc_mse,lm_eta,lm_bias,lm_mse,team_strength_correlation,mu
bivpois,0,-0.0603067891699647,-0.09245588595796184,-0.09245588595796184,0.008548090848271645,-0.11048426956416783,-0.11048426956416783,0.012206773821127703,0.11988304093567892,0.11988304093567892,0.014371943503985667,-0.4,1.3498588075760032
