method,true_params,bivpois_eta,bivpois_estimated_ha,bivpois_bias,bivpois_mse,pc_eta,pc_bias,pc_mse,lm_eta,lm_bias,lm_mse,team_strength_correlation,mu
bivpois,0,0.01524137435273822,0.019561847964484347,0.019561847964484347,3.826658957856004e-4,0.02168605313050891,0.02168605313050891,4.7028490037925527e-4,0.3070175438596387,0.3070175438596387,0.09425977223760518,-0.4,1.3498588075760032
