method,true_params,bivpois_eta,bivpois_estimated_ha,bivpois_bias,bivpois_mse,pc_eta,pc_bias,pc_mse,lm_eta,lm_bias,lm_mse,team_strength_correlation,mu
bivpois,0,0.03973802076099641,0.04966863676234379,0.04966863676234379,0.0024669734778296486,0.05521291655779686,0.05521291655779686,0.0030484661548182386,0.8830409356725035,0.8830409356725035,0.7797612940733705,-0.4,1.3498588075760032
