method,true_params,bivpois_eta,bivpois_estimated_ha,bivpois_bias,bivpois_mse,pc_eta,pc_bias,pc_mse,lm_eta,lm_bias,lm_mse,team_strength_correlation,mu
bivpois,0,0.11162578931410011,0.16017451779657055,0.16017451779657055,0.025655876151363895,0.18034122375574577,0.18034122375574577,0.03252295698571996,0.30116959064326,0.30116959064326,0.09070312232822879,-0.4,1.3498588075760032
