method,true_params,bivpois_eta,bivpois_estimated_ha,bivpois_bias,bivpois_mse,pc_eta,pc_bias,pc_mse,lm_eta,lm_bias,lm_mse,team_strength_correlation,mu
bivpois,0,0.0055790175001305155,0.008241724297896047,0.008241724297896047,6.792601940253009e-5,0.012446617524716427,0.012446617524716427,1.5491828780657806e-4,0.21052631578946834,0.21052631578946834,0.04432132963988695,-0.4,1.3498588075760032
