method,true_params,bivpois_eta,bivpois_estimated_ha,bivpois_bias,bivpois_mse,pc_eta,pc_bias,pc_mse,lm_eta,lm_bias,lm_mse,team_strength_correlation,mu
bivpois,0,-0.024836062481575744,-0.03392496798706568,-0.03392496798706568,0.0011509034529234312,-0.030166244346393718,-0.030166244346393718,9.100022979663309e-4,0.31578947368421206,0.31578947368421206,0.09972299168975167,-0.4,1.3498588075760032
