method,true_params,bivpois_eta,bivpois_estimated_ha,bivpois_bias,bivpois_mse,pc_eta,pc_bias,pc_mse,lm_eta,lm_bias,lm_mse,team_strength_correlation,mu
bivpois,0,0.008065589151464896,0.010717232965392842,0.010717232965392842,1.1485908243450305e-4,0.01251230546001601,0.01251230546001601,1.5655778792474643e-4,-0.6228070175438618,-0.6228070175438618,0.3878885811018802,-0.4,1.3498588075760032
