method,true_params,bivpois_eta,bivpois_estimated_ha,bivpois_bias,bivpois_mse,pc_eta,pc_bias,pc_mse,lm_eta,lm_bias,lm_mse,team_strength_correlation,mu
bivpois,0,-0.015170198007343764,-0.013409226435460164,-0.013409226435460164,1.798073535974437e-4,-0.015573470815958909,-0.015573470815958909,2.4253299325552384e-4,0.1315789473684247,0.1315789473684247,0.01731301939058268,-0.4,1
