method,true_params,bivpois_eta,bivpois_estimated_ha,bivpois_bias,bivpois_mse,pc_eta,pc_bias,pc_mse,lm_eta,lm_bias,lm_mse,team_strength_correlation,mu
bivpois,0,-0.01958946845503404,-0.023662627871657183,-0.023662627871657183,5.599199577925273e-4,-0.02354618641306859,-0.02354618641306859,5.544228945989759e-4,-1.2485380116959053,-1.2485380116959053,1.5588471666495645,-0.4,1.3498588075760032
