method,true_params,bivpois_eta,bivpois_estimated_ha,bivpois_bias,bivpois_mse,pc_eta,pc_bias,pc_mse,lm_eta,lm_bias,lm_mse,team_strength_correlation,mu
bivpois,0,0.04383876368314342,0.06492329228618554,0.06492329228618554,0.004215033881277479,0.07095684208208951,0.07095684208208951,0.005034873438262588,0.9795321637426855,0.9795321637426855,0.9594832598064272,-0.4,1.3498588075760032
