method,true_params,bivpois_eta,bivpois_estimated_ha,bivpois_bias,bivpois_mse,pc_eta,pc_bias,pc_mse,lm_eta,lm_bias,lm_mse,team_strength_correlation,mu
bivpois,0,0.02518367090199391,0.03284391353123817,0.03284391353123817,0.0010787226560474495,0.03847026824602627,0.03847026824602627,0.0014799615389212172,0.17836257309943412,0.17836257309943412,0.031813207482650985,-0.4,1.3498588075760032
