method,true_params,bivpois_eta,bivpois_estimated_ha,bivpois_bias,bivpois_mse,pc_eta,pc_bias,pc_mse,lm_eta,lm_bias,lm_mse,team_strength_correlation,mu
bivpois,0,-0.023798401467201653,-0.034746753101806416,-0.034746753101806416,0.0012073368511178939,-0.04087909637437024,-0.04087909637437024,0.0016711005203850502,0.09649122807017806,0.09649122807017806,0.009310557094491117,-0.4,1.3498588075760032
