method,true_params,bivpois_eta,bivpois_estimated_ha,bivpois_bias,bivpois_mse,pc_eta,pc_bias,pc_mse,lm_eta,lm_bias,lm_mse,team_strength_correlation,mu
bivpois,0,0.007303566553430405,0.00713121829760055,0.00713121829760055,5.085427440803289e-5,0.006321316916396083,0.006321316916396083,3.995904755751528e-5,-0.6754385964912352,-0.6754385964912352,0.4562172976300496,-0.4,1
