method,true_params,bivpois_eta,bivpois_estimated_ha,bivpois_bias,bivpois_mse,pc_eta,pc_bias,pc_mse,lm_eta,lm_bias,lm_mse,team_strength_correlation
bivpois,0.8101500263437629,0.5766449288242159,0.7800561857327286,-0.03009384061103426,9.056392427223349e-4,0.9471952407911673,0.13704521444740447,0.018781390802935078,1.8362573099415218,1.026107283597759,1.0528961574523716,-0.5
