method,true_params,bivpois_eta,bivpois_estimated_ha,bivpois_bias,bivpois_mse,pc_eta,pc_bias,pc_mse,lm_eta,lm_bias,lm_mse,team_strength_correlation,mu
bivpois,0,0.0297141633458718,0.0410321650935328,0.0410321650935328,0.0016836385722629318,0.04522726067230934,0.04522726067230934,0.002045505107921019,0.22514619883042872,0.22514619883042872,0.050690810847790944,-0.4,1.3498588075760032
