method,true_params,bivpois_eta,bivpois_estimated_ha,bivpois_bias,bivpois_mse,pc_eta,pc_bias,pc_mse,lm_eta,lm_bias,lm_mse,team_strength_correlation,mu
bivpois,0,0.1008741425087665,0.1213145403041831,0.1213145403041831,0.014717217689215264,0.1269295455663444,0.1269295455663444,0.0161111095376787,1.520467836257308,1.520467836257308,2.31182244109298,-0.4,1.3498588075760032
