method,true_params,bivpois_eta,bivpois_estimated_ha,bivpois_bias,bivpois_mse,pc_eta,pc_bias,pc_mse,lm_eta,lm_bias,lm_mse,team_strength_correlation,mu
bivpois,0,-0.0331615397852248,-0.04673446160336714,-0.04673446160336714,0.0021841099013565975,-0.05257063064613317,-0.05257063064613317,0.0027636712065321556,0.005847953216370893,0.005847953216370893,3.419855682086267e-5,-0.4,1.3498588075760032
