method,true_params,bivpois_eta,bivpois_estimated_ha,bivpois_bias,bivpois_mse,pc_eta,pc_bias,pc_mse,lm_eta,lm_bias,lm_mse,team_strength_correlation,mu
bivpois,0,-0.0055207392501182406,-0.007931928896575124,-0.007931928896575124,6.291549602032348e-5,-0.0077239643594682415,-0.0077239643594682415,5.965962542633564e-5,0.06140350877194924,0.06140350877194924,0.0037703908895068477,-0.4,1.3498588075760032
