method,true_params,bivpois_eta,bivpois_estimated_ha,bivpois_bias,bivpois_mse,pc_eta,pc_bias,pc_mse,lm_eta,lm_bias,lm_mse,team_strength_correlation,mu
bivpois,0,0.0034382300960705504,0.004418260539059471,0.004418260539059471,1.9521026191010086e-5,0.005512029799063163,0.005512029799063163,3.038247250576029e-5,-0.22807017543859215,-0.22807017543859215,0.0520160049245902,-0.4,1.3498588075760032
