method,true_params,bivpois_eta,bivpois_estimated_ha,bivpois_bias,bivpois_mse,pc_eta,pc_bias,pc_mse,lm_eta,lm_bias,lm_mse,team_strength_correlation,mu
bivpois,0,-0.04221001078008496,-0.06248907002593862,-0.06248907002593862,0.0039048838727066605,-0.07073112418714343,-0.07073112418714343,0.005002891928777107,0.02046783625730621,0.02046783625730621,4.189323210558987e-4,-0.4,1.3498588075760032
