true_params,bivpois_eta,bivpois_estimated_ha,bivpois_eta_bias,bivpois_eta_mse,lm_eta,lm_eta_bias,lm_eta_mse,team_strength_correlation,lambda3
0.22545375564037648,0.24660127484489677,0.27966877491200126,0.05421501927162478,0.0029392683146226466,0.5877192982456032,0.3622655426052267,0.13123632335905933,-0.5,0
