method,true_params,bivpois_eta,bivpois_estimated_ha,bivpois_bias,bivpois_mse,pc_eta,pc_bias,pc_mse,lm_eta,lm_bias,lm_mse,team_strength_correlation
bivpois,0.32526101521216333,0.2924538160075321,0.33971086193873745,0.014449846726574123,2.087980704214849e-4,0.4516100398059448,0.12634902459378144,0.015964076015799987,0.9415204678362473,0.616259452624084,0.3797757129485356,-0.5
