method,true_params,bivpois_eta,bivpois_estimated_ha,bivpois_bias,bivpois_mse,pc_eta,pc_bias,pc_mse,lm_eta,lm_bias,lm_mse,team_strength_correlation,mu
bivpois,0,-0.0075357832619935864,-0.00802039604032867,-0.00802039604032867,6.432675264371982e-5,-0.006314671850574676,-0.006314671850574676,3.98750805804402e-5,-0.049707602339181436,-0.049707602339181436,0.0024708457303101957,-0.8,1
