method,true_params,bivpois_eta,bivpois_estimated_ha,bivpois_bias,bivpois_mse,pc_eta,pc_bias,pc_mse,lm_eta,lm_bias,lm_mse,team_strength_correlation,mu
bivpois,0,-0.08934017992593347,-0.08901752750639702,-0.08901752750639702,0.0079241202033521509,-0.09637792141959085,-0.09637792141959085,0.00928870373716083,-1.28070175438595,-1.28070175438595,1.6401969836872503,-0.4,1
