method,true_params,bivpois_eta,bivpois_estimated_ha,bivpois_bias,bivpois_mse,pc_eta,pc_bias,pc_mse,lm_eta,lm_bias,lm_mse,team_strength_correlation,mu
bivpois,0,-0.1078740795636319,-0.16640301536570212,-0.16640301536570212,0.027689963522798098,-0.1785616528447383,-0.1785616528447383,0.031884263866644835,0.2017543859649095,0.2017543859649095,0.04070483225607767,-0.4,1.3498588075760032
