method,true_params,bivpois_eta,bivpois_estimated_ha,bivpois_bias,bivpois_mse,pc_eta,pc_bias,pc_mse,lm_eta,lm_bias,lm_mse,team_strength_correlation,mu
bivpois,0,-0.04376403825033027,-0.04585117532078975,-0.04585117532078975,0.002102330278297799,-0.05631416339212547,-0.05631416339212547,0.0031712849985550047,0.17251461988303557,0.17251461988303557,0.02976129407338825,0,1.3498588075760032
