method,true_params,bivpois_eta,bivpois_estimated_ha,bivpois_bias,bivpois_mse,pc_eta,pc_bias,pc_mse,lm_eta,lm_bias,lm_mse,team_strength_correlation,mu
bivpois,0,0.049572744559616,0.06874360389149792,0.06874360389149792,0.004725683075991168,0.0821897015343224,0.0821897015343224,0.006755147038300997,0.6315789473684249,0.6315789473684249,0.3988919667590076,0,1.3498588075760032
