method,true_params,bivpois_eta,bivpois_estimated_ha,bivpois_bias,bivpois_mse,pc_eta,pc_bias,pc_mse,lm_eta,lm_bias,lm_mse,team_strength_correlation,mu
bivpois,0,-0.010352719324562627,-0.013254597134697121,-0.013254597134697121,1.7568434520312114e-4,-0.013365147257534231,-0.013365147257534231,1.7862716121557477e-4,0.34502923976608396,0.34502923976608396,0.11904517629356186,0,1.3498588075760032
