method,true_params,bivpois_eta,bivpois_estimated_ha,bivpois_bias,bivpois_mse,pc_eta,pc_bias,pc_mse,lm_eta,lm_bias,lm_mse,team_strength_correlation,mu
bivpois,0,0.03392188829575419,0.04637451347958166,0.04637451347958166,0.002150595500467901,0.05778735663186649,0.05778735663186649,0.003339378586498524,-0.8333333333333244,-0.8333333333333244,0.6944444444444295,0,1.3498588075760032
