method,true_params,bivpois_eta,bivpois_estimated_ha,bivpois_bias,bivpois_mse,pc_eta,pc_bias,pc_mse,lm_eta,lm_bias,lm_mse,team_strength_correlation,mu
bivpois,0,-0.03289874724583427,-0.049162285866274136,-0.049162285866274136,0.0024169303515972577,-0.06040472310264407,-0.06040472310264407,0.003648730573107102,-0.994152046783627,-0.994152046783627,0.9883382921240749,0,1.3498588075760032
