method,true_params,bivpois_eta,bivpois_estimated_ha,bivpois_bias,bivpois_mse,pc_eta,pc_bias,pc_mse,lm_eta,lm_bias,lm_mse,team_strength_correlation,mu
bivpois,0,-0.040887962549161154,-0.05016887280062976,-0.05016887280062976,0.0025169157980857687,-0.058750558378569094,-0.058750558378569094,0.003451628109793655,-0.21345029239766405,-0.21345029239766405,0.045561027324648284,0,1.3498588075760032
