method,true_params,bivpois_eta,bivpois_estimated_ha,bivpois_bias,bivpois_mse,pc_eta,pc_bias,pc_mse,lm_eta,lm_bias,lm_mse,team_strength_correlation,mu
bivpois,0,0.04139769430692303,0.05394329358670391,0.05394329358670391,0.0029098789229813314,0.05995092397126964,0.05995092397126964,0.0035941132850089525,0.48830409356725585,0.48830409356725585,0.23844088779453934,0,1.3498588075760032
