method,true_params,bivpois_eta,bivpois_estimated_ha,bivpois_bias,bivpois_mse,pc_eta,pc_bias,pc_mse,lm_eta,lm_bias,lm_mse,team_strength_correlation,mu
bivpois,0,0.06624309758813997,0.09389267839964699,0.09389267839964699,0.008815835057059537,0.10738457245720141,0.10738457245720141,0.01153144640181594,-0.2894736842105094,-0.2894736842105094,0.08379501385040572,0,1.3498588075760032
