method,true_params,bivpois_eta,bivpois_estimated_ha,bivpois_bias,bivpois_mse,pc_eta,pc_bias,pc_mse,lm_eta,lm_bias,lm_mse,team_strength_correlation,mu
bivpois,0,-0.03483691548042441,-0.06007008743762299,-0.06007008743762299,0.003608415404763671,-0.07170276925367894,-0.07170276925367894,0.005141287118646326,-0.9736842105263216,-0.9736842105263216,0.9480609418282662,0,1.3498588075760032
