method,true_params,bivpois_eta,bivpois_estimated_ha,bivpois_bias,bivpois_mse,pc_eta,pc_bias,pc_mse,lm_eta,lm_bias,lm_mse,team_strength_correlation,mu
bivpois,0,-0.013564343175957625,-0.014044817093441742,-0.014044817093441742,1.9725688718823334e-4,-0.01678328776872366,-0.01678328776872366,2.8167874832778916e-4,0.24269005847953667,0.24269005847953667,0.05889846448480093,0,1.3498588075760032
