method,true_params,bivpois_eta,bivpois_estimated_ha,bivpois_bias,bivpois_mse,pc_eta,pc_bias,pc_mse,lm_eta,lm_bias,lm_mse,team_strength_correlation,mu
bivpois,0,-0.01594601900860808,-0.021118411456552355,-0.021118411456552355,4.4598730244824176e-4,-0.027740098097955006,-0.027740098097955006,7.69513042484167e-4,0.02631578947367803,0.02631578947367803,6.925207756229434e-4,0,1.3498588075760032
