method,true_params,bivpois_eta,bivpois_estimated_ha,bivpois_bias,bivpois_mse,pc_eta,pc_bias,pc_mse,lm_eta,lm_bias,lm_mse,team_strength_correlation,mu
bivpois,0,-0.0270249336390209,-0.02811011742306646,-0.02811011742306646,7.901787015385846e-4,-0.03261693942849022,-0.03261693942849022,0.0010638647376817998,0.2017543859649168,0.2017543859649168,0.04070483225608061,0,1.3498588075760032
