method,true_params,bivpois_eta,bivpois_estimated_ha,bivpois_bias,bivpois_mse,pc_eta,pc_bias,pc_mse,lm_eta,lm_bias,lm_mse,team_strength_correlation,mu
bivpois,0,0.04825407503461413,0.08235118672649477,0.08235118672649477,0.006781717955262009,0.09256804993252546,0.09256804993252546,0.008568843868310527,-0.7134502923976519,-0.7134502923976519,0.509011319722295,0,1.3498588075760032
