true_params,bivpois_eta,bivpois_estimated_ha,bivpois_eta_bias,bivpois_eta_mse,lm_eta,lm_eta_bias,lm_eta_mse,team_strength_correlation,lambda3
0.45730932391561696,0.46580804181928975,0.5933011228068141,0.13599179889119717,0.018493769365663815,-0.14035087719297354,-0.5976602011085905,0.3571977159891609,0,0
