method,true_params,bivpois_eta,bivpois_estimated_ha,bivpois_bias,bivpois_mse,pc_eta,pc_bias,pc_mse,lm_eta,lm_bias,lm_mse,team_strength_correlation,mu
bivpois,0,-0.06348522303290863,-0.07166941863005705,-0.07166941863005705,0.005136505566770368,-0.08058900521361465,-0.08058900521361465,0.006494587761320008,-0.07602339181285749,-0.07602339181285749,0.005779556102731246,0,1
