method,true_params,bivpois_eta,bivpois_estimated_ha,bivpois_bias,bivpois_mse,pc_eta,pc_bias,pc_mse,lm_eta,lm_bias,lm_mse,team_strength_correlation,mu
bivpois,0,-0.013409164713957178,-0.01648926323611266,-0.01648926323611266,2.7189580206981657e-4,-0.014467611375882978,-0.014467611375882978,2.0931177892357855e-4,-0.31871345029239534,-0.31871345029239534,0.10157826339728315,0,1.3498588075760032
