method,true_params,bivpois_eta,bivpois_estimated_ha,bivpois_bias,bivpois_mse,pc_eta,pc_bias,pc_mse,lm_eta,lm_bias,lm_mse,team_strength_correlation,mu
bivpois,0,0.03357679789872357,0.04970508978561128,0.04970508978561128,0.0024705959505956785,0.05524796230283257,0.05524796230283257,0.003052337338615209,0.38596491228067725,0.38596491228067725,0.1489689135118309,0,1.3498588075760032
