method,true_params,bivpois_eta,bivpois_estimated_ha,bivpois_bias,bivpois_mse,pc_eta,pc_bias,pc_mse,lm_eta,lm_bias,lm_mse,team_strength_correlation,mu
bivpois,0,-0.030989559789906702,-0.03872500215377572,-0.03872500215377572,0.0014996257918099343,-0.04324173940975274,-0.04324173940975274,0.0018698480271809633,-0.6725146198830398,-0.6725146198830398,0.4522759139564296,0,1.3498588075760032
