method,true_params,bivpois_eta,bivpois_estimated_ha,bivpois_bias,bivpois_mse,pc_eta,pc_bias,pc_mse,lm_eta,lm_bias,lm_mse,team_strength_correlation,mu
bivpois,0,0.013609450528866439,0.02115187713039801,0.02115187713039801,4.474019061394544e-4,0.023336583146670604,0.023336583146670604,5.445961129614704e-4,-0.30701754385964974,-0.30701754385964974,0.09425977223761195,0,1.3498588075760032
