method,true_params,bivpois_eta,bivpois_estimated_ha,bivpois_bias,bivpois_mse,pc_eta,pc_bias,pc_mse,lm_eta,lm_bias,lm_mse,team_strength_correlation,mu
bivpois,0,0.007346433917647731,0.010351222750616618,0.010351222750616618,1.0714781243288306e-4,0.013233091801389782,0.013233091801389782,1.7511471862400945e-4,0.0438596491228038,0.0438596491228038,0.0019236688211754643,0,1.3498588075760032
