method,true_params,bivpois_eta,bivpois_estimated_ha,bivpois_bias,bivpois_mse,pc_eta,pc_bias,pc_mse,lm_eta,lm_bias,lm_mse,team_strength_correlation,mu
bivpois,0,-0.06048204259685747,-0.07621852992973621,-0.07621852992973621,0.005809264304650095,-0.0821904363150994,-0.0821904363150994,0.00675526782166641,-0.2953216374268958,-0.2953216374268958,0.08721486953250292,0,1.3498588075760032
