method,true_params,bivpois_eta,bivpois_estimated_ha,bivpois_bias,bivpois_mse,pc_eta,pc_bias,pc_mse,lm_eta,lm_bias,lm_mse,team_strength_correlation,mu
bivpois,0,0.11374394974067382,0.12861831917384103,0.12861831917384103,0.016542672027104043,0.14642101458630918,0.14642101458630918,0.021439113512484165,-0.5467836257309912,-0.5467836257309912,0.2989723333675286,0,1.3498588075760032
