method,true_params,bivpois_eta,bivpois_estimated_ha,bivpois_bias,bivpois_mse,pc_eta,pc_bias,pc_mse,lm_eta,lm_bias,lm_mse,team_strength_correlation,mu
bivpois,0,-0.022717443225792562,-0.030757482833036365,-0.030757482833036365,9.460227502245266e-4,-0.03001781852635982,-0.03001781852635982,9.010694290814708e-4,-0.07602339181286895,-0.07602339181286895,0.00577955610273299,0,1.3498588075760032
