method,true_params,bivpois_eta,bivpois_estimated_ha,bivpois_bias,bivpois_mse,pc_eta,pc_bias,pc_mse,lm_eta,lm_bias,lm_mse,team_strength_correlation,mu
bivpois,0,-0.004708730654721377,-0.005780650872568405,-0.005780650872568405,3.341592451052586e-5,-0.006856964440887653,-0.006856964440887653,4.7017961343597725e-5,-0.48830409356726634,-0.48830409356726634,0.2384408877945496,0,1.3498588075760032
