method,true_params,bivpois_eta,bivpois_estimated_ha,bivpois_bias,bivpois_mse,pc_eta,pc_bias,pc_mse,lm_eta,lm_bias,lm_mse,team_strength_correlation,mu
bivpois,0,0.04982063076051125,0.07219163137884466,0.07219163137884466,0.005211631641138989,0.0890300202883818,0.0890300202883818,0.007926344512549676,-0.3713450292397748,-0.3713450292397748,0.1378971307410892,0,1.3498588075760032
