method,true_params,bivpois_eta,bivpois_estimated_ha,bivpois_bias,bivpois_mse,pc_eta,pc_bias,pc_mse,lm_eta,lm_bias,lm_mse,team_strength_correlation,mu
bivpois,0,-0.0208900343753835,-0.02836937941388662,-0.02836937941388662,8.04821688329054e-4,-0.030580522992152245,-0.030580522992152245,9.351683864735521e-4,0.36549707602340115,0.36549707602340115,0.13358811258165587,0,1.3498588075760032
