method,true_params,bivpois_eta,bivpois_estimated_ha,bivpois_bias,bivpois_mse,pc_eta,pc_bias,pc_mse,lm_eta,lm_bias,lm_mse,team_strength_correlation,mu
bivpois,0,-0.060170575159137214,-0.09365605493371709,-0.09365605493371709,0.008771456625747433,-0.09789815628342304,-0.09789815628342304,0.009584049003693522,-0.11111111111109928,-0.11111111111109928,0.01234567901234305,0,1.3498588075760032
