method,true_params,bivpois_eta,bivpois_estimated_ha,bivpois_bias,bivpois_mse,pc_eta,pc_bias,pc_mse,lm_eta,lm_bias,lm_mse,team_strength_correlation,mu
bivpois,0,0.048198383629692684,0.05580044538715967,0.05580044538715967,0.003113689705405389,0.0652789921166949,0.0652789921166949,0.004261346811771515,0.37719298245614336,0.37719298245614336,0.14227454601416048,0,1.3498588075760032
