method,true_params,bivpois_eta,bivpois_estimated_ha,bivpois_bias,bivpois_mse,pc_eta,pc_bias,pc_mse,lm_eta,lm_bias,lm_mse,team_strength_correlation,mu
bivpois,0,-0.02324693035143419,-0.028009401623466434,-0.028009401623466434,7.845265793046441e-4,-0.029199227591992068,-0.029199227591992068,8.525948919689509e-4,0.3128654970760168,0.3128654970760168,0.09788481926062308,0,1.3498588075760032
