method,true_params,bivpois_eta,bivpois_estimated_ha,bivpois_bias,bivpois_mse,pc_eta,pc_bias,pc_mse,lm_eta,lm_bias,lm_mse,team_strength_correlation,mu
bivpois,0,-0.07558160067750633,-0.07605151051530745,-0.07605151051530745,0.00578383225165992,-0.08319797668895097,-0.08319797668895097,0.00692190332513523,0.3713450292397733,0.3713450292397733,0.1378971307410881,0,1
