method,true_params,bivpois_eta,bivpois_estimated_ha,bivpois_bias,bivpois_mse,pc_eta,pc_bias,pc_mse,lm_eta,lm_bias,lm_mse,team_strength_correlation
bivpois,0.31326973368413746,0.30332891349400565,0.3543598584234027,0.04109012473926521,0.0016883983510883748,0.42962227657376884,0.11635254288963137,0.013537914236883507,0.4678362573099446,0.15456652362580714,0.023890810225767195,0
