method,true_params,bivpois_eta,bivpois_estimated_ha,bivpois_bias,bivpois_mse,pc_eta,pc_bias,pc_mse,lm_eta,lm_bias,lm_mse,team_strength_correlation,mu
bivpois,0,-0.05669795826695659,-0.07399808792292051,-0.07399808792292051,0.005475717016248274,-0.08282566235146575,-0.08282566235146575,0.0068600903439590116,0.8684210526315621,0.8684210526315621,0.7541551246537104,0,1.3498588075760032
