method,true_params,bivpois_eta,bivpois_estimated_ha,bivpois_bias,bivpois_mse,pc_eta,pc_bias,pc_mse,lm_eta,lm_bias,lm_mse,team_strength_correlation,mu
bivpois,0,0.03293646498551729,0.03890960601300186,0.03890960601300186,0.0015139574400870306,0.04943618068468363,0.04943618068468363,0.002443935960688687,0.5029239766081763,0.5029239766081763,0.2529325262473815,0,1.3498588075760032
