method,true_params,bivpois_eta,bivpois_estimated_ha,bivpois_bias,bivpois_mse,pc_eta,pc_bias,pc_mse,lm_eta,lm_bias,lm_mse,team_strength_correlation,mu
bivpois,0,0.020353841402422804,0.028817493344559963,0.028817493344559963,8.304479226637578e-4,0.032492289107927314,0.032492289107927314,0.001055748851473132,-0.03508771929824727,-0.03508771929824727,0.0012311480455525939,0,1.3498588075760032
