method,true_params,bivpois_eta,bivpois_estimated_ha,bivpois_bias,bivpois_mse,pc_eta,pc_bias,pc_mse,lm_eta,lm_bias,lm_mse,team_strength_correlation,mu
bivpois,0,-0.00792822457615603,-0.009426937262378976,-0.009426937262378976,8.886714614882922e-5,-0.013084654656707837,-0.013084654656707837,1.7120818748530607e-4,-1.4327485380117075,-1.4327485380117075,2.0527683731746853,0,1.3498588075760032
