method,true_params,bivpois_eta,bivpois_estimated_ha,bivpois_bias,bivpois_mse,pc_eta,pc_bias,pc_mse,lm_eta,lm_bias,lm_mse,team_strength_correlation,mu
bivpois,0,-0.014675951757120297,-0.02028587632467893,-0.02028587632467893,4.1151677826016915e-4,-0.018744518011715255,-0.018744518011715255,0.00035135695549151766,-0.2543859649122724,-0.2543859649122724,0.06471221914434788,0,1.3498588075760032
