method,true_params,bivpois_eta,bivpois_estimated_ha,bivpois_bias,bivpois_mse,pc_eta,pc_bias,pc_mse,lm_eta,lm_bias,lm_mse,team_strength_correlation,mu
bivpois,0,-0.005403821954972756,-0.009000525227467415,-0.009000525227467415,8.100945437027736e-5,-0.00357744470840819,-0.00357744470840819,1.279811064171776e-5,-0.1578947368421036,-0.1578947368421036,0.024930747922437144,0,1.3498588075760032
