method,true_params,bivpois_eta,bivpois_estimated_ha,bivpois_bias,bivpois_mse,pc_eta,pc_bias,pc_mse,lm_eta,lm_bias,lm_mse,team_strength_correlation,mu
bivpois,0,-0.06122268327082709,-0.08067577775671042,-0.08067577775671042,0.006508581116650132,-0.08695435937799871,-0.08695435937799871,0.007561060614838152,0.04093567251461552,0.04093567251461552,0.0016757292842238488,0,1.3498588075760032
