method,true_params,bivpois_eta,bivpois_estimated_ha,bivpois_bias,bivpois_mse,pc_eta,pc_bias,pc_mse,lm_eta,lm_bias,lm_mse,team_strength_correlation,mu
bivpois,0,-0.00285995311115424,-0.003586006818685039,-0.003586006818685039,1.2859444903655595e-5,-0.0021347276656788565,-0.0021347276656788565,4.5570622066147e-6,0.499999999999999,0.499999999999999,0.249999999999999,0,1.3498588075760032
