method,true_params,bivpois_eta,bivpois_estimated_ha,bivpois_bias,bivpois_mse,pc_eta,pc_bias,pc_mse,lm_eta,lm_bias,lm_mse,team_strength_correlation,mu
bivpois,0,0.03438401077043701,0.05019214064215083,0.05019214064215083,0.002519250982241449,0.05234749124075564,0.05234749124075564,0.0027402598392009883,1.4385964912280829,1.4385964912280829,2.0695598645737516,0,1.3498588075760032
