method,true_params,bivpois_eta,bivpois_estimated_ha,bivpois_bias,bivpois_mse,pc_eta,pc_bias,pc_mse,lm_eta,lm_bias,lm_mse,team_strength_correlation,mu
bivpois,0,0.016995641847790854,0.021567516580790258,0.021567516580790258,4.651577714626627e-4,0.027683731720299712,0.027683731720299712,7.663890019615284e-4,0.5263157894736805,0.5263157894736805,0.2770083102493036,0,1.3498588075760032
