method,true_params,bivpois_eta,bivpois_estimated_ha,bivpois_bias,bivpois_mse,pc_eta,pc_bias,pc_mse,lm_eta,lm_bias,lm_mse,team_strength_correlation,mu
bivpois,0,-0.02145721206872566,-0.033441816218848563,-0.033441816218848563,0.0011183550720152429,-0.03562060194232314,-0.03562060194232314,0.001268827282733435,0.37719298245615845,0.37719298245615845,0.14227454601417186,0,1.3498588075760032
