method,true_params,bivpois_eta,bivpois_estimated_ha,bivpois_bias,bivpois_mse,pc_eta,pc_bias,pc_mse,lm_eta,lm_bias,lm_mse,team_strength_correlation,mu
bivpois,0,0.01407000405297953,0.014332039825307508,0.014332039825307508,2.0540736555420044e-4,0.016124357960366684,0.016124357960366684,2.5999491963404046e-4,0.20760233918127352,0.20760233918127352,0.04309873123353653,0,1.3498588075760032
