method,true_params,bivpois_eta,bivpois_estimated_ha,bivpois_bias,bivpois_mse,pc_eta,pc_bias,pc_mse,lm_eta,lm_bias,lm_mse,team_strength_correlation,mu
bivpois,0,-0.06579509133500926,-0.07747962159482302,-0.07747962159482302,0.0060030917624769664,-0.08696388251948053,-0.08696388251948053,0.0075627168628620125,-0.4064327485380218,-0.4064327485380218,0.16518757908417087,0,1.3498588075760032
