method,true_params,bivpois_eta,bivpois_estimated_ha,bivpois_bias,bivpois_mse,pc_eta,pc_bias,pc_mse,lm_eta,lm_bias,lm_mse,team_strength_correlation,mu
bivpois,0,0.0992924258579051,0.14345194615297419,0.14345194615297419,0.020578460855075805,0.17068761915983385,0.17068761915983385,0.02913426333445248,-0.076023391812860025,-0.076023391812860025,0.005779556102731633,0,1.3498588075760032
