method,true_params,bivpois_eta,bivpois_estimated_ha,bivpois_bias,bivpois_mse,pc_eta,pc_bias,pc_mse,lm_eta,lm_bias,lm_mse,team_strength_correlation,mu
bivpois,0,0.00402576469714492,0.006156502282903764,0.006156502282903764,3.790252035939926e-5,0.00888802619227394,0.00888802619227394,7.89970095945476e-5,0.7076023391812837,0.7076023391812837,0.5007010704148245,0,1.3498588075760032
