method,true_params,bivpois_eta,bivpois_estimated_ha,bivpois_bias,bivpois_mse,pc_eta,pc_bias,pc_mse,lm_eta,lm_bias,lm_mse,team_strength_correlation,mu
bivpois,0,-0.05088352677018244,-0.06916014033964624,-0.06916014033964624,0.004783125011799562,-0.0784797183252432,-0.0784797183252432,0.006159066188409513,0.5847953216374173,0.5847953216374173,0.3419855682090104,0,1.3498588075760032
