method,true_params,bivpois_eta,bivpois_estimated_ha,bivpois_bias,bivpois_mse,pc_eta,pc_bias,pc_mse,lm_eta,lm_bias,lm_mse,team_strength_correlation,mu
bivpois,0,-0.016743992258989766,-0.027874061715977838,-0.027874061715977838,7.769633165461414e-4,-0.027433713256744197,-0.027433713256744197,7.526086230532623e-4,0.3128654970760233,0.3128654970760233,0.09788481926062714,0,1.3498588075760032
