method,true_params,bivpois_eta,bivpois_estimated_ha,bivpois_bias,bivpois_mse,pc_eta,pc_bias,pc_mse,lm_eta,lm_bias,lm_mse,team_strength_correlation,mu
bivpois,0,0.010483500413892975,0.0104766124314708,0.0104766124314708,1.097594080392485e-4,0.013274780830513564,0.013274780830513564,1.762198060981704e-4,-0.28947368421050806,-0.28947368421050806,0.08379501385040494,-0.8,1
