method,true_params,bivpois_eta,bivpois_estimated_ha,bivpois_bias,bivpois_mse,pc_eta,pc_bias,pc_mse,lm_eta,lm_bias,lm_mse,team_strength_correlation,mu
bivpois,0,0.03005311538083295,0.038358829245333625,0.038358829245333625,0.0014713997810726622,0.03718575584191117,0.03718575584191117,0.0013827804375342305,-0.4298245614035045,-0.4298245614035045,0.184749153585715,0,1.3498588075760032
