method,true_params,bivpois_eta,bivpois_estimated_ha,bivpois_bias,bivpois_mse,pc_eta,pc_bias,pc_mse,lm_eta,lm_bias,lm_mse,team_strength_correlation,mu
bivpois,0.25,0.17624132343378504,0.24798647831280585,-0.002013521687194153,4.054269584801189e-6,0.28298977111749724,0.032989771117497235,0.0010883249983848547,0.3538011695906361,0.10380116959063612,0.010774682808384001,-0.8,1.3498588075760032
