method,true_params,bivpois_eta,bivpois_estimated_ha,bivpois_bias,bivpois_mse,pc_eta,pc_bias,pc_mse,lm_eta,lm_bias,lm_mse,team_strength_correlation,mu
bivpois,0.25,0.09421343278741683,0.13596793552310626,-0.11403206447689374,0.01300331172886245,0.14700891336365973,-0.10299108663634027,0.010607163926534147,0.8918128654970778,0.6418128654970778,0.4119237543175701,-0.8,1.3498588075760032
