method,true_params,bivpois_eta,bivpois_estimated_ha,bivpois_bias,bivpois_mse,pc_eta,pc_bias,pc_mse,lm_eta,lm_bias,lm_mse,team_strength_correlation,mu
bivpois,0.25,0.1306186491448451,0.19990753870620726,-0.050092461293792745,0.0025092546784701245,0.21751806884985608,-0.03248193115014392,0.0010550758512426898,0.42105263157894324,0.17105263157894324,0.02925900277008169,-0.8,1.3498588075760032
