method,true_params,bivpois_eta,bivpois_estimated_ha,bivpois_bias,bivpois_mse,pc_eta,pc_bias,pc_mse,lm_eta,lm_bias,lm_mse,team_strength_correlation,mu
bivpois,0.25,0.11139586380587184,0.16497098896530238,-0.08502901103469762,0.0072299327175387295,0.1866009112542455,-0.0633990887457545,0.004019444453792056,0.5701754385965144,0.32017543859651443,0.10251231148047038,-0.8,1.3498588075760032
