method,true_params,bivpois_eta,bivpois_estimated_ha,bivpois_bias,bivpois_mse,pc_eta,pc_bias,pc_mse,lm_eta,lm_bias,lm_mse,team_strength_correlation,mu
bivpois,0.25,0.1586687450335391,0.2267591140998788,-0.02324088590012119,5.401387774224518e-4,0.27584388144499755,0.025843881444997552,6.679062081430887e-4,0.3040935672514668,0.0540935672514668,0.0029261140179889615,-0.8,1.3498588075760032
