method,true_params,bivpois_eta,bivpois_estimated_ha,bivpois_bias,bivpois_mse,pc_eta,pc_bias,pc_mse,lm_eta,lm_bias,lm_mse,team_strength_correlation,mu
bivpois,0,0.07958466861531184,0.08599162575278463,0.08599162575278463,0.007394559699606972,0.09641046747207646,0.09641046747207646,0.009294978238184313,-0.16374269005848469,-0.16374269005848469,0.026811668547588978,0,1
