method,true_params,bivpois_eta,bivpois_estimated_ha,bivpois_bias,bivpois_mse,pc_eta,pc_bias,pc_mse,lm_eta,lm_bias,lm_mse,team_strength_correlation,mu
bivpois,0.25,0.1920717729090863,0.28304147280564007,0.03304147280564007,0.0010917389251658524,0.29973206080278136,0.049732060802781364,0.0024732778716915426,-0.38888888888889905,-0.638888888888899,0.408179012345692,-0.8,1.3498588075760032
