method,true_params,bivpois_eta,bivpois_estimated_ha,bivpois_bias,bivpois_mse,pc_eta,pc_bias,pc_mse,lm_eta,lm_bias,lm_mse,team_strength_correlation,mu
bivpois,0.25,0.13300845819214824,0.18098002204122787,-0.06901997795877213,0.00476375735742939,0.19534928728175524,-0.05465071271824476,0.0029867004006121196,0.005847953216378514,-0.24415204678362148,0.05961022194863169,-0.8,1.3498588075760032
