method,true_params,bivpois_eta,bivpois_estimated_ha,bivpois_bias,bivpois_mse,pc_eta,pc_bias,pc_mse,lm_eta,lm_bias,lm_mse,team_strength_correlation,mu
bivpois,0.25,0.11676800688288262,0.15676903000938558,-0.09323096999061442,0.008692013765390846,0.18737765057996167,-0.06262234942003833,0.0039215586468853755,0.01169590643276647,-0.23830409356723353,0.056788841010900794,-0.8,1.3498588075760032
