method,true_params,bivpois_eta,bivpois_estimated_ha,bivpois_bias,bivpois_mse,pc_eta,pc_bias,pc_mse,lm_eta,lm_bias,lm_mse,team_strength_correlation,mu
bivpois,0.25,0.17353420477144627,0.24719112670039278,-0.0028088732996072174,7.889769213246337e-6,0.2752303827228764,0.02523038272287642,6.36572212342821e-4,0.643274853801163,0.393274853801163,0.15466511063232613,-0.8,1.3498588075760032
