method,true_params,bivpois_eta,bivpois_estimated_ha,bivpois_bias,bivpois_mse,pc_eta,pc_bias,pc_mse,lm_eta,lm_bias,lm_mse,team_strength_correlation,mu
bivpois,0.25,0.26565551461875136,0.4520970849734607,0.20209708497346068,0.040843231754770185,0.5197726676924227,0.2697726676924227,0.07277729223388632,0.970760233918135,0.720760233918135,0.5194953147977247,-0.8,1.3498588075760032
