method,true_params,bivpois_eta,bivpois_estimated_ha,bivpois_bias,bivpois_mse,pc_eta,pc_bias,pc_mse,lm_eta,lm_bias,lm_mse,team_strength_correlation,mu
bivpois,0.25,0.1448445495123408,0.20547875291426787,-0.04452124708573213,0.0019821414420688114,0.22919944848075255,-0.02080055151924745,4.3266294350486744e-4,0.081871345029237,-0.16812865497076301,0.028267244622277875,-0.8,1.3498588075760032
