method,true_params,bivpois_eta,bivpois_estimated_ha,bivpois_bias,bivpois_mse,pc_eta,pc_bias,pc_mse,lm_eta,lm_bias,lm_mse,team_strength_correlation,mu
bivpois,0.25,0.12245834649290122,0.1950724791113967,-0.05492752088860331,0.003017032550967953,0.21494013206799298,-0.03505986793200702,0.0012291943394097742,0.6461988304093658,0.39619883040936577,0.15697351321774938,-0.8,1.3498588075760032
