method,true_params,bivpois_eta,bivpois_estimated_ha,bivpois_bias,bivpois_mse,pc_eta,pc_bias,pc_mse,lm_eta,lm_bias,lm_mse,team_strength_correlation,mu
bivpois,0.25,0.13441207322333987,0.20188072014364944,-0.04811927985635056,0.0023154650938937847,0.21641952893177352,-0.03358047106822648,0.0011276480371639958,0.5380116959064383,0.28801169590643827,0.08295073697890266,-0.8,1.3498588075760032
