method,true_params,bivpois_eta,bivpois_estimated_ha,bivpois_bias,bivpois_mse,pc_eta,pc_bias,pc_mse,lm_eta,lm_bias,lm_mse,team_strength_correlation,mu
bivpois,0.25,0.1961490635088083,0.2847542213899308,0.034754221389930784,0.0012078559044203224,0.3185378623355682,0.06853786233556819,0.004697438573529297,1.5321637426900645,1.2821637426900645,1.643943863068994,-0.8,1.3498588075760032
