method,true_params,bivpois_eta,bivpois_estimated_ha,bivpois_bias,bivpois_mse,pc_eta,pc_bias,pc_mse,lm_eta,lm_bias,lm_mse,team_strength_correlation,mu
bivpois,0.25,0.2336163942216084,0.3124411731614529,0.06244117316145292,0.003898900105778549,0.3468292118628507,0.0968292118628507,0.009375896269980828,0.28362573099415267,0.03362573099415267,0.0011306897848911194,-0.8,1.3498588075760032
