method,true_params,bivpois_eta,bivpois_estimated_ha,bivpois_bias,bivpois_mse,pc_eta,pc_bias,pc_mse,lm_eta,lm_bias,lm_mse,team_strength_correlation,mu
bivpois,0.25,0.17225373374830255,0.2688598961763371,0.0188598961763371,3.556956837822147e-4,0.3044461927657408,0.05444619276574081,0.0029643879066842066,-0.5555555555555591,-0.8055555555555591,0.6489197530864255,-0.8,1.3498588075760032
