method,true_params,bivpois_eta,bivpois_estimated_ha,bivpois_bias,bivpois_mse,pc_eta,pc_bias,pc_mse,lm_eta,lm_bias,lm_mse,team_strength_correlation,mu
bivpois,0.25,0.08855042423061586,0.1240565829534257,-0.1259434170465743,0.015861744297367343,0.13127395934941066,-0.11872604065058934,0.014095872728565393,0.6871345029239778,0.4371345029239778,0.19108657364659318,-0.8,1.3498588075760032
