method,true_params,bivpois_eta,bivpois_estimated_ha,bivpois_bias,bivpois_mse,pc_eta,pc_bias,pc_mse,lm_eta,lm_bias,lm_mse,team_strength_correlation,mu
bivpois,0.25,0.24111517564197094,0.34818640839075843,0.09818640839075843,0.009640570792676797,0.37176307186591967,0.12176307186591967,0.014826245670225119,-0.8040935672514631,-1.054093567251463,1.1111132485209148,-0.8,1.3498588075760032
