method,true_params,bivpois_eta,bivpois_estimated_ha,bivpois_bias,bivpois_mse,pc_eta,pc_bias,pc_mse,lm_eta,lm_bias,lm_mse,team_strength_correlation,mu
bivpois,0.25,0.16404417396559437,0.2503530514860739,3.5305148607389647e-4,1.2464535181898673e-07,0.25901339861964495,0.009013398619644952,8.124135467661753e-5,0.8801169590643375,0.6301169590643375,0.397047382100488,-0.8,1.3498588075760032
