method,true_params,bivpois_eta,bivpois_estimated_ha,bivpois_bias,bivpois_mse,pc_eta,pc_bias,pc_mse,lm_eta,lm_bias,lm_mse,team_strength_correlation,mu
bivpois,0.25,0.17745957204654028,0.26443556931830026,0.014435569318300256,2.0838566154345172e-4,0.31249653747998174,0.06249653747998174,0.003905817196986762,0.046783625731002525,-0.20321637426899747,0.041296894771037256,-0.8,1.3498588075760032
