method,true_params,bivpois_eta,bivpois_estimated_ha,bivpois_bias,bivpois_mse,pc_eta,pc_bias,pc_mse,lm_eta,lm_bias,lm_mse,team_strength_correlation,mu
bivpois,0.25,0.2049384283921688,0.32071723069015556,0.07071723069015556,0.00500092671648468,0.3961457066483517,0.1461457066483517,0.02135856757174607,0.005847953216376468,-0.24415204678362354,0.0596102219486327,-0.8,1.3498588075760032
