method,true_params,bivpois_eta,bivpois_estimated_ha,bivpois_bias,bivpois_mse,pc_eta,pc_bias,pc_mse,lm_eta,lm_bias,lm_mse,team_strength_correlation,mu
bivpois,0.25,0.19103946559612364,0.29530097805757327,0.04530097805757327,0.002052178612972735,0.3121681058166084,0.06216810581660842,0.0038648733808250217,1.3771929824561373,1.1271929824561373,1.2705640196983619,-0.8,1.3498588075760032
