method,true_params,bivpois_eta,bivpois_estimated_ha,bivpois_bias,bivpois_mse,pc_eta,pc_bias,pc_mse,lm_eta,lm_bias,lm_mse,team_strength_correlation,mu
bivpois,0.25,0.12287643042250505,0.16939038784732996,-0.08060961215267004,0.006497909571403889,0.2037956275889523,-0.04620437241104769,0.0021348440298987847,-0.11695906432748686,-0.3669590643274869,0.13465895489210464,-0.8,1.3498588075760032
