method,true_params,bivpois_eta,bivpois_estimated_ha,bivpois_bias,bivpois_mse,pc_eta,pc_bias,pc_mse,lm_eta,lm_bias,lm_mse,team_strength_correlation,mu
bivpois,0.25,0.1632732670586051,0.2308906219100777,-0.019109378089922302,3.6516833098360253e-4,0.2662669202774237,0.016266920277423713,2.6461269531205875e-4,0.36842105263157426,0.11842105263157426,0.014023545706370082,-0.8,1.3498588075760032
