method,true_params,bivpois_eta,bivpois_estimated_ha,bivpois_bias,bivpois_mse,pc_eta,pc_bias,pc_mse,lm_eta,lm_bias,lm_mse,team_strength_correlation,mu
bivpois,0.25,0.1399517739898021,0.21197632747595652,-0.038023672524043484,0.0014457996722156993,0.2384863987487961,-0.011513601251203903,1.325630137717241e-4,-0.09941520467836387,-0.34941520467836384,0.1220909852604229,-0.8,1.3498588075760032
