method,true_params,bivpois_eta,bivpois_estimated_ha,bivpois_bias,bivpois_mse,pc_eta,pc_bias,pc_mse,lm_eta,lm_bias,lm_mse,team_strength_correlation,mu
bivpois,0.25,0.12686222926220095,0.18068878123290477,-0.06931121876709523,0.004804045046980134,0.20519273049969977,-0.04480726950030023,0.0020076914000725352,-0.17836257309942358,-0.4283625730994236,0.18349449403235904,-0.8,1.3498588075760032
