method,true_params,bivpois_eta,bivpois_estimated_ha,bivpois_bias,bivpois_mse,pc_eta,pc_bias,pc_mse,lm_eta,lm_bias,lm_mse,team_strength_correlation,mu
bivpois,0.25,0.20027659965751374,0.29920172264925826,0.04920172264925826,0.0024208095116545333,0.3263409551788384,0.07634095517883838,0.00582794143761741,-0.3070175438596449,-0.557017543859645,0.3102685441674315,-0.8,1.3498588075760032
