method,true_params,bivpois_eta,bivpois_estimated_ha,bivpois_bias,bivpois_mse,pc_eta,pc_bias,pc_mse,lm_eta,lm_bias,lm_mse,team_strength_correlation,mu
bivpois,0.25,0.1745721153507818,0.26745925103835333,0.01745925103835333,3.048254468202418e-4,0.29266559343164444,0.042665593431644444,0.0018203528628743814,-0.652046783625731,-0.902046783625731,0.8136883998495263,-0.8,1.3498588075760032
