method,true_params,bivpois_eta,bivpois_estimated_ha,bivpois_bias,bivpois_mse,pc_eta,pc_bias,pc_mse,lm_eta,lm_bias,lm_mse,team_strength_correlation,mu
bivpois,0.25,0.1506158697642351,0.24534702652023088,-0.004652973479769118,2.1650162203434736e-5,0.2834475700705455,0.033447570070545496,0.0011187399436240507,1.347953216374271,1.097953216374271,1.2055012653466066,-0.8,1.3498588075760032
