method,true_params,bivpois_eta,bivpois_estimated_ha,bivpois_bias,bivpois_mse,pc_eta,pc_bias,pc_mse,lm_eta,lm_bias,lm_mse,team_strength_correlation,mu
bivpois,0.25,0.13184177873579733,0.19421919625944906,-0.055780803740550944,0.003111498065941862,0.21956194417287314,-0.03043805582712686,9.264752425352913e-4,1.535087719298256,1.285087719298256,1.651450446291193,-0.8,1.3498588075760032
