method,true_params,bivpois_eta,bivpois_estimated_ha,bivpois_bias,bivpois_mse,pc_eta,pc_bias,pc_mse,lm_eta,lm_bias,lm_mse,team_strength_correlation,mu
bivpois,0.25,0.1887561160366195,0.2966721074590746,0.046672107459074574,0.0021782856146714043,0.3285539531166071,0.07855395311660712,0.0061707235502461094,-0.03801169590641674,-0.28801169590641673,0.08295073697889026,-0.8,1.3498588075760032
