method,true_params,bivpois_eta,bivpois_estimated_ha,bivpois_bias,bivpois_mse,pc_eta,pc_bias,pc_mse,lm_eta,lm_bias,lm_mse,team_strength_correlation,mu
bivpois,0.25,0.15472892360767357,0.2539046960581943,0.0039046960581943235,1.5246651306878289e-5,0.2797214007653919,0.029721400765391925,8.833616634570398e-4,-0.6491228070175314,-0.8991228070175314,0.8084218220990851,-0.8,1.3498588075760032
