method,true_params,bivpois_eta,bivpois_estimated_ha,bivpois_bias,bivpois_mse,pc_eta,pc_bias,pc_mse,lm_eta,lm_bias,lm_mse,team_strength_correlation,mu
bivpois,0.25,0.1479345395721142,0.21502906201547844,-0.034970937984521555,0.0012229665035172524,0.23598742917009538,-0.01401257082990462,1.9635214126309384e-4,0.3421052631578955,0.09210526315789552,0.008483379501385186,-0.8,1.3498588075760032
