method,true_params,bivpois_eta,bivpois_estimated_ha,bivpois_bias,bivpois_mse,pc_eta,pc_bias,pc_mse,lm_eta,lm_bias,lm_mse,team_strength_correlation,mu
bivpois,0.25,0.09933729395944316,0.15014308809551657,-0.09985691190448343,0.009971402855099764,0.16408986610521764,-0.08591013389478236,0.007380551105819433,0.09356725146198566,-0.15643274853801434,0.024471204815157625,-0.8,1.3498588075760032
