method,true_params,bivpois_eta,bivpois_estimated_ha,bivpois_bias,bivpois_mse,pc_eta,pc_bias,pc_mse,lm_eta,lm_bias,lm_mse,team_strength_correlation,mu
bivpois,0.25,0.06493896059665161,0.08624914694814412,-0.16375085305185588,0.0268143418752105,0.0931163582781758,-0.1568836417218242,0.0246124770399017,0.7280701754386045,0.47807017543860453,0.2285510926438981,-0.8,1.3498588075760032
