method,true_params,bivpois_eta,bivpois_estimated_ha,bivpois_bias,bivpois_mse,pc_eta,pc_bias,pc_mse,lm_eta,lm_bias,lm_mse,team_strength_correlation,mu
bivpois,0.25,0.13488948973992387,0.23250134050602234,-0.017498659493977664,3.0620308408617466e-4,0.25298979304359814,0.0029897930435981435,8.93886244354785e-6,0.3888888888888816,0.13888888888888162,0.019290123456788107,-0.8,1.3498588075760032
