method,true_params,bivpois_eta,bivpois_estimated_ha,bivpois_bias,bivpois_mse,pc_eta,pc_bias,pc_mse,lm_eta,lm_bias,lm_mse,team_strength_correlation,mu
bivpois,0.25,0.17518572902206203,0.27587531012105804,0.025875310121058037,6.695316738609285e-4,0.3119001192754507,0.061900119275450693,0.0038316247663150223,0.5409356725146234,0.2909356725146234,0.08464356554153618,-0.8,1.3498588075760032
