method,true_params,bivpois_eta,bivpois_estimated_ha,bivpois_bias,bivpois_mse,pc_eta,pc_bias,pc_mse,lm_eta,lm_bias,lm_mse,team_strength_correlation,mu
bivpois,0.25,0.23916792252952968,0.3485233496073745,0.09852334960737452,0.009706850417856945,0.3977959542116995,0.1477959542116995,0.021843644081346775,1.5584795321637506,1.3084795321637506,1.7121186860914677,-0.8,1.3498588075760032
