method,true_params,bivpois_eta,bivpois_estimated_ha,bivpois_bias,bivpois_mse,pc_eta,pc_bias,pc_mse,lm_eta,lm_bias,lm_mse,team_strength_correlation,mu
bivpois,0.25,0.16330241813292387,0.22755535937904314,-0.022444640620956857,5.037618926039066e-4,0.2677588717059922,0.01775887170599222,3.15377524269891e-4,-0.1900584795321743,-0.4400584795321743,0.19365146540816908,-0.8,1.3498588075760032
