method,true_params,bivpois_eta,bivpois_estimated_ha,bivpois_bias,bivpois_mse,pc_eta,pc_bias,pc_mse,lm_eta,lm_bias,lm_mse,team_strength_correlation,mu
bivpois,0.25,0.1914857913499551,0.3055912616620353,0.05559126166203532,0.0030903883731768778,0.33243009703657694,0.08243009703657694,0.006794720897459491,1.403508771929817,1.153508771929817,1.3305824869190344,-0.8,1.3498588075760032
