method,true_params,bivpois_eta,bivpois_estimated_ha,bivpois_bias,bivpois_mse,pc_eta,pc_bias,pc_mse,lm_eta,lm_bias,lm_mse,team_strength_correlation,mu
bivpois,0.25,0.1546915222742031,0.21409349770548847,-0.03590650229451153,0.001289276907025762,0.23338108350349496,-0.016618916496505043,2.761883855178075e-4,0.07309941520467081,-0.1769005847953292,0.03129381690092945,-0.8,1.3498588075760032
