method,true_params,bivpois_eta,bivpois_estimated_ha,bivpois_bias,bivpois_mse,pc_eta,pc_bias,pc_mse,lm_eta,lm_bias,lm_mse,team_strength_correlation,mu
bivpois,0.25,0.14728791766041258,0.2002339045466488,-0.0497660954533512,0.002476664256672063,0.22879976456401133,-0.021200235435988674,4.4944998254134986e-4,0.30116959064328236,0.05116959064328236,0.0026183270066010896,-0.8,1.3498588075760032
