method,true_params,bivpois_eta,bivpois_estimated_ha,bivpois_bias,bivpois_mse,pc_eta,pc_bias,pc_mse,lm_eta,lm_bias,lm_mse,team_strength_correlation,mu
bivpois,0.25,-0.04119500319897013,-0.051706425181468285,-0.3017064251814683,0.091026766995780925,-0.058271028195916744,-0.30827102819591673,0.09503102682496768,0.11988304093567477,-0.13011695906432524,0.01693042303614729,-0.8,1.3498588075760032
