method,true_params,bivpois_eta,bivpois_estimated_ha,bivpois_bias,bivpois_mse,pc_eta,pc_bias,pc_mse,lm_eta,lm_bias,lm_mse,team_strength_correlation,mu
bivpois,0.25,0.17037784665454822,0.26007912148147505,0.01007912148147505,1.0158868983833182e-4,0.31993469586929923,0.06993469586929923,0.00489086168633138,0.6461988304093793,0.3961988304093793,0.1569735132177601,-0.8,1.3498588075760032
