method,true_params,bivpois_eta,bivpois_estimated_ha,bivpois_bias,bivpois_mse,pc_eta,pc_bias,pc_mse,lm_eta,lm_bias,lm_mse,team_strength_correlation,mu
bivpois,0.25,0.15419618545902142,0.22268914621783398,-0.027310853782166022,7.458827343108522e-4,0.2514835514805898,0.0014835514805898176,2.20092499556024e-6,1.1081871345029348,0.8581871345029348,0.7364851578263584,-0.8,1.3498588075760032
