method,true_params,bivpois_eta,bivpois_estimated_ha,bivpois_bias,bivpois_mse,pc_eta,pc_bias,pc_mse,lm_eta,lm_bias,lm_mse,team_strength_correlation,mu
bivpois,0.25,0.11180684876295938,0.14458631837143177,-0.10541368162856823,0.011112044274489145,0.1739774401002886,-0.0760225598997114,0.005779429613705209,0.5263157894736996,0.2763157894736996,0.07635041551247389,-0.8,1.3498588075760032
