true_params,bivpois_eta,bivpois_estimated_ha,bivpois_eta_bias,bivpois_eta_mse,lm_eta,lm_eta_bias,lm_eta_mse,team_strength_correlation,lambda3
0.11409205950108772,0.1848966544537029,0.20309409928583233,0.08900203978474461,0.007921363085845262,0.5058479532163792,0.3917558937152915,0.1534726802606668,0,0
