method,true_params,bivpois_eta,bivpois_estimated_ha,bivpois_bias,bivpois_mse,pc_eta,pc_bias,pc_mse,lm_eta,lm_bias,lm_mse,team_strength_correlation
bivpois,0.1646000484470278,0.2197104535666674,0.2457159857430924,0.08111593729606459,0.006579795283419082,0.29816409150831114,0.13356404306128333,0.01783935359887635,0.5000000000000049,0.3353999515529771,0.11249312750173937,0
