method,true_params,bivpois_eta,bivpois_estimated_ha,bivpois_bias,bivpois_mse,pc_eta,pc_bias,pc_mse,lm_eta,lm_bias,lm_mse,team_strength_correlation,mu
bivpois,0,0.008253481327177731,0.007857753090120267,0.007857753090120267,6.174428362529461e-5,0.006047534449661358,0.006047534449661358,3.6572672919840904e-5,0.16081871345029441,0.16081871345029441,0.025862658595807907,0,1
