method,true_params,bivpois_eta,bivpois_estimated_ha,bivpois_bias,bivpois_mse,pc_eta,pc_bias,pc_mse,lm_eta,lm_bias,lm_mse,team_strength_correlation,mu
bivpois,0.25,0.1321469487714692,0.1815306845066671,-0.0684693154933329,0.004688047164125558,0.2116396674142525,-0.0383603325857475,0.0014715151160891618,-0.34795321637426657,-0.5979532163742666,0.35754804897233045,-0.8,1.3498588075760032
