method,true_params,bivpois_eta,bivpois_estimated_ha,bivpois_bias,bivpois_mse,pc_eta,pc_bias,pc_mse,lm_eta,lm_bias,lm_mse,team_strength_correlation,mu
bivpois,0.25,0.10968025416406305,0.17533329418536026,-0.07466670581463974,0.005575116957209957,0.19797798721580362,-0.05202201278419638,0.0027062898141190918,0.061403508771938946,-0.18859649122806105,0.03556863650353611,-0.4,1.3498588075760032
