method,true_params,bivpois_eta,bivpois_estimated_ha,bivpois_bias,bivpois_mse,pc_eta,pc_bias,pc_mse,lm_eta,lm_bias,lm_mse,team_strength_correlation,mu
bivpois,0.25,0.17132621947348575,0.2473184559749968,-0.002681544025003202,7.190678358030373e-6,0.26516499149201933,0.01516499149201933,2.299769669530187e-4,-0.020467836257310197,-0.2704678362573102,0.07315285044971116,-0.4,1.3498588075760032
