method,true_params,bivpois_eta,bivpois_estimated_ha,bivpois_bias,bivpois_mse,pc_eta,pc_bias,pc_mse,lm_eta,lm_bias,lm_mse,team_strength_correlation,mu
bivpois,0.25,0.2318380116984543,0.2980061373019167,0.04800613730191672,0.0023045892186504798,0.34638090382781933,0.09638090382781933,0.009289278622667358,-0.16374269005847128,-0.4137426900584713,0.17118301357682025,-0.4,1.3498588075760032
