method,true_params,bivpois_eta,bivpois_estimated_ha,bivpois_bias,bivpois_mse,pc_eta,pc_bias,pc_mse,lm_eta,lm_bias,lm_mse,team_strength_correlation,mu
bivpois,0.25,0.22637881018463366,0.33693265245862336,0.08693265245862336,0.007557286063491794,0.37457658703168095,0.12457658703168095,0.01551932603646198,0.6959064327485405,0.44590643274854047,0.19883254676652865,-0.4,1.3498588075760032
