method,true_params,bivpois_eta,bivpois_estimated_ha,bivpois_bias,bivpois_mse,pc_eta,pc_bias,pc_mse,lm_eta,lm_bias,lm_mse,team_strength_correlation,mu
bivpois,0.25,0.044002424114362775,0.0621014628574692,-0.1878985371425308,0.035305860260303024,0.07327378427903856,-0.17672621572096142,0.03123215532305179,0.14619883040935897,-0.10380116959064103,0.010774682808385021,-0.4,1.3498588075760032
