method,true_params,bivpois_eta,bivpois_estimated_ha,bivpois_bias,bivpois_mse,pc_eta,pc_bias,pc_mse,lm_eta,lm_bias,lm_mse,team_strength_correlation,mu
bivpois,0.25,0.10574667353012955,0.13710040488246666,-0.11289959511753334,0.012746318577702956,0.14746049901820957,-0.10253950098179043,0.010514349261594601,0.16374269005850822,-0.08625730994149178,0.007440323518342576,-0.4,1.3498588075760032
