method,true_params,bivpois_eta,bivpois_estimated_ha,bivpois_bias,bivpois_mse,pc_eta,pc_bias,pc_mse,lm_eta,lm_bias,lm_mse,team_strength_correlation,mu
bivpois,0.25,0.10992144133745457,0.1508427817043898,-0.0991572182956102,0.009832153940123293,0.17183809698965974,-0.07816190301034026,0.006109283082197838,0.36549707602339904,0.11549707602339904,0.013339574569954816,-0.4,1.3498588075760032
