method,true_params,bivpois_eta,bivpois_estimated_ha,bivpois_bias,bivpois_mse,pc_eta,pc_bias,pc_mse,lm_eta,lm_bias,lm_mse,team_strength_correlation,mu
bivpois,0.25,0.11679422915256868,0.16407391162870866,-0.08592608837129134,0.007383292662790969,0.1870501888027607,-0.0629498111972393,0.003962678729768075,0.9035087719298411,0.6535087719298411,0.4270737149892491,-0.4,1.3498588075760032
