method,true_params,bivpois_eta,bivpois_estimated_ha,bivpois_bias,bivpois_mse,pc_eta,pc_bias,pc_mse,lm_eta,lm_bias,lm_mse,team_strength_correlation,mu
bivpois,0.25,0.16446962479211572,0.2176915868337146,-0.03230841316628541,0.0010438335613234045,0.258008644663422,0.008008644663421993,6.413838934495758e-5,1.102339181286556,0.852339181286556,0.7264820799562365,-0.4,1.3498588075760032
