method,true_params,bivpois_eta,bivpois_estimated_ha,bivpois_bias,bivpois_mse,pc_eta,pc_bias,pc_mse,lm_eta,lm_bias,lm_mse,team_strength_correlation,mu
bivpois,0.25,0.16972080683653679,0.27608526955294366,0.026085269552943657,6.804412876497294e-4,0.315275676479533,0.06527567647953297,0.0042609139398606544,0.593567251461983,0.34356725146198297,0.11803845627714143,-0.4,1.3498588075760032
