method,true_params,bivpois_eta,bivpois_estimated_ha,bivpois_bias,bivpois_mse,pc_eta,pc_bias,pc_mse,lm_eta,lm_bias,lm_mse,team_strength_correlation,mu
bivpois,0.25,0.19065191020704644,0.2593001014977734,0.009300101497773383,8.649188786888672e-5,0.2892715885488476,0.0392715885488476,0.001542257667149978,-0.8771929824561457,-1.1271929824561457,1.270564019698381,-0.4,1.3498588075760032
