method,true_params,bivpois_eta,bivpois_estimated_ha,bivpois_bias,bivpois_mse,pc_eta,pc_bias,pc_mse,lm_eta,lm_bias,lm_mse,team_strength_correlation,mu
bivpois,0.25,0.18789929382901335,0.23313780381511595,-0.01686219618488405,2.843336601775182e-4,0.2559469832540314,0.005946983254031424,3.536660982373018e-5,0.43274853801170243,0.18274853801170243,0.03339702814541465,-0.4,1.3498588075760032
