method,true_params,bivpois_eta,bivpois_estimated_ha,bivpois_bias,bivpois_mse,pc_eta,pc_bias,pc_mse,lm_eta,lm_bias,lm_mse,team_strength_correlation,mu
bivpois,0.25,0.16173240291684898,0.2366268335233095,-0.013373166476690512,1.7884158161327892e-4,0.2533281143933219,0.0033281143933219237,1.1076345415036557e-5,1.7134502923976462,1.4634502923976462,2.141686758318756,-0.4,1.3498588075760032
