method,true_params,bivpois_eta,bivpois_estimated_ha,bivpois_bias,bivpois_mse,pc_eta,pc_bias,pc_mse,lm_eta,lm_bias,lm_mse,team_strength_correlation,mu
bivpois,0.25,0.11440842824787466,0.16232024495936281,-0.08767975504063719,0.007687739443986142,0.18674752115294616,-0.06325247884705384,0.004000876080296994,0.292397660818716,0.04239766081871599,0.0017975616428988848,-0.4,1.3498588075760032
