method,true_params,bivpois_eta,bivpois_estimated_ha,bivpois_bias,bivpois_mse,pc_eta,pc_bias,pc_mse,lm_eta,lm_bias,lm_mse,team_strength_correlation,mu
bivpois,0.25,0.17523611584753426,0.2588686255129464,0.008868625512946426,7.865251848888426e-5,0.27665213011930817,0.02665213011930817,7.103360398965338e-4,0.8070175438596503,0.5570175438596503,0.31026854416743743,-0.4,1.3498588075760032
