method,true_params,bivpois_eta,bivpois_estimated_ha,bivpois_bias,bivpois_mse,pc_eta,pc_bias,pc_mse,lm_eta,lm_bias,lm_mse,team_strength_correlation,mu
bivpois,0.25,0.17743071442369096,0.24352204759399632,-0.006477952406003684,4.196386737444892e-5,0.2682962088983684,0.018296208898368416,3.347512600527356e-4,0.8684210526315851,0.6184210526315851,0.38244459833795774,-0.4,1.3498588075760032
