method,true_params,bivpois_eta,bivpois_estimated_ha,bivpois_bias,bivpois_mse,pc_eta,pc_bias,pc_mse,lm_eta,lm_bias,lm_mse,team_strength_correlation,mu
bivpois,0.25,0.11328306277902253,0.15814089335357195,-0.09185910664642805,0.008438095473879841,0.18527353249640155,-0.06472646750359845,0.004189515595494386,1.1842105263157836,0.9342105263157836,0.8727493074792134,-0.4,1.3498588075760032
