method,true_params,bivpois_eta,bivpois_estimated_ha,bivpois_bias,bivpois_mse,pc_eta,pc_bias,pc_mse,lm_eta,lm_bias,lm_mse,team_strength_correlation,mu
bivpois,0.25,0.15019196175439475,0.20178607928727121,-0.048213920712728786,0.002324582150493298,0.2227986349988965,-0.02720136500110351,7.399142579232591e-4,-0.08187134502924848,-0.3318713450292485,0.11013858965152248,-0.4,1.3498588075760032
