method,true_params,bivpois_eta,bivpois_estimated_ha,bivpois_bias,bivpois_mse,pc_eta,pc_bias,pc_mse,lm_eta,lm_bias,lm_mse,team_strength_correlation,mu
bivpois,0.25,0.1454828311641107,0.21107014936342305,-0.038929850636576946,0.0015155332705861905,0.23819934112148516,-0.011800658878514836,1.39255549967071e-4,0.12280701754385835,-0.12719298245614163,0.016178054786088355,-0.4,1.3498588075760032
