method,true_params,bivpois_eta,bivpois_estimated_ha,bivpois_bias,bivpois_mse,pc_eta,pc_bias,pc_mse,lm_eta,lm_bias,lm_mse,team_strength_correlation,mu
bivpois,0.25,0.12136727085513169,0.18714276317942047,-0.06285723682057953,0.003951032220718419,0.20916279578372138,-0.04083720421627862,0.0016676772482020444,0.15497076023394338,-0.09502923976605662,0.009030556410514678,-0.4,1.3498588075760032
