method,true_params,bivpois_eta,bivpois_estimated_ha,bivpois_bias,bivpois_mse,pc_eta,pc_bias,pc_mse,lm_eta,lm_bias,lm_mse,team_strength_correlation,mu
bivpois,0.25,0.15636427636879704,0.22116091107202518,-0.02883908892797482,8.316930501956398e-4,0.23944730393243388,-0.01055269606756612,1.1135939429442544e-4,0.06432748538012054,-0.18567251461987946,0.03447428268526935,-0.4,1.3498588075760032
