method,true_params,bivpois_eta,bivpois_estimated_ha,bivpois_bias,bivpois_mse,pc_eta,pc_bias,pc_mse,lm_eta,lm_bias,lm_mse,team_strength_correlation,mu
bivpois,0,0.006543309602770036,0.005724934181832175,0.005724934181832175,3.277487138631044e-5,0.010084171484003503,0.010084171484003503,1.0169051451878941e-4,-0.2865497076023427,-0.2865497076023427,0.0821107349269881,0,1
