method,true_params,bivpois_eta,bivpois_estimated_ha,bivpois_bias,bivpois_mse,pc_eta,pc_bias,pc_mse,lm_eta,lm_bias,lm_mse,team_strength_correlation
bivpois,0.8657419008668512,0.5561991849868851,0.7440311472463059,-0.12171075362054529,0.014813507546881077,0.9728140024545756,0.1070721015877244,0.011464434938411974,-0.02923976608187592,-0.8949816669487272,0.8009921841743224,0
