method,true_params,bivpois_eta,bivpois_estimated_ha,bivpois_bias,bivpois_mse,pc_eta,pc_bias,pc_mse,lm_eta,lm_bias,lm_mse,team_strength_correlation,mu
bivpois,0.25,0.05246852408986843,0.08245873083327115,-0.16754126916672885,0.028070076873998286,0.0956160395063648,-0.1543839604936352,0.023834407257700314,-0.27192982456139825,-0.5219298245613982,0.27241074176669194,-0.4,1.3498588075760032
