method,true_params,bivpois_eta,bivpois_estimated_ha,bivpois_bias,bivpois_mse,pc_eta,pc_bias,pc_mse,lm_eta,lm_bias,lm_mse,team_strength_correlation,mu
bivpois,0.25,0.08396667975727254,0.12436697507530758,-0.12563302492469242,0.015783656951728387,0.13378207013969323,-0.11621792986030677,0.013506607221015184,0.5146198830409304,0.2646198830409304,0.0700236825005957,-0.4,1.3498588075760032
