method,true_params,bivpois_eta,bivpois_estimated_ha,bivpois_bias,bivpois_mse,pc_eta,pc_bias,pc_mse,lm_eta,lm_bias,lm_mse,team_strength_correlation,mu
bivpois,0.25,0.18653599421264655,0.27666508547585345,0.026665085475853445,7.110267834345704e-4,0.3106240239177031,0.06062402391770311,0.0036752722759742385,-0.2923976608187205,-0.5423976608187204,0.29419522246161967,-0.4,1.3498588075760032
