method,true_params,bivpois_eta,bivpois_estimated_ha,bivpois_bias,bivpois_mse,pc_eta,pc_bias,pc_mse,lm_eta,lm_bias,lm_mse,team_strength_correlation,mu
bivpois,0.25,0.23162757353257737,0.3324530829740635,0.08245308297406351,0.006798510891927801,0.352222395550683,0.10222239555068302,0.0104494181521203,-0.33625730994153147,-0.5862573099415315,0.3436976334598809,-0.4,1.3498588075760032
