method,true_params,bivpois_eta,bivpois_estimated_ha,bivpois_bias,bivpois_mse,pc_eta,pc_bias,pc_mse,lm_eta,lm_bias,lm_mse,team_strength_correlation,mu
bivpois,0.25,0.1936271784021362,0.27072883581915486,0.020728835819154856,4.296846344174774e-4,0.2970496056806604,0.04704960568066041,0.0022136653947056324,0.05847953216374233,-0.19152046783625767,0.03668008960021901,-0.4,1.3498588075760032
