method,true_params,bivpois_eta,bivpois_estimated_ha,bivpois_bias,bivpois_mse,pc_eta,pc_bias,pc_mse,lm_eta,lm_bias,lm_mse,team_strength_correlation,mu
bivpois,0.25,0.197504793384139,0.2530841579558558,0.003084157955855815,9.512030296668721e-6,0.2841853992028767,0.03418539920287672,0.0011686415186600444,0.4649122807017533,0.21491228070175328,0.046187288396429195,-0.4,1.3498588075760032
