method,true_params,bivpois_eta,bivpois_estimated_ha,bivpois_bias,bivpois_mse,pc_eta,pc_bias,pc_mse,lm_eta,lm_bias,lm_mse,team_strength_correlation,mu
bivpois,0.25,0.1311964796880697,0.19461513503909633,-0.05538486496090367,0.003067483266737535,0.21416680146177472,-0.03583319853822528,0.0012840181174798703,0.26315789473683826,0.01315789473683826,1.73130193905716e-4,-0.4,1.3498588075760032
