method,true_params,bivpois_eta,bivpois_estimated_ha,bivpois_bias,bivpois_mse,pc_eta,pc_bias,pc_mse,lm_eta,lm_bias,lm_mse,team_strength_correlation,mu
bivpois,0.25,0.19810768992682706,0.32434491173882574,0.07434491173882574,0.005527165901453789,0.37589307672289385,0.12589307672289385,0.015849066766756438,-0.14035087719298325,-0.3903508771929832,0.15237380732533148,-0.4,1.3498588075760032
