method,true_params,bivpois_eta,bivpois_estimated_ha,bivpois_bias,bivpois_mse,pc_eta,pc_bias,pc_mse,lm_eta,lm_bias,lm_mse,team_strength_correlation,mu
bivpois,0.25,0.0896898256120692,0.15711585155809216,-0.09288414844190784,0.00862746503177837,0.17556650910953983,-0.07443349089046017,0.005540344566140217,-0.3625730994152059,-0.6125730994152059,0.3752458021271517,-0.4,1.3498588075760032
