method,true_params,bivpois_eta,bivpois_estimated_ha,bivpois_bias,bivpois_mse,pc_eta,pc_bias,pc_mse,lm_eta,lm_bias,lm_mse,team_strength_correlation,mu
bivpois,0.25,0.21109341878792412,0.30048095243843376,0.05048095243843376,0.0025483265590914113,0.33709520317181035,0.08709520317181035,0.007585574415538924,-0.0438596491228057,-0.2938596491228057,0.08635349338257849,-0.4,1.3498588075760032
