method,true_params,bivpois_eta,bivpois_estimated_ha,bivpois_bias,bivpois_mse,pc_eta,pc_bias,pc_mse,lm_eta,lm_bias,lm_mse,team_strength_correlation,mu
bivpois,0,-0.012708997869511181,-0.012022866525244202,-0.012022866525244202,1.445493194838376e-4,-0.016085913526701124,-0.016085913526701124,2.587566139885062e-4,-0.5409356725146169,-0.5409356725146169,0.29261140179884093,0,1
