method,true_params,bivpois_eta,bivpois_estimated_ha,bivpois_bias,bivpois_mse,pc_eta,pc_bias,pc_mse,lm_eta,lm_bias,lm_mse,team_strength_correlation,mu
bivpois,0.25,0.24672761812320004,0.3470179801346356,0.09701798013463558,0.009412488469404545,0.41290952365000627,0.16290952365000627,0.026539512895871954,0.7660818713450551,0.5160818713450551,0.26634049793101405,-0.4,1.3498588075760032
