method,true_params,bivpois_eta,bivpois_estimated_ha,bivpois_bias,bivpois_mse,pc_eta,pc_bias,pc_mse,lm_eta,lm_bias,lm_mse,team_strength_correlation,mu
bivpois,0.25,0.15512975024106632,0.20805938184124617,-0.04194061815875383,0.0017590154515383914,0.22497179222097133,-0.02502820777902867,6.264111846302314e-4,0.023391812865483627,-0.22660818713451636,0.051351270476391986,-0.4,1.3498588075760032
