method,true_params,bivpois_eta,bivpois_estimated_ha,bivpois_bias,bivpois_mse,pc_eta,pc_bias,pc_mse,lm_eta,lm_bias,lm_mse,team_strength_correlation,mu
bivpois,0.25,0.15710445470546938,0.2424398127587184,-0.007560187241281602,5.715643112323712e-5,0.2689113683137203,0.01891136831372031,3.576398514971846e-4,1.1432748538011608,0.8932748538011608,0.7979399644334851,-0.4,1.3498588075760032
