method,true_params,bivpois_eta,bivpois_estimated_ha,bivpois_bias,bivpois_mse,pc_eta,pc_bias,pc_mse,lm_eta,lm_bias,lm_mse,team_strength_correlation,mu
bivpois,0,0.04727675212998873,0.050860530451728,0.050860530451728,0.0025867935578311515,0.058492773927605275,0.058492773927605275,0.0034214046017459394,0.9385964912280678,0.9385964912280678,0.8809633733456402,0,1
