method,true_params,bivpois_eta,bivpois_estimated_ha,bivpois_bias,bivpois_mse,pc_eta,pc_bias,pc_mse,lm_eta,lm_bias,lm_mse,team_strength_correlation,mu
bivpois,0.25,0.22378417538602519,0.26215170481183003,0.012151704811830033,1.4766392983385317e-4,0.28571769458134305,0.03571769458134305,0.0012757537062061028,0.4561403508771858,0.2061403508771858,0.04249384425976927,-0.4,1.3498588075760032
