method,true_params,bivpois_eta,bivpois_estimated_ha,bivpois_bias,bivpois_mse,pc_eta,pc_bias,pc_mse,lm_eta,lm_bias,lm_mse,team_strength_correlation,mu
bivpois,0.25,0.09176122222774558,0.12292334984988251,-0.1270766501501175,0.016148475013375355,0.13815949830653637,-0.11184050169346363,0.01250829781904564,0.2865497076023473,0.036549707602347326,0.0013358811258170858,-0.4,1.3498588075760032
