method,true_params,bivpois_eta,bivpois_estimated_ha,bivpois_bias,bivpois_mse,pc_eta,pc_bias,pc_mse,lm_eta,lm_bias,lm_mse,team_strength_correlation,mu
bivpois,0.25,0.1546907265075857,0.2362365118210601,-0.013763488178939909,1.894336068518186e-4,0.2641722474141999,0.014172247414199923,2.0085259676929642e-4,0.2573099415204745,0.007309941520474483,5.34352450327568e-5,-0.4,1.3498588075760032
