method,true_params,bivpois_eta,bivpois_estimated_ha,bivpois_bias,bivpois_mse,pc_eta,pc_bias,pc_mse,lm_eta,lm_bias,lm_mse,team_strength_correlation
bivpois,0.8041353919543326,0.6265417618880161,0.8711285694264825,0.06699317747214995,0.004488085827814979,1.0216448241997866,0.21750943224545405,0.047310353115739764,1.3099415204678304,0.5058061285134978,0.25583983964181306,0
