method,true_params,bivpois_eta,bivpois_estimated_ha,bivpois_bias,bivpois_mse,pc_eta,pc_bias,pc_mse,lm_eta,lm_bias,lm_mse,team_strength_correlation,mu
bivpois,0.25,0.2750753900081305,0.3797859713255163,0.12978597132551628,0.016844398352907734,0.428043419070911,0.17804341907091098,0.03169945907446003,0.020467836257313285,-0.2295321637426867,0.052685014192399536,-0.4,1.3498588075760032
