method,true_params,bivpois_eta,bivpois_estimated_ha,bivpois_bias,bivpois_mse,pc_eta,pc_bias,pc_mse,lm_eta,lm_bias,lm_mse,team_strength_correlation,mu
bivpois,0.25,0.1468209384567829,0.24228813073086153,-0.007711869269138472,5.947292762428234e-5,0.25290469510115665,0.0029046951011566513,8.437253630683449e-6,-0.3421052631578957,-0.5921052631578957,0.3505886426592809,-0.4,1.3498588075760032
