method,true_params,bivpois_eta,bivpois_estimated_ha,bivpois_bias,bivpois_mse,pc_eta,pc_bias,pc_mse,lm_eta,lm_bias,lm_mse,team_strength_correlation,mu
bivpois,0,-0.02887895365470339,-0.027221847478017924,-0.027221847478017924,7.410289801164709e-4,-0.031993887090481496,-0.031993887090481496,0.0010236088111584786,-0.2982456140350859,-0.2982456140350859,0.08895044629116544,0,1
