method,true_params,bivpois_eta,bivpois_estimated_ha,bivpois_bias,bivpois_mse,pc_eta,pc_bias,pc_mse,lm_eta,lm_bias,lm_mse,team_strength_correlation,mu
bivpois,0.25,0.11804922858753329,0.17092613464332307,-0.07907386535667693,0.006252676182445872,0.18351456086000378,-0.06648543913999622,0.004420313617638141,0.13450292397661143,-0.11549707602338857,0.0133395745699524,-0.4,1.3498588075760032
