method,true_params,bivpois_eta,bivpois_estimated_ha,bivpois_bias,bivpois_mse,pc_eta,pc_bias,pc_mse,lm_eta,lm_bias,lm_mse,team_strength_correlation,mu
bivpois,0.25,0.1923214671311218,0.2492521206061602,-7.47879393839801e-4,5.593235877301881e-7,0.29068918981804587,0.04068918981804587,0.0016556101680489676,0.1257309941520422,-0.1242690058479578,0.015442785814439771,-0.4,1.3498588075760032
