method,true_params,bivpois_eta,bivpois_estimated_ha,bivpois_bias,bivpois_mse,pc_eta,pc_bias,pc_mse,lm_eta,lm_bias,lm_mse,team_strength_correlation,mu
bivpois,0.25,0.2403755558025066,0.35167221879462396,0.10167221879462396,0.010337240074621886,0.39017582886770247,0.14017582886770247,0.01964926299874741,0.9502923976608258,0.7002923976608258,0.49040944222154825,-0.4,1.3498588075760032
