method,true_params,bivpois_eta,bivpois_estimated_ha,bivpois_bias,bivpois_mse,pc_eta,pc_bias,pc_mse,lm_eta,lm_bias,lm_mse,team_strength_correlation,mu
bivpois,0.25,0.2107312775579661,0.2883929696726084,0.03839296967260841,0.0014740201202818293,0.31684959584882894,0.06684959584882894,0.004468868465151767,0.7046783625730977,0.4546783625730977,0.20673241339215329,-0.4,1.3498588075760032
