method,true_params,bivpois_eta,bivpois_estimated_ha,bivpois_bias,bivpois_mse,pc_eta,pc_bias,pc_mse,lm_eta,lm_bias,lm_mse,team_strength_correlation,mu
bivpois,0.25,0.17675832006902958,0.2398112467129523,-0.010188753287047714,1.0381069354432559e-4,0.2957450218856795,0.04574502188567953,0.0020926070273212987,0.11695906432749287,-0.13304093567250713,0.01769989056461618,-0.4,1.3498588075760032
