method,true_params,bivpois_eta,bivpois_estimated_ha,bivpois_bias,bivpois_mse,pc_eta,pc_bias,pc_mse,lm_eta,lm_bias,lm_mse,team_strength_correlation,mu
bivpois,0,0.004101894786234511,0.004125904599973973,0.004125904599973973,1.702308876808639e-5,0.007946091160708539,0.007946091160708539,6.314036473429037e-5,0.5467836257310021,0.5467836257310021,0.29897233336754064,-0.8,1
