true_params,bivpois_eta,bivpois_estimated_ha,bivpois_eta_bias,bivpois_eta_mse,lm_eta,lm_eta_bias,lm_eta_mse,team_strength_correlation,lambda3
0.46927184539221856,0.4482086016045223,0.5655052284972526,0.09623338310503404,0.009260864023840252,1.1432748538011626,0.674003008408944,0.45428005534430704,0,0
