method,true_params,bivpois_eta,bivpois_estimated_ha,bivpois_bias,bivpois_mse,pc_eta,pc_bias,pc_mse,lm_eta,lm_bias,lm_mse,team_strength_correlation,mu
bivpois,0.25,0.21782710052401613,0.30694571727729136,0.05694571727729136,0.0032428147162252,0.3431386057622729,0.0931386057622729,0.008674799883340094,1.3947368421052722,1.1447368421052722,1.3104224376731508,-0.4,1.3498588075760032
