method,true_params,bivpois_eta,bivpois_estimated_ha,bivpois_bias,bivpois_mse,pc_eta,pc_bias,pc_mse,lm_eta,lm_bias,lm_mse,team_strength_correlation,mu
bivpois,0.25,0.1328500831358065,0.19840195451981302,-0.05159804548018698,0.0026623582973754442,0.21796266063672642,-0.032037339363273576,0.0010263911134775585,1.2602339181286513,1.0102339181286513,1.0205725693375665,0,1.3498588075760032
