method,true_params,bivpois_eta,bivpois_estimated_ha,bivpois_bias,bivpois_mse,pc_eta,pc_bias,pc_mse,lm_eta,lm_bias,lm_mse,team_strength_correlation,mu
bivpois,0.25,0.0319412496682797,0.0514421368283311,-0.1985578631716689,0.03942522502729919,0.06208214278188429,-0.1879178572181157,0.03531312106144813,-0.8450292397660844,-1.0950292397660844,1.1990890359426887,0,1.3498588075760032
