method,true_params,bivpois_eta,bivpois_estimated_ha,bivpois_bias,bivpois_mse,pc_eta,pc_bias,pc_mse,lm_eta,lm_bias,lm_mse,team_strength_correlation,mu
bivpois,0.25,0.11989290567827533,0.16757000438408953,-0.08242999561591047,0.006794704177239019,0.17975472723009747,-0.07024527276990253,0.004934398346518009,0.40935672514619625,0.15935672514619625,0.025394565849320337,0,1.3498588075760032
