method,true_params,bivpois_eta,bivpois_estimated_ha,bivpois_bias,bivpois_mse,pc_eta,pc_bias,pc_mse,lm_eta,lm_bias,lm_mse,team_strength_correlation,mu
bivpois,0.25,0.15148226312658167,0.23397819689232513,-0.01602180310767487,2.566981748211001e-4,0.2629475069989189,0.01294750699891889,1.6763793748705364e-4,-0.17836257309940076,-0.42836257309940073,0.18349449403233944,0,1.3498588075760032
