method,true_params,bivpois_eta,bivpois_estimated_ha,bivpois_bias,bivpois_mse,pc_eta,pc_bias,pc_mse,lm_eta,lm_bias,lm_mse,team_strength_correlation,mu
bivpois,0.25,0.19617527090717918,0.30399211944110505,0.053992119441105046,0.0029151489617425534,0.3572194161954645,0.10721941619546449,0.011496003209296233,0.8216374269005841,0.5716374269005841,0.3267693478335206,0,1.3498588075760032
