method,true_params,bivpois_eta,bivpois_estimated_ha,bivpois_bias,bivpois_mse,pc_eta,pc_bias,pc_mse,lm_eta,lm_bias,lm_mse,team_strength_correlation,mu
bivpois,0.25,0.12506574139439605,0.16447244522252036,-0.08552755477747964,0.007314962626214781,0.17601708491969373,-0.07398291508030627,0.005473471723779809,-0.25146198830409633,-0.5014619883040963,0.2514641257138976,0,1.3498588075760032
