method,true_params,bivpois_eta,bivpois_estimated_ha,bivpois_bias,bivpois_mse,pc_eta,pc_bias,pc_mse,lm_eta,lm_bias,lm_mse,team_strength_correlation,mu
bivpois,0.25,0.10722153755461528,0.14036328285243593,-0.10963671714756407,0.012020209746894968,0.15595160363150468,-0.09404839636849532,0.008845100859485604,-0.11988304093567946,-0.3698830409356795,0.13681346397182553,0,1.3498588075760032
