method,true_params,bivpois_eta,bivpois_estimated_ha,bivpois_bias,bivpois_mse,pc_eta,pc_bias,pc_mse,lm_eta,lm_bias,lm_mse,team_strength_correlation,mu
bivpois,0.25,0.24182250515480838,0.3109050833617082,0.06090508336170819,0.0037094291792966238,0.35852208989897383,0.10852208989897383,0.011777043996040957,0.7163742690058621,0.4663742690058621,0.2175049587907522,0,1.3498588075760032
