method,true_params,bivpois_eta,bivpois_estimated_ha,bivpois_bias,bivpois_mse,pc_eta,pc_bias,pc_mse,lm_eta,lm_bias,lm_mse,team_strength_correlation,mu
bivpois,0.25,0.19056036069621005,0.2541207196740347,0.004120719674034712,1.6980330631976743e-5,0.29566172917419387,0.045661729174193866,0.002084993511177427,0.6725146198830375,0.4225146198830375,0.17851860401490768,0,1.3498588075760032
