method,true_params,bivpois_eta,bivpois_estimated_ha,bivpois_bias,bivpois_mse,pc_eta,pc_bias,pc_mse,lm_eta,lm_bias,lm_mse,team_strength_correlation,mu
bivpois,0.25,0.13381452658043994,0.18376171549358045,-0.06623828450641955,0.004387510334353381,0.2020117872747251,-0.0479882127252749,0.002302868560566236,-0.28362573099415567,-0.5336257309941557,0.284756420779047,0,1.3498588075760032
