method,true_params,bivpois_eta,bivpois_estimated_ha,bivpois_bias,bivpois_mse,pc_eta,pc_bias,pc_mse,lm_eta,lm_bias,lm_mse,team_strength_correlation,mu
bivpois,0.25,0.2132522011856427,0.35538442559565264,0.10538442559565264,0.011105877158125648,0.3888745177932498,0.13887451779324977,0.019286131692307647,0.17836257309940914,-0.07163742690059086,0.005131920932937499,0,1.3498588075760032
