method,true_params,bivpois_eta,bivpois_estimated_ha,bivpois_bias,bivpois_mse,pc_eta,pc_bias,pc_mse,lm_eta,lm_bias,lm_mse,team_strength_correlation,mu
bivpois,0.25,0.20273672317957783,0.3673527156522862,0.11735271565228622,0.013771659870966343,0.40914342875419607,0.15914342875419607,0.02532663091564188,0.3801169590643248,0.1301169590643248,0.016930423036147176,0,1.3498588075760032
