method,true_params,bivpois_eta,bivpois_estimated_ha,bivpois_bias,bivpois_mse,pc_eta,pc_bias,pc_mse,lm_eta,lm_bias,lm_mse,team_strength_correlation,mu
bivpois,0.25,0.20638672072720748,0.31919948815000176,0.06919948815000176,0.004788569160222234,0.35018236689965193,0.10018236689965193,0.010036506637616474,2.16666666666668,1.9166666666666798,3.673611111111162,0,1.3498588075760032
