method,true_params,bivpois_eta,bivpois_estimated_ha,bivpois_bias,bivpois_mse,pc_eta,pc_bias,pc_mse,lm_eta,lm_bias,lm_mse,team_strength_correlation,mu
bivpois,0.25,0.15939754662970076,0.2701588279029632,0.020158827902963194,4.0637834242128744e-4,0.3018002202399016,0.051800220239901607,0.002683262816902312,0.27777777777777074,0.02777777777777074,7.716049382712139e-4,0,1.3498588075760032
