method,true_params,bivpois_eta,bivpois_estimated_ha,bivpois_bias,bivpois_mse,pc_eta,pc_bias,pc_mse,lm_eta,lm_bias,lm_mse,team_strength_correlation,mu
bivpois,0.25,0.23673556853379046,0.3288876869071016,0.07888768690710157,0.006223267145552885,0.35817234459892744,0.10817234459892744,0.011701256136029107,0.040935672514617924,-0.20906432748538206,0.04370789302691508,0,1.3498588075760032
