method,true_params,bivpois_eta,bivpois_estimated_ha,bivpois_bias,bivpois_mse,pc_eta,pc_bias,pc_mse,lm_eta,lm_bias,lm_mse,team_strength_correlation,mu
bivpois,0.25,0.2023588672862847,0.33571047205874605,0.08571047205874605,0.007346285020533087,0.3872968340856484,0.1372968340856484,0.01885042064994207,1.0146198830409332,0.7646198830409332,0.5846435655415304,0,1.3498588075760032
