method,true_params,bivpois_eta,bivpois_estimated_ha,bivpois_bias,bivpois_mse,pc_eta,pc_bias,pc_mse,lm_eta,lm_bias,lm_mse,team_strength_correlation,mu
bivpois,0.25,0.22003577107206979,0.2964391128727091,0.046439112872709076,0.002156591204404214,0.32591149275717374,0.07591149275717374,0.005762554732622441,0.3596491228070156,0.10964912280701561,0.012022930132347991,0,1.3498588075760032
