method,true_params,bivpois_eta,bivpois_estimated_ha,bivpois_bias,bivpois_mse,pc_eta,pc_bias,pc_mse,lm_eta,lm_bias,lm_mse,team_strength_correlation,mu
bivpois,0.25,0.17564609386972144,0.2571576875704371,0.00715768757043711,5.12324913559899e-5,0.3008389449302983,0.05083894493029828,0.0025845983216259013,0.7807017543859659,0.5307017543859659,0.2816443521083421,0,1.3498588075760032
