method,true_params,bivpois_eta,bivpois_estimated_ha,bivpois_bias,bivpois_mse,pc_eta,pc_bias,pc_mse,lm_eta,lm_bias,lm_mse,team_strength_correlation,mu
bivpois,0.25,0.18782113166613673,0.2861705752001118,0.0361705752001118,0.0013083105103069428,0.3093341015121722,0.05933410151217222,0.003520535602256758,-0.6198830409356791,-0.8698830409356791,0.7566965049075044,0,1.3498588075760032
