method,true_params,bivpois_eta,bivpois_estimated_ha,bivpois_bias,bivpois_mse,pc_eta,pc_bias,pc_mse,lm_eta,lm_bias,lm_mse,team_strength_correlation,mu
bivpois,0,0.039581855691074794,0.04562659885852405,0.04562659885852405,0.002081786523396668,0.05140541143920857,0.05140541143920857,0.0026425163252343153,-0.3918128654970692,-0.3918128654970692,0.15351732156902442,0,1
