method,true_params,bivpois_eta,bivpois_estimated_ha,bivpois_bias,bivpois_mse,pc_eta,pc_bias,pc_mse,lm_eta,lm_bias,lm_mse,team_strength_correlation,mu
bivpois,0.25,0.18559789223951217,0.2478624295942864,-0.002137570405713607,4.569207239382634e-6,0.2802779419987297,0.030277941998729685,9.16753771678439e-4,1.1871345029239702,0.9371345029239702,0.8782210765705566,0,1.3498588075760032
