method,true_params,bivpois_eta,bivpois_estimated_ha,bivpois_bias,bivpois_mse,pc_eta,pc_bias,pc_mse,lm_eta,lm_bias,lm_mse,team_strength_correlation,mu
bivpois,0.25,0.13210278692323368,0.1761073042015544,-0.0738926957984456,0.005460130492361619,0.1944447407517499,-0.05555525924825011,0.0030863868301402794,0.6695906432748587,0.41959064327485873,0.17605630792380975,0,1.3498588075760032
