method,true_params,bivpois_eta,bivpois_estimated_ha,bivpois_bias,bivpois_mse,pc_eta,pc_bias,pc_mse,lm_eta,lm_bias,lm_mse,team_strength_correlation,mu
bivpois,0.25,0.23988179471581372,0.33696377231338204,0.08696377231338204,0.007562697694973752,0.3828871870227657,0.1328871870227657,0.017659004474823506,0.07894736842103814,-0.17105263157896186,0.029259002770088062,0,1.3498588075760032
