method,true_params,bivpois_eta,bivpois_estimated_ha,bivpois_bias,bivpois_mse,pc_eta,pc_bias,pc_mse,lm_eta,lm_bias,lm_mse,team_strength_correlation,mu
bivpois,0.25,0.14735786675319365,0.2280135477285905,-0.021986452271409496,4.8340408348296777e-4,0.28236956171475974,0.03236956171475974,0.0010477885256056398,0.30116959064328314,0.051169590643283136,0.002618327006601169,0,1.3498588075760032
