method,true_params,bivpois_eta,bivpois_estimated_ha,bivpois_bias,bivpois_mse,pc_eta,pc_bias,pc_mse,lm_eta,lm_bias,lm_mse,team_strength_correlation,mu
bivpois,0.25,0.1661693852057658,0.23687158625990357,-0.013128413740096434,1.7235524733115283e-4,0.257586897514192,0.007586897514192004,5.75610138908528e-5,-0.06432748538011686,-0.31432748538011684,0.09880176806538757,0,1.3498588075760032
