method,true_params,bivpois_eta,bivpois_estimated_ha,bivpois_bias,bivpois_mse,pc_eta,pc_bias,pc_mse,lm_eta,lm_bias,lm_mse,team_strength_correlation,mu
bivpois,0.25,0.19027906798677383,0.26356694727595054,0.013566947275950536,1.8406205838842168e-4,0.2913731099899573,0.0413731099899573,0.0017117342302411047,-0.1023391812865514,-0.3523391812865514,0.12414289866967733,0,1.3498588075760032
