method,true_params,bivpois_eta,bivpois_estimated_ha,bivpois_bias,bivpois_mse,pc_eta,pc_bias,pc_mse,lm_eta,lm_bias,lm_mse,team_strength_correlation,mu
bivpois,0.25,0.11850393663412706,0.15570694378297412,-0.09429305621702588,0.008891180450747204,0.18933161541576468,-0.06066838458423532,0.003680652888060682,-0.5467836257310003,-0.7967836257310003,0.6348641462330387,0,1.3498588075760032
