method,true_params,bivpois_eta,bivpois_estimated_ha,bivpois_bias,bivpois_mse,pc_eta,pc_bias,pc_mse,lm_eta,lm_bias,lm_mse,team_strength_correlation,mu
bivpois,0.25,0.05569898447936624,0.09373426054332068,-0.15626573945667932,0.024418981327942783,0.10449104672051156,-0.14550895327948843,0.021172855484492346,-0.0029239766081695933,-0.2529239766081696,0.06397053794328994,0,1.3498588075760032
