method,true_params,bivpois_eta,bivpois_estimated_ha,bivpois_bias,bivpois_mse,pc_eta,pc_bias,pc_mse,lm_eta,lm_bias,lm_mse,team_strength_correlation,mu
bivpois,0.25,0.17431509575523904,0.2350610589575337,-0.014938941042466292,2.2317195947028386e-4,0.2619968957382212,0.011996895738221214,1.4392550735375034e-4,0.3187134502924019,0.06871345029240189,0.004721538251086385,0,1.3498588075760032
