method,true_params,bivpois_eta,bivpois_estimated_ha,bivpois_bias,bivpois_mse,pc_eta,pc_bias,pc_mse,lm_eta,lm_bias,lm_mse,team_strength_correlation,mu
bivpois,0.25,0.14041088443743072,0.21781239445934153,-0.03218760554065847,0.0010360419504410279,0.2534001121714347,0.0034001121714347105,1.1560762778338462e-5,0.6052631578947423,0.3552631578947423,0.12621191135734458,0,1.3498588075760032
