method,true_params,bivpois_eta,bivpois_estimated_ha,bivpois_bias,bivpois_mse,pc_eta,pc_bias,pc_mse,lm_eta,lm_bias,lm_mse,team_strength_correlation,mu
bivpois,0.25,0.20507145816159028,0.3442070821170744,0.0942070821170744,0.0088749743210132,0.3822911206034356,0.13229112060343562,0.01750094059051275,1.7397660818713496,1.4897660818713496,2.219402978694313,0,1.3498588075760032
