method,true_params,bivpois_eta,bivpois_estimated_ha,bivpois_bias,bivpois_mse,pc_eta,pc_bias,pc_mse,lm_eta,lm_bias,lm_mse,team_strength_correlation,mu
bivpois,0.25,0.08505360264645019,0.12053215834739284,-0.12946784165260716,0.016761922022184562,0.13888045503388893,-0.11111954496611107,0.01234755327347558,0.07017543859648974,-0.17982456140351027,0.032336872883964835,0,1.3498588075760032
