method,true_params,bivpois_eta,bivpois_estimated_ha,bivpois_bias,bivpois_mse,pc_eta,pc_bias,pc_mse,lm_eta,lm_bias,lm_mse,team_strength_correlation,mu
bivpois,0.25,0.2048807676448072,0.30012507203192684,0.05012507203192684,0.0025125228462058546,0.3450580728227576,0.09505807282275758,0.009036037208776682,0.008771929824577045,-0.24122807017542294,0.05819098184055878,0,1.3498588075760032
