method,true_params,bivpois_eta,bivpois_estimated_ha,bivpois_bias,bivpois_mse,pc_eta,pc_bias,pc_mse,lm_eta,lm_bias,lm_mse,team_strength_correlation,mu
bivpois,0.25,0.17739699646959028,0.24309133001144523,-0.006908669988554772,4.7729721010757395e-5,0.2749934080656112,0.024993408065611178,6.246704467341579e-4,-1.304093567251476,-1.554093567251476,2.415206815772418,0,1.3498588075760032
