method,true_params,bivpois_eta,bivpois_estimated_ha,bivpois_bias,bivpois_mse,pc_eta,pc_bias,pc_mse,lm_eta,lm_bias,lm_mse,team_strength_correlation,mu
bivpois,0.25,0.1183401637619135,0.18525488897338693,-0.06474511102661307,0.004191929401848453,0.20384482238197255,-0.046155177618027454,0.0021303004209516623,-0.228070175438603,-0.478070175438603,0.22855109264389661,0,1.3498588075760032
