method,true_params,bivpois_eta,bivpois_estimated_ha,bivpois_bias,bivpois_mse,pc_eta,pc_bias,pc_mse,lm_eta,lm_bias,lm_mse,team_strength_correlation
bivpois,0.0774771471042186,0.04299075063676036,0.043928239134478186,-0.033548907969740416,0.001125529225962112,0.040482388283421177,-0.036994758820797426,0.001368612180208969,-0.43859649122807215,-0.5160736383322908,0.2663320001815281,0
