method,true_params,bivpois_eta,bivpois_estimated_ha,bivpois_bias,bivpois_mse,pc_eta,pc_bias,pc_mse,lm_eta,lm_bias,lm_mse,team_strength_correlation,mu
bivpois,0,-0.04202099628204946,-0.037304808707010695,-0.037304808707010695,0.0013916487526666609,-0.03728870380843197,-0.03728870380843197,0.0013904474317129687,-0.5672514619882868,-0.5672514619882868,0.32177422112784876,0,1
