method,true_params,bivpois_eta,bivpois_estimated_ha,bivpois_bias,bivpois_mse,pc_eta,pc_bias,pc_mse,lm_eta,lm_bias,lm_mse,team_strength_correlation,mu
bivpois,0.25,0.16594355366787972,0.298656533327738,0.048656533327738005,0.002367458235473279,0.3490839371217913,0.09908393712179131,0.009817626595555094,1.3918128654970705,1.1418128654970705,1.3037366198146312,0,1.3498588075760032
