method,true_params,bivpois_eta,bivpois_estimated_ha,bivpois_bias,bivpois_mse,pc_eta,pc_bias,pc_mse,lm_eta,lm_bias,lm_mse,team_strength_correlation,mu
bivpois,0.25,0.11647482494565269,0.15324737040301262,-0.09675262959698738,0.009361071333931839,0.1618024626844286,-0.0881975373155714,0.007778805588531609,1.3157894736842137,1.0657894736842137,1.1359072022160732,0,1.3498588075760032
