method,true_params,bivpois_eta,bivpois_estimated_ha,bivpois_bias,bivpois_mse,pc_eta,pc_bias,pc_mse,lm_eta,lm_bias,lm_mse,team_strength_correlation,mu
bivpois,0.25,0.09325837554703759,0.12194030172873283,-0.12805969827126717,0.016399286321327988,0.1482863666857286,-0.10171363331427141,0.010345663201990063,-0.10818713450292983,-0.3581871345029298,0.12829802332341994,0,1.3498588075760032
