method,true_params,bivpois_eta,bivpois_estimated_ha,bivpois_bias,bivpois_mse,pc_eta,pc_bias,pc_mse,lm_eta,lm_bias,lm_mse,team_strength_correlation,mu
bivpois,0.25,0.020404713241103017,0.028511462663480813,-0.2214885373365192,0.04905717217147065,0.038291762487543284,-0.2117082375124567,0.04482037783063078,0.9590643274853894,0.7090643274853894,0.5027722205123075,0,1.3498588075760032
