method,true_params,bivpois_eta,bivpois_estimated_ha,bivpois_bias,bivpois_mse,pc_eta,pc_bias,pc_mse,lm_eta,lm_bias,lm_mse,team_strength_correlation,mu
bivpois,0.25,0.2888095586189937,0.4168409031802347,0.1668409031802347,0.02783588697399645,0.4697091826908907,0.21970918269089068,0.048272124958699175,1.090643274853795,0.8406432748537951,0.7066811155569133,0,1.3498588075760032
