method,true_params,bivpois_eta,bivpois_estimated_ha,bivpois_bias,bivpois_mse,pc_eta,pc_bias,pc_mse,lm_eta,lm_bias,lm_mse,team_strength_correlation,mu
bivpois,0.25,0.17530738828598602,0.3217915058093528,0.07179150580935278,0.005154020306374334,0.3558469249046637,0.10584692490466369,0.011203571511773513,0.8304093567251516,0.5804093567251516,0.3368750213741043,0,1.3498588075760032
