method,true_params,bivpois_eta,bivpois_estimated_ha,bivpois_bias,bivpois_mse,pc_eta,pc_bias,pc_mse,lm_eta,lm_bias,lm_mse,team_strength_correlation,mu
bivpois,0.25,0.13688757157403855,0.21583047718670523,-0.03416952281329477,0.0011675562892882719,0.23390112976378988,-0.016098870236210122,2.5917362288233216e-4,0.18128654970761576,-0.06871345029238424,0.004721538251083959,0,1.3498588075760032
