method,true_params,bivpois_eta,bivpois_estimated_ha,bivpois_bias,bivpois_mse,pc_eta,pc_bias,pc_mse,lm_eta,lm_bias,lm_mse,team_strength_correlation,mu
bivpois,0.25,0.23384770191103893,0.34002401389768755,0.09002401389768755,0.008104323078251041,0.3976137059121901,0.14761370591219009,0.021789806173130543,0.9502923976607974,0.7002923976607974,0.49040944222150845,0,1.3498588075760032
