method,true_params,bivpois_eta,bivpois_estimated_ha,bivpois_bias,bivpois_mse,pc_eta,pc_bias,pc_mse,lm_eta,lm_bias,lm_mse,team_strength_correlation,mu
bivpois,0,-0.011214624994618406,-0.010563425943413973,-0.010563425943413973,1.1158596766199138e-4,-0.008467623226293637,-0.008467623226293637,7.170064310246746e-5,-0.49122807017544545,-0.49122807017544545,0.24130501692829237,-0.8,1
