method,true_params,bivpois_eta,bivpois_estimated_ha,bivpois_bias,bivpois_mse,pc_eta,pc_bias,pc_mse,lm_eta,lm_bias,lm_mse,team_strength_correlation,mu
bivpois,0,-0.08152060199629604,-0.07052999769391932,-0.07052999769391932,0.004974480574704265,-0.07705927568464847,-0.07705927568464847,0.005938131969042655,0.2543859649122721,0.2543859649122721,0.06471221914434774,0,1
