method,true_params,bivpois_eta,bivpois_estimated_ha,bivpois_bias,bivpois_mse,pc_eta,pc_bias,pc_mse,lm_eta,lm_bias,lm_mse,team_strength_correlation,mu
bivpois,0.5,0.24626701167976572,0.40877922796743027,-0.09122077203256973,0.008321229250218056,0.4442263833068251,-0.05577361669317488,0.003110696319037195,0.39766081871343817,-0.10233918128656183,0.010473308026403767,-0.8,1.3498588075760032
