method,true_params,bivpois_eta,bivpois_estimated_ha,bivpois_bias,bivpois_mse,pc_eta,pc_bias,pc_mse,lm_eta,lm_bias,lm_mse,team_strength_correlation,mu
bivpois,0.5,0.4056928507519991,0.6875678661261186,0.18756786612611864,0.035181704403105564,0.769325981518312,0.269325981518312,0.07253648432080213,0.8684210526315808,0.36842105263158076,0.135734072022162,-0.8,1.3498588075760032
