method,true_params,bivpois_eta,bivpois_estimated_ha,bivpois_bias,bivpois_mse,pc_eta,pc_bias,pc_mse,lm_eta,lm_bias,lm_mse,team_strength_correlation,mu
bivpois,0.5,0.25645353847719493,0.3853554093762326,-0.11464459062376742,0.01314338215929122,0.411612468219706,-0.08838753178029402,0.007812355774212485,0.7076023391813043,0.20760233918130433,0.04309873123354933,-0.8,1.3498588075760032
