method,true_params,bivpois_eta,bivpois_estimated_ha,bivpois_bias,bivpois_mse,pc_eta,pc_bias,pc_mse,lm_eta,lm_bias,lm_mse,team_strength_correlation,mu
bivpois,0.5,0.3196841520522917,0.47215418234329753,-0.027845817656702465,7.753895609703227e-4,0.5618514887655541,0.06185148876555413,0.0038256066625154688,-0.3479532163742674,-0.8479532163742673,0.7190246571594651,-0.8,1.3498588075760032
