method,true_params,bivpois_eta,bivpois_estimated_ha,bivpois_bias,bivpois_mse,pc_eta,pc_bias,pc_mse,lm_eta,lm_bias,lm_mse,team_strength_correlation,mu
bivpois,0.5,0.3622152137341615,0.6424223610124304,0.14242236101243044,0.020284128916355067,0.7240395197993525,0.22403951979935255,0.05019370643192448,0.3099415204678463,-0.1900584795321537,0.03612222564207409,-0.8,1.3498588075760032
