method,true_params,bivpois_eta,bivpois_estimated_ha,bivpois_bias,bivpois_mse,pc_eta,pc_bias,pc_mse,lm_eta,lm_bias,lm_mse,team_strength_correlation,mu
bivpois,0.5,0.35534922762623095,0.5476677404631742,0.047667740463174235,0.0022722134808645382,0.6310960201664397,0.13109602016643973,0.017186166503479573,0.4649122807017636,-0.0350877192982364,0.0012311480455518308,-0.8,1.3498588075760032
