method,true_params,bivpois_eta,bivpois_estimated_ha,bivpois_bias,bivpois_mse,pc_eta,pc_bias,pc_mse,lm_eta,lm_bias,lm_mse,team_strength_correlation,mu
bivpois,0.5,0.2948652616805159,0.5099647332529669,0.009964733252966873,9.929590880278376e-5,0.5895940036065268,0.0895940036065268,0.008027085482246338,0.6783625730994078,0.17836257309940784,0.0318132074826416,-0.8,1.3498588075760032
