method,true_params,bivpois_eta,bivpois_estimated_ha,bivpois_bias,bivpois_mse,pc_eta,pc_bias,pc_mse,lm_eta,lm_bias,lm_mse,team_strength_correlation,mu
bivpois,0,0.02547494309830319,0.023981828617994583,0.023981828617994583,5.75128103862864e-4,0.023339298864189343,0.023339298864189343,5.447228714719499e-4,0.13742690058479018,0.13742690058479018,0.018886153004341804,0,1
