method,true_params,bivpois_eta,bivpois_estimated_ha,bivpois_bias,bivpois_mse,pc_eta,pc_bias,pc_mse,lm_eta,lm_bias,lm_mse,team_strength_correlation,mu
bivpois,0.5,0.2734354446212229,0.4693590129667764,-0.0306409870332236,9.388700863701767e-4,0.5488763707812974,0.04887637078129736,0.0023888996207508586,-0.6695906432748433,-1.1695906432748433,1.3679422728360617,-0.8,1.3498588075760032
