method,true_params,bivpois_eta,bivpois_estimated_ha,bivpois_bias,bivpois_mse,pc_eta,pc_bias,pc_mse,lm_eta,lm_bias,lm_mse,team_strength_correlation,mu
bivpois,0.5,0.25550163505962586,0.39828088801696904,-0.10171911198303096,0.010346777742616393,0.45408931681987785,-0.04591068318012215,0.0021077908300655506,-0.16959064327484913,-0.6695906432748491,0.4483516295612262,-0.8,1.3498588075760032
