method,true_params,bivpois_eta,bivpois_estimated_ha,bivpois_bias,bivpois_mse,pc_eta,pc_bias,pc_mse,lm_eta,lm_bias,lm_mse,team_strength_correlation,mu
bivpois,0.5,0.2527854118149307,0.4071047714260094,-0.09289522857399057,0.008629523491813954,0.4443418644521401,-0.05565813554785992,0.0030978280526639482,1.725146198830426,1.225146198830426,1.5009832085086416,-0.8,1.3498588075760032
