method,true_params,bivpois_eta,bivpois_estimated_ha,bivpois_bias,bivpois_mse,pc_eta,pc_bias,pc_mse,lm_eta,lm_bias,lm_mse,team_strength_correlation,mu
bivpois,0.5,0.30958744994617465,0.5017851303960079,0.0017851303960079168,3.186690530751382e-6,0.5922862496204641,0.09228624962046406,0.008516751869010603,2.230994152046778,1.7309941520467782,2.9963407544201446,-0.8,1.3498588075760032
