method,true_params,bivpois_eta,bivpois_estimated_ha,bivpois_bias,bivpois_mse,pc_eta,pc_bias,pc_mse,lm_eta,lm_bias,lm_mse,team_strength_correlation,mu
bivpois,0.5,0.21872141359675096,0.3495726849831642,-0.15042731501683582,0.02262837710317436,0.3823454922654541,-0.11765450773454589,0.013842583190258318,0.8508771929824565,0.35087719298245645,0.123114804555248,-0.8,1.3498588075760032
