method,true_params,bivpois_eta,bivpois_estimated_ha,bivpois_bias,bivpois_mse,pc_eta,pc_bias,pc_mse,lm_eta,lm_bias,lm_mse,team_strength_correlation,mu
bivpois,0.5,0.2588141837116019,0.4278980709668396,-0.07210192903316037,0.005198688170302895,0.4657229593303821,-0.0342770406696179,0.0011749155170666394,-0.2485380116959144,-0.7485380116959144,0.5603091549536728,-0.8,1.3498588075760032
