method,true_params,bivpois_eta,bivpois_estimated_ha,bivpois_bias,bivpois_mse,pc_eta,pc_bias,pc_mse,lm_eta,lm_bias,lm_mse,team_strength_correlation,mu
bivpois,0.5,0.34014619304196564,0.5171104427558562,0.01711044275585616,2.927672513014305e-4,0.6110538651501223,0.11105386515012228,0.012332960964781543,0.9327485380116978,0.43274853801169777,0.18727129715126184,-0.8,1.3498588075760032
