method,true_params,bivpois_eta,bivpois_estimated_ha,bivpois_bias,bivpois_mse,pc_eta,pc_bias,pc_mse,lm_eta,lm_bias,lm_mse,team_strength_correlation
bivpois,0.07356309867464006,0.013695606088015903,0.01378982051765032,-0.05977327815698974,0.003572844781632867,0.01864195025354026,-0.0549211484210998,0.0030163325438924728,-0.2982456140350829,-0.37180871270972293,0.1382417188468613,0
