method,true_params,bivpois_eta,bivpois_estimated_ha,bivpois_bias,bivpois_mse,pc_eta,pc_bias,pc_mse,lm_eta,lm_bias,lm_mse,team_strength_correlation,mu
bivpois,0,-0.10864318169646897,-0.0993583965959457,-0.0993583965959457,0.009872090974117233,-0.10393343422815532,-0.10393343422815532,0.010802158750458288,-0.7134502923976671,-0.7134502923976671,0.5090113197223167,0,1
