method,true_params,bivpois_eta,bivpois_estimated_ha,bivpois_bias,bivpois_mse,pc_eta,pc_bias,pc_mse,lm_eta,lm_bias,lm_mse,team_strength_correlation,mu
bivpois,0.5,0.42603851774473006,0.6538834965777125,0.1538834965777125,0.023680130518982854,0.7099980773868148,0.20999807738681475,0.04409919250615864,1.7660818713450457,1.2660818713450457,1.6029633049485728,-0.8,1.3498588075760032
