method,true_params,bivpois_eta,bivpois_estimated_ha,bivpois_bias,bivpois_mse,pc_eta,pc_bias,pc_mse,lm_eta,lm_bias,lm_mse,team_strength_correlation,mu
bivpois,0.5,0.33626691337618353,0.5447640893486001,0.0447640893486001,0.002003823695209453,0.6056809606805675,0.10568096068056754,0.011168465450367662,0.04970760233918203,-0.45029239766081797,0.20276324339112822,-0.8,1.3498588075760032
