method,true_params,bivpois_eta,bivpois_estimated_ha,bivpois_bias,bivpois_mse,pc_eta,pc_bias,pc_mse,lm_eta,lm_bias,lm_mse,team_strength_correlation,mu
bivpois,0.5,0.3192501755212584,0.48141023348090006,-0.018589766519099937,3.45579419234649e-4,0.574051566512971,0.07405156651297096,0.005483634503024961,1.1988304093567417,0.6988304093567417,0.48836394104171116,-0.8,1.3498588075760032
