method,true_params,bivpois_eta,bivpois_estimated_ha,bivpois_bias,bivpois_mse,pc_eta,pc_bias,pc_mse,lm_eta,lm_bias,lm_mse,team_strength_correlation,mu
bivpois,0.5,0.30898097431813726,0.4594621385012536,-0.040537861498746386,0.0016433182148915446,0.5049736771843687,0.004973677184368697,2.4737464734309728e-5,-0.5643274853801136,-1.0643274853801135,1.1327929961355556,-0.8,1.3498588075760032
