method,true_params,bivpois_eta,bivpois_estimated_ha,bivpois_bias,bivpois_mse,pc_eta,pc_bias,pc_mse,lm_eta,lm_bias,lm_mse,team_strength_correlation,mu
bivpois,0.5,0.4548074207364639,0.6866604715471913,0.18666047154719134,0.03484213163821983,0.7547187945368328,0.25471879453683277,0.06488166429029722,0.9941520467836248,0.4941520467836248,0.2441862453404457,-0.8,1.3498588075760032
