method,true_params,bivpois_eta,bivpois_estimated_ha,bivpois_bias,bivpois_mse,pc_eta,pc_bias,pc_mse,lm_eta,lm_bias,lm_mse,team_strength_correlation,mu
bivpois,0.5,0.399092206008551,0.6707593048407514,0.1707593048407514,0.02915874018969667,0.7485629860257167,0.2485629860257167,0.06178355802202063,0.666666666666661,0.16666666666666097,0.02777777777777588,-0.8,1.3498588075760032
