method,true_params,bivpois_eta,bivpois_estimated_ha,bivpois_bias,bivpois_mse,pc_eta,pc_bias,pc_mse,lm_eta,lm_bias,lm_mse,team_strength_correlation,mu
bivpois,0.5,0.34161979266255554,0.5497636125087737,0.0497636125087737,0.0024764171299233783,0.6369935778278012,0.1369935778278012,0.018767240366061824,0.46491228070173946,-0.035087719298260545,0.0012311480455535254,-0.8,1.3498588075760032
