method,true_params,bivpois_eta,bivpois_estimated_ha,bivpois_bias,bivpois_mse,pc_eta,pc_bias,pc_mse,lm_eta,lm_bias,lm_mse,team_strength_correlation,mu
bivpois,0.5,0.30856501670060693,0.45731292387725886,-0.04268707612274114,0.0018221864679086968,0.5013121368766981,0.0013121368766980668,1.7217031831909576e-6,0.21637426900584397,-0.283625730994156,0.08044355528196934,-0.8,1.3498588075760032
