method,true_params,bivpois_eta,bivpois_estimated_ha,bivpois_bias,bivpois_mse,pc_eta,pc_bias,pc_mse,lm_eta,lm_bias,lm_mse,team_strength_correlation,mu
bivpois,0,-0.019861971861800182,-0.018679448280786604,-0.018679448280786604,3.489217880745816e-4,-0.021475190066762857,-0.021475190066762857,4.6118378840359007e-4,0.023391812865482864,0.023391812865482864,5.471769091337696e-4,0,1
