method,true_params,bivpois_eta,bivpois_estimated_ha,bivpois_bias,bivpois_mse,pc_eta,pc_bias,pc_mse,lm_eta,lm_bias,lm_mse,team_strength_correlation,mu
bivpois,0.5,0.34164765472919784,0.5130718909826233,0.013071890982623291,1.7087433386158812e-4,0.5642726467947753,0.06427264679477529,0.004130973126005939,0.540935672514628,0.04093567251462804,0.0016757292842248736,-0.8,1.3498588075760032
