method,true_params,bivpois_eta,bivpois_estimated_ha,bivpois_bias,bivpois_mse,pc_eta,pc_bias,pc_mse,lm_eta,lm_bias,lm_mse,team_strength_correlation,mu
bivpois,0.5,0.3183146396541692,0.5264158958730893,0.026415895873089346,6.977995547778987e-4,0.5830698757600458,0.08306987576004576,0.006900604258789439,1.5789473684210622,1.0789473684210622,1.1641274238227353,-0.8,1.3498588075760032
