method,true_params,bivpois_eta,bivpois_estimated_ha,bivpois_bias,bivpois_mse,pc_eta,pc_bias,pc_mse,lm_eta,lm_bias,lm_mse,team_strength_correlation,mu
bivpois,0.5,0.3612392070401803,0.5379050076621512,0.03790500766215121,0.0014367896058677422,0.6108015707722715,0.11080157077227148,0.012276988085602687,1.10233918128656,0.6023391812865599,0.36281248931296334,-0.8,1.3498588075760032
