method,true_params,bivpois_eta,bivpois_estimated_ha,bivpois_bias,bivpois_mse,pc_eta,pc_bias,pc_mse,lm_eta,lm_bias,lm_mse,team_strength_correlation,mu
bivpois,0.5,0.3460645582120578,0.5726852388972741,0.07268523889727407,0.005283143953553804,0.6542526710766,0.1542526710766,0.023793886534265753,-0.27777777777778667,-0.7777777777777867,0.6049382716049521,-0.8,1.3498588075760032
