method,true_params,bivpois_eta,bivpois_estimated_ha,bivpois_bias,bivpois_mse,pc_eta,pc_bias,pc_mse,lm_eta,lm_bias,lm_mse,team_strength_correlation,mu
bivpois,0.5,0.22236226897841746,0.33882745801995573,-0.16117254198004427,0.025976588288309132,0.3753751893416118,-0.12462481065838821,0.015531343431639111,-0.5321637426900784,-1.0321637426900785,1.0653619917239905,-0.8,1.3498588075760032
