method,true_params,bivpois_eta,bivpois_estimated_ha,bivpois_bias,bivpois_mse,pc_eta,pc_bias,pc_mse,lm_eta,lm_bias,lm_mse,team_strength_correlation,mu
bivpois,0.5,0.31014888444272914,0.4655818733770012,-0.03441812662299881,0.0011846074402367796,0.5526050517464942,0.052605051746494214,0.002767291469251334,0.4385964912280688,-0.06140350877193118,0.0037703908895046294,-0.8,1.3498588075760032
