method,true_params,bivpois_eta,bivpois_estimated_ha,bivpois_bias,bivpois_mse,pc_eta,pc_bias,pc_mse,lm_eta,lm_bias,lm_mse,team_strength_correlation,mu
bivpois,0.5,0.35810969623712313,0.5322022905033743,0.03220229050337431,0.0010369875136637112,0.6214297433371999,0.12142974333719991,0.014745182566938247,0.14035087719300665,-0.35964912280699335,0.12934749153583977,-0.8,1.3498588075760032
