method,true_params,bivpois_eta,bivpois_estimated_ha,bivpois_bias,bivpois_mse,pc_eta,pc_bias,pc_mse,lm_eta,lm_bias,lm_mse,team_strength_correlation,mu
bivpois,0.5,0.2836832054790857,0.4735669160236651,-0.026433083976334926,6.987079284999742e-4,0.5190984976523083,0.01909849765230831,3.6475261257522604e-4,0.649122807017554,0.14912280701755398,0.022237611572794646,-0.8,1.3498588075760032
