method,true_params,bivpois_eta,bivpois_estimated_ha,bivpois_bias,bivpois_mse,pc_eta,pc_bias,pc_mse,lm_eta,lm_bias,lm_mse,team_strength_correlation,mu
bivpois,0.5,0.3428231303064711,0.4860915782719335,-0.0139084217280665,1.9344419496575234e-4,0.5741325148326014,0.07413251483260141,0.005495629755405869,0.8040935672514606,0.30409356725146064,0.09247289764371862,-0.8,1.3498588075760032
