method,true_params,bivpois_eta,bivpois_estimated_ha,bivpois_bias,bivpois_mse,pc_eta,pc_bias,pc_mse,lm_eta,lm_bias,lm_mse,team_strength_correlation,mu
bivpois,0.5,0.37533177461701067,0.6109199363959106,0.11091993639591058,0.012303232290072848,0.6792455764720938,0.17924557647209383,0.03212897668481324,0.7953216374269062,0.2953216374269062,0.08721486953250905,-0.8,1.3498588075760032
