method,true_params,bivpois_eta,bivpois_estimated_ha,bivpois_bias,bivpois_mse,pc_eta,pc_bias,pc_mse,lm_eta,lm_bias,lm_mse,team_strength_correlation
bivpois,0.8994483805727214,0.7013251134316107,1.0164229270122527,0.11697454643953131,0.013683044514734068,1.1580194528264054,0.25857107225368403,0.06685899940641989,0.10233918128655477,-0.7971091992861666,0.6353830755866338,0
