method,true_params,bivpois_eta,bivpois_estimated_ha,bivpois_bias,bivpois_mse,pc_eta,pc_bias,pc_mse,lm_eta,lm_bias,lm_mse,team_strength_correlation,mu
bivpois,0.5,0.36372869569990657,0.6524651010870777,0.15246510108707767,0.023245607049492814,0.7583252005934944,0.2583252005934944,0.06673190926166912,-0.5643274853801298,-1.06432748538013,1.1327929961355907,-0.8,1.3498588075760032
