method,true_params,bivpois_eta,bivpois_estimated_ha,bivpois_bias,bivpois_mse,pc_eta,pc_bias,pc_mse,lm_eta,lm_bias,lm_mse,team_strength_correlation,mu
bivpois,0.5,0.25948387361947317,0.4407836600894308,-0.05921633991056918,0.0035065749124040687,0.5087940072112276,0.008794007211227584,7.733456283112275e-5,0.48830409356726423,-0.01169590643273577,1.3679422728330996e-4,-0.8,1.3498588075760032
