method,true_params,bivpois_eta,bivpois_estimated_ha,bivpois_bias,bivpois_mse,pc_eta,pc_bias,pc_mse,lm_eta,lm_bias,lm_mse,team_strength_correlation,mu
bivpois,0.5,0.3904771911712937,0.6003555826691946,0.10035558266919464,0.01007124297287356,0.6623321399581564,0.16233213995815643,0.026351723663394486,0.10233918128656112,-0.3976608187134389,0.1581341267398425,-0.8,1.3498588075760032
