method,true_params,bivpois_eta,bivpois_estimated_ha,bivpois_bias,bivpois_mse,pc_eta,pc_bias,pc_mse,lm_eta,lm_bias,lm_mse,team_strength_correlation,mu
bivpois,0.5,0.3254213459212543,0.48351065496584256,-0.016489345034157443,2.718984996554927e-4,0.5447278700334653,0.044727870033465345,0.0020005823577305673,0.7222222222222283,0.22222222222222832,0.049382716049385426,-0.8,1.3498588075760032
