method,true_params,bivpois_eta,bivpois_estimated_ha,bivpois_bias,bivpois_mse,pc_eta,pc_bias,pc_mse,lm_eta,lm_bias,lm_mse,team_strength_correlation,mu
bivpois,0.5,0.34899860848805825,0.5821839805686222,0.0821839805686222,0.00675420666210367,0.6066476502803454,0.1066476502803454,0.011373721310318856,1.0467836257310021,0.5467836257310021,0.29897233336754064,-0.8,1.3498588075760032
