method,true_params,bivpois_eta,bivpois_estimated_ha,bivpois_bias,bivpois_mse,pc_eta,pc_bias,pc_mse,lm_eta,lm_bias,lm_mse,team_strength_correlation,mu
bivpois,0.5,0.40091227921994715,0.6563643295638182,0.15636432956381818,0.024449803559942345,0.7363242598016879,0.23632425980168792,0.05584915577081569,0.2894736842105151,-0.21052631578948489,0.044321329639893915,-0.8,1.3498588075760032
