method,true_params,bivpois_eta,bivpois_estimated_ha,bivpois_bias,bivpois_mse,pc_eta,pc_bias,pc_mse,lm_eta,lm_bias,lm_mse,team_strength_correlation,mu
bivpois,0.5,0.31044211249166886,0.4590555756424397,-0.040944424357560294,0.0016764458859719767,0.5158725623621111,0.015872562362111098,2.519382359391058e-4,0.59356725146198,0.09356725146197997,0.008754830546149393,-0.8,1.3498588075760032
