method,true_params,bivpois_eta,bivpois_estimated_ha,bivpois_bias,bivpois_mse,pc_eta,pc_bias,pc_mse,lm_eta,lm_bias,lm_mse,team_strength_correlation,mu
bivpois,0.5,0.27988721465693794,0.42597846015806295,-0.07402153984193705,0.005479188360571473,0.5019491050026296,0.0019491050026295698,3.799010311275615e-6,0.7777777777777569,0.2777777777777569,0.0771604938271489,-0.8,1.3498588075760032
