method,true_params,bivpois_eta,bivpois_estimated_ha,bivpois_bias,bivpois_mse,pc_eta,pc_bias,pc_mse,lm_eta,lm_bias,lm_mse,team_strength_correlation,mu
bivpois,0.5,0.3056086008405952,0.514208341077828,0.01420834107782798,2.0187695618389395e-4,0.5876304203022695,0.08763042030226953,0.0076790905623524116,0.3479532163742725,-0.1520467836257275,0.023118224410928794,-0.8,1.3498588075760032
