method,true_params,bivpois_eta,bivpois_estimated_ha,bivpois_bias,bivpois_mse,pc_eta,pc_bias,pc_mse,lm_eta,lm_bias,lm_mse,team_strength_correlation,mu
bivpois,0.5,0.3651067911901002,0.5350144831492922,0.03501448314929223,0.0012260140302120695,0.6531304979177669,0.1531304979177669,0.02344894939254321,0.9941520467836185,0.49415204678361846,0.24418624534043945,-0.8,1.3498588075760032
