method,true_params,bivpois_eta,bivpois_estimated_ha,bivpois_bias,bivpois_mse,pc_eta,pc_bias,pc_mse,lm_eta,lm_bias,lm_mse,team_strength_correlation,mu
bivpois,0.5,0.2518827990019783,0.3713671424086291,-0.12863285759137089,0.016546412052121904,0.4134441925370437,-0.08655580746295632,0.007491907805564366,0.538011695906432,0.03801169590643205,0.0014448890256830633,-0.8,1.3498588075760032
