method,true_params,bivpois_eta,bivpois_estimated_ha,bivpois_bias,bivpois_mse,pc_eta,pc_bias,pc_mse,lm_eta,lm_bias,lm_mse,team_strength_correlation,mu
bivpois,0.5,0.3757845868634761,0.5657220889734009,0.06572208897340093,0.004319392979027628,0.6691637236691567,0.16916372366915666,0.028616365405614793,2.2017543859649065,1.7017543859649065,2.8959679901507958,-0.8,1.3498588075760032
