method,true_params,bivpois_eta,bivpois_estimated_ha,bivpois_bias,bivpois_mse,pc_eta,pc_bias,pc_mse,lm_eta,lm_bias,lm_mse,team_strength_correlation,mu
bivpois,0.5,0.2864537073603553,0.4291517562410845,-0.07084824375891552,0.005019473643722711,0.5011850138657172,0.0011850138657172327,1.4042578619420995e-6,1.611111111111097,1.111111111111097,1.2345679012345365,-0.8,1.3498588075760032
