method,true_params,bivpois_eta,bivpois_estimated_ha,bivpois_bias,bivpois_mse,pc_eta,pc_bias,pc_mse,lm_eta,lm_bias,lm_mse,team_strength_correlation,mu
bivpois,0.5,0.3527345419729405,0.5240331078780542,0.02403310787805424,5.775902742781927e-4,0.6299352102139862,0.12993521021398624,0.016883158853352793,1.078947368421049,0.5789473684210491,0.33518005540165796,-0.8,1.3498588075760032
