method,true_params,bivpois_eta,bivpois_estimated_ha,bivpois_bias,bivpois_mse,pc_eta,pc_bias,pc_mse,lm_eta,lm_bias,lm_mse,team_strength_correlation,mu
bivpois,0.5,0.3398499291351978,0.5435858151938973,0.04358581519389726,0.0018997232861165652,0.5954290201548395,0.09542902015483945,0.009106697887712754,-0.04678362573098892,-0.5467836257309889,0.29897233336752616,-0.8,1.3498588075760032
