method,true_params,bivpois_eta,bivpois_estimated_ha,bivpois_bias,bivpois_mse,pc_eta,pc_bias,pc_mse,lm_eta,lm_bias,lm_mse,team_strength_correlation,mu
bivpois,0.5,0.3359499481124355,0.4732059259939996,-0.026794074006000423,7.179224018390276e-4,0.5404657136916834,0.04046571369168339,0.0016374739845772927,0.3976608187134426,-0.10233918128655739,0.010473308026402858,-0.4,1.3498588075760032
