method,true_params,bivpois_eta,bivpois_estimated_ha,bivpois_bias,bivpois_mse,pc_eta,pc_bias,pc_mse,lm_eta,lm_bias,lm_mse,team_strength_correlation,mu
bivpois,0.5,0.3443590470355747,0.5018495973006336,0.0018495973006336097,3.4210101745111355e-6,0.5594684356327987,0.05946843563279869,0.003536494836612321,0.6520467836257373,0.15204678362573731,0.02311822441093178,-0.4,1.3498588075760032
