true_params,bivpois_eta,bivpois_estimated_ha,bivpois_eta_bias,bivpois_eta_mse,lm_eta,lm_eta_bias,lm_eta_mse,team_strength_correlation,lambda3
0.4835568228389568,0.44134096959032243,0.5547907483368852,0.07123392549792845,0.005074272141844421,0.0029239766081928316,-0.48063284623076397,0.2310079328758852,0,0
