method,true_params,bivpois_eta,bivpois_estimated_ha,bivpois_bias,bivpois_mse,pc_eta,pc_bias,pc_mse,lm_eta,lm_bias,lm_mse,team_strength_correlation,mu
bivpois,0.5,0.3632495413774322,0.4841945138866428,-0.015805486113357192,2.4981339127952705e-4,0.5527498437761261,0.052749843776126126,0.002782546018405712,-0.5584795321637365,-1.0584795321637364,1.1203789200095622,-0.4,1.3498588075760032
