method,true_params,bivpois_eta,bivpois_estimated_ha,bivpois_bias,bivpois_mse,pc_eta,pc_bias,pc_mse,lm_eta,lm_bias,lm_mse,team_strength_correlation,mu
bivpois,0.5,0.2669595903256929,0.44181139665444413,-0.05818860334555587,0.0033859135593064353,0.4885676997037373,-0.011432300296262687,1.3069749006392793e-4,-0.2076023391812805,-0.7076023391812805,0.5007010704148199,-0.4,1.3498588075760032
