method,true_params,bivpois_eta,bivpois_estimated_ha,bivpois_bias,bivpois_mse,pc_eta,pc_bias,pc_mse,lm_eta,lm_bias,lm_mse,team_strength_correlation,mu
bivpois,0.5,0.3192791712194201,0.5766235332385934,0.07662353323859339,0.005871165845965826,0.6323404176059525,0.1323404176059525,0.017513986132117902,0.2426900584795369,-0.2573099415204631,0.06620840600526415,-0.4,1.3498588075760032
