method,true_params,bivpois_eta,bivpois_estimated_ha,bivpois_bias,bivpois_mse,pc_eta,pc_bias,pc_mse,lm_eta,lm_bias,lm_mse,team_strength_correlation,mu
bivpois,0.5,0.2568604753428916,0.34978213818626847,-0.15021786181373153,0.02256540600788934,0.3968174329567716,-0.10318256704322842,0.010646642141630329,1.8918128654970945,1.3918128654970945,1.9371430525632332,-0.4,1.3498588075760032
