method,true_params,bivpois_eta,bivpois_estimated_ha,bivpois_bias,bivpois_mse,pc_eta,pc_bias,pc_mse,lm_eta,lm_bias,lm_mse,team_strength_correlation,mu
bivpois,0.5,0.2628282666478013,0.42940246633241586,-0.07059753366758414,0.004984011759945677,0.48551058208576287,-0.014489417914237135,2.09943231493416e-4,-0.2602339181286852,-0.7602339181286852,0.5779556102732925,-0.4,1.3498588075760032
