method,true_params,bivpois_eta,bivpois_estimated_ha,bivpois_bias,bivpois_mse,pc_eta,pc_bias,pc_mse,lm_eta,lm_bias,lm_mse,team_strength_correlation,mu
bivpois,0.5,0.28472071950409544,0.4174517323961633,-0.08254826760383671,0.006814216484394638,0.517819825940286,0.01781982594028597,3.175461965420888e-4,-0.18713450292396713,-0.6871345029239672,0.47215382510856746,-0.4,1.3498588075760032
