method,true_params,bivpois_eta,bivpois_estimated_ha,bivpois_bias,bivpois_mse,pc_eta,pc_bias,pc_mse,lm_eta,lm_bias,lm_mse,team_strength_correlation,mu
bivpois,0.5,0.3856411392932737,0.6105629051362065,0.11056290513620648,0.012224155992157794,0.6856409948023562,0.18564099480235619,0.03446257895120844,0.5175438596491321,0.017543859649132076,3.0778701138844467e-4,-0.4,1.3498588075760032
