method,true_params,bivpois_eta,bivpois_estimated_ha,bivpois_bias,bivpois_mse,pc_eta,pc_bias,pc_mse,lm_eta,lm_bias,lm_mse,team_strength_correlation,mu
bivpois,0,0.05016591963642087,0.04073832309084968,0.04073832309084968,0.0016596109682544564,0.04291938539854329,0.04291938539854329,0.0018420736429886912,0.33918128654969715,0.33918128654969715,0.11504394514550777,0,1
