method,true_params,bivpois_eta,bivpois_estimated_ha,bivpois_bias,bivpois_mse,pc_eta,pc_bias,pc_mse,lm_eta,lm_bias,lm_mse,team_strength_correlation,mu
bivpois,0.5,0.2804212642664196,0.47337965241887847,-0.02662034758112153,7.086429053397228e-4,0.5229224423371512,0.02292244233715124,5.254383627000236e-4,0.6403508771929864,0.14035087719298645,0.019698368728840763,-0.4,1.3498588075760032
