method,true_params,bivpois_eta,bivpois_estimated_ha,bivpois_bias,bivpois_mse,pc_eta,pc_bias,pc_mse,lm_eta,lm_bias,lm_mse,team_strength_correlation,mu
bivpois,0.5,0.41016293590618197,0.6329642350519029,0.1329642350519029,0.017679487802937686,0.7540967766307825,0.25409677663078245,0.06456517189415376,0.5526315789473797,0.05263157894737969,0.0027700831024942605,-0.4,1.3498588075760032
