method,true_params,bivpois_eta,bivpois_estimated_ha,bivpois_bias,bivpois_mse,pc_eta,pc_bias,pc_mse,lm_eta,lm_bias,lm_mse,team_strength_correlation,mu
bivpois,0.5,0.42549307316164425,0.5519248835853172,0.051924883585317216,0.0026961935353487453,0.6157666830578501,0.1157666830578501,0.013401924906216717,0.04385964912279021,-0.4561403508772098,0.20806401969838406,-0.4,1.3498588075760032
