method,true_params,bivpois_eta,bivpois_estimated_ha,bivpois_bias,bivpois_mse,pc_eta,pc_bias,pc_mse,lm_eta,lm_bias,lm_mse,team_strength_correlation,mu
bivpois,0.5,0.3250340732977774,0.5374810411449185,0.03748104114491846,0.0014048284453070704,0.636744428859998,0.13674442885999805,0.018699038824247068,-0.3216374269005874,-0.8216374269005874,0.675088061283818,-0.4,1.3498588075760032
