method,true_params,bivpois_eta,bivpois_estimated_ha,bivpois_bias,bivpois_mse,pc_eta,pc_bias,pc_mse,lm_eta,lm_bias,lm_mse,team_strength_correlation,mu
bivpois,0.5,0.33334524359647016,0.5601853272816955,0.060185327281695455,0.0036222736200047954,0.6338340068001949,0.13383400680019486,0.017911541376194603,1.9005847953216346,1.4005847953216346,1.961637768886145,-0.4,1.3498588075760032
