method,true_params,bivpois_eta,bivpois_estimated_ha,bivpois_bias,bivpois_mse,pc_eta,pc_bias,pc_mse,lm_eta,lm_bias,lm_mse,team_strength_correlation,mu
bivpois,0.5,0.2969696535990261,0.5244671651402586,0.024467165140258595,5.986421700006854e-4,0.5778495285237394,0.07784952852373939,0.006060549091368513,-0.19590643274853642,-0.6959064327485365,0.4842857631407933,-0.4,1.3498588075760032
