method,true_params,bivpois_eta,bivpois_estimated_ha,bivpois_bias,bivpois_mse,pc_eta,pc_bias,pc_mse,lm_eta,lm_bias,lm_mse,team_strength_correlation,mu
bivpois,0.5,0.28740634266421244,0.4333037390011061,-0.06669626099889392,0.004448391231232578,0.48128657042704753,-0.018713429572952467,3.5019244638185193e-4,0.8567251461988533,0.3567251461988533,0.12725282993059328,-0.4,1.3498588075760032
