method,true_params,bivpois_eta,bivpois_estimated_ha,bivpois_bias,bivpois_mse,pc_eta,pc_bias,pc_mse,lm_eta,lm_bias,lm_mse,team_strength_correlation,mu
bivpois,0.5,0.22037018045453804,0.3526308930948914,-0.14736910690510863,0.021717653670009336,0.3805809841861368,-0.11941901581386322,0.014260901337951713,-0.3713450292397602,-0.8713450292397602,0.7592421599808385,-0.4,1.3498588075760032
