method,true_params,bivpois_eta,bivpois_estimated_ha,bivpois_bias,bivpois_mse,pc_eta,pc_bias,pc_mse,lm_eta,lm_bias,lm_mse,team_strength_correlation,mu
bivpois,0.5,0.2890685981220233,0.563967050283072,0.06396705028307204,0.004091783521917066,0.7057192954160774,0.20571929541607736,0.04232042850648731,1.1608187134503023,0.6608187134503023,0.43668137204611274,-0.4,1.3498588075760032
