method,true_params,bivpois_eta,bivpois_estimated_ha,bivpois_bias,bivpois_mse,pc_eta,pc_bias,pc_mse,lm_eta,lm_bias,lm_mse,team_strength_correlation,mu
bivpois,0.5,0.28510613875319546,0.3820668017044664,-0.11793319829553361,0.013908239260213652,0.44030275453579343,-0.05969724546420657,0.003563761116013732,0.5116959064327541,0.011695906432754088,1.3679422728373847e-4,-0.4,1.3498588075760032
