method,true_params,bivpois_eta,bivpois_estimated_ha,bivpois_bias,bivpois_mse,pc_eta,pc_bias,pc_mse,lm_eta,lm_bias,lm_mse,team_strength_correlation,mu
bivpois,0.5,0.34251188400900545,0.6135661441874722,0.11356614418747224,0.012897269105609736,0.7344568978474599,0.23445689784745993,0.05497003694825426,0.7953216374269059,0.29532163742690587,0.08721486953250884,-0.4,1.3498588075760032
