method,true_params,bivpois_eta,bivpois_estimated_ha,bivpois_bias,bivpois_mse,pc_eta,pc_bias,pc_mse,lm_eta,lm_bias,lm_mse,team_strength_correlation,mu
bivpois,0.5,0.27370670355690263,0.40708454228013746,-0.09291545771986254,0.008633282283291563,0.45219024981178535,-0.04780975018821465,0.0022857722130594908,1.111111111111108,0.611111111111108,0.37345679012345306,-0.4,1.3498588075760032
