true_params,bivpois_eta,bivpois_estimated_ha,bivpois_eta_bias,bivpois_eta_mse,lm_eta,lm_eta_bias,lm_eta_mse,team_strength_correlation,lambda3
0.5323388527907,0.5022862866714055,0.6524950324729926,0.12015617968229253,0.014437507515843368,0.520467836257291,-0.011871016533409051,1.4092103353647106e-4,0,0
