method,true_params,bivpois_eta,bivpois_estimated_ha,bivpois_bias,bivpois_mse,pc_eta,pc_bias,pc_mse,lm_eta,lm_bias,lm_mse,team_strength_correlation,mu
bivpois,0.5,0.2763671400220142,0.44055665776615593,-0.059443342233844065,0.0035335109359299097,0.5119325966289889,0.011932596628988934,1.4238686231015808e-4,-0.4590643274853675,-0.9590643274853675,0.91980438425496025,-0.4,1.3498588075760032
