method,true_params,bivpois_eta,bivpois_estimated_ha,bivpois_bias,bivpois_mse,pc_eta,pc_bias,pc_mse,lm_eta,lm_bias,lm_mse,team_strength_correlation,mu
bivpois,0.5,0.3099616026203359,0.4796333751712183,-0.02036662482878171,4.147994069163476e-4,0.559575930602866,0.059575930602866034,0.0035492915071975097,0.6023391812865562,0.10233918128655617,0.010473308026402608,-0.4,1.3498588075760032
