method,true_params,bivpois_eta,bivpois_estimated_ha,bivpois_bias,bivpois_mse,pc_eta,pc_bias,pc_mse,lm_eta,lm_bias,lm_mse,team_strength_correlation,mu
bivpois,0.5,0.26323484568196837,0.43696698560478353,-0.06303301439521647,0.003973160903747566,0.47248125649647,-0.027518743503530008,7.57281244013075e-4,-0.3625730994152088,-0.8625730994152088,0.7440323518347596,-0.4,1.3498588075760032
