method,true_params,bivpois_eta,bivpois_estimated_ha,bivpois_bias,bivpois_mse,pc_eta,pc_bias,pc_mse,lm_eta,lm_bias,lm_mse,team_strength_correlation,mu
bivpois,0.5,0.31721620841230597,0.43516775272991914,-0.06483224727008086,0.004203220286088907,0.45321344599872193,-0.04678655400127807,0.002188981635314509,0.9912280701754309,0.4912280701754309,0.24130501692827808,-0.4,1.3498588075760032
