method,true_params,bivpois_eta,bivpois_estimated_ha,bivpois_bias,bivpois_mse,pc_eta,pc_bias,pc_mse,lm_eta,lm_bias,lm_mse,team_strength_correlation,mu
bivpois,0.5,0.2892882107152044,0.34622699423825876,-0.15377300576174124,0.023646137301000507,0.3605629986568727,-0.1394370013431273,0.019442677343563287,0.20760233918129342,-0.29239766081870655,0.08549639205225136,-0.4,1.3498588075760032
