method,true_params,bivpois_eta,bivpois_estimated_ha,bivpois_bias,bivpois_mse,pc_eta,pc_bias,pc_mse,lm_eta,lm_bias,lm_mse,team_strength_correlation,mu
bivpois,0.5,0.3127493303567575,0.5618923346384483,0.06189233463844834,0.0038306610869976725,0.6538292897418798,0.15382928974187982,0.02366345038249121,0.7719298245613873,0.27192982456138726,0.07394582948598685,-0.4,1.3498588075760032
