true_params,bivpois_eta,bivpois_estimated_ha,bivpois_eta_bias,bivpois_eta_mse,lm_eta,lm_eta_bias,lm_eta_mse,team_strength_correlation,lambda3
0.14004430856120645,0.11871952894290345,0.12605404842493662,-0.013990260136269833,1.957273786805008e-4,1.111111111111124,0.9710668025499176,0.9429707350145207,0,0
