method,true_params,bivpois_eta,bivpois_estimated_ha,bivpois_bias,bivpois_mse,pc_eta,pc_bias,pc_mse,lm_eta,lm_bias,lm_mse,team_strength_correlation,mu
bivpois,0.5,0.3597578079535325,0.5371789189911262,0.03717891899112624,0.0013822720173487276,0.585759297697537,0.08575929769753698,0.007354657141574772,0.23684210526314162,-0.26315789473685836,0.06925207756233542,-0.4,1.3498588075760032
