method,true_params,bivpois_eta,bivpois_estimated_ha,bivpois_bias,bivpois_mse,pc_eta,pc_bias,pc_mse,lm_eta,lm_bias,lm_mse,team_strength_correlation,mu
bivpois,0.5,0.3851116430122329,0.6208223674403539,0.1208223674403539,0.014598044473891892,0.6988009677257531,0.19880096772575306,0.03952182476869591,0.16374269005847394,-0.33625730994152603,0.1130689784891115,-0.4,1.3498588075760032
