method,true_params,bivpois_eta,bivpois_estimated_ha,bivpois_bias,bivpois_mse,pc_eta,pc_bias,pc_mse,lm_eta,lm_bias,lm_mse,team_strength_correlation,mu
bivpois,0.5,0.3378928502425456,0.5083147743964465,0.008314774396446456,6.913547326380153e-5,0.5908038461737243,0.09080384617372428,0.008245338479941381,-0.7690058479532088,-1.269005847953209,1.6103758421394427,-0.4,1.3498588075760032
