method,true_params,bivpois_eta,bivpois_estimated_ha,bivpois_bias,bivpois_mse,pc_eta,pc_bias,pc_mse,lm_eta,lm_bias,lm_mse,team_strength_correlation,mu
bivpois,0.5,0.32879625408112495,0.47386235934734766,-0.02613764065265234,6.831762588871841e-4,0.5243407472850363,0.024340747285036324,5.924719783940032e-4,0.25146198830408856,-0.24853801169591144,0.06177114325775701,-0.4,1.3498588075760032
