method,true_params,bivpois_eta,bivpois_estimated_ha,bivpois_bias,bivpois_mse,pc_eta,pc_bias,pc_mse,lm_eta,lm_bias,lm_mse,team_strength_correlation,mu
bivpois,0.5,0.30532638827179664,0.490371975352885,-0.009628024647114986,9.269885860545365e-5,0.5943737149433894,0.09437371494338942,0.008906398072216123,1.0643274853801186,0.5643274853801186,0.31846551075544793,-0.4,1.3498588075760032
