method,true_params,bivpois_eta,bivpois_estimated_ha,bivpois_bias,bivpois_mse,pc_eta,pc_bias,pc_mse,lm_eta,lm_bias,lm_mse,team_strength_correlation,mu
bivpois,0.5,0.24356084737616654,0.3404605746378433,-0.1595394253621567,0.02545282824488717,0.38427315326691514,-0.11572684673308486,0.013392703054782915,1.5146198830409296,1.0146198830409296,1.0294535070619897,-0.4,1.3498588075760032
