method,true_params,bivpois_eta,bivpois_estimated_ha,bivpois_bias,bivpois_mse,pc_eta,pc_bias,pc_mse,lm_eta,lm_bias,lm_mse,team_strength_correlation,mu
bivpois,0.5,0.3386747603993259,0.5339119680176427,0.033911968017642735,0.0011500215748296238,0.6463287562814233,0.14632875628142328,0.021412104914868172,1.1754385964912593,0.6754385964912593,0.4562172976300821,-0.4,1.3498588075760032
