method,true_params,bivpois_eta,bivpois_estimated_ha,bivpois_bias,bivpois_mse,pc_eta,pc_bias,pc_mse,lm_eta,lm_bias,lm_mse,team_strength_correlation,mu
bivpois,0.5,0.2820057563265763,0.4524556940602533,-0.04754430593974668,0.0022604610272922315,0.5005302374324396,5.302374324396286e-4,2.811517347601697e-7,0.7719298245613945,0.2719298245613945,0.07394582948599078,-0.4,1.3498588075760032
