method,true_params,bivpois_eta,bivpois_estimated_ha,bivpois_bias,bivpois_mse,pc_eta,pc_bias,pc_mse,lm_eta,lm_bias,lm_mse,team_strength_correlation,mu
bivpois,0.5,0.1743849337025457,0.26960049681308607,-0.23039950318691393,0.05308393106877676,0.3084417222763949,-0.19155827772360512,0.03669457376443383,0.10233918128653051,-0.3976608187134695,0.15813412673986685,-0.4,1.3498588075760032
