method,true_params,bivpois_eta,bivpois_estimated_ha,bivpois_bias,bivpois_mse,pc_eta,pc_bias,pc_mse,lm_eta,lm_bias,lm_mse,team_strength_correlation,mu
bivpois,0.5,0.3000167974089427,0.4746202488805471,-0.025379751119452898,6.441317668853707e-4,0.5413127142367926,0.041312714236792614,0.001706740357610887,0.1783625730994262,-0.3216374269005738,0.10345063438322194,-0.4,1.3498588075760032
