method,true_params,bivpois_eta,bivpois_estimated_ha,bivpois_bias,bivpois_mse,pc_eta,pc_bias,pc_mse,lm_eta,lm_bias,lm_mse,team_strength_correlation,mu
bivpois,0.5,0.2646281771365065,0.5345203540758467,0.03452035407584675,0.0011916548455218293,0.6492682886073118,0.14926828860731178,0.022281021983755724,1.0584795321637448,0.5584795321637448,0.31189938784583526,-0.4,1.3498588075760032
