method,true_params,bivpois_eta,bivpois_estimated_ha,bivpois_bias,bivpois_mse,pc_eta,pc_bias,pc_mse,lm_eta,lm_bias,lm_mse,team_strength_correlation,mu
bivpois,0.5,0.31078295749923457,0.40719205028446726,-0.09280794971553274,0.008613315530400855,0.4690365645553256,-0.030963435444674392,9.587343345365184e-4,-0.13157894736843123,-0.6315789473684312,0.3988919667590156,-0.4,1.3498588075760032
