method,true_params,bivpois_eta,bivpois_estimated_ha,bivpois_bias,bivpois_mse,pc_eta,pc_bias,pc_mse,lm_eta,lm_bias,lm_mse,team_strength_correlation,mu
bivpois,0.5,0.2670082641188576,0.38533879142331706,-0.11466120857668294,0.013147192752265589,0.43303930085716225,-0.06696069914283775,0.004483735229697632,0.23684210526315233,-0.2631578947368477,0.06925207756232982,-0.4,1.3498588075760032
