method,true_params,bivpois_eta,bivpois_estimated_ha,bivpois_bias,bivpois_mse,pc_eta,pc_bias,pc_mse,lm_eta,lm_bias,lm_mse,team_strength_correlation,mu
bivpois,0.5,0.29536195426880835,0.49857061695747684,-0.001429383042523158,2.04313588225276e-6,0.5380950275891141,0.038095027589114094,0.001451231127015364,0.6842105263157864,0.18421052631578638,0.03393351800553903,0,1.3498588075760032
