method,true_params,bivpois_eta,bivpois_estimated_ha,bivpois_bias,bivpois_mse,pc_eta,pc_bias,pc_mse,lm_eta,lm_bias,lm_mse,team_strength_correlation,mu
bivpois,0.5,0.36176575393659194,0.7171113657168906,0.2171113657168906,0.04713734512345342,0.7734145342629717,0.2734145342629717,0.07475550754623772,1.6959064327485496,1.1959064327485496,1.430192195889361,0,1.3498588075760032
