true_params,bivpois_eta,bivpois_estimated_ha,bivpois_eta_bias,bivpois_eta_mse,lm_eta,lm_eta_bias,lm_eta_mse,team_strength_correlation,lambda3
0.45323454367097493,0.45422462897125854,0.5749517375319824,0.12171719386100743,0.014815075281398065,0.9035087719298233,0.45027422825884833,0.20274688063410146,0,0
