method,true_params,bivpois_eta,bivpois_estimated_ha,bivpois_bias,bivpois_mse,pc_eta,pc_bias,pc_mse,lm_eta,lm_bias,lm_mse,team_strength_correlation
bivpois,0.6538792285136878,0.4926454260117491,0.6366401084849951,-0.017239120028692767,2.971872593636761e-4,0.5479094059125917,-0.10596982260109611,0.01122960330210778,0.999999999999998,0.34612077148631015,0.11979958845427853,0
