method,true_params,bivpois_eta,bivpois_estimated_ha,bivpois_bias,bivpois_mse,pc_eta,pc_bias,pc_mse,lm_eta,lm_bias,lm_mse,team_strength_correlation,mu
bivpois,0.5,0.29106036126077023,0.42332510595341866,-0.07667489404658134,0.005879039377054475,0.46949472051192886,-0.030505279488071135,9.305720766453336e-4,0.7017543859649112,0.20175438596491124,0.04070483225607838,0,1.3498588075760032
