method,true_params,bivpois_eta,bivpois_estimated_ha,bivpois_bias,bivpois_mse,pc_eta,pc_bias,pc_mse,lm_eta,lm_bias,lm_mse,team_strength_correlation,mu
bivpois,0.5,0.3427298926155546,0.5078349955816799,0.007834995581679882,6.138715576494328e-5,0.5437021427041705,0.0437021427041705,0.0019098772769356829,1.1754385964912362,0.6754385964912362,0.4562172976300509,0,1.3498588075760032
