method,true_params,bivpois_eta,bivpois_estimated_ha,bivpois_bias,bivpois_mse,pc_eta,pc_bias,pc_mse,lm_eta,lm_bias,lm_mse,team_strength_correlation,mu
bivpois,0.5,0.2958106503066502,0.4939921306702155,-0.0060078693297844765,3.609449388376498e-5,0.5309559546712654,0.03095595467126544,9.582711296094406e-4,0.4005847953216377,-0.09941520467836229,0.009883382921240667,0,1.3498588075760032
