method,true_params,bivpois_eta,bivpois_estimated_ha,bivpois_bias,bivpois_mse,pc_eta,pc_bias,pc_mse,lm_eta,lm_bias,lm_mse,team_strength_correlation,mu
bivpois,0.5,0.43509895758949624,0.638921498332951,0.13892149833295098,0.0192991826990721,0.7480296043572455,0.24802960435724553,0.061518684637611745,0.3888888888888887,-0.11111111111111133,0.012345679012345727,0,1.3498588075760032
