method,true_params,bivpois_eta,bivpois_estimated_ha,bivpois_bias,bivpois_mse,pc_eta,pc_bias,pc_mse,lm_eta,lm_bias,lm_mse,team_strength_correlation,mu
bivpois,0,-0.005494899652994203,-0.0048173377178138965,-0.0048173377178138965,2.3206742687472402e-5,-0.008447426725159066,-0.008447426725159066,7.135901827693162e-5,-0.2163742690058361,-0.2163742690058361,0.04681782428780992,0,1
