method,true_params,bivpois_eta,bivpois_estimated_ha,bivpois_bias,bivpois_mse,pc_eta,pc_bias,pc_mse,lm_eta,lm_bias,lm_mse,team_strength_correlation,mu
bivpois,0.5,0.33985312293359055,0.5340329227774046,0.03403292277740455,0.0011582398327727814,0.6225005154560674,0.12250051545606744,0.015006376287002217,-0.3596491228070118,-0.8596491228070118,0.7389966143428648,0,1.3498588075760032
