method,true_params,bivpois_eta,bivpois_estimated_ha,bivpois_bias,bivpois_mse,pc_eta,pc_bias,pc_mse,lm_eta,lm_bias,lm_mse,team_strength_correlation,mu
bivpois,0.5,0.32394145086859155,0.3496253605698546,-0.1503746394301454,0.022612532183746238,0.3950802395578766,-0.10491976044212342,0.011008156131232566,0.22222222222221474,-0.27777777777778523,0.07716049382716464,0,1.3498588075760032
