method,true_params,bivpois_eta,bivpois_estimated_ha,bivpois_bias,bivpois_mse,pc_eta,pc_bias,pc_mse,lm_eta,lm_bias,lm_mse,team_strength_correlation,mu
bivpois,0.5,0.2588061008457422,0.3230002947086792,-0.1769997052913208,0.03132889567321442,0.38029161922601823,-0.11970838077398177,0.014330096427528609,0.853801169590629,0.353801169590629,0.12517526760369704,0,1.3498588075760032
