method,true_params,bivpois_eta,bivpois_estimated_ha,bivpois_bias,bivpois_mse,pc_eta,pc_bias,pc_mse,lm_eta,lm_bias,lm_mse,team_strength_correlation,mu
bivpois,0.5,0.3173695935719382,0.40498214971467017,-0.09501785028532983,0.009028391872845353,0.4776091773718265,-0.02239082262817349,5.01348937966326e-4,0.6374269005848038,0.13742690058480378,0.01888615300434554,0,1.3498588075760032
