method,true_params,bivpois_eta,bivpois_estimated_ha,bivpois_bias,bivpois_mse,pc_eta,pc_bias,pc_mse,lm_eta,lm_bias,lm_mse,team_strength_correlation,mu
bivpois,0.5,0.2914182651535159,0.3849100506837273,-0.1150899493162727,0.01324569643362222,0.42480012145712337,-0.07519987854287663,0.005655021732863397,0.3625730994152027,-0.13742690058479728,0.018886153004343757,0,1.3498588075760032
