method,true_params,bivpois_eta,bivpois_estimated_ha,bivpois_bias,bivpois_mse,pc_eta,pc_bias,pc_mse,lm_eta,lm_bias,lm_mse,team_strength_correlation,mu
bivpois,0.5,0.37056124649265665,0.6528510709746871,0.1528510709746871,0.02336344989810883,0.7123834057719554,0.21238340577195536,0.045106711047295044,0.9912280701754284,0.49122807017542836,0.24130501692827555,0,1.3498588075760032
