method,true_params,bivpois_eta,bivpois_estimated_ha,bivpois_bias,bivpois_mse,pc_eta,pc_bias,pc_mse,lm_eta,lm_bias,lm_mse,team_strength_correlation,mu
bivpois,0.5,0.3375941472571017,0.48702554155782884,-0.012974458442171155,1.6833657186762636e-4,0.5624014620942168,0.06240146209421682,0.0038939424714959786,1.4269005847953264,0.9269005847953264,0.8591446940939181,0,1.3498588075760032
