method,true_params,bivpois_eta,bivpois_estimated_ha,bivpois_bias,bivpois_mse,pc_eta,pc_bias,pc_mse,lm_eta,lm_bias,lm_mse,team_strength_correlation,mu
bivpois,0.5,0.2885640342848531,0.41403317717204424,-0.08596682282795576,0.007390294627133135,0.46093958392494777,-0.03906041607505223,0.0015257161039561986,0.8801169590643196,0.38011695906431964,0.14448890256830565,0,1.3498588075760032
