method,true_params,bivpois_eta,bivpois_estimated_ha,bivpois_bias,bivpois_mse,pc_eta,pc_bias,pc_mse,lm_eta,lm_bias,lm_mse,team_strength_correlation,mu
bivpois,0.5,0.24194066986932836,0.36054844100935246,-0.13945155899064754,0.01944673730492205,0.4083113749535337,-0.0916886250464663,0.008406803962911488,0.6052631578947489,0.10526315789474894,0.011080332409974846,0,1.3498588075760032
