method,true_params,bivpois_eta,bivpois_estimated_ha,bivpois_bias,bivpois_mse,pc_eta,pc_bias,pc_mse,lm_eta,lm_bias,lm_mse,team_strength_correlation,mu
bivpois,0.5,0.1932115926339565,0.3224046028490475,-0.17759539715095252,0.031540125089204556,0.34718837818790527,-0.15281162181209473,0.023351391760842666,0.39766081871345227,-0.10233918128654773,0.010473308026400882,0,1.3498588075760032
