method,true_params,bivpois_eta,bivpois_estimated_ha,bivpois_bias,bivpois_mse,pc_eta,pc_bias,pc_mse,lm_eta,lm_bias,lm_mse,team_strength_correlation,mu
bivpois,0.5,0.37692521819011077,0.6580582763402936,0.15805827634029357,0.024982418719664605,0.7630642066247754,0.26306420662477537,0.0692027768071225,0.20467836257311053,-0.29532163742688944,0.08721486953249914,0,1.3498588075760032
