true_params,bivpois_eta,bivpois_estimated_ha,bivpois_eta_bias,bivpois_eta_mse,lm_eta,lm_eta_bias,lm_eta_mse,team_strength_correlation,lambda3
0.5019245010277432,0.5028400935128343,0.6534104489859704,0.15148594795822723,0.02294799242880273,0.853801169590642,0.3518766685628988,0.12381718987892412,0,0
