method,true_params,bivpois_eta,bivpois_estimated_ha,bivpois_bias,bivpois_mse,pc_eta,pc_bias,pc_mse,lm_eta,lm_bias,lm_mse,team_strength_correlation,mu
bivpois,0,0.003969453806771843,0.003774923480439951,0.003774923480439951,1.4250047283176874e-5,0.006804738380042182,0.006804738380042182,4.63044644208191e-5,1.3274853801169548,1.3274853801169548,1.762217434424256,0,1
