method,true_params,bivpois_eta,bivpois_estimated_ha,bivpois_bias,bivpois_mse,pc_eta,pc_bias,pc_mse,lm_eta,lm_bias,lm_mse,team_strength_correlation,mu
bivpois,0.5,0.2823405461272691,0.4950978021964063,-0.004902197803593689,2.4031543305558783e-5,0.549668915349226,0.04966891534922602,0.00246700115196858,0.2836257309941605,-0.2163742690058395,0.0468178242878114,0,1.3498588075760032
