method,true_params,bivpois_eta,bivpois_estimated_ha,bivpois_bias,bivpois_mse,pc_eta,pc_bias,pc_mse,lm_eta,lm_bias,lm_mse,team_strength_correlation,mu
bivpois,0.5,0.30092111886139195,0.4216009533703815,-0.0783990466296185,0.006146410512433096,0.5105694684341255,0.01056946843412554,1.1171366297997618e-4,0.48830409356725263,-0.011695906432747372,1.3679422728358134e-4,0,1.3498588075760032
