method,true_params,bivpois_eta,bivpois_estimated_ha,bivpois_bias,bivpois_mse,pc_eta,pc_bias,pc_mse,lm_eta,lm_bias,lm_mse,team_strength_correlation,mu
bivpois,0.5,0.3771836425131835,0.655742350610669,0.155742350610669,0.024255679773736546,0.7779073942802446,0.2779073942802446,0.07723251979563532,1.5818713450292445,1.0818713450292445,1.1704456071953866,0,1.3498588075760032
