method,true_params,bivpois_eta,bivpois_estimated_ha,bivpois_bias,bivpois_mse,pc_eta,pc_bias,pc_mse,lm_eta,lm_bias,lm_mse,team_strength_correlation,mu
bivpois,0.5,0.2824003046972192,0.5076220605298754,0.007622060529875352,5.809580672108373e-5,0.5915289346773138,0.09152893467731382,0.008377545883163981,1.0701754385964837,0.5701754385964837,0.32510003077869254,0,1.3498588075760032
