method,true_params,bivpois_eta,bivpois_estimated_ha,bivpois_bias,bivpois_mse,pc_eta,pc_bias,pc_mse,lm_eta,lm_bias,lm_mse,team_strength_correlation,mu
bivpois,0.5,0.26677893253459556,0.376900530132529,-0.123099469867471,0.015153479481652401,0.431935313137849,-0.068064686862151,0.004632801597642671,0.2982456140350803,-0.20175438596491968,0.04070483225608178,0,1.3498588075760032
