method,true_params,bivpois_eta,bivpois_estimated_ha,bivpois_bias,bivpois_mse,pc_eta,pc_bias,pc_mse,lm_eta,lm_bias,lm_mse,team_strength_correlation,mu
bivpois,0.5,0.33848867550747525,0.5782246316179913,0.07822463161799131,0.006119092991770447,0.6361458282162865,0.1361458282162865,0.018535686540698596,2.181286549707613,1.6812865497076128,2.8267244622277294,0,1.3498588075760032
