true_params,bivpois_eta,bivpois_estimated_ha,bivpois_eta_bias,bivpois_eta_mse,lm_eta,lm_eta_bias,lm_eta_mse,team_strength_correlation,lambda3
0.31255922623028565,0.34891411706345676,0.41752744369458616,0.10496821746430052,0.011018326677632685,1.0000000000000069,0.6874407737697212,0.47257481744111307,0,0
