method,true_params,bivpois_eta,bivpois_estimated_ha,bivpois_bias,bivpois_mse,pc_eta,pc_bias,pc_mse,lm_eta,lm_bias,lm_mse,team_strength_correlation,mu
bivpois,0.5,0.3296220503318018,0.539030700207136,0.03903070020713595,0.0015233955586593222,0.6036817333811296,0.10368173338112963,0.010749901836915649,1.0526315789473824,0.5526315789473824,0.3054016620498769,0,1.3498588075760032
