method,true_params,bivpois_eta,bivpois_estimated_ha,bivpois_bias,bivpois_mse,pc_eta,pc_bias,pc_mse,lm_eta,lm_bias,lm_mse,team_strength_correlation,mu
bivpois,0.5,0.37817741665006815,0.5106392678505325,0.010639267850532486,1.1319402039537414e-4,0.5425767105420869,0.04257671054208689,0.0018127762805846533,-0.43567251461988765,-0.9356725146198877,0.8754830546151039,0,1.3498588075760032
