method,true_params,bivpois_eta,bivpois_estimated_ha,bivpois_bias,bivpois_mse,pc_eta,pc_bias,pc_mse,lm_eta,lm_bias,lm_mse,team_strength_correlation,mu
bivpois,0.5,0.32761968136567693,0.5708238998962145,0.07082389989621451,0.005016024796509014,0.6275040452475221,0.12750404524752212,0.01625728155448217,1.2426900584795315,0.7426900584795315,0.5515885229643299,0,1.3498588075760032
