method,true_params,bivpois_eta,bivpois_estimated_ha,bivpois_bias,bivpois_mse,pc_eta,pc_bias,pc_mse,lm_eta,lm_bias,lm_mse,team_strength_correlation,mu
bivpois,0.5,0.34163331302836253,0.554242925730692,0.054242925730692004,0.0029422949918253686,0.6604948225238265,0.16049482252382652,0.025758588056954572,1.043859649122803,0.5438596491228029,0.29578331794397833,0,1.3498588075760032
