method,true_params,bivpois_eta,bivpois_estimated_ha,bivpois_bias,bivpois_mse,pc_eta,pc_bias,pc_mse,lm_eta,lm_bias,lm_mse,team_strength_correlation,mu
bivpois,0.5,0.21535224874672151,0.3081997468373965,-0.19180025316260352,0.036787337113238804,0.3364676288970258,-0.1635323711029742,0.02674283639856087,-1.2690058479532142,-1.7690058479532142,3.1293816900926705,0,1.3498588075760032
