method,true_params,bivpois_eta,bivpois_estimated_ha,bivpois_bias,bivpois_mse,pc_eta,pc_bias,pc_mse,lm_eta,lm_bias,lm_mse,team_strength_correlation,mu
bivpois,0.5,0.27996856741295684,0.40571158938169827,-0.09428841061830173,0.008890304376925475,0.45125204255423246,-0.04874795744576754,0.002376363355134363,0.9444444444444499,0.44444444444444986,0.19753086419753568,0,1.3498588075760032
