method,true_params,bivpois_eta,bivpois_estimated_ha,bivpois_bias,bivpois_mse,pc_eta,pc_bias,pc_mse,lm_eta,lm_bias,lm_mse,team_strength_correlation,mu
bivpois,0.5,0.34594886268530656,0.5262873730446231,0.02628737304462314,6.910259815871793e-4,0.6047060462570908,0.10470604625709079,0.010963356122792036,0.43859649122807154,-0.06140350877192846,0.0037703908895042955,0,1.3498588075760032
