method,true_params,bivpois_eta,bivpois_estimated_ha,bivpois_bias,bivpois_mse,pc_eta,pc_bias,pc_mse,lm_eta,lm_bias,lm_mse,team_strength_correlation,mu
bivpois,0.5,0.4229225593855525,0.5985564415449729,0.0985564415449729,0.009713372170007659,0.6549495394222475,0.15494953942224754,0.024009359767166644,-0.11695906432747984,-0.6169590643274798,0.38063848705583936,0,1.3498588075760032
