method,true_params,bivpois_eta,bivpois_estimated_ha,bivpois_bias,bivpois_mse,pc_eta,pc_bias,pc_mse,lm_eta,lm_bias,lm_mse,team_strength_correlation,mu
bivpois,0.5,0.29924884083501735,0.5799163977852342,0.07991639778523418,0.006386630634967783,0.6706729701204315,0.17067297012043148,0.029129262729729696,1.8713450292397613,1.3713450292397613,1.8805871892206019,0,1.3498588075760032
