method,true_params,bivpois_eta,bivpois_estimated_ha,bivpois_bias,bivpois_mse,pc_eta,pc_bias,pc_mse,lm_eta,lm_bias,lm_mse,team_strength_correlation,mu
bivpois,0.5,0.3131634150464558,0.4919880817953064,-0.008011918204693602,6.419083331870075e-5,0.5602945306087541,0.060294530608754116,0.0036354304213299868,0.1578947368420965,-0.34210526315790346,0.11703601108033838,0,1.3498588075760032
