method,true_params,bivpois_eta,bivpois_estimated_ha,bivpois_bias,bivpois_mse,pc_eta,pc_bias,pc_mse,lm_eta,lm_bias,lm_mse,team_strength_correlation,mu
bivpois,0.5,0.2723927588312091,0.5642417120901217,0.06424171209012175,0.004126997572270095,0.6128461514732533,0.11284615147325328,0.012734253902324423,-0.8479532163742655,-1.3479532163742656,1.8169778735337276,0,1.3498588075760032
