method,true_params,bivpois_eta,bivpois_estimated_ha,bivpois_bias,bivpois_mse,pc_eta,pc_bias,pc_mse,lm_eta,lm_bias,lm_mse,team_strength_correlation,mu
bivpois,0.5,0.27396542288592385,0.43479808338286263,-0.06520191661713737,0.004251289930548134,0.5089266269807063,0.008926626980706343,7.968466925267443e-5,-0.17543859649123245,-0.6754385964912324,0.45621729763004587,0,1.3498588075760032
