method,true_params,bivpois_eta,bivpois_estimated_ha,bivpois_bias,bivpois_mse,pc_eta,pc_bias,pc_mse,lm_eta,lm_bias,lm_mse,team_strength_correlation,mu
bivpois,0.5,0.3599131537713626,0.641673483231529,0.14167348323152895,0.020071375850954316,0.731820039622493,0.23182003962249298,0.05374053077057422,1.1374269005848008,0.6374269005848008,0.4063130535891455,0,1.3498588075760032
