method,true_params,bivpois_eta,bivpois_estimated_ha,bivpois_bias,bivpois_mse,pc_eta,pc_bias,pc_mse,lm_eta,lm_bias,lm_mse,team_strength_correlation,mu
bivnorm,0,0.09123073560483545,0.10858058911479906,0.10858058911479906,0.011789744332516821,0.10983759208535397,0.10983759208535397,0.012064296635108614,0.09941520467835988,0.09941520467835988,0.009883382921240188,-0.8,NA
