method,true_params,bivpois_eta,bivpois_estimated_ha,bivpois_bias,bivpois_mse,pc_eta,pc_bias,pc_mse,lm_eta,lm_bias,lm_mse,team_strength_correlation,mu
bivnorm,0,0.13709035683625148,0.16415818107557256,0.16415818107557256,0.026947908414040468,0.16338106158279192,0.16338106158279192,0.026693371283920044,0.8742690058479585,0.8742690058479585,0.7643462945863777,-0.8,NA
