method,true_params,bivpois_eta,bivpois_estimated_ha,bivpois_bias,bivpois_mse,pc_eta,pc_bias,pc_mse,lm_eta,lm_bias,lm_mse,team_strength_correlation,mu
bivnorm,0,0.011849767027267737,0.014454740457326531,0.014454740457326531,2.0893952168867243e-4,0.019801648469392908,0.019801648469392908,3.921052821054105e-4,-0.41228070175437803,-0.41228070175437803,0.16997537703908241,-0.8,NA
