method,true_params,bivpois_eta,bivpois_estimated_ha,bivpois_bias,bivpois_mse,pc_eta,pc_bias,pc_mse,lm_eta,lm_bias,lm_mse,team_strength_correlation,mu
bivnorm,0,0.0013502183762504954,0.0017094770352710231,0.0017094770352710231,2.922311734119007e-6,-0.0036421755300319256,-0.0036421755300319256,1.3265442591563338e-5,-0.9999999999999972,-0.9999999999999972,0.9999999999999944,-0.8,NA
