method,true_params,bivpois_eta,bivpois_estimated_ha,bivpois_bias,bivpois_mse,pc_eta,pc_bias,pc_mse,lm_eta,lm_bias,lm_mse,team_strength_correlation,mu
bivnorm,0,0.003853973872411821,0.004618613790193793,0.004618613790193793,2.1331593342968274e-5,0.0027390817619348386,0.0027390817619348386,7.50256889856406e-6,0.4970760233918279,0.4970760233918279,0.247084573031033,-0.8,NA
