method,true_params,bivpois_eta,bivpois_estimated_ha,bivpois_bias,bivpois_mse,pc_eta,pc_bias,pc_mse,lm_eta,lm_bias,lm_mse,team_strength_correlation,mu
bivnorm,0,-0.007442651835738459,-0.03828011584323221,-0.03828011584323221,0.0014653672689712777,-0.02973046892097317,-0.02973046892097317,8.839007822609515e-4,0.09064327485381059,0.09064327485381059,0.00821620327622345,-0.8,NA
