method,true_params,bivpois_eta,bivpois_estimated_ha,bivpois_bias,bivpois_mse,pc_eta,pc_bias,pc_mse,lm_eta,lm_bias,lm_mse,team_strength_correlation,mu
bivnorm,0,-0.008920248740656675,-0.01070908046165675,-0.01070908046165675,1.1468440433423836e-4,-0.004471243964214364,-0.004471243964214364,1.9992022587523385e-5,0.6783625730994003,0.6783625730994003,0.46017578058203923,-0.8,NA
