method,true_params,bivpois_eta,bivpois_estimated_ha,bivpois_bias,bivpois_mse,pc_eta,pc_bias,pc_mse,lm_eta,lm_bias,lm_mse,team_strength_correlation,mu
bivnorm,0,-0.006765029390816226,-0.03407402691185091,-0.03407402691185091,0.0011610393099895399,-0.040301372732117535,-0.040301372732117535,0.0016242006440930668,-0.17836257309940926,-0.17836257309940926,0.03181320748264211,-0.8,NA
