method,true_params,bivpois_eta,bivpois_estimated_ha,bivpois_bias,bivpois_mse,pc_eta,pc_bias,pc_mse,lm_eta,lm_bias,lm_mse,team_strength_correlation,mu
bivpois,0,-0.12105832730164806,-0.11579758971769538,-0.11579758971769538,0.013409081784427712,-0.1258668295080389,-0.1258668295080389,0.015842458770405732,0.029239766081860005,0.029239766081860005,8.549639205218908e-4,0,1
