method,true_params,bivpois_eta,bivpois_estimated_ha,bivpois_bias,bivpois_mse,pc_eta,pc_bias,pc_mse,lm_eta,lm_bias,lm_mse,team_strength_correlation,mu
bivnorm,0,-0.06902676070558485,-0.08711424096038467,-0.08711424096038467,0.0075888909781039625,-0.08542420621062048,-0.08542420621062048,0.007297295006714611,-0.1812865497076025,-0.1812865497076025,0.03286481310488703,-0.8,NA
