method,true_params,bivpois_eta,bivpois_estimated_ha,bivpois_bias,bivpois_mse,pc_eta,pc_bias,pc_mse,lm_eta,lm_bias,lm_mse,team_strength_correlation,mu
bivnorm,0,0.010172943638657488,0.012180443347312275,0.012180443347312275,1.4836320013708387e-4,0.008800438436521625,0.008800438436521625,7.744771667500719e-5,0.6023391812865584,0.6023391812865584,0.36281248931296145,-0.8,NA
