method,true_params,bivpois_eta,bivpois_estimated_ha,bivpois_bias,bivpois_mse,pc_eta,pc_bias,pc_mse,lm_eta,lm_bias,lm_mse,team_strength_correlation,mu
bivnorm,0,-0.06350263080562267,-0.07595369138667629,-0.07595369138667629,0.005768963235262464,-0.0749394104059628,-0.0749394104059628,0.005615915231993326,0.9736842105263085,0.9736842105263085,0.9480609418282406,-0.8,NA
