method,true_params,bivpois_eta,bivpois_estimated_ha,bivpois_bias,bivpois_mse,pc_eta,pc_bias,pc_mse,lm_eta,lm_bias,lm_mse,team_strength_correlation,mu
bivnorm,0,-0.062050905873382564,-0.0733624224589966,-0.0733624224589966,0.005382045029052289,-0.07759897312227451,-0.07759897312227451,0.006021600629631482,-0.41520467836258085,-0.41520467836258085,0.17239492493417422,-0.8,NA
