method,true_params,bivpois_eta,bivpois_estimated_ha,bivpois_bias,bivpois_mse,pc_eta,pc_bias,pc_mse,lm_eta,lm_bias,lm_mse,team_strength_correlation,mu
bivnorm,0,-0.060309398493928135,-0.07489166626543109,-0.07489166626543109,0.005608761676012709,-0.07267504818633422,-0.07267504818633422,0.005281662628886001,-0.8040935672514681,-0.8040935672514681,0.6465664648951912,-0.8,NA
