method,true_params,bivpois_eta,bivpois_estimated_ha,bivpois_bias,bivpois_mse,pc_eta,pc_bias,pc_mse,lm_eta,lm_bias,lm_mse,team_strength_correlation,mu
bivnorm,0,-0.008609893877198287,-0.010653582707402132,-0.010653582707402132,1.1349882450345774e-4,-0.009419418577579292,-0.009419418577579292,8.87254463396459e-5,0.1783625730994199,0.1783625730994199,0.03181320748264591,-0.8,NA
