method,true_params,bivpois_eta,bivpois_estimated_ha,bivpois_bias,bivpois_mse,pc_eta,pc_bias,pc_mse,lm_eta,lm_bias,lm_mse,team_strength_correlation,mu
bivnorm,0,0.01205011940499649,0.06020595476313151,0.06020595476313151,0.0036247569889402377,0.058979103908336876,0.058979103908336876,0.003478534697830398,0.32456140350877916,0.32456140350877916,0.10534010464758856,-0.8,NA
