method,true_params,bivpois_eta,bivpois_estimated_ha,bivpois_bias,bivpois_mse,pc_eta,pc_bias,pc_mse,lm_eta,lm_bias,lm_mse,team_strength_correlation,mu
bivnorm,0,-0.005981617647071609,-0.03017424141842362,-0.03017424141842362,9.104848451773114e-4,-0.03876511991065553,-0.03876511991065553,0.001502734521687502,-0.7894736842105239,-0.7894736842105239,0.623268698060938,-0.8,NA
