method,true_params,bivpois_eta,bivpois_estimated_ha,bivpois_bias,bivpois_mse,pc_eta,pc_bias,pc_mse,lm_eta,lm_bias,lm_mse,team_strength_correlation,mu
bivnorm,0,-0.006682597531027466,-0.008389898615613678,-0.008389898615613678,7.03903987802763e-5,-0.011757232783551813,-0.011757232783551813,1.382325227266255e-4,-0.6520467836257303,-0.6520467836257303,0.42516500803665996,-0.8,NA
