method,true_params,bivpois_eta,bivpois_estimated_ha,bivpois_bias,bivpois_mse,pc_eta,pc_bias,pc_mse,lm_eta,lm_bias,lm_mse,team_strength_correlation,mu
bivnorm,0,0.1045797636084344,0.12303644704751004,0.12303644704751004,0.015137967302074742,0.12309936866324406,0.12309936866324406,0.015153454565289272,0.24853801169590947,0.24853801169590947,0.06177114325775603,-0.8,NA
