true_params,bivpois_eta,bivpois_estimated_ha,bivpois_eta_bias,bivpois_eta_mse,lm_eta,lm_eta_bias,lm_eta_mse,team_strength_correlation,lambda3
0.6109667011757642,0.6172149702761768,0.8537580745932769,0.24279137341751267,0.058947651005962075,1.3157894736842024,0.7048227725084382,0.4967751406464816,0,0
