method,true_params,bivpois_eta,bivpois_estimated_ha,bivpois_bias,bivpois_mse,pc_eta,pc_bias,pc_mse,lm_eta,lm_bias,lm_mse,team_strength_correlation,mu
bivnorm,0,-0.006336654154408497,-0.031373082906736016,-0.031373082906736016,9.842703310729316e-4,-0.016896657517237876,-0.016896657517237876,2.8549703525483123e-4,-0.14619883040936638,-0.14619883040936638,0.02137409801306667,-0.8,NA
