method,true_params,bivpois_eta,bivpois_estimated_ha,bivpois_bias,bivpois_mse,pc_eta,pc_bias,pc_mse,lm_eta,lm_bias,lm_mse,team_strength_correlation,mu
bivnorm,0,0.033818865576774555,0.16851592270631066,0.16851592270631066,0.028397616205559268,0.17392223937432608,0.17392223937432608,0.03024894534898038,0.9766081871345001,0.9766081871345001,0.9537635511781348,-0.8,NA
