method,true_params,bivpois_eta,bivpois_estimated_ha,bivpois_bias,bivpois_mse,pc_eta,pc_bias,pc_mse,lm_eta,lm_bias,lm_mse,team_strength_correlation,mu
bivnorm,0,-0.014647068706153971,-0.017847889321610078,-0.017847889321610078,3.1854715323644304e-4,-0.01226616811974152,-0.01226616811974152,1.504588803417632e-4,0.7923976608187044,0.7923976608187044,0.6278940528709546,-0.8,NA
