method,true_params,bivpois_eta,bivpois_estimated_ha,bivpois_bias,bivpois_mse,pc_eta,pc_bias,pc_mse,lm_eta,lm_bias,lm_mse,team_strength_correlation,mu
bivnorm,0,0.025164234699171187,0.029788701250625493,0.029788701250625493,8.873667221990168e-4,0.027113265658736996,0.027113265658736996,7.35129174681247e-4,0.4707602339181301,0.4707602339181301,0.22161519783865258,-0.8,NA
