method,true_params,bivpois_eta,bivpois_estimated_ha,bivpois_bias,bivpois_mse,pc_eta,pc_bias,pc_mse,lm_eta,lm_bias,lm_mse,team_strength_correlation,mu
bivnorm,0,-0.05130969931987714,-0.06130903607697613,-0.06130903607697613,0.0037587979046879607,-0.057997718149567945,-0.057997718149567945,0.003363735310556723,-0.32163742690058117,-0.32163742690058117,0.1034506343832267,-0.8,NA
