method,true_params,bivpois_eta,bivpois_estimated_ha,bivpois_bias,bivpois_mse,pc_eta,pc_bias,pc_mse,lm_eta,lm_bias,lm_mse,team_strength_correlation,mu
bivnorm,0,0.030288867116432902,0.037359983991796186,0.037359983991796186,0.0013957684038672672,0.03652214548863636,0.03652214548863636,0.0013338671110931211,-0.318713450292398,-0.318713450292398,0.10157826339728486,-0.8,NA
