method,true_params,bivpois_eta,bivpois_estimated_ha,bivpois_bias,bivpois_mse,pc_eta,pc_bias,pc_mse,lm_eta,lm_bias,lm_mse,team_strength_correlation,mu
bivnorm,0,0.016358246427473817,0.021667963167516513,0.021667963167516513,4.6950062782885225e-4,0.01885022885775006,0.01885022885775006,0.00035533112798955306,0.25438596491227844,0.25438596491227844,0.06471221914435096,-0.8,NA
