method,true_params,bivpois_eta,bivpois_estimated_ha,bivpois_bias,bivpois_mse,pc_eta,pc_bias,pc_mse,lm_eta,lm_bias,lm_mse,team_strength_correlation,mu
bivnorm,0,-0.0064364521416711284,-0.031535273847805634,-0.031535273847805634,9.94473496656094e-4,-0.034947936269986095,-0.034947936269986095,0.0012213582495310096,0.14912280701754263,0.14912280701754263,0.022237611572791263,-0.8,NA
