method,true_params,bivpois_eta,bivpois_estimated_ha,bivpois_bias,bivpois_mse,pc_eta,pc_bias,pc_mse,lm_eta,lm_bias,lm_mse,team_strength_correlation,mu
bivnorm,0,-0.01574696329769726,-0.018241622164283156,-0.018241622164283156,3.327567791844665e-4,-0.016003398809759057,-0.016003398809759057,2.561087734641976e-4,-0.593567251461992,-0.593567251461992,0.3523220820081436,-0.8,NA
