method,true_params,bivpois_eta,bivpois_estimated_ha,bivpois_bias,bivpois_mse,pc_eta,pc_bias,pc_mse,lm_eta,lm_bias,lm_mse,team_strength_correlation,mu
bivnorm,0,0.06349902283505181,0.07425330858181578,0.07425330858181578,0.005513553835346357,0.07527771908299176,0.07527771908299176,0.005666734990337822,-0.8070175438596318,-0.8070175438596318,0.6512773160972327,-0.8,NA
