method,true_params,bivpois_eta,bivpois_estimated_ha,bivpois_bias,bivpois_mse,pc_eta,pc_bias,pc_mse,lm_eta,lm_bias,lm_mse,team_strength_correlation,mu
bivnorm,0,-0.008872483625545307,-0.010520435176772924,-0.010520435176772924,1.1067955630868116e-4,-0.006865700094068975,-0.006865700094068975,4.7137837781698724e-5,-0.10233918128654874,-0.10233918128654874,0.010473308026401089,-0.8,NA
