method,true_params,bivpois_eta,bivpois_estimated_ha,bivpois_bias,bivpois_mse,pc_eta,pc_bias,pc_mse,lm_eta,lm_bias,lm_mse,team_strength_correlation,mu
bivnorm,0,0.07721221755755693,0.09288340737298095,0.09288340737298095,0.008627327365215133,0.09734449864291488,0.09734449864291488,0.009475951416040455,0.2251461988304023,0.2251461988304023,0.050690810847779044,-0.8,NA
