method,true_params,bivpois_eta,bivpois_estimated_ha,bivpois_bias,bivpois_mse,pc_eta,pc_bias,pc_mse,lm_eta,lm_bias,lm_mse,team_strength_correlation,mu
bivpois,0,0.04128910289446612,0.039782986419672595,0.039782986419672595,0.001582686008467854,0.042475815924735205,0.042475815924735205,0.0018041949384719888,0.005847953216368017,0.005847953216368017,3.419855682082903e-5,0,1
