true_params,bivpois_eta,bivpois_estimated_ha,bivpois_eta_bias,bivpois_eta_mse,lm_eta,lm_eta_bias,lm_eta_mse,team_strength_correlation,lambda3
0.6087163898691523,0.43750574320902763,0.5488391939158301,-0.05987719595332219,0.0035852785952325437,0.13742690058478196,-0.47128948928437037,0.22211378270992266,0,0
