method,true_params,bivpois_eta,bivpois_estimated_ha,bivpois_bias,bivpois_mse,pc_eta,pc_bias,pc_mse,lm_eta,lm_bias,lm_mse,team_strength_correlation,mu
bivnorm,0,0.017642296991432112,0.08741138636608081,0.08741138636608081,0.007640750466440259,0.08605603869378764,0.08605603869378764,0.007405641795666675,0.0701754385964871,0.0701754385964871,0.004924592182209332,-0.8,NA
