method,true_params,bivpois_eta,bivpois_estimated_ha,bivpois_bias,bivpois_mse,pc_eta,pc_bias,pc_mse,lm_eta,lm_bias,lm_mse,team_strength_correlation,mu
bivnorm,0,0.017926759154911365,0.021188664184175643,0.021188664184175643,4.4895948990976767e-4,0.02362717655505063,0.02362717655505063,5.582434719635342e-4,-0.745614035087731,-0.745614035087731,0.5559402893198082,-0.8,NA
