method,true_params,bivpois_eta,bivpois_estimated_ha,bivpois_bias,bivpois_mse,pc_eta,pc_bias,pc_mse,lm_eta,lm_bias,lm_mse,team_strength_correlation,mu
bivnorm,0,0.08289752173545031,0.1049532764236365,0.1049532764236365,0.011015190232056254,0.11325601590783757,0.11325601590783757,0.012826925139316357,-0.17543859649121768,-0.17543859649121768,0.030778701138808297,-0.8,NA
