method,true_params,bivpois_eta,bivpois_estimated_ha,bivpois_bias,bivpois_mse,pc_eta,pc_bias,pc_mse,lm_eta,lm_bias,lm_mse,team_strength_correlation,mu
bivnorm,0,0.036459226565054965,0.044105636281559946,0.044105636281559946,0.001945307151801257,0.04367677236347457,0.04367677236347457,0.0019076604440907761,0.22807017543858246,0.22807017543858246,0.05201600492458578,-0.8,NA
