method,true_params,bivpois_eta,bivpois_estimated_ha,bivpois_bias,bivpois_mse,pc_eta,pc_bias,pc_mse,lm_eta,lm_bias,lm_mse,team_strength_correlation,mu
bivnorm,0,0.14928670403140443,0.17688922572615873,0.17688922572615873,0.031289798177999935,0.1754354257018547,0.1754354257018547,0.030777588591190976,0.687134502923985,0.687134502923985,0.472153825108592,-0.8,NA
