method,true_params,bivpois_eta,bivpois_estimated_ha,bivpois_bias,bivpois_mse,pc_eta,pc_bias,pc_mse,lm_eta,lm_bias,lm_mse,team_strength_correlation,mu
bivnorm,0,0.12739456922723533,0.1511241840966382,0.1511241840966382,0.02283851901887459,0.15490699910193298,0.15490699910193298,0.023996178370766265,0.774853801169593,0.774853801169593,0.6003984131869672,-0.8,NA
