method,true_params,bivpois_eta,bivpois_estimated_ha,bivpois_bias,bivpois_mse,pc_eta,pc_bias,pc_mse,lm_eta,lm_bias,lm_mse,team_strength_correlation,mu
bivnorm,0,7.757065520039619e-4,0.0038935479445170174,0.0038935479445170174,1.5159715596252691e-5,0.00203085716366349,0.00203085716366349,4.124380819203315e-6,0.1081871345029148,0.1081871345029148,0.011704456071951778,-0.8,NA
