method,true_params,bivpois_eta,bivpois_estimated_ha,bivpois_bias,bivpois_mse,pc_eta,pc_bias,pc_mse,lm_eta,lm_bias,lm_mse,team_strength_correlation,mu
bivnorm,0,-0.1593835788211394,-0.17753156245625967,-0.17753156245625967,0.03151745566816083,-0.18209418646570602,-0.18209418646570602,0.03315829274460731,-0.18713450292397185,-0.18713450292397185,0.03501932218460203,-0.8,NA
