method,true_params,bivpois_eta,bivpois_estimated_ha,bivpois_bias,bivpois_mse,pc_eta,pc_bias,pc_mse,lm_eta,lm_bias,lm_mse,team_strength_correlation,mu
bivnorm,0,0.014755190208510046,0.018071412535091147,0.018071412535091147,3.265759510134494e-4,0.014417013615377748,0.014417013615377748,2.0785028158598737e-4,0.5935672514619884,0.5935672514619884,0.35232208200813936,-0.8,NA
