method,true_params,bivpois_eta,bivpois_estimated_ha,bivpois_bias,bivpois_mse,pc_eta,pc_bias,pc_mse,lm_eta,lm_bias,lm_mse,team_strength_correlation,mu
bivnorm,0,-0.01735585613242142,-0.021313057036696392,-0.021313057036696392,4.542464002494736e-4,-0.021134307934479672,-0.021134307934479672,4.466589718694104e-4,0.5204678362573006,0.5204678362573006,0.2708867685783563,-0.8,NA
