method,true_params,bivpois_eta,bivpois_estimated_ha,bivpois_bias,bivpois_mse,pc_eta,pc_bias,pc_mse,lm_eta,lm_bias,lm_mse,team_strength_correlation,mu
bivnorm,0,-0.10718114146494326,-0.14364315998383304,-0.14364315998383304,0.02063335741014105,-0.14845410065631745,-0.14845410065631745,0.022038620001676033,-0.9473684210526278,-0.9473684210526278,0.897506925207749,-0.8,NA
