method,true_params,bivpois_eta,bivpois_estimated_ha,bivpois_bias,bivpois_mse,pc_eta,pc_bias,pc_mse,lm_eta,lm_bias,lm_mse,team_strength_correlation,mu
bivnorm,0,0.021119750847424942,0.023411970781409108,0.023411970781409108,5.481203758695538e-4,0.02527250465570183,0.02527250465570183,6.386994915724707e-4,-0.2485380116959039,-0.2485380116959039,0.061771143257753264,-0.8,NA
