method,true_params,bivpois_eta,bivpois_estimated_ha,bivpois_bias,bivpois_mse,pc_eta,pc_bias,pc_mse,lm_eta,lm_bias,lm_mse,team_strength_correlation,mu
bivnorm,0,0.0020845304958021626,0.01037391641035601,0.01037391641035601,1.0761814168905372e-4,0.01201126396365538,0.01201126396365538,1.4427046200460636e-4,0.48830409356725646,0.48830409356725646,0.23844088779453995,-0.8,NA
