method,true_params,bivpois_eta,bivpois_estimated_ha,bivpois_bias,bivpois_mse,pc_eta,pc_bias,pc_mse,lm_eta,lm_bias,lm_mse,team_strength_correlation,mu
bivnorm,0,0.013004778848683316,0.06389040609827745,0.06389040609827745,0.004081983991402809,0.07151158164325448,0.07151158164325448,0.005113906309119852,0.6432748538011718,0.6432748538011718,0.4138025375329189,-0.8,NA
