method,true_params,bivpois_eta,bivpois_estimated_ha,bivpois_bias,bivpois_mse,pc_eta,pc_bias,pc_mse,lm_eta,lm_bias,lm_mse,team_strength_correlation,mu
bivnorm,0,-0.06143834011628742,-0.07675379429128659,-0.07675379429128659,0.005891144938109138,-0.07335066710848173,-0.07335066710848173,0.005380320365259304,-0.3040935672514507,-0.3040935672514507,0.09247289764371257,-0.8,NA
