method,true_params,bivpois_eta,bivpois_estimated_ha,bivpois_bias,bivpois_mse,pc_eta,pc_bias,pc_mse,lm_eta,lm_bias,lm_mse,team_strength_correlation,mu
bivnorm,0,0.013469086366510091,0.06585384971810537,0.06585384971810537,0.004336729522694807,0.06975342015095135,0.06975342015095135,0.0048655396227551455,0.5292397660818785,0.5292397660818785,0.2800947300024015,-0.8,NA
