method,true_params,bivpois_eta,bivpois_estimated_ha,bivpois_bias,bivpois_mse,pc_eta,pc_bias,pc_mse,lm_eta,lm_bias,lm_mse,team_strength_correlation,mu
bivnorm,0,-0.11933543146904342,-0.13830945123113247,-0.13830945123113247,0.019129504299857013,-0.14155823270503506,-0.14155823270503506,0.02003873324657286,-0.28947368421053277,-0.28947368421053277,0.08379501385041925,-0.8,NA
