method,true_params,bivpois_eta,bivpois_estimated_ha,bivpois_bias,bivpois_mse,pc_eta,pc_bias,pc_mse,lm_eta,lm_bias,lm_mse,team_strength_correlation,mu
bivnorm,0,-0.01758586109663947,-0.08679031811571658,-0.08679031811571658,0.007532559318627282,-0.08668940938005881,-0.08668940938005881,0.007515053698663429,0.20760233918128687,0.20760233918128687,0.043098731233542076,-0.8,NA
