method,true_params,bivpois_eta,bivpois_estimated_ha,bivpois_bias,bivpois_mse,pc_eta,pc_bias,pc_mse,lm_eta,lm_bias,lm_mse,team_strength_correlation,mu
bivnorm,0,-0.07721352792895404,-0.09944550014282738,-0.09944550014282738,0.00988940749865708,-0.10560496609695784,-0.10560496609695784,0.011152408864339615,-0.7163742690058393,-0.7163742690058393,0.5131920932936507,-0.8,NA
