method,true_params,bivpois_eta,bivpois_estimated_ha,bivpois_bias,bivpois_mse,pc_eta,pc_bias,pc_mse,lm_eta,lm_bias,lm_mse,team_strength_correlation,mu
bivnorm,0,-0.03534804505074682,-0.04338192938343299,-0.04338192938343299,0.001881991797029167,-0.044645726202923904,-0.044645726202923904,0.001993240868186446,0.4385964912280663,0.4385964912280663,0.19236688211757125,-0.8,NA
