method,true_params,bivpois_eta,bivpois_estimated_ha,bivpois_bias,bivpois_mse,pc_eta,pc_bias,pc_mse,lm_eta,lm_bias,lm_mse,team_strength_correlation,mu
bivnorm,0,0.022272144510087816,0.028330841584482735,0.028330841584482735,8.026365848850562e-4,0.03252174815706467,0.03252174815706467,0.0010576641031915393,-0.3128654970760222,-0.3128654970760222,0.09788481926062645,-0.8,NA
