method,true_params,bivpois_eta,bivpois_estimated_ha,bivpois_bias,bivpois_mse,pc_eta,pc_bias,pc_mse,lm_eta,lm_bias,lm_mse,team_strength_correlation,mu
bivnorm,0,0.05732617799167597,0.07123792900997361,0.07123792900997361,0.00507484252963004,0.06720800997312774,0.06720800997312774,0.0045169166045480385,0.31286549707601397,0.31286549707601397,0.0978848192606213,-0.8,NA
