method,true_params,bivpois_eta,bivpois_estimated_ha,bivpois_bias,bivpois_mse,pc_eta,pc_bias,pc_mse,lm_eta,lm_bias,lm_mse,team_strength_correlation,mu
bivnorm,0,0.05694719837601625,0.0677586113187485,0.0677586113187485,0.004591229407845232,0.06424706470005154,0.06424706470005154,0.004127685322572608,1.0350877192982577,1.0350877192982577,1.0714065866420688,-0.8,NA
