method,true_params,bivpois_eta,bivpois_estimated_ha,bivpois_bias,bivpois_mse,pc_eta,pc_bias,pc_mse,lm_eta,lm_bias,lm_mse,team_strength_correlation,mu
bivnorm,0,-0.08719160966149407,-0.10147873192527523,-0.10147873192527523,0.010297933033161875,-0.10178208576541163,-0.10178208576541163,0.010359592982757609,-0.32748538011695394,-0.32748538011695394,0.10724667419034581,-0.8,NA
