method,true_params,bivpois_eta,bivpois_estimated_ha,bivpois_bias,bivpois_mse,pc_eta,pc_bias,pc_mse,lm_eta,lm_bias,lm_mse,team_strength_correlation,mu
bivnorm,0,-0.00539933947575878,-0.006773536306060368,-0.006773536306060368,4.588079408951794e-5,-0.003033391381733374,-0.003033391381733374,9.201463274774307e-6,0.16959064327486034,0.16959064327486034,0.02876098628638093,-0.8,NA
