method,true_params,bivpois_eta,bivpois_estimated_ha,bivpois_bias,bivpois_mse,pc_eta,pc_bias,pc_mse,lm_eta,lm_bias,lm_mse,team_strength_correlation,mu
bivnorm,0,-0.01669594001631717,-0.0202555241996627,-0.0202555241996627,4.1028626060312127e-4,-0.020663077608789354,-0.020663077608789354,4.26962776266852e-4,-0.19883040935671037,-0.19883040935671037,0.03953353168495702,-0.8,NA
