method,true_params,bivpois_eta,bivpois_estimated_ha,bivpois_bias,bivpois_mse,pc_eta,pc_bias,pc_mse,lm_eta,lm_bias,lm_mse,team_strength_correlation,mu
bivnorm,0,0.009331075973334841,0.010324134745671731,0.010324134745671731,1.0658775824678631e-4,0.010071635788785723,0.010071635788785723,1.0143784746194941e-4,-0.011695906432736802,-0.011695906432736802,1.367942272833341e-4,-0.8,NA
