method,true_params,bivpois_eta,bivpois_estimated_ha,bivpois_bias,bivpois_mse,pc_eta,pc_bias,pc_mse,lm_eta,lm_bias,lm_mse,team_strength_correlation,mu
bivnorm,0,0.002587973843136514,0.012809826770620703,0.012809826770620703,1.6409166189331083e-4,0.02093273792362184,0.02093273792362184,4.3817951697903594e-4,-0.35380116959064634,-0.35380116959064634,0.12517526760370928,-0.8,NA
