method,true_params,bivpois_eta,bivpois_estimated_ha,bivpois_bias,bivpois_mse,pc_eta,pc_bias,pc_mse,lm_eta,lm_bias,lm_mse,team_strength_correlation,mu
bivnorm,0,0.026494620102321273,0.033253792623556766,0.033253792623556766,0.0011058147238505185,0.028596210084748823,0.028596210084748823,8.177432312110903e-4,-0.8128654970760093,-0.8128654970760093,0.6607503163366277,-0.8,NA
