method,true_params,bivpois_eta,bivpois_estimated_ha,bivpois_bias,bivpois_mse,pc_eta,pc_bias,pc_mse,lm_eta,lm_bias,lm_mse,team_strength_correlation,mu
bivpois,0,-0.12249618700106515,-0.13376138133784266,-0.13376138133784266,0.017892107137407763,-0.1406874965202712,-0.1406874965202712,0.019792971677141325,-0.45614035087718385,-0.45614035087718385,0.20806401969836041,0,1
