method,true_params,bivpois_eta,bivpois_estimated_ha,bivpois_bias,bivpois_mse,pc_eta,pc_bias,pc_mse,lm_eta,lm_bias,lm_mse,team_strength_correlation,mu
bivnorm,0,-0.029879104654517517,-0.14900313163512546,-0.14900313163512546,0.022201933237074527,-0.1548840893814668,-0.1548840893814668,0.023989081143526197,-0.38304093567252434,-0.38304093567252434,0.14672035840088293,-0.4,NA
