method,true_params,bivpois_eta,bivpois_estimated_ha,bivpois_bias,bivpois_mse,pc_eta,pc_bias,pc_mse,lm_eta,lm_bias,lm_mse,team_strength_correlation,mu
bivnorm,0,-0.02646449996497405,-0.032249674289730024,-0.032249674289730024,0.0010400414917936737,-0.02632791602534295,-0.02632791602534295,6.931591622375102e-4,0.19883040935672208,0.19883040935672208,0.039533531684961674,-0.4,NA
