method,true_params,bivpois_eta,bivpois_estimated_ha,bivpois_bias,bivpois_mse,pc_eta,pc_bias,pc_mse,lm_eta,lm_bias,lm_mse,team_strength_correlation,mu
bivnorm,0,0.0412472088636095,0.04748035932866679,0.04748035932866679,0.002254384521979315,0.04691808321356161,0.04691808321356161,0.002201306532434692,-0.21929824561403663,-0.21929824561403663,0.04809172052939434,-0.4,NA
