method,true_params,bivpois_eta,bivpois_estimated_ha,bivpois_bias,bivpois_mse,pc_eta,pc_bias,pc_mse,lm_eta,lm_bias,lm_mse,team_strength_correlation,mu
bivnorm,0,0.0036480678395318412,0.018223313079912096,0.018223313079912096,3.3208913960849527e-4,0.019305298941944295,0.019305298941944295,3.7269456723783555e-4,0.7046783625731079,0.7046783625731079,0.49657159467871653,-0.4,NA
