method,true_params,bivpois_eta,bivpois_estimated_ha,bivpois_bias,bivpois_mse,pc_eta,pc_bias,pc_mse,lm_eta,lm_bias,lm_mse,team_strength_correlation,mu
bivnorm,0,-0.00625348924949198,-0.03148275307666637,-0.03148275307666637,9.911637412863459e-4,-0.034160332912671024,-0.034160332912671024,0.0011669283447045152,-0.07309941520467349,-0.07309941520467349,0.0053435245032652495,-0.4,NA
