method,true_params,bivpois_eta,bivpois_estimated_ha,bivpois_bias,bivpois_mse,pc_eta,pc_bias,pc_mse,lm_eta,lm_bias,lm_mse,team_strength_correlation,mu
bivnorm,0,0.06729191260809218,0.08254951127219745,0.08254951127219745,0.006814421811278654,0.0791177991649264,0.0791177991649264,0.006259626144701627,-0.4239766081871398,-0.4239766081871398,0.17975616428987146,-0.4,NA
