method,true_params,bivpois_eta,bivpois_estimated_ha,bivpois_bias,bivpois_mse,pc_eta,pc_bias,pc_mse,lm_eta,lm_bias,lm_mse,team_strength_correlation,mu
bivnorm,0,0.01590780927307719,0.020408869159042498,0.020408869159042498,4.16521940350916e-4,0.023340458571629894,0.023340458571629894,5.447770063339714e-4,0.6959064327485353,0.6959064327485353,0.48428576314079164,-0.4,NA
