method,true_params,bivpois_eta,bivpois_estimated_ha,bivpois_bias,bivpois_mse,pc_eta,pc_bias,pc_mse,lm_eta,lm_bias,lm_mse,team_strength_correlation,mu
bivnorm,0,0.045260028489930944,0.05688339911875695,0.05688339911875695,0.003235721095303799,0.057444367231908815,0.057444367231908815,0.0032998553266743993,-0.06432748538011539,-0.06432748538011539,0.004138025375328959,-0.4,NA
