method,true_params,bivpois_eta,bivpois_estimated_ha,bivpois_bias,bivpois_mse,pc_eta,pc_bias,pc_mse,lm_eta,lm_bias,lm_mse,team_strength_correlation,mu
bivnorm,0,-0.09226426402528988,-0.12041865238009075,-0.12041865238009075,0.014500651841037136,-0.13048029944567285,-0.13048029944567285,0.017025108543432456,1.0877192982456148,1.0877192982456148,1.1831332717759326,-0.4,NA
