method,true_params,bivpois_eta,bivpois_estimated_ha,bivpois_bias,bivpois_mse,pc_eta,pc_bias,pc_mse,lm_eta,lm_bias,lm_mse,team_strength_correlation,mu
bivnorm,0,-0.019978386717516016,-0.02421976319408614,-0.02421976319408614,5.865969291776097e-4,-0.028488541767226587,-0.028488541767226587,8.115970120230137e-4,0.3654970760233933,0.3654970760233933,0.13358811258165015,-0.4,NA
