method,true_params,bivpois_eta,bivpois_estimated_ha,bivpois_bias,bivpois_mse,pc_eta,pc_bias,pc_mse,lm_eta,lm_bias,lm_mse,team_strength_correlation
bivpois,0.6414082285482436,0.5433914690192987,0.7218365262696684,0.08042829772142479,0.006468711074366145,0.6729962668553086,0.031588038307064914,9.978041640886005e-4,2.2543859649122773,1.6129777363640336,2.601697178006042,0
