method,true_params,bivpois_eta,bivpois_estimated_ha,bivpois_bias,bivpois_mse,pc_eta,pc_bias,pc_mse,lm_eta,lm_bias,lm_mse,team_strength_correlation,mu
bivnorm,0,-0.019243935996600122,-0.023920672638691798,-0.023920672638691798,5.721985794874585e-4,-0.025808610969864698,-0.025808610969864698,6.660844001938204e-4,-0.14035087719299655,-0.14035087719299655,0.019698368728843597,-0.4,NA
