method,true_params,bivpois_eta,bivpois_estimated_ha,bivpois_bias,bivpois_mse,pc_eta,pc_bias,pc_mse,lm_eta,lm_bias,lm_mse,team_strength_correlation,mu
bivnorm,0,-0.006073230602987701,-0.030337795878034868,-0.030337795878034868,9.203818587373094e-4,-0.021955851087662716,-0.021955851087662716,4.8205939698362004e-4,0.08187134502923203,0.08187134502923203,0.006702917136895557,-0.4,NA
