method,true_params,bivpois_eta,bivpois_estimated_ha,bivpois_bias,bivpois_mse,pc_eta,pc_bias,pc_mse,lm_eta,lm_bias,lm_mse,team_strength_correlation,mu
bivnorm,0,0.019063972721788155,0.02389301905758745,0.02389301905758745,5.708763596862371e-4,0.02574575720750742,0.02574575720750742,6.628440141879202e-4,-0.24853801169589837,-0.24853801169589837,0.061771143257750516,-0.4,NA
