method,true_params,bivpois_eta,bivpois_estimated_ha,bivpois_bias,bivpois_mse,pc_eta,pc_bias,pc_mse,lm_eta,lm_bias,lm_mse,team_strength_correlation,mu
bivnorm,0,-0.026044747109412025,-0.03158766289533643,-0.03158766289533643,9.97780447189414e-4,-0.03348489724434743,-0.03348489724434743,0.001121238343464506,-0.5730994152046734,-0.5730994152046734,0.3284429397079387,-0.4,NA
