method,true_params,bivpois_eta,bivpois_estimated_ha,bivpois_bias,bivpois_mse,pc_eta,pc_bias,pc_mse,lm_eta,lm_bias,lm_mse,team_strength_correlation,mu
bivnorm,0,0.07006140188207007,0.08357960925508201,0.08357960925508201,0.006985551083232191,0.08830984197549298,0.08830984197549298,0.007798628189736542,-0.04093567251463389,-0.04093567251463389,0.0016757292842253526,-0.4,NA
