method,true_params,bivpois_eta,bivpois_estimated_ha,bivpois_bias,bivpois_mse,pc_eta,pc_bias,pc_mse,lm_eta,lm_bias,lm_mse,team_strength_correlation,mu
bivnorm,0,-0.025865951852571623,-0.13123371012203577,-0.13123371012203577,0.017222286672394515,-0.13280032612801757,-0.13280032612801757,0.017635926619707826,-0.01754385964912405,-0.01754385964912405,3.077870113881631e-4,-0.4,NA
