method,true_params,bivpois_eta,bivpois_estimated_ha,bivpois_bias,bivpois_mse,pc_eta,pc_bias,pc_mse,lm_eta,lm_bias,lm_mse,team_strength_correlation,mu
bivnorm,0,0.027936368962360538,0.033751102337281624,0.033751102337281624,0.001139136908981657,0.03872437593783201,0.03872437593783201,0.0014995772917745429,-0.5409356725146237,-0.5409356725146237,0.2926114017988482,-0.4,NA
