method,true_params,bivpois_eta,bivpois_estimated_ha,bivpois_bias,bivpois_mse,pc_eta,pc_bias,pc_mse,lm_eta,lm_bias,lm_mse,team_strength_correlation,mu
bivnorm,0,-0.03098567278776421,-0.15394503509645485,-0.15394503509645485,0.023699073830848717,-0.15985590190155943,-0.15985590190155943,0.025553909372760992,-0.04678362573098855,-0.04678362573098855,0.002188707636537214,-0.4,NA
