method,true_params,bivpois_eta,bivpois_estimated_ha,bivpois_bias,bivpois_mse,pc_eta,pc_bias,pc_mse,lm_eta,lm_bias,lm_mse,team_strength_correlation,mu
bivnorm,0,0.024470433834566607,0.030386010754865023,0.030386010754865023,9.233096495947728e-4,0.028260722144449683,0.028260722144449683,7.986684161257888e-4,0.9122807017543858,0.9122807017543858,0.8322560787934746,-0.4,NA
