method,true_params,bivpois_eta,bivpois_estimated_ha,bivpois_bias,bivpois_mse,pc_eta,pc_bias,pc_mse,lm_eta,lm_bias,lm_mse,team_strength_correlation,mu
bivnorm,0,-0.044397702275725745,-0.05308506792922474,-0.05308506792922474,0.0028180244370504047,-0.057794162715996605,-0.057794162715996605,0.003340165244043092,-0.9941520467836201,-0.9941520467836201,0.9883382921240612,-0.4,NA
