true_params,bivpois_eta,bivpois_estimated_ha,bivpois_eta_bias,bivpois_eta_mse,lm_eta,lm_eta_bias,lm_eta_mse,team_strength_correlation,lambda3
0.3552542424077333,0.428216785713969,0.5345187066454484,0.17926446423771514,0.03213574813843505,0.4356725146198902,0.08041827221215692,0.006467098505588569,0,0
