method,true_params,bivpois_eta,bivpois_estimated_ha,bivpois_bias,bivpois_mse,pc_eta,pc_bias,pc_mse,lm_eta,lm_bias,lm_mse,team_strength_correlation,mu
bivpois,0,0.0020354828683712984,0.002531993376191588,0.002531993376191588,6.410990457078077e-6,-0.002858356482179256,-0.002858356482179256,8.170201779216172e-6,-0.666666666666668,-0.666666666666668,0.4444444444444462,0,1
