method,true_params,bivpois_eta,bivpois_estimated_ha,bivpois_bias,bivpois_mse,pc_eta,pc_bias,pc_mse,lm_eta,lm_bias,lm_mse,team_strength_correlation,mu
bivnorm,0,-0.07705551362631093,-0.09231757222003267,-0.09231757222003267,0.008522534140600948,-0.08969449626105765,-0.08969449626105765,0.008045102659524885,-0.3976608187134508,-0.3976608187134508,0.158134126739852,-0.4,NA
