method,true_params,bivpois_eta,bivpois_estimated_ha,bivpois_bias,bivpois_mse,pc_eta,pc_bias,pc_mse,lm_eta,lm_bias,lm_mse,team_strength_correlation,mu
bivnorm,0,0.04178531748024161,0.048158768877063496,0.048158768877063496,0.0023192670197544197,0.050323604391521316,0.050323604391521316,0.0025324651589543434,0.7222222222222365,0.7222222222222365,0.5216049382716256,-0.4,NA
