method,true_params,bivpois_eta,bivpois_estimated_ha,bivpois_bias,bivpois_mse,pc_eta,pc_bias,pc_mse,lm_eta,lm_bias,lm_mse,team_strength_correlation,mu
bivnorm,0,0.01114283490981247,0.01399184267240261,0.01399184267240261,1.957716613692666e-4,0.014263993829748151,0.014263993829748151,2.0346151997509333e-4,0.2631578947368367,0.2631578947368367,0.06925207756232403,-0.4,NA
