method,true_params,bivpois_eta,bivpois_estimated_ha,bivpois_bias,bivpois_mse,pc_eta,pc_bias,pc_mse,lm_eta,lm_bias,lm_mse,team_strength_correlation,mu
bivnorm,0,-0.12892398842555472,-0.1353850331336095,-0.1353850331336095,0.01832910719658854,-0.1353175612667811,-0.1353175612667811,0.018310842387189056,-0.6257309941520461,-0.6257309941520461,0.391539277042508,-0.4,NA
