true_params,bivpois_eta,bivpois_estimated_ha,bivpois_eta_bias,bivpois_eta_mse,lm_eta,lm_eta_bias,lm_eta_mse,team_strength_correlation,lambda3
0.61507517298731,0.5868790730939627,0.7983670758716894,0.18329190288437947,0.03359592166297679,0.4327485380116963,-0.18232663497561363,0.03324300182153066,0,0
