method,true_params,bivpois_eta,bivpois_estimated_ha,bivpois_bias,bivpois_mse,pc_eta,pc_bias,pc_mse,lm_eta,lm_bias,lm_mse,team_strength_correlation,mu
bivnorm,0,-0.037555191874845496,-0.04438900800219869,-0.04438900800219869,0.0019703840314192595,-0.04622489033193187,-0.04622489033193187,0.0021367404861991285,-0.45029239766080487,-0.45029239766080487,0.20276324339111643,-0.4,NA
