method,true_params,bivpois_eta,bivpois_estimated_ha,bivpois_bias,bivpois_mse,pc_eta,pc_bias,pc_mse,lm_eta,lm_bias,lm_mse,team_strength_correlation,mu
bivnorm,0,-0.03844292958965577,-0.048752977121426344,-0.048752977121426344,0.0023768527782023203,-0.047333192167927085,-0.047333192167927085,0.002240431080805914,-0.8918128654970907,-0.8918128654970907,0.795330187066132,-0.4,NA
