method,true_params,bivpois_eta,bivpois_estimated_ha,bivpois_bias,bivpois_mse,pc_eta,pc_bias,pc_mse,lm_eta,lm_bias,lm_mse,team_strength_correlation,mu
bivnorm,0,0.02218814735277635,0.024118386434388572,0.024118386434388572,5.816965641984987e-4,0.030358455345966026,0.030358455345966026,9.216358109930132e-4,-0.2514619883040869,-0.2514619883040869,0.06323313156184474,-0.4,NA
