method,true_params,bivpois_eta,bivpois_estimated_ha,bivpois_bias,bivpois_mse,pc_eta,pc_bias,pc_mse,lm_eta,lm_bias,lm_mse,team_strength_correlation,mu
bivnorm,0,0.03635339039492362,0.04387724938703719,0.04387724938703719,0.0019252130137722553,0.04460240918052938,0.04460240918052938,0.0019893749047073714,0.061403508771915825,0.061403508771915825,0.003770390889502744,-0.4,NA
