method,true_params,bivpois_eta,bivpois_estimated_ha,bivpois_bias,bivpois_mse,pc_eta,pc_bias,pc_mse,lm_eta,lm_bias,lm_mse,team_strength_correlation,mu
bivpois,0,0.012784649038235039,0.01220249556177122,0.01220249556177122,1.4890089793504635e-4,0.01659969626669826,0.01659969626669826,2.755499161466362e-4,0.09356725146197555,0.09356725146197555,0.008754830546148566,0,1
