method,true_params,bivpois_eta,bivpois_estimated_ha,bivpois_bias,bivpois_mse,pc_eta,pc_bias,pc_mse,lm_eta,lm_bias,lm_mse,team_strength_correlation,mu
bivnorm,0,-0.07453772807590278,-0.08856971842570083,-0.08856971842570083,0.007844595022007928,-0.09235471061316586,-0.09235471061316586,0.00852939257244161,-0.7339181286549833,-0.7339181286549833,0.53863581956843265,-0.4,NA
