method,true_params,bivpois_eta,bivpois_estimated_ha,bivpois_bias,bivpois_mse,pc_eta,pc_bias,pc_mse,lm_eta,lm_bias,lm_mse,team_strength_correlation,mu
bivnorm,0,0.08903364027801496,0.10785417502696304,0.10785417502696304,0.011632523070746777,0.10941671253462436,0.10941671253462436,0.011972016981884622,-0.4532163742690176,-0.4532163742690176,0.20540508190555426,-0.4,NA
