method,true_params,bivpois_eta,bivpois_estimated_ha,bivpois_bias,bivpois_mse,pc_eta,pc_bias,pc_mse,lm_eta,lm_bias,lm_mse,team_strength_correlation,mu
bivnorm,0,-0.04159787620147455,-0.04784239976050464,-0.04784239976050464,0.0022888952148439343,-0.046148688812035134,-0.046148688812035134,0.0021297014790700565,-0.7807017543859529,-0.7807017543859529,0.6094952293013047,-0.4,NA
