method,true_params,bivpois_eta,bivpois_estimated_ha,bivpois_bias,bivpois_mse,pc_eta,pc_bias,pc_mse,lm_eta,lm_bias,lm_mse,team_strength_correlation,mu
bivnorm,0,0.06988181443716027,0.0862818073933953,0.0862818073933953,0.0074445502870709645,0.08687229144674309,0.08687229144674309,0.0075467950212078725,-0.2660818713450406,-0.2660818713450406,0.07079956225847872,-0.4,NA
