method,true_params,bivpois_eta,bivpois_estimated_ha,bivpois_bias,bivpois_mse,pc_eta,pc_bias,pc_mse,lm_eta,lm_bias,lm_mse,team_strength_correlation,mu
bivnorm,0,0.03838766891973813,0.04192674609373781,0.04192674609373781,0.0017578520380087588,0.04222929461237932,0.04222929461237932,0.0017833133234591292,-0.10233918128654419,-0.10233918128654419,0.010473308026400157,-0.4,NA
