method,true_params,bivpois_eta,bivpois_estimated_ha,bivpois_bias,bivpois_mse,pc_eta,pc_bias,pc_mse,lm_eta,lm_bias,lm_mse,team_strength_correlation,mu
bivnorm,0,3.6056573083323803e-4,4.4104669893552106e-4,4.4104669893552106e-4,1.9452219064192016e-7,0.0026502870025985384,0.0026502870025985384,7.024021196142746e-6,-0.22222222222223084,-0.22222222222223084,0.049382716049386544,-0.4,NA
