method,true_params,bivpois_eta,bivpois_estimated_ha,bivpois_bias,bivpois_mse,pc_eta,pc_bias,pc_mse,lm_eta,lm_bias,lm_mse,team_strength_correlation,mu
bivnorm,0,-0.03397749813518501,-0.04062262012020201,-0.04062262012020201,0.0016501972654302413,-0.04339119324920604,-0.04339119324920604,0.0018827956515899437,-0.005847953216378501,-0.005847953216378501,3.419855682095166e-5,-0.4,NA
