method,true_params,bivpois_eta,bivpois_estimated_ha,bivpois_bias,bivpois_mse,pc_eta,pc_bias,pc_mse,lm_eta,lm_bias,lm_mse,team_strength_correlation,mu
bivnorm,0,-0.04469660886155819,-0.057581980644217046,-0.057581980644217046,0.0033156844949109865,-0.055614509114295656,-0.055614509114295656,0.0030929736240240748,-0.2690058479532209,-0.2690058479532209,0.0723641462330314,-0.4,NA
