method,true_params,bivpois_eta,bivpois_estimated_ha,bivpois_bias,bivpois_mse,pc_eta,pc_bias,pc_mse,lm_eta,lm_bias,lm_mse,team_strength_correlation,mu
bivnorm,0,-0.024976779961213877,-0.02981827350942301,-0.02981827350942301,8.89129435082758e-4,-0.023009962957529297,-0.023009962957529297,5.294583953068704e-4,0.5292397660818796,0.5292397660818796,0.28009473000240265,-0.4,NA
