method,true_params,bivpois_eta,bivpois_estimated_ha,bivpois_bias,bivpois_mse,pc_eta,pc_bias,pc_mse,lm_eta,lm_bias,lm_mse,team_strength_correlation,mu
bivnorm,0,0.027189823451608253,0.03286535862678153,0.03286535862678153,0.0010801317976669629,0.03506990102335566,0.03506990102335566,0.0012298979577879622,-0.09356725146198318,-0.09356725146198318,0.008754830546149993,-0.4,NA
