method,true_params,bivpois_eta,bivpois_estimated_ha,bivpois_bias,bivpois_mse,pc_eta,pc_bias,pc_mse,lm_eta,lm_bias,lm_mse,team_strength_correlation,mu
bivnorm,0,-0.047494451013294324,-0.057185472639678325,-0.057185472639678325,0.0032701782810233984,-0.0612323530213093,-0.0612323530213093,0.003749401056526246,-0.09941520467835341,-0.09941520467835341,0.0098833829212389,-0.4,NA
