method,true_params,bivpois_eta,bivpois_estimated_ha,bivpois_bias,bivpois_mse,pc_eta,pc_bias,pc_mse,lm_eta,lm_bias,lm_mse,team_strength_correlation,mu
bivnorm,0,-0.07760968791299484,-0.0898925980162757,-0.0898925980162757,0.008080679178115733,-0.09337888501769122,-0.09337888501769122,0.008719616167147198,-0.7309941520467731,-0.7309941520467731,0.5343524503265809,-0.4,NA
