true_params,bivpois_eta,bivpois_estimated_ha,bivpois_eta_bias,bivpois_eta_mse,lm_eta,lm_eta_bias,lm_eta_mse,team_strength_correlation,lambda3
0.029528438850758537,0.1315969638071289,0.14064850398190942,0.11112006513115089,0.012347668874751215,0.4122807017543786,0.3827522629036201,0.1464992947578419,0,0
