method,true_params,bivpois_eta,bivpois_estimated_ha,bivpois_bias,bivpois_mse,pc_eta,pc_bias,pc_mse,lm_eta,lm_bias,lm_mse,team_strength_correlation
bivpois,0.04260053229518235,0.13943123727723158,0.14961975201582267,0.10701921972064032,0.01145311338961469,0.1864834132964582,0.14388288100127586,0.02070228344522731,0.4035087719298171,0.36090823963463475,0.13025475743617093,0
