method,true_params,bivpois_eta,bivpois_estimated_ha,bivpois_bias,bivpois_mse,pc_eta,pc_bias,pc_mse,lm_eta,lm_bias,lm_mse,team_strength_correlation,mu
bivpois,0,-0.0065230684410714414,-0.007246504831291967,-0.007246504831291967,5.2511832269937815e-5,-0.009183345787775807,-0.009183345787775807,8.433383985785966e-5,-0.21345029239765567,-0.21345029239765567,0.045561027324644704,0,1
