method,true_params,bivpois_eta,bivpois_estimated_ha,bivpois_bias,bivpois_mse,pc_eta,pc_bias,pc_mse,lm_eta,lm_bias,lm_mse,team_strength_correlation,mu
bivnorm,0,0.0771661474293794,0.08178934444236141,0.08178934444236141,0.006689496864311235,0.08352733935953928,0.08352733935953928,0.0069768164204836395,-0.36842105263158514,-0.36842105263158514,0.13573407202216523,-0.4,NA
