method,true_params,bivpois_eta,bivpois_estimated_ha,bivpois_bias,bivpois_mse,pc_eta,pc_bias,pc_mse,lm_eta,lm_bias,lm_mse,team_strength_correlation,mu
bivnorm,0,0.031171734096705598,0.15923418362176278,0.15923418362176278,0.025355525233689266,0.15923187738306488,0.15923187738306488,0.02535479077493541,0.2690058479532224,0.2690058479532224,0.07236414623303221,-0.4,NA
