method,true_params,bivpois_eta,bivpois_estimated_ha,bivpois_bias,bivpois_mse,pc_eta,pc_bias,pc_mse,lm_eta,lm_bias,lm_mse,team_strength_correlation,mu
bivnorm,0,-0.02037099205582395,-0.024568160646128767,-0.024568160646128767,6.035945175339903e-4,-0.02126186380112218,-0.02126186380112218,4.520668522974698e-4,0.41520467836257746,0.41520467836257746,0.1723949249341714,-0.4,NA
