method,true_params,bivpois_eta,bivpois_estimated_ha,bivpois_bias,bivpois_mse,pc_eta,pc_bias,pc_mse,lm_eta,lm_bias,lm_mse,team_strength_correlation,mu
bivnorm,0,0.03411747416810873,0.041673818366946946,0.041673818366946946,0.0017367071372812847,0.04295375195971078,0.04295375195971078,0.0018450248074163577,-0.3801169590643296,-0.3801169590643296,0.1444889025683132,-0.4,NA
