method,true_params,bivpois_eta,bivpois_estimated_ha,bivpois_bias,bivpois_mse,pc_eta,pc_bias,pc_mse,lm_eta,lm_bias,lm_mse,team_strength_correlation,mu
bivnorm,0,0.05217919687400954,0.06667065144099982,0.06667065144099982,0.004444975763567291,0.06774716682775632,0.06774716682775632,0.004589678613187847,0.20175438596491618,0.20175438596491618,0.04070483225608037,-0.4,NA
