method,true_params,bivpois_eta,bivpois_estimated_ha,bivpois_bias,bivpois_mse,pc_eta,pc_bias,pc_mse,lm_eta,lm_bias,lm_mse,team_strength_correlation,mu
bivnorm,0,0.022827235017447687,0.02645266212549524,0.02645266212549524,6.997433335256104e-4,0.022510424066490006,0.022510424066490006,5.067191916532125e-4,-0.08479532163743571,-0.08479532163743571,0.007190246571596172,-0.4,NA
