method,true_params,bivpois_eta,bivpois_estimated_ha,bivpois_bias,bivpois_mse,pc_eta,pc_bias,pc_mse,lm_eta,lm_bias,lm_mse,team_strength_correlation,mu
bivnorm,0,0.013790692892321455,0.06917304565688553,0.06917304565688553,0.004784910245449571,0.06995346905937175,0.06995346905937175,0.004893487833440481,0.26023391812865565,0.26023391812865565,0.06772169214459185,-0.4,NA
