method,true_params,bivpois_eta,bivpois_estimated_ha,bivpois_bias,bivpois_mse,pc_eta,pc_bias,pc_mse,lm_eta,lm_bias,lm_mse,team_strength_correlation,mu
bivnorm,0,0.032025222197659284,0.039289041301092675,0.039289041301092675,0.001543628766358966,0.037441121393734574,0.037441121393734574,0.0014018375712203687,-1.6549707602339154,-1.6549707602339154,2.738928217229224,-0.4,NA
