method,true_params,bivpois_eta,bivpois_estimated_ha,bivpois_bias,bivpois_mse,pc_eta,pc_bias,pc_mse,lm_eta,lm_bias,lm_mse,team_strength_correlation,mu
bivnorm,0,-0.10587701524089976,-0.1244383534015181,-0.1244383534015181,0.01548490379728111,-0.126594653329821,-0.126594653329821,0.01602620625169756,0.9736842105263008,0.9736842105263008,0.9480609418282258,-0.4,NA
