true_params,bivpois_eta,bivpois_estimated_ha,bivpois_eta_bias,bivpois_eta_mse,lm_eta,lm_eta_bias,lm_eta_mse,team_strength_correlation,lambda3
0.34739278480690294,0.3550306826547824,0.4262244139614808,0.07883162915457786,0.006214425755164891,-0.15789473684209993,-0.5052875216490029,0.2553154795341916,0,0
