method,true_params,bivpois_eta,bivpois_estimated_ha,bivpois_bias,bivpois_mse,pc_eta,pc_bias,pc_mse,lm_eta,lm_bias,lm_mse,team_strength_correlation,mu
bivnorm,0,0.006579760346257529,0.03273391779154,0.03273391779154,0.001071509373983299,0.036319297911296185,0.036319297911296185,0.0013190914007694835,0.34795321637426013,0.34795321637426013,0.12107144078519269,-0.4,NA
