method,true_params,bivpois_eta,bivpois_estimated_ha,bivpois_bias,bivpois_mse,pc_eta,pc_bias,pc_mse,lm_eta,lm_bias,lm_mse,team_strength_correlation,mu
bivnorm,0,0.03905819189185374,0.04651866129414106,0.04651866129414106,0.0021639858485990177,0.0480722619747902,0.0480722619747902,0.0023109423713728594,-0.4415204678362593,-0.4415204678362593,0.1949403235183493,-0.4,NA
