method,true_params,bivpois_eta,bivpois_estimated_ha,bivpois_bias,bivpois_mse,pc_eta,pc_bias,pc_mse,lm_eta,lm_bias,lm_mse,team_strength_correlation,mu
bivnorm,0,-0.0910994054534462,-0.11084796216655013,-0.11084796216655013,0.01228727071647693,-0.10903088244496423,-0.10903088244496423,0.011887733326727608,0.34502923976608457,0.34502923976608457,0.11904517629356227,-0.4,NA
