method,true_params,bivpois_eta,bivpois_estimated_ha,bivpois_bias,bivpois_mse,pc_eta,pc_bias,pc_mse,lm_eta,lm_bias,lm_mse,team_strength_correlation,mu
bivnorm,0,-0.01839341153776701,-0.023148395906005925,-0.023148395906005925,5.358482330211919e-4,-0.021236725247606503,-0.021236725247606503,4.5099849924232747e-4,-0.3596491228070117,-0.3596491228070117,0.129347491535853,-0.4,NA
