method,true_params,bivpois_eta,bivpois_estimated_ha,bivpois_bias,bivpois_mse,pc_eta,pc_bias,pc_mse,lm_eta,lm_bias,lm_mse,team_strength_correlation,mu
bivnorm,0,0.0050541871446017714,0.006785154970918583,0.006785154970918583,4.603832797938116e-5,0.011965464370893844,0.011965464370893844,1.4317233761113e-4,0.21345029239766025,0.21345029239766025,0.04556102732464666,-0.4,NA
