true_params,bivpois_eta,bivpois_estimated_ha,bivpois_eta_bias,bivpois_eta_mse,lm_eta,lm_eta_bias,lm_eta_mse,team_strength_correlation,lambda3
0.4181879216483923,0.35111813897132327,0.42065515073678705,0.002467229088394751,6.087219374621195e-6,-0.6052631578947358,-1.0234510795431282,1.0474521122179945,0,0
