method,true_params,bivpois_eta,bivpois_estimated_ha,bivpois_bias,bivpois_mse,pc_eta,pc_bias,pc_mse,lm_eta,lm_bias,lm_mse,team_strength_correlation,mu
bivnorm,0,-0.07103158004236054,-0.07977644359168057,-0.07977644359168057,0.006364280952136592,-0.08446717031132699,-0.08446717031132699,0.007134702860402719,-0.9093567251462068,-0.9093567251462068,0.8269296535686339,-0.4,NA
