method,true_params,bivpois_eta,bivpois_estimated_ha,bivpois_bias,bivpois_mse,pc_eta,pc_bias,pc_mse,lm_eta,lm_bias,lm_mse,team_strength_correlation,mu
bivnorm,0,-0.06860331936806575,-0.08459423776923036,-0.08459423776923036,0.007156185063757081,-0.08825023030510651,-0.08825023030510651,0.00778810314890434,0.4853801169590668,0.4853801169590668,0.23559385793919738,-0.4,NA
