method,true_params,bivpois_eta,bivpois_estimated_ha,bivpois_bias,bivpois_mse,pc_eta,pc_bias,pc_mse,lm_eta,lm_bias,lm_mse,team_strength_correlation,mu
bivnorm,0,-0.023538815251977277,-0.11640514595282703,-0.11640514595282703,0.013550158004298962,-0.11535293522830108,-0.11535293522830108,0.013306299665784624,-0.4239766081871281,-0.4239766081871281,0.17975616428986155,-0.4,NA
