method,true_params,bivpois_eta,bivpois_estimated_ha,bivpois_bias,bivpois_mse,pc_eta,pc_bias,pc_mse,lm_eta,lm_bias,lm_mse,team_strength_correlation,mu
bivnorm,0,-0.07552842289994419,-0.08859895406372931,-0.08859895406372931,0.007849774661186816,-0.0875937525386555,-0.0875937525386555,0.0076726654838032175,0.3216374269005853,0.3216374269005853,0.10345063438322934,-0.4,NA
