method,true_params,bivpois_eta,bivpois_estimated_ha,bivpois_bias,bivpois_mse,pc_eta,pc_bias,pc_mse,lm_eta,lm_bias,lm_mse,team_strength_correlation,mu
bivnorm,0,-0.0045358794135867105,-0.0055854692042529575,-0.0055854692042529575,3.1197466231658166e-5,-0.0028044440793314326,-0.0028044440793314326,7.864906594097127e-6,0.8362573099415236,0.8362573099415236,0.6993262884306335,-0.4,NA
