method,true_params,bivpois_eta,bivpois_estimated_ha,bivpois_bias,bivpois_mse,pc_eta,pc_bias,pc_mse,lm_eta,lm_bias,lm_mse,team_strength_correlation,mu
bivnorm,0,-0.01716766982207491,-0.020601766184077608,-0.020601766184077608,4.2443276990340365e-4,-0.018776978424676453,-0.018776978424676453,3.5257491876076503e-4,-0.03216374269004323,-0.03216374269004323,0.0010345063438313095,-0.4,NA
