method,true_params,bivpois_eta,bivpois_estimated_ha,bivpois_bias,bivpois_mse,pc_eta,pc_bias,pc_mse,lm_eta,lm_bias,lm_mse,team_strength_correlation,mu
bivnorm,0,-0.03094186920226502,-0.037483767015078495,-0.037483767015078495,0.0014050327896406867,-0.033504738392465115,-0.033504738392465115,0.0011225674947475258,0.6520467836257314,0.6520467836257314,0.4251650080366614,-0.4,NA
