method,true_params,bivpois_eta,bivpois_estimated_ha,bivpois_bias,bivpois_mse,pc_eta,pc_bias,pc_mse,lm_eta,lm_bias,lm_mse,team_strength_correlation,mu
bivnorm,0,0.004915620387486914,0.023576171109845667,0.023576171109845667,5.558358442007214e-4,0.03021812588102863,0.03021812588102863,9.131351317616923e-4,0.1315789473684144,0.1315789473684144,0.01731301939057997,0,NA
