method,true_params,bivpois_eta,bivpois_estimated_ha,bivpois_bias,bivpois_mse,pc_eta,pc_bias,pc_mse,lm_eta,lm_bias,lm_mse,team_strength_correlation,mu
bivnorm,0,0.002622404850118951,0.003149002197220918,0.003149002197220918,9.91621483810217e-6,0.0021792344974029703,0.0021792344974029703,4.749062994671176e-6,0.5526315789473694,0.5526315789473694,0.3054016620498625,0,NA
