method,true_params,bivpois_eta,bivpois_estimated_ha,bivpois_bias,bivpois_mse,pc_eta,pc_bias,pc_mse,lm_eta,lm_bias,lm_mse,team_strength_correlation,mu
bivnorm,0,0.0653347618073115,0.07938930555550572,0.07938930555550572,0.006302661836585451,0.0745131445066146,0.0745131445066146,0.0055522087042636295,0.02339181286549694,0.02339181286549694,5.471769091344281e-4,0,NA
