method,true_params,bivpois_eta,bivpois_estimated_ha,bivpois_bias,bivpois_mse,pc_eta,pc_bias,pc_mse,lm_eta,lm_bias,lm_mse,team_strength_correlation,mu
bivnorm,0,0.0015977030036010457,0.007694023375803383,0.007694023375803383,5.919799570740888e-5,0.007025586610714096,0.007025586610714096,4.9358867224645175e-5,-0.17836257309943257,-0.17836257309943257,0.03181320748265043,0,NA
