method,true_params,bivpois_eta,bivpois_estimated_ha,bivpois_bias,bivpois_mse,pc_eta,pc_bias,pc_mse,lm_eta,lm_bias,lm_mse,team_strength_correlation,mu
bivnorm,0,0.06910543345533833,0.08924964192906093,0.08924964192906093,0.00796549858446559,0.09321333531558265,0.09321333531558265,0.008688725880655248,0.5614035087719318,0.5614035087719318,0.3151738996614365,0,NA
