method,true_params,bivpois_eta,bivpois_estimated_ha,bivpois_bias,bivpois_mse,pc_eta,pc_bias,pc_mse,lm_eta,lm_bias,lm_mse,team_strength_correlation,mu
bivnorm,0,0.004719659511452495,0.023760041686472277,0.023760041686472277,5.645395809429004e-4,0.024134159611443398,0.024134159611443398,5.824576601506258e-4,0.19590643274853578,0.19590643274853578,0.03837933039225657,0,NA
