method,true_params,bivpois_eta,bivpois_estimated_ha,bivpois_bias,bivpois_mse,pc_eta,pc_bias,pc_mse,lm_eta,lm_bias,lm_mse,team_strength_correlation,mu
bivnorm,0,0.015955053966805674,0.07562970908277222,0.07562970908277222,0.0057198528959447595,0.07773253964929429,0.07773253964929429,0.006042347720329109,-0.4181286549707513,-0.4181286549707513,0.17483157210764957,0,NA
