method,true_params,bivpois_eta,bivpois_estimated_ha,bivpois_bias,bivpois_mse,pc_eta,pc_bias,pc_mse,lm_eta,lm_bias,lm_mse,team_strength_correlation,mu
bivnorm,0,0.06696726038723248,0.08498326913018261,0.08498326913018261,0.007222156032053049,0.08427456298625405,0.08427456298625405,0.007102201966524101,-0.03801169590644225,-0.03801169590644225,0.0014448890256838387,0,NA
