method,true_params,bivpois_eta,bivpois_estimated_ha,bivpois_bias,bivpois_mse,pc_eta,pc_bias,pc_mse,lm_eta,lm_bias,lm_mse,team_strength_correlation,mu
bivpois,0,-0.06887347777499975,-0.06514102835531022,-0.06514102835531022,0.004243353575187329,-0.07124760586376247,-0.07124760586376247,0.00507622134131804,0.13742690058479287,0.13742690058479287,0.018886153004342543,0,1
