method,true_params,bivpois_eta,bivpois_estimated_ha,bivpois_bias,bivpois_mse,pc_eta,pc_bias,pc_mse,lm_eta,lm_bias,lm_mse,team_strength_correlation,mu
bivnorm,0,0.008572632998239571,0.04224579298779041,0.04224579298779041,0.0017847070251672413,0.04423137132348172,0.04423137132348172,0.001956414209155721,-0.21637426900585224,-0.21637426900585224,0.04681782428781691,0,NA
