method,true_params,bivpois_eta,bivpois_estimated_ha,bivpois_bias,bivpois_mse,pc_eta,pc_bias,pc_mse,lm_eta,lm_bias,lm_mse,team_strength_correlation,mu
bivnorm,0,-0.09003396418773894,-0.10670881937388965,-0.10670881937388965,0.011386772132169407,-0.10248914520930097,-0.10248914520930097,0.01050402488573318,0.0029239766081882628,0.0029239766081882628,8.549639205232138e-6,0,NA
