method,true_params,bivpois_eta,bivpois_estimated_ha,bivpois_bias,bivpois_mse,pc_eta,pc_bias,pc_mse,lm_eta,lm_bias,lm_mse,team_strength_correlation,mu
bivnorm,0,-0.013516223436833607,-0.0185725311142646,-0.0185725311142646,3.449389119903267e-4,-0.018739669878353158,-0.018739669878353158,3.511752271496567e-4,0.5175438596491263,0.5175438596491263,0.26785164666051453,0,NA
