method,true_params,bivpois_eta,bivpois_estimated_ha,bivpois_bias,bivpois_mse,pc_eta,pc_bias,pc_mse,lm_eta,lm_bias,lm_mse,team_strength_correlation,mu
bivnorm,0,0.15939260371040806,0.1803225060216136,0.1803225060216136,0.03251620617791487,0.1880454681115535,0.1880454681115535,0.03536109807729329,2.4005847953216346,2.4005847953216346,5.762807359529415,0,NA
