method,true_params,bivpois_eta,bivpois_estimated_ha,bivpois_bias,bivpois_mse,pc_eta,pc_bias,pc_mse,lm_eta,lm_bias,lm_mse,team_strength_correlation,mu
bivnorm,0,0.030902104052039168,0.03750900907219057,0.03750900907219057,0.0014069257615776745,0.037763702505865505,0.037763702505865505,0.0014260972269515126,0.7894736842105162,0.7894736842105162,0.6232686980609259,0,NA
