true_params,bivpois_eta,bivpois_estimated_ha,bivpois_eta_bias,bivpois_eta_mse,lm_eta,lm_eta_bias,lm_eta_mse,team_strength_correlation,lambda3
0.5458785444833516,0.6202272745945407,0.8593505769772645,0.31347203249391287,0.09826471515586477,1.3187134502923987,0.7728349058090471,0.5972737916368788,0,0
