method,true_params,bivpois_eta,bivpois_estimated_ha,bivpois_bias,bivpois_mse,pc_eta,pc_bias,pc_mse,lm_eta,lm_bias,lm_mse,team_strength_correlation,mu
bivnorm,0,0.0036169766716045494,0.00418747444790557,0.00418747444790557,1.753494225186206e-5,0.0024448661558374384,0.0024448661558374384,5.9773705199593335e-6,0.2748538011695972,0.2748538011695972,0.07554461201737646,0,NA
