method,true_params,bivpois_eta,bivpois_estimated_ha,bivpois_bias,bivpois_mse,pc_eta,pc_bias,pc_mse,lm_eta,lm_bias,lm_mse,team_strength_correlation,mu
bivnorm,0,0.042099787840353176,0.0493945911378173,0.0493945911378173,0.0024398256336721396,0.048897606460218596,0.048897606460218596,0.002390975917538411,0.5555555555555487,0.5555555555555487,0.30864197530863435,0,NA
