method,true_params,bivpois_eta,bivpois_estimated_ha,bivpois_bias,bivpois_mse,pc_eta,pc_bias,pc_mse,lm_eta,lm_bias,lm_mse,team_strength_correlation,mu
bivnorm,0,-0.013924826983486068,-0.017398126852450124,-0.017398126852450124,3.0269481797394606e-4,-0.014538886535142603,-0.014538886535142603,2.1137922168175087e-4,0.5701754385964855,0.5701754385964855,0.32510003077869454,0,NA
