method,true_params,bivpois_eta,bivpois_estimated_ha,bivpois_bias,bivpois_mse,pc_eta,pc_bias,pc_mse,lm_eta,lm_bias,lm_mse,team_strength_correlation,mu
bivnorm,0,-0.03130687334908643,-0.03636026684480642,-0.03636026684480642,0.0013220690050255292,-0.03584348200682341,-0.03584348200682341,0.0012847552023734737,-0.1286549707602315,-0.1286549707602315,0.01655210150131602,0,NA
