method,true_params,bivpois_eta,bivpois_estimated_ha,bivpois_bias,bivpois_mse,pc_eta,pc_bias,pc_mse,lm_eta,lm_bias,lm_mse,team_strength_correlation,mu
bivnorm,0,0.035350842946100323,0.04019605950474747,0.04019605950474747,0.0016157231997091996,0.04289266954161863,0.04289266954161863,0.0018397811004064988,0.5116959064327515,0.5116959064327515,0.2618327006600352,0,NA
