method,true_params,bivpois_eta,bivpois_estimated_ha,bivpois_bias,bivpois_mse,pc_eta,pc_bias,pc_mse,lm_eta,lm_bias,lm_mse,team_strength_correlation,mu
bivnorm,0,-0.008601553460195708,-0.010803122479825955,-0.010803122479825955,1.167074553141209e-4,-0.013651425857245991,-0.013651425857245991,1.8636142793588444e-4,0.45906432748537235,0.45906432748537235,0.2107400567695972,0,NA
