method,true_params,bivpois_eta,bivpois_estimated_ha,bivpois_bias,bivpois_mse,pc_eta,pc_bias,pc_mse,lm_eta,lm_bias,lm_mse,team_strength_correlation,mu
bivnorm,0,-0.09454611680152751,-0.11693174003608453,-0.11693174003608453,0.013673031827866455,-0.11657024631536801,-0.11657024631536801,0.01358862232602557,-0.6432748538011854,-0.6432748538011854,0.4138025375329365,0,NA
