method,true_params,bivpois_eta,bivpois_estimated_ha,bivpois_bias,bivpois_mse,pc_eta,pc_bias,pc_mse,lm_eta,lm_bias,lm_mse,team_strength_correlation
bivpois,0.3655295753851533,0.37339439772801974,0.4526571515476927,0.08712757616253941,0.007591214527959106,0.5691132209093365,0.20358364552418318,0.04144630072491627,1.1988304093567306,0.8333008339715773,0.6943902798977262,0
