true_params,bivpois_eta,bivpois_estimated_ha,bivpois_eta_bias,bivpois_eta_mse,lm_eta,lm_eta_bias,lm_eta_mse,team_strength_correlation,lambda3
0.253365794589493,0.3251004157169127,0.3841696313883396,0.1308038367988466,0.0171096437212993,0.9619883040935729,0.7086225095040799,0.5021458609758598,0,0
