method,true_params,bivpois_eta,bivpois_estimated_ha,bivpois_bias,bivpois_mse,pc_eta,pc_bias,pc_mse,lm_eta,lm_bias,lm_mse,team_strength_correlation,mu
bivnorm,0,0.012460148874277493,0.014963680906407095,0.014963680906407095,2.2391174626877226e-4,0.008483093009976383,0.008483093009976383,7.196286701591017e-5,-0.28947368421052777,-0.28947368421052777,0.08379501385041635,0,NA
