method,true_params,bivpois_eta,bivpois_estimated_ha,bivpois_bias,bivpois_mse,pc_eta,pc_bias,pc_mse,lm_eta,lm_bias,lm_mse,team_strength_correlation,mu
bivnorm,0,-8.894036661922904e-4,-0.0043901251402065355,-0.0043901251402065355,1.9273198746673453e-5,-0.008655742276447656,-0.008655742276447656,7.492187435628324e-5,-0.21052631578947617,-0.21052631578947617,0.044321329639890245,0,NA
