method,true_params,bivpois_eta,bivpois_estimated_ha,bivpois_bias,bivpois_mse,pc_eta,pc_bias,pc_mse,lm_eta,lm_bias,lm_mse,team_strength_correlation,mu
bivnorm,0,0.010524095913211755,0.0531737076760761,0.0531737076760761,0.002827443188020794,0.05313258061837849,0.05313258061837849,0.00282307112316849,-0.17543859649121846,-0.17543859649121846,0.030778701138808567,0,NA
