method,true_params,bivpois_eta,bivpois_estimated_ha,bivpois_bias,bivpois_mse,pc_eta,pc_bias,pc_mse,lm_eta,lm_bias,lm_mse,team_strength_correlation,mu
bivnorm,0,-0.010293695624152015,-0.013091351660523332,-0.013091351660523332,1.71383488299487e-4,-0.013091753640592733,-0.013091753640592733,1.7139401338597308e-4,0.23684210526316418,0.23684210526316418,0.05609418282548774,0,NA
