method,true_params,bivpois_eta,bivpois_estimated_ha,bivpois_bias,bivpois_mse,pc_eta,pc_bias,pc_mse,lm_eta,lm_bias,lm_mse,team_strength_correlation,mu
bivnorm,0,0.011504145719572234,0.05696532835957857,0.05696532835957857,0.0032450486351146067,0.05164560384879968,0.05164560384879968,0.0026672683969071525,0.49122807017543196,0.49122807017543196,0.2413050169282791,0,NA
