method,true_params,bivpois_eta,bivpois_estimated_ha,bivpois_bias,bivpois_mse,pc_eta,pc_bias,pc_mse,lm_eta,lm_bias,lm_mse,team_strength_correlation,mu
bivnorm,0,-0.005307273455182232,-0.026920803334256505,-0.026920803334256505,7.247296521617161e-4,-0.024702588113132872,-0.024702588113132872,6.102178594870935e-4,-0.13742690058478615,-0.13742690058478615,0.018886153004340697,0,NA
