method,true_params,bivpois_eta,bivpois_estimated_ha,bivpois_bias,bivpois_mse,pc_eta,pc_bias,pc_mse,lm_eta,lm_bias,lm_mse,team_strength_correlation,mu
bivnorm,0,-0.029530327723127737,-0.030979245398711663,-0.030979245398711663,9.597136454735978e-4,-0.03501237649646138,-0.03501237649646138,0.001225866507929961,0.8713450292397644,0.8713450292397644,0.7592421599808459,0,NA
