method,true_params,bivpois_eta,bivpois_estimated_ha,bivpois_bias,bivpois_mse,pc_eta,pc_bias,pc_mse,lm_eta,lm_bias,lm_mse,team_strength_correlation,mu
bivnorm,0,-0.06664484019487389,-0.07745375275428845,-0.07745375275428845,0.005999083815722446,-0.08146079298643595,-0.08146079298643595,0.006635860793978972,0.3099415204678347,0.3099415204678347,0.09606374610991318,0,NA
