method,true_params,bivpois_eta,bivpois_estimated_ha,bivpois_bias,bivpois_mse,pc_eta,pc_bias,pc_mse,lm_eta,lm_bias,lm_mse,team_strength_correlation,mu
bivnorm,0,0.11739343733792985,0.13642933070112107,0.13642933070112107,0.018612962275555856,0.14389214620130147,0.14389214620130147,0.020704949738416717,0.06725146198830595,0.06725146198830595,0.00452275913956456,0,NA
