method,true_params,bivpois_eta,bivpois_estimated_ha,bivpois_bias,bivpois_mse,pc_eta,pc_bias,pc_mse,lm_eta,lm_bias,lm_mse,team_strength_correlation,mu
bivnorm,0,0.0018391650727637597,0.009445897293166361,0.009445897293166361,8.922497567304759e-5,0.009015418024990982,0.009015418024990982,8.12777621653323e-5,-0.2894736842105282,-0.2894736842105282,0.08379501385041661,0,NA
