method,true_params,bivpois_eta,bivpois_estimated_ha,bivpois_bias,bivpois_mse,pc_eta,pc_bias,pc_mse,lm_eta,lm_bias,lm_mse,team_strength_correlation,mu
bivnorm,0,0.0342734644206793,0.0422322246487572,0.0422322246487572,0.0017835607987830952,0.04526679245465842,0.04526679245465842,0.0020490824991331205,-0.2163742690058525,-0.2163742690058525,0.04681782428781702,0,NA
