method,true_params,bivpois_eta,bivpois_estimated_ha,bivpois_bias,bivpois_mse,pc_eta,pc_bias,pc_mse,lm_eta,lm_bias,lm_mse,team_strength_correlation,mu
bivnorm,0,-0.023420242521393835,-0.027084717952588155,-0.027084717952588155,7.335819465712511e-4,-0.026360144669750136,-0.026360144669750136,6.948572270101564e-4,-0.3040935672514684,-0.3040935672514684,0.09247289764372334,0,NA
