method,true_params,bivpois_eta,bivpois_estimated_ha,bivpois_bias,bivpois_mse,pc_eta,pc_bias,pc_mse,lm_eta,lm_bias,lm_mse,team_strength_correlation,mu
bivnorm,0,0.017500169013606525,0.09027261157017819,0.09027261157017819,0.008149144399700268,0.07893722637296226,0.07893722637296226,0.006231085707456288,-0.8099415204678407,-0.8099415204678407,0.6560052665777577,0,NA
