method,true_params,bivpois_eta,bivpois_estimated_ha,bivpois_bias,bivpois_mse,pc_eta,pc_bias,pc_mse,lm_eta,lm_bias,lm_mse,team_strength_correlation,mu
bivpois,0,0.033395730761367724,0.037657355334929976,0.037657355334929976,0.001418076410821179,0.04464449672423516,0.04464449672423516,0.0019931310877602435,0.06432748538011362,0.06432748538011362,0.0041380253753287325,0,1
