method,true_params,bivpois_eta,bivpois_estimated_ha,bivpois_bias,bivpois_mse,pc_eta,pc_bias,pc_mse,lm_eta,lm_bias,lm_mse,team_strength_correlation,mu
bivnorm,0,-0.0823017219855098,-0.10139879420765618,-0.10139879420765618,0.01028171546676661,-0.10598071068146409,-0.10598071068146409,0.011231911036548196,0.8947368421052653,0.8947368421052653,0.8005540166205024,0,NA
