method,true_params,bivpois_eta,bivpois_estimated_ha,bivpois_bias,bivpois_mse,pc_eta,pc_bias,pc_mse,lm_eta,lm_bias,lm_mse,team_strength_correlation,mu
bivnorm,0,0.019220413512410054,0.02196671286430507,0.02196671286430507,4.8253647406282593e-4,0.01606778197297288,0.01606778197297288,2.581736175309922e-4,-0.6315789473684179,-0.6315789473684179,0.3988919667589988,0,NA
