method,true_params,bivpois_eta,bivpois_estimated_ha,bivpois_bias,bivpois_mse,pc_eta,pc_bias,pc_mse,lm_eta,lm_bias,lm_mse,team_strength_correlation,mu
bivnorm,0,0.0732333029482186,0.08015988735768542,0.08015988735768542,0.0064256075411968155,0.0825525991584844,0.0825525991584844,0.006814931627821399,-0.2573099415204804,-0.2573099415204804,0.06620840600527306,0,NA
