method,true_params,bivpois_eta,bivpois_estimated_ha,bivpois_bias,bivpois_mse,pc_eta,pc_bias,pc_mse,lm_eta,lm_bias,lm_mse,team_strength_correlation,mu
bivnorm,0,0.011279430282404815,0.057617137489129,0.057617137489129,0.0033197345324411944,0.06023715968754202,0.06023715968754202,0.0036285154072224378,1.0497076023391703,1.0497076023391703,1.1018860504086496,0,NA
