method,true_params,bivpois_eta,bivpois_estimated_ha,bivpois_bias,bivpois_mse,pc_eta,pc_bias,pc_mse,lm_eta,lm_bias,lm_mse,team_strength_correlation,mu
bivnorm,0,0.019130664511164568,0.022859963645740722,0.022859963645740722,5.225779378845875e-4,0.021882399953253782,0.021882399953253782,4.7883942771416113e-4,0.423976608187128,0.423976608187128,0.17975616428986146,0,NA
