method,true_params,bivpois_eta,bivpois_estimated_ha,bivpois_bias,bivpois_mse,pc_eta,pc_bias,pc_mse,lm_eta,lm_bias,lm_mse,team_strength_correlation,mu
bivnorm,0,0.013890233205644016,0.016430016321416607,0.016430016321416607,2.699454363220161e-4,0.010836622279100941,0.010836622279100941,1.1743238241990687e-4,1.1491228070175394,1.1491228070175394,1.3204832256078691,0,NA
