method,true_params,bivpois_eta,bivpois_estimated_ha,bivpois_bias,bivpois_mse,pc_eta,pc_bias,pc_mse,lm_eta,lm_bias,lm_mse,team_strength_correlation,mu
bivnorm,0,-0.027565996882874692,-0.03148084160153686,-0.03148084160153686,9.910433879410537e-4,-0.027746027277439318,-0.027746027277439318,7.698420296804066e-4,-0.9093567251462074,-0.9093567251462074,0.8269296535686349,0,NA
