method,true_params,bivpois_eta,bivpois_estimated_ha,bivpois_bias,bivpois_mse,pc_eta,pc_bias,pc_mse,lm_eta,lm_bias,lm_mse,team_strength_correlation,mu
bivnorm,0,-0.0025093129358072512,-0.0031534753349025113,-0.0031534753349025113,9.944406687838506e-6,-0.002445388166788285,-0.002445388166788285,5.97992328626817e-6,0.16959064327484752,0.16959064327484752,0.028760986286376584,0,NA
