method,true_params,bivpois_eta,bivpois_estimated_ha,bivpois_bias,bivpois_mse,pc_eta,pc_bias,pc_mse,lm_eta,lm_bias,lm_mse,team_strength_correlation,mu
bivnorm,0,-0.030118847134777145,-0.039865655270430844,-0.039865655270430844,0.0015892704701408306,-0.040149370084530595,-0.040149370084530595,0.0016119719181846002,0.48830409356725435,0.48830409356725435,0.2384408877945379,0,NA
