method,true_params,bivpois_eta,bivpois_estimated_ha,bivpois_bias,bivpois_mse,pc_eta,pc_bias,pc_mse,lm_eta,lm_bias,lm_mse,team_strength_correlation,mu
bivnorm,0,0.034689641569590556,0.038428779507722055,0.038428779507722055,0.0014767710944531185,0.03999172307598334,0.03999172307598334,0.001599337914586138,-0.5994152046783576,-0.5994152046783576,0.3592985875995974,0,NA
