method,true_params,bivpois_eta,bivpois_estimated_ha,bivpois_bias,bivpois_mse,pc_eta,pc_bias,pc_mse,lm_eta,lm_bias,lm_mse,team_strength_correlation,mu
bivnorm,0,0.10591314764327213,0.11941747726744723,0.11941747726744723,0.014260533876921274,0.125512292714724,0.125512292714724,0.01575333562250656,-0.5292397660818787,-0.5292397660818787,0.2800947300024017,0,NA
