method,true_params,bivpois_eta,bivpois_estimated_ha,bivpois_bias,bivpois_mse,pc_eta,pc_bias,pc_mse,lm_eta,lm_bias,lm_mse,team_strength_correlation,mu
bivnorm,0,-0.00826023618666462,-0.009910015465574462,-0.009910015465574462,9.820840652792502e-5,-0.013049542100024035,-0.013049542100024035,1.702905490202997e-4,-0.04093567251462374,-0.04093567251462374,0.0016757292842245215,0,NA
