method,true_params,bivpois_eta,bivpois_estimated_ha,bivpois_bias,bivpois_mse,pc_eta,pc_bias,pc_mse,lm_eta,lm_bias,lm_mse,team_strength_correlation,mu
bivnorm,0,-0.0014517502085658349,-0.001757351612887259,-0.001757351612887259,3.0882846913174508e-6,-9.311553682489651e-5,-9.311553682489651e-5,8.670503198188659e-9,0.44152046783626087,0.44152046783626087,0.19494032351835067,0,NA
