method,true_params,bivpois_eta,bivpois_estimated_ha,bivpois_bias,bivpois_mse,pc_eta,pc_bias,pc_mse,lm_eta,lm_bias,lm_mse,team_strength_correlation,mu
bivnorm,0,-0.044098415906919396,-0.04833091077190432,-0.04833091077190432,0.0023358769360417773,-0.05005180814209389,-0.05005180814209389,0.002505183498292976,-8.542985919389353e-16,-8.542985919389353e-16,7.298260841888474e-31,0,NA
