method,true_params,bivpois_eta,bivpois_estimated_ha,bivpois_bias,bivpois_mse,pc_eta,pc_bias,pc_mse,lm_eta,lm_bias,lm_mse,team_strength_correlation,mu
bivnorm,0,-0.023474739161435006,-0.026459210033748848,-0.026459210033748848,7.000897956100357e-4,-0.026404664752348584,-0.026404664752348584,6.972063206839198e-4,0.5292397660818773,0.5292397660818773,0.2800947300024002,0,NA
