method,true_params,bivpois_eta,bivpois_estimated_ha,bivpois_bias,bivpois_mse,pc_eta,pc_bias,pc_mse,lm_eta,lm_bias,lm_mse,team_strength_correlation,mu
bivnorm,0,0.083831787309908,0.10676989703897699,0.10676989703897699,0.011399810913713747,0.10314370075114478,0.10314370075114478,0.010638623004641704,0.6052631578947419,0.6052631578947419,0.3663434903047153,0,NA
