method,true_params,bivpois_eta,bivpois_estimated_ha,bivpois_bias,bivpois_mse,pc_eta,pc_bias,pc_mse,lm_eta,lm_bias,lm_mse,team_strength_correlation,mu
bivnorm,0,0.03055385050052532,0.0378798913913212,0.0378798913913212,0.0014348861718182896,0.03752500147858411,0.03752500147858411,0.0014081257359677397,0.6812865497075912,0.6812865497075912,0.4641513628124741,0,NA
