method,true_params,bivpois_eta,bivpois_estimated_ha,bivpois_bias,bivpois_mse,pc_eta,pc_bias,pc_mse,lm_eta,lm_bias,lm_mse,team_strength_correlation,mu
bivnorm,0,0.045302113385960574,0.05150709161290079,0.05150709161290079,0.002652980486419755,0.054985481581703625,0.054985481581703625,0.003023403184771869,1.1081871345029213,1.1081871345029213,1.2280787250777958,0,NA
