method,true_params,bivpois_eta,bivpois_estimated_ha,bivpois_bias,bivpois_mse,pc_eta,pc_bias,pc_mse,lm_eta,lm_bias,lm_mse,team_strength_correlation,mu
bivpois,0,0.028435173940984583,0.02977519532352546,0.02977519532352546,8.865622565540925e-4,0.03182300501606799,0.03182300501606799,0.0010127036482526883,0.7953216374268978,0.7953216374268978,0.6325365069594018,0,1
