method,true_params,bivpois_eta,bivpois_estimated_ha,bivpois_bias,bivpois_mse,pc_eta,pc_bias,pc_mse,lm_eta,lm_bias,lm_mse,team_strength_correlation,mu
bivnorm,0,0.009535521272121698,0.047503740473621825,0.047503740473621825,0.002256605358985216,0.04714165506429596,0.04714165506429596,0.002222335642201061,0.16959064327486678,0.16959064327486678,0.028760986286383117,0,NA
