method,true_params,bivpois_eta,bivpois_estimated_ha,bivpois_bias,bivpois_mse,pc_eta,pc_bias,pc_mse,lm_eta,lm_bias,lm_mse,team_strength_correlation,mu
bivnorm,0,0.13820856411879015,0.16498219257746416,0.16498219257746416,0.02721912386766747,0.1707317903832352,0.1707317903832352,0.02914934424746496,0.42105263157894424,0.42105263157894424,0.17728531855955415,0,NA
