method,true_params,bivpois_eta,bivpois_estimated_ha,bivpois_bias,bivpois_mse,pc_eta,pc_bias,pc_mse,lm_eta,lm_bias,lm_mse,team_strength_correlation,mu
bivnorm,0,0.025207907374381576,0.028085087060036207,0.028085087060036207,7.887721151698132e-4,0.025841434262027993,0.025841434262027993,6.677797247187143e-4,0.3567251461988333,0.3567251461988333,0.127252829930579,0,NA
