method,true_params,bivpois_eta,bivpois_estimated_ha,bivpois_bias,bivpois_mse,pc_eta,pc_bias,pc_mse,lm_eta,lm_bias,lm_mse,team_strength_correlation,mu
bivnorm,0,-0.02544710881006246,-0.031187606831030834,-0.031187606831030834,9.726668198469611e-4,-0.026187074110275883,-0.026187074110275883,6.857628504570814e-4,-0.0789473684210639,-0.0789473684210639,0.006232686980611197,0,NA
