true_params,bivpois_eta,bivpois_estimated_ha,bivpois_eta_bias,bivpois_eta_mse,lm_eta,lm_eta_bias,lm_eta_mse,team_strength_correlation,lambda3
0.3418664092024241,0.3326924341014371,0.3947182647187799,0.052851855516355795,0.0027933186315217485,0.7368421052631586,0.3949756960607345,0.15600580047866172,-0.5,0
