method,true_params,bivpois_eta,bivpois_estimated_ha,bivpois_bias,bivpois_mse,pc_eta,pc_bias,pc_mse,lm_eta,lm_bias,lm_mse,team_strength_correlation,mu
bivpois,0,-3.1771660889001055e-5,-3.0063392058465865e-5,-3.0063392058465865e-5,9.038075420610284e-10,-0.004072920336910672,-0.004072920336910672,1.658868007082054e-5,0.7251461988304111,0.7251461988304111,0.5258370096781941,-0.8,1
