method,true_params,bivpois_eta,bivpois_estimated_ha,bivpois_bias,bivpois_mse,pc_eta,pc_bias,pc_mse,lm_eta,lm_bias,lm_mse,team_strength_correlation,mu
bivpois,0,-0.00921337496624534,-0.00847542156217762,-0.00847542156217762,7.183277065662535e-5,-0.010822717329455804,-0.010822717329455804,1.1713121039330296e-4,-0.43274853801169305,-0.43274853801169305,0.18727129715125776,0,1
