method,true_params,bivpois_eta,bivpois_estimated_ha,bivpois_bias,bivpois_mse,pc_eta,pc_bias,pc_mse,lm_eta,lm_bias,lm_mse,team_strength_correlation,mu
bivnorm,0.25,0.11447019334640948,0.15174953980349226,-0.09825046019650774,0.009653152928825551,0.15976509138259318,-0.09023490861740682,0.00814233873319176,0.9356725146198843,0.6856725146198843,0.47014679730515546,-0.8,NA
