method,true_params,bivpois_eta,bivpois_estimated_ha,bivpois_bias,bivpois_mse,pc_eta,pc_bias,pc_mse,lm_eta,lm_bias,lm_mse,team_strength_correlation,mu
bivnorm,0.25,0.09485548472711085,0.1340776878012997,-0.1159223121987003,0.013437982465492942,0.1335739477365116,-0.1164260522634884,0.013555025645660532,0.7426900584795295,0.4926900584795295,0.24274349372456222,-0.8,NA
