method,true_params,bivpois_eta,bivpois_estimated_ha,bivpois_bias,bivpois_mse,pc_eta,pc_bias,pc_mse,lm_eta,lm_bias,lm_mse,team_strength_correlation,mu
bivnorm,0.25,0.12412870624280413,0.16186276169888347,-0.08813723830111653,0.007768172775347802,0.16645903795269926,-0.08354096204730074,0.006979092339788543,-0.35380116959064684,-0.6038011695906469,0.3645758523990331,-0.8,NA
