method,true_params,bivpois_eta,bivpois_estimated_ha,bivpois_bias,bivpois_mse,pc_eta,pc_bias,pc_mse,lm_eta,lm_bias,lm_mse,team_strength_correlation,mu
bivnorm,0.25,0.09547397230603802,0.1276307151496281,-0.1223692848503719,0.014974241874791459,0.1345122961662158,-0.1154877038337842,0.013337409736799855,-0.3684210526315787,-0.6184210526315788,0.3824445983379499,-0.8,NA
