method,true_params,bivpois_eta,bivpois_estimated_ha,bivpois_bias,bivpois_mse,pc_eta,pc_bias,pc_mse,lm_eta,lm_bias,lm_mse,team_strength_correlation,mu
bivnorm,0.25,0.11109238010710469,0.1527842892612672,-0.09721571073873281,0.009450894414436969,0.1549274098139109,-0.0950725901860891,0.009038797404692045,0.16081871345029417,-0.08918128654970583,0.007953301870660743,-0.8,NA
