method,true_params,bivpois_eta,bivpois_estimated_ha,bivpois_bias,bivpois_mse,pc_eta,pc_bias,pc_mse,lm_eta,lm_bias,lm_mse,team_strength_correlation,mu
bivnorm,0.25,0.16944280641984663,0.2281604138141502,-0.021839586185849802,4.769675247691615e-4,0.2347276555135777,-0.015272344486422312,2.3324450611195401e-4,0.5204678362573191,0.27046783625731907,0.07315285044971596,-0.8,NA
