true_params,bivpois_eta,bivpois_estimated_ha,bivpois_eta_bias,bivpois_eta_mse,lm_eta,lm_eta_bias,lm_eta_mse,team_strength_correlation,lambda3
0.088696307771256,0.09299488002134697,0.0974561163018095,0.008759808530553498,7.673424549195783e-5,3.177990762012839e-15,-0.08869630777125283,0.007867035012252804,0,0
