method,true_params,bivpois_eta,bivpois_estimated_ha,bivpois_bias,bivpois_mse,pc_eta,pc_bias,pc_mse,lm_eta,lm_bias,lm_mse,team_strength_correlation,mu
bivnorm,0.25,0.03945811996102582,0.20162193430685882,-0.04837806569314118,0.0023404372402098836,0.19688109337107912,-0.05311890662892088,0.0028216182414520148,-0.10818713450293757,-0.3581871345029376,0.12829802332342552,-0.8,NA
