method,true_params,bivpois_eta,bivpois_estimated_ha,bivpois_bias,bivpois_mse,pc_eta,pc_bias,pc_mse,lm_eta,lm_bias,lm_mse,team_strength_correlation,mu
bivnorm,0.25,0.18502728189146872,0.2503568939453684,3.5689394536841945e-4,1.2737328824063637e-7,0.25901117692082504,0.009011176920825037,8.12013094984098e-5,0.32456140350877244,0.07456140350877244,0.005559402893197983,-0.8,NA
