method,true_params,bivpois_eta,bivpois_estimated_ha,bivpois_bias,bivpois_mse,pc_eta,pc_bias,pc_mse,lm_eta,lm_bias,lm_mse,team_strength_correlation,mu
bivnorm,0.25,0.20850146364189595,0.28279140564074345,0.032791405640743454,0.0010752762838957817,0.28753643188771727,0.03753643188771727,0.0014089837188612378,0.5701754385964992,0.3201754385964992,0.10251231148046064,-0.8,NA
