method,true_params,bivpois_eta,bivpois_estimated_ha,bivpois_bias,bivpois_mse,pc_eta,pc_bias,pc_mse,lm_eta,lm_bias,lm_mse,team_strength_correlation,mu
bivnorm,0.25,0.18524152596764995,0.23447454307304527,-0.015525456926954728,2.4103981279072656e-4,0.23324901714573423,-0.016750982854265767,2.805954265839057e-4,0.01461988304093911,-0.2353801169590609,0.05540379945966118,-0.8,NA
