method,true_params,bivpois_eta,bivpois_estimated_ha,bivpois_bias,bivpois_mse,pc_eta,pc_bias,pc_mse,lm_eta,lm_bias,lm_mse,team_strength_correlation,mu
bivnorm,0.25,0.27832025187400117,0.35632280946752437,0.10632280946752437,0.01130453981306749,0.3640941561359825,0.1140941561359825,0.013017476464381955,0.20467836257309666,-0.045321637426903344,0.002054050819055686,-0.8,NA
