method,true_params,bivpois_eta,bivpois_estimated_ha,bivpois_bias,bivpois_mse,pc_eta,pc_bias,pc_mse,lm_eta,lm_bias,lm_mse,team_strength_correlation,mu
bivnorm,0.25,0.06165481838918091,0.3112072120449234,0.06120721204492341,0.0037463228063122174,0.3086363975917266,0.05863639759172662,0.003438227122535043,1.4356725146198823,1.1856725146198823,1.405819311925035,-0.8,NA
