method,true_params,bivpois_eta,bivpois_estimated_ha,bivpois_bias,bivpois_mse,pc_eta,pc_bias,pc_mse,lm_eta,lm_bias,lm_mse,team_strength_correlation,mu
bivnorm,0.25,0.13268118062277787,0.17441248444881774,-0.07558751555118226,0.00571347250720022,0.17270748243269854,-0.07729251756730146,0.005974133271891605,-0.5847953216374213,-0.8347953216374213,0.6968832290277257,-0.8,NA
