method,true_params,bivpois_eta,bivpois_estimated_ha,bivpois_bias,bivpois_mse,pc_eta,pc_bias,pc_mse,lm_eta,lm_bias,lm_mse,team_strength_correlation,mu
bivnorm,0.25,0.2188232433765298,0.2958291278140346,0.04582912781403459,0.0021003089561951187,0.3002375768756957,0.05023757687569569,0.0025238141303414344,0.38888888888888257,0.13888888888888257,0.019290123456788367,-0.8,NA
