method,true_params,bivpois_eta,bivpois_estimated_ha,bivpois_bias,bivpois_mse,pc_eta,pc_bias,pc_mse,lm_eta,lm_bias,lm_mse,team_strength_correlation,mu
bivnorm,0.25,0.07069630268784421,0.3599496002407294,0.10994960024072942,0.012088914593096207,0.36331135806952,0.11331135806951997,0.01283946386755897,0.09649122807016788,-0.15350877192983212,0.02356494305940521,-0.8,NA
