method,true_params,bivpois_eta,bivpois_estimated_ha,bivpois_bias,bivpois_mse,pc_eta,pc_bias,pc_mse,lm_eta,lm_bias,lm_mse,team_strength_correlation,mu
bivnorm,0.25,0.03608872057269697,0.18484716268811585,-0.06515283731188415,0.0042448922097888435,0.18756907536493556,-0.062430924635064444,0.0038976203507890966,0.18421052631579193,-0.06578947368420807,0.004328254847645105,-0.8,NA
