method,true_params,bivpois_eta,bivpois_estimated_ha,bivpois_bias,bivpois_mse,pc_eta,pc_bias,pc_mse,lm_eta,lm_bias,lm_mse,team_strength_correlation,mu
bivnorm,0.25,0.12572541776035556,0.15805942270146267,-0.09194057729853733,0.008453069753988319,0.15984803783874793,-0.09015196216125207,0.008127376281523825,-0.6783625730994092,-0.9283625730994092,0.8618570671317558,-0.8,NA
