method,true_params,bivpois_eta,bivpois_estimated_ha,bivpois_bias,bivpois_mse,pc_eta,pc_bias,pc_mse,lm_eta,lm_bias,lm_mse,team_strength_correlation,mu
bivnorm,0.25,0.14664746719354188,0.1948571737851812,-0.05514282621481881,0.003040731282957708,0.19347251914254138,-0.05652748085745862,0.003195356092090351,-1.105263157894736,-1.355263157894736,1.8367382271468122,-0.8,NA
