method,true_params,bivpois_eta,bivpois_estimated_ha,bivpois_bias,bivpois_mse,pc_eta,pc_bias,pc_mse,lm_eta,lm_bias,lm_mse,team_strength_correlation,mu
bivnorm,0.25,0.07351937843351569,0.3800250454363594,0.1300250454363594,0.016906512440727325,0.37898331459437257,0.12898331459437257,0.016636695443750883,1.0789473684210606,0.8289473684210606,0.6871537396122016,-0.8,NA
