method,true_params,bivpois_eta,bivpois_estimated_ha,bivpois_bias,bivpois_mse,pc_eta,pc_bias,pc_mse,lm_eta,lm_bias,lm_mse,team_strength_correlation,mu
bivnorm,0.25,0.14800331646138792,0.19569569117464236,-0.05430430882535764,0.0029489579569998156,0.19664709041526798,-0.05335290958473202,0.0028465329611565894,-0.49707602339181006,-0.7470760233918101,0.5581225847269204,-0.8,NA
