method,true_params,bivpois_eta,bivpois_estimated_ha,bivpois_bias,bivpois_mse,pc_eta,pc_bias,pc_mse,lm_eta,lm_bias,lm_mse,team_strength_correlation,mu
bivnorm,0.25,0.03292882074621287,0.17103935512683321,-0.07896064487316679,0.00623478343878636,0.17925736180888677,-0.07074263819111323,0.005004520858238753,0.3567251461988228,0.10672514619882278,0.011390256831160097,-0.8,NA
