method,true_params,bivpois_eta,bivpois_estimated_ha,bivpois_bias,bivpois_mse,pc_eta,pc_bias,pc_mse,lm_eta,lm_bias,lm_mse,team_strength_correlation,mu
bivnorm,0.25,0.1060229333885532,0.1350658124342774,-0.1149341875657226,0.013209867471392705,0.1365438007930999,-0.11345619920690009,0.012872309138475797,0.8479532163742776,0.5979532163742776,0.3575480489723436,-0.8,NA
