method,true_params,bivpois_eta,bivpois_estimated_ha,bivpois_bias,bivpois_mse,pc_eta,pc_bias,pc_mse,lm_eta,lm_bias,lm_mse,team_strength_correlation,mu
bivnorm,0.25,0.2797488918112337,0.3613344603554811,0.11133446035548111,0.012395362062646196,0.3665220511754231,0.11652205117542308,0.013577388410127915,0.36842105263157277,0.11842105263157277,0.014023545706369727,-0.8,NA
