method,true_params,bivpois_eta,bivpois_estimated_ha,bivpois_bias,bivpois_mse,pc_eta,pc_bias,pc_mse,lm_eta,lm_bias,lm_mse,team_strength_correlation,mu
bivnorm,0.25,0.2826829065195976,0.38985367599034526,0.13985367599034526,0.019559050688012475,0.397778570385154,0.14777857038515402,0.02183850586507992,0.61111111111111,0.36111111111111005,0.13040123456790048,-0.8,NA
