method,true_params,bivpois_eta,bivpois_estimated_ha,bivpois_bias,bivpois_mse,pc_eta,pc_bias,pc_mse,lm_eta,lm_bias,lm_mse,team_strength_correlation,mu
bivpois,0.25,0.2152593565114535,0.22524709022995804,-0.024752909770041964,6.127065420838389e-4,0.25928880310781555,0.009288803107815546,8.628186317576376e-5,0.7660818713450299,0.5160818713450299,0.266340497930988,-0.8,1
