method,true_params,bivpois_eta,bivpois_estimated_ha,bivpois_bias,bivpois_mse,pc_eta,pc_bias,pc_mse,lm_eta,lm_bias,lm_mse,team_strength_correlation,mu
bivnorm,0.25,0.11271382090718288,0.15569636391449238,-0.094303636085507625,0.008893175778947856,0.1613947296440076,-0.08860527035599239,0.007850893934858504,0.26900584795322263,0.019005847953222632,3.612222564210169e-4,-0.8,NA
