method,true_params,bivpois_eta,bivpois_estimated_ha,bivpois_bias,bivpois_mse,pc_eta,pc_bias,pc_mse,lm_eta,lm_bias,lm_mse,team_strength_correlation,mu
bivnorm,0.25,0.10022982352829066,0.13970573256304641,-0.11029426743695359,0.01216482542945424,0.14096102583573353,-0.10903897416426647,0.011889497886795572,0.23099415204678148,-0.019005847953218524,3.6122225642086075e-4,-0.8,NA
