method,true_params,bivpois_eta,bivpois_estimated_ha,bivpois_bias,bivpois_mse,pc_eta,pc_bias,pc_mse,lm_eta,lm_bias,lm_mse,team_strength_correlation,mu
bivnorm,0.25,0.11912780038568185,0.15606413000244213,-0.09393586999755787,0.008823947672198094,0.15711332788327176,-0.09288667211672824,0.00862793385692058,-0.011695906432744197,-0.2616959064327442,0.06848474744365561,-0.8,NA
