method,true_params,bivpois_eta,bivpois_estimated_ha,bivpois_bias,bivpois_mse,pc_eta,pc_bias,pc_mse,lm_eta,lm_bias,lm_mse,team_strength_correlation,mu
bivnorm,0.25,0.1658572568381152,0.20776892637042943,-0.04223107362957057,0.0017834635799062108,0.2084631120089274,-0.04153688799107261,0.0017253130639829119,0.9327485380116981,0.6827485380116981,0.46614556615711117,-0.8,NA
