method,true_params,bivpois_eta,bivpois_estimated_ha,bivpois_bias,bivpois_mse,pc_eta,pc_bias,pc_mse,lm_eta,lm_bias,lm_mse,team_strength_correlation,mu
bivnorm,0.25,0.2078295258839313,0.2661102575865326,0.016110257586532617,2.5954039950443176e-4,0.27052150887820375,0.020521508878203754,4.211323266381955e-4,0.8099415204678525,0.5599415204678525,0.3135345063438505,-0.8,NA
