method,true_params,bivpois_eta,bivpois_estimated_ha,bivpois_bias,bivpois_mse,pc_eta,pc_bias,pc_mse,lm_eta,lm_bias,lm_mse,team_strength_correlation,mu
bivnorm,0.25,0.12919506418011995,0.16794198767828727,-0.08205801232171273,0.006733517386190357,0.1716302966026622,-0.07836970339733779,0.006141810410586698,0.03216374269004199,-0.217836257309958,0.047452634998810236,-0.8,NA
