method,true_params,bivpois_eta,bivpois_estimated_ha,bivpois_bias,bivpois_mse,pc_eta,pc_bias,pc_mse,lm_eta,lm_bias,lm_mse,team_strength_correlation,mu
bivnorm,0.25,0.2227744858324324,0.3027785185361924,0.05277851853619242,0.002785572018875207,0.3059657167881309,0.05596571678813089,0.003132161455609276,-0.1725146198830456,-0.4225146198830456,0.17851860401491454,-0.8,NA
