method,true_params,bivpois_eta,bivpois_estimated_ha,bivpois_bias,bivpois_mse,pc_eta,pc_bias,pc_mse,lm_eta,lm_bias,lm_mse,team_strength_correlation,mu
bivnorm,0.25,0.2241679482909602,0.30116164132619594,0.05116164132619594,0.00261751354319032,0.3139116822825377,0.06391168228253769,0.004084703132184042,-0.8450292397660831,-1.0950292397660832,1.1990890359426862,-0.8,NA
