method,true_params,bivpois_eta,bivpois_estimated_ha,bivpois_bias,bivpois_mse,pc_eta,pc_bias,pc_mse,lm_eta,lm_bias,lm_mse,team_strength_correlation,mu
bivnorm,0.25,0.19422471184066648,0.26327544499134503,0.013275444991345031,1.7623743971822788e-4,0.2708074368247017,0.02080743682470171,4.329494272139527e-4,0.032163742690050796,-0.2178362573099492,0.0474526349988064,-0.8,NA
