method,true_params,bivpois_eta,bivpois_estimated_ha,bivpois_bias,bivpois_mse,pc_eta,pc_bias,pc_mse,lm_eta,lm_bias,lm_mse,team_strength_correlation,mu
bivnorm,0.25,0.03182996265681343,0.1629649331798726,-0.0870350668201274,0.007575102856384042,0.15618772112744764,-0.09381227887255236,0.008800743667261534,-0.11988304093567498,-0.369883040935675,0.1368134639718222,-0.8,NA
