method,true_params,bivpois_eta,bivpois_estimated_ha,bivpois_bias,bivpois_mse,pc_eta,pc_bias,pc_mse,lm_eta,lm_bias,lm_mse,team_strength_correlation,mu
bivnorm,0.25,0.1475359818834863,0.20311091364732903,-0.04688908635267097,0.0021985864189882354,0.20780362503706654,-0.042196374962933464,0.0017805340600124781,0.438596491228079,0.18859649122807898,0.03556863650354287,-0.8,NA
