true_params,bivpois_eta,bivpois_estimated_ha,bivpois_eta_bias,bivpois_eta_mse,lm_eta,lm_eta_bias,lm_eta_mse,team_strength_correlation,lambda3
0.39112393286449054,0.4172053121839403,0.5177140861427254,0.12659015327823486,0.016025066907007,0.08187134502923127,-0.3092525878352593,0.09563716308280475,0,0
