method,true_params,bivpois_eta,bivpois_estimated_ha,bivpois_bias,bivpois_mse,pc_eta,pc_bias,pc_mse,lm_eta,lm_bias,lm_mse,team_strength_correlation,mu
bivpois,0.25,0.24786152483607365,0.2762865894088592,0.026286589408859196,6.909847827499485e-4,0.3005794855686319,0.0505794855686319,0.0025582843603874426,-0.3333333333333332,-0.5833333333333333,0.3402777777777777,-0.8,1
