method,true_params,bivpois_eta,bivpois_estimated_ha,bivpois_bias,bivpois_mse,pc_eta,pc_bias,pc_mse,lm_eta,lm_bias,lm_mse,team_strength_correlation,mu
bivnorm,0.25,0.04504661106428042,0.23258345361923016,-0.017416546380769837,3.0333608783350693e-4,0.2323127368496724,-0.017687263150327592,3.1283927774893635e-4,0.07602339181286741,-0.1739766081871326,0.03026786019629905,-0.8,NA
