method,true_params,bivpois_eta,bivpois_estimated_ha,bivpois_bias,bivpois_mse,pc_eta,pc_bias,pc_mse,lm_eta,lm_bias,lm_mse,team_strength_correlation,mu
bivnorm,0.25,0.03896431660547627,0.20036129121155,-0.04963870878845,0.0024640014101845434,0.18936951673574556,-0.06063048326425444,0.0036760555008570374,1.119883040935675,0.869883040935675,0.7566965049074973,-0.8,NA
