true_params,bivpois_eta,bivpois_estimated_ha,bivpois_eta_bias,bivpois_eta_mse,lm_eta,lm_eta_bias,lm_eta_mse,team_strength_correlation,lambda3
0.6147499072825391,0.5683682134204592,0.7653839699167633,0.1506340626342242,0.022690620825691375,0.4122807017543761,-0.202469205528163,0.04099377918720551,0,0
