method,true_params,bivpois_eta,bivpois_estimated_ha,bivpois_bias,bivpois_mse,pc_eta,pc_bias,pc_mse,lm_eta,lm_bias,lm_mse,team_strength_correlation,mu
bivnorm,0.25,0.24735233533612833,0.33834102590206494,0.08834102590206494,0.007804136857429309,0.34700701349562224,0.09700701349562224,0.009410360667339836,-0.10526315789474529,-0.3552631578947453,0.12621191135734672,-0.8,NA
