method,true_params,bivpois_eta,bivpois_estimated_ha,bivpois_bias,bivpois_mse,pc_eta,pc_bias,pc_mse,lm_eta,lm_bias,lm_mse,team_strength_correlation,mu
bivnorm,0.25,0.04550363520207453,0.2385268072148179,-0.011473192785182107,1.3163415268595475e-4,0.2380032049714696,-0.011996795028530405,1.4392309095657185e-4,0.625730994152044,0.37573099415204403,0.14117377996648334,-0.8,NA
