method,true_params,bivpois_eta,bivpois_estimated_ha,bivpois_bias,bivpois_mse,pc_eta,pc_bias,pc_mse,lm_eta,lm_bias,lm_mse,team_strength_correlation,mu
bivnorm,0.25,0.04098697205742638,0.2136088093000632,-0.03639119069993679,0.001324318760559166,0.21117567473342055,-0.038824325266579446,0.0015073282324051592,0.0438596491227995,-0.2061403508772005,0.04249384425977534,-0.8,NA
