method,true_params,bivpois_eta,bivpois_estimated_ha,bivpois_bias,bivpois_mse,pc_eta,pc_bias,pc_mse,lm_eta,lm_bias,lm_mse,team_strength_correlation,mu
bivnorm,0.25,0.31502997466551785,0.4024939535314691,0.1524939535314691,0.02325440586365786,0.4064748983966783,0.15647489839667827,0.02448439382825079,-0.5058479532163678,-0.7558479532163678,0.5713061283813725,-0.8,NA
