method,true_params,bivpois_eta,bivpois_estimated_ha,bivpois_bias,bivpois_mse,pc_eta,pc_bias,pc_mse,lm_eta,lm_bias,lm_mse,team_strength_correlation,mu
bivnorm,0.25,0.2584707800841641,0.3441629961443251,0.0941629961443251,0.008866669842876184,0.3518031478192888,0.10180314781928879,0.010363880905915963,0.28070175438597217,0.03070175438597217,9.425977223765613e-4,-0.8,NA
