method,true_params,bivpois_eta,bivpois_estimated_ha,bivpois_bias,bivpois_mse,pc_eta,pc_bias,pc_mse,lm_eta,lm_bias,lm_mse,team_strength_correlation,mu
bivnorm,0.25,0.1995425230683835,0.25023991843308546,2.39918433085462e-4,5.7560854534183315e-8,0.2565779678286826,0.006577967828682585,4.326966075518308e-5,0.4912280701754407,0.24122807017544068,0.058190981840567334,-0.8,NA
