method,true_params,bivpois_eta,bivpois_estimated_ha,bivpois_bias,bivpois_mse,pc_eta,pc_bias,pc_mse,lm_eta,lm_bias,lm_mse,team_strength_correlation,mu
bivnorm,0.25,0.16153913085265734,0.21067397115166764,-0.03932602884833236,0.0015465365449798692,0.21252444232269094,-0.03747555767730906,0.0014044174232253183,-0.18713450292398828,-0.43713450292398826,0.1910865736466023,-0.8,NA
