method,true_params,bivpois_eta,bivpois_estimated_ha,bivpois_bias,bivpois_mse,pc_eta,pc_bias,pc_mse,lm_eta,lm_bias,lm_mse,team_strength_correlation,mu
bivnorm,0.25,0.05071469462201909,0.2610005629544716,0.011000562954471604,1.2101238531529303e-4,0.2585149055392356,0.008514905539235618,7.25036163421054e-5,0.4356725146198784,0.18567251461987838,0.034474282685268955,-0.8,NA
