method,true_params,bivpois_eta,bivpois_estimated_ha,bivpois_bias,bivpois_mse,pc_eta,pc_bias,pc_mse,lm_eta,lm_bias,lm_mse,team_strength_correlation,mu
bivpois,0.25,0.2373677975366046,0.2778633514360773,0.02786335143607732,7.763663532503522e-4,0.3145299063379391,0.06452990633793909,0.004164108811983191,0.4853801169590583,0.2353801169590583,0.055403799459659966,-0.8,1
