method,true_params,bivpois_eta,bivpois_estimated_ha,bivpois_bias,bivpois_mse,pc_eta,pc_bias,pc_mse,lm_eta,lm_bias,lm_mse,team_strength_correlation,mu
bivnorm,0.25,0.2109484842954182,0.2830178446987668,0.033017844698766785,0.0010901780685518819,0.2901997685811131,0.04019976858111313,0.00161602139397505,-0.15204678362573085,-0.4020467836257309,0.16164161622379525,-0.8,NA
