method,true_params,bivpois_eta,bivpois_estimated_ha,bivpois_bias,bivpois_mse,pc_eta,pc_bias,pc_mse,lm_eta,lm_bias,lm_mse,team_strength_correlation,mu
bivnorm,0.25,0.068058477392824,0.08721076906773995,-0.16278923093226005,0.026500333707516692,0.09059644059986538,-0.15940355940013462,0.025409494749432247,-0.7660818713450339,-1.016081871345034,1.0324223692760262,-0.8,NA
