method,true_params,bivpois_eta,bivpois_estimated_ha,bivpois_bias,bivpois_mse,pc_eta,pc_bias,pc_mse,lm_eta,lm_bias,lm_mse,team_strength_correlation,mu
bivnorm,0.25,0.04335894993948512,0.2193951501265321,-0.0306048498734679,9.366568357775081e-4,0.21443231276305524,-0.035567687236944756,0.0012650603753851229,0.7076023391812998,0.4576023391812998,0.20939990082419732,-0.8,NA
