method,true_params,bivpois_eta,bivpois_estimated_ha,bivpois_bias,bivpois_mse,pc_eta,pc_bias,pc_mse,lm_eta,lm_bias,lm_mse,team_strength_correlation,mu
bivnorm,0.25,0.22353466532179087,0.3076149931048482,0.05761499310484819,0.003319487430471704,0.31165671511129434,0.061656715111294336,0.003801550518315311,0.37719298245614136,0.12719298245614136,0.016178054786088282,-0.8,NA
