method,true_params,bivpois_eta,bivpois_estimated_ha,bivpois_bias,bivpois_mse,pc_eta,pc_bias,pc_mse,lm_eta,lm_bias,lm_mse,team_strength_correlation,mu
bivnorm,0.25,0.04261596701660715,0.21715017202331577,-0.03284982797668423,0.0010791111980977461,0.21701550630138824,-0.032984493698611755,0.0010879768245537587,0.42690058479531545,0.17690058479531545,0.031293816900924594,-0.8,NA
