method,true_params,bivpois_eta,bivpois_estimated_ha,bivpois_bias,bivpois_mse,pc_eta,pc_bias,pc_mse,lm_eta,lm_bias,lm_mse,team_strength_correlation,mu
bivnorm,0.25,0.23007275007304887,0.3021573452071096,0.05215734520710957,0.002720388659053596,0.30758408830601663,0.057584088306016634,0.003315927226035122,0.04678362573099224,-0.20321637426900777,0.04129689477104144,-0.8,NA
