method,true_params,bivpois_eta,bivpois_estimated_ha,bivpois_bias,bivpois_mse,pc_eta,pc_bias,pc_mse,lm_eta,lm_bias,lm_mse,team_strength_correlation,mu
bivnorm,0.25,0.22835986793273694,0.30068311395972214,0.05068311395972214,0.002568778040654181,0.29745245529582376,0.04745245529582376,0.0022517355136021525,1.1666666666666685,0.9166666666666685,0.8402777777777811,-0.8,NA
