method,true_params,bivpois_eta,bivpois_estimated_ha,bivpois_bias,bivpois_mse,pc_eta,pc_bias,pc_mse,lm_eta,lm_bias,lm_mse,team_strength_correlation,mu
bivpois,0.25,0.18034289167797296,0.18744909807724253,-0.06255090192275747,0.003912615331350425,0.20967981265321686,-0.04032018734678314,0.001625717507679691,0.15497076023391165,-0.09502923976608835,0.009030556410520706,-0.8,1
