method,true_params,bivpois_eta,bivpois_estimated_ha,bivpois_bias,bivpois_mse,pc_eta,pc_bias,pc_mse,lm_eta,lm_bias,lm_mse,team_strength_correlation,mu
bivnorm,0.25,0.24109886368875894,0.32090991453719053,0.07090991453719053,0.005028215979671665,0.3344845992075804,0.08448459920758039,0.007137647503265493,0.4122807017543773,0.1622807017543773,0.02633502616189316,-0.8,NA
