method,true_params,bivpois_eta,bivpois_estimated_ha,bivpois_bias,bivpois_mse,pc_eta,pc_bias,pc_mse,lm_eta,lm_bias,lm_mse,team_strength_correlation,mu
bivnorm,0.25,0.11721102339165426,0.15640842510937603,-0.09359157489062397,0.008759382890507275,0.16208268735870893,-0.08791731264129107,0.00772945386206652,-0.008771929824567131,-0.25877192982456715,0.0669629116651307,-0.8,NA
