method,true_params,bivpois_eta,bivpois_estimated_ha,bivpois_bias,bivpois_mse,pc_eta,pc_bias,pc_mse,lm_eta,lm_bias,lm_mse,team_strength_correlation,mu
bivnorm,0.25,0.19036187906041352,0.253768992286622,0.003768992286621975,1.4205302856615944e-5,0.2553151580991544,0.005315158099154393,2.8250905619006546e-5,0.32748538011695505,0.07748538011695505,0.006003984131869013,-0.8,NA
