method,true_params,bivpois_eta,bivpois_estimated_ha,bivpois_bias,bivpois_mse,pc_eta,pc_bias,pc_mse,lm_eta,lm_bias,lm_mse,team_strength_correlation,mu
bivnorm,0.25,0.26924333434591136,0.3658270860370463,0.11582708603704628,0.01341591385983332,0.3693063357961733,0.11930633579617328,0.014234001761109257,-0.6345029239766229,-0.8845029239766229,0.7823454225231955,-0.8,NA
