true_params,bivpois_eta,bivpois_estimated_ha,bivpois_eta_bias,bivpois_eta_mse,lm_eta,lm_eta_bias,lm_eta_mse,team_strength_correlation,lambda3
0.6760526704436313,0.7269381636725321,1.0687367673435526,0.39268409689992134,0.15420079995810682,2.883040935672512,2.206988265228881,4.870797202857986,-0.5,0
