method,true_params,bivpois_eta,bivpois_estimated_ha,bivpois_bias,bivpois_mse,pc_eta,pc_bias,pc_mse,lm_eta,lm_bias,lm_mse,team_strength_correlation,mu
bivpois,0,0.03970748347552797,0.03999112402610416,0.03999112402610416,0.0015992900008712457,0.04334858509155957,0.04334858509155957,0.0018790998294401803,0.2280701754385988,0.2280701754385988,0.05201600492459324,-0.8,1
