method,true_params,bivpois_eta,bivpois_estimated_ha,bivpois_bias,bivpois_mse,pc_eta,pc_bias,pc_mse,lm_eta,lm_bias,lm_mse,team_strength_correlation,mu
bivpois,0.25,0.21263182873134004,0.2503051678074655,3.0516780746547845e-4,9.312739071328733e-8,0.2823114526859151,0.03231145268591512,0.0010440299746741315,0.7426900584795433,0.4926900584795433,0.24274349372457577,-0.8,1
