method,true_params,bivpois_eta,bivpois_estimated_ha,bivpois_bias,bivpois_mse,pc_eta,pc_bias,pc_mse,lm_eta,lm_bias,lm_mse,team_strength_correlation,mu
bivnorm,0.25,0.2363566407969122,0.32662990301966155,0.07662990301966155,0.005872142036802734,0.3251427164248861,0.07514271642488612,0.005646427831710851,0.46783625730993916,0.21783625730993916,0.04745263499880202,-0.4,NA
