method,true_params,bivpois_eta,bivpois_estimated_ha,bivpois_bias,bivpois_mse,pc_eta,pc_bias,pc_mse,lm_eta,lm_bias,lm_mse,team_strength_correlation,mu
bivnorm,0.25,0.06822785665374652,0.3460100931481218,0.09601009314812181,0.009217937986311027,0.34847741560693035,0.09847741560693035,0.00969780138462009,-0.1081871345029222,-0.35818713450292217,0.12829802332341445,-0.4,NA
