method,true_params,bivpois_eta,bivpois_estimated_ha,bivpois_bias,bivpois_mse,pc_eta,pc_bias,pc_mse,lm_eta,lm_bias,lm_mse,team_strength_correlation,mu
bivnorm,0.25,0.1460599553527431,0.2007439210451465,-0.04925607895485351,0.002426161314006763,0.20008744177008944,-0.04991255822991056,0.002491263469054212,0.5555555555555494,0.30555555555554936,0.09336419753086041,-0.4,NA
