method,true_params,bivpois_eta,bivpois_estimated_ha,bivpois_bias,bivpois_mse,pc_eta,pc_bias,pc_mse,lm_eta,lm_bias,lm_mse,team_strength_correlation,mu
bivnorm,0.25,0.3104696284502188,0.3852477532291705,0.1352477532291705,0.018291954753538595,0.38395260580068735,0.13395260580068735,0.01794330060079434,0.7894736842105278,0.5394736842105278,0.29103185595568026,-0.4,NA
