method,true_params,bivpois_eta,bivpois_estimated_ha,bivpois_bias,bivpois_mse,pc_eta,pc_bias,pc_mse,lm_eta,lm_bias,lm_mse,team_strength_correlation,mu
bivnorm,0.25,0.1471888105738529,0.20240652649101065,-0.04759347350898935,0.002265138720650871,0.20482228886714773,-0.045177711132852266,0.0020410255832034436,0.6637426900584805,0.4137426900584805,0.17118301357682789,-0.4,NA
