method,true_params,bivpois_eta,bivpois_estimated_ha,bivpois_bias,bivpois_mse,pc_eta,pc_bias,pc_mse,lm_eta,lm_bias,lm_mse,team_strength_correlation,mu
bivnorm,0.25,0.04958063113486867,0.25310069016690306,0.003100690166903064,9.614279511129352e-6,0.2539600949143194,0.003960094914319423,1.5682351730418557e-5,1.4941520467836356,1.2441520467836356,1.5479143155159096,-0.4,NA
