method,true_params,bivpois_eta,bivpois_estimated_ha,bivpois_bias,bivpois_mse,pc_eta,pc_bias,pc_mse,lm_eta,lm_bias,lm_mse,team_strength_correlation,mu
bivnorm,0.25,0.2307071584946946,0.2989129333200875,0.048912933320087504,0.0023924750459753262,0.3056427369208231,0.05564273692082311,0.0030961141720399314,0.605263157894741,0.35526315789474106,0.12621191135734372,-0.4,NA
