method,true_params,bivpois_eta,bivpois_estimated_ha,bivpois_bias,bivpois_mse,pc_eta,pc_bias,pc_mse,lm_eta,lm_bias,lm_mse,team_strength_correlation,mu
bivnorm,0.25,0.06180014273332071,0.313744704960345,0.06374470496034501,0.0040633874104814335,0.31327001994175124,0.06327001994175124,0.0040030954234296,0.2076023391812815,-0.04239766081871851,0.001797561642899099,-0.4,NA
