method,true_params,bivpois_eta,bivpois_estimated_ha,bivpois_bias,bivpois_mse,pc_eta,pc_bias,pc_mse,lm_eta,lm_bias,lm_mse,team_strength_correlation,mu
bivnorm,0.25,0.06856208892110864,0.35139721799883983,0.10139721799883983,0.010281395817904248,0.3594184570489497,0.1094184570489497,0.01197239874297285,0.15789473684209965,-0.09210526315790035,0.008483379501386076,-0.4,NA
