method,true_params,bivpois_eta,bivpois_estimated_ha,bivpois_bias,bivpois_mse,pc_eta,pc_bias,pc_mse,lm_eta,lm_bias,lm_mse,team_strength_correlation,mu
bivnorm,0.25,0.16988960718533525,0.23288656519728557,-0.017113434802714433,2.928696507467576e-4,0.24015940170827554,-0.009840598291724456,9.683737473909028e-5,-0.20760233918127852,-0.4576023391812785,0.20939990082417786,-0.4,NA
