method,true_params,bivpois_eta,bivpois_estimated_ha,bivpois_bias,bivpois_mse,pc_eta,pc_bias,pc_mse,lm_eta,lm_bias,lm_mse,team_strength_correlation,mu
bivnorm,0.25,0.21634651905094052,0.2855786500616444,0.0355786500616444,0.0012658403402089492,0.2849094916927853,0.03490949169278529,0.001218672610248645,0.6257309941520542,0.37573099415205424,0.14117377996649103,-0.4,NA
