method,true_params,bivpois_eta,bivpois_estimated_ha,bivpois_bias,bivpois_mse,pc_eta,pc_bias,pc_mse,lm_eta,lm_bias,lm_mse,team_strength_correlation,mu
bivnorm,0.25,0.0627797125782726,0.32643047898768796,0.07643047898768796,0.00584161811828741,0.31827816245634005,0.06827816245634005,0.0046619074684143644,-0.46783625730994405,-0.717836257309944,0.5152888923087482,-0.4,NA
