method,true_params,bivpois_eta,bivpois_estimated_ha,bivpois_bias,bivpois_mse,pc_eta,pc_bias,pc_mse,lm_eta,lm_bias,lm_mse,team_strength_correlation,mu
bivnorm,0.25,0.1345900872038633,0.1771643557980438,-0.0728356442019562,0.005305031066313957,0.17970649466657557,-0.07029350533342443,0.004941176892060169,0.6900584795321721,0.44005847953217214,0.19365146540816716,-0.4,NA
