method,true_params,bivpois_eta,bivpois_estimated_ha,bivpois_bias,bivpois_mse,pc_eta,pc_bias,pc_mse,lm_eta,lm_bias,lm_mse,team_strength_correlation,mu
bivnorm,0.25,0.2278347910191722,0.2887596856587846,0.038759685658784626,0.0015023132323677946,0.2901123360401475,0.04011233604014752,0.0016089995025977178,-0.26608187134502015,-0.5160818713450201,0.2663404979309779,-0.4,NA
