method,true_params,bivpois_eta,bivpois_estimated_ha,bivpois_bias,bivpois_mse,pc_eta,pc_bias,pc_mse,lm_eta,lm_bias,lm_mse,team_strength_correlation,mu
bivnorm,0.25,0.14799324810205466,0.1961327325795177,-0.05386726742048231,0.002901682499349755,0.20986473160519223,-0.04013526839480777,0.0016108397691232555,1.219298245614042,0.969298245614042,0.9395390889504597,-0.4,NA
