method,true_params,bivpois_eta,bivpois_estimated_ha,bivpois_bias,bivpois_mse,pc_eta,pc_bias,pc_mse,lm_eta,lm_bias,lm_mse,team_strength_correlation,mu
bivnorm,0.25,0.17312800033945008,0.23724029959560644,-0.012759700404393559,1.6280995440988116e-4,0.242134239441678,-0.007865760558322,6.1870189160854e-5,0.6169590643274749,0.36695906432747494,0.1346589548920959,-0.4,NA
