method,true_params,bivpois_eta,bivpois_estimated_ha,bivpois_bias,bivpois_mse,pc_eta,pc_bias,pc_mse,lm_eta,lm_bias,lm_mse,team_strength_correlation,mu
bivnorm,0.25,0.03325664801113302,0.16625596488579042,-0.08374403511420958,0.007013063417209967,0.1619358230174417,-0.0880641769825583,0.007755299267615352,-0.2894736842105229,-0.5394736842105229,0.291031855955675,-0.4,NA
