method,true_params,bivpois_eta,bivpois_estimated_ha,bivpois_bias,bivpois_mse,pc_eta,pc_bias,pc_mse,lm_eta,lm_bias,lm_mse,team_strength_correlation,mu
bivnorm,0.25,0.2276543267014523,0.3232131159689573,0.0732131159689573,0.00536016034988399,0.3273676718735074,0.0773676718735074,0.005985756651126709,1.1345029239766058,0.8845029239766058,0.7823454225231653,-0.4,NA
