method,true_params,bivpois_eta,bivpois_estimated_ha,bivpois_bias,bivpois_mse,pc_eta,pc_bias,pc_mse,lm_eta,lm_bias,lm_mse,team_strength_correlation,mu
bivnorm,0.25,0.22646005519476295,0.29361363096650184,0.04361363096650184,0.001902148806082208,0.2974762757832669,0.04747627578326691,0.002253996762248816,0.005847953216380039,-0.24415204678361996,0.05961022194863095,-0.4,NA
