method,true_params,bivpois_eta,bivpois_estimated_ha,bivpois_bias,bivpois_mse,pc_eta,pc_bias,pc_mse,lm_eta,lm_bias,lm_mse,team_strength_correlation,mu
bivnorm,0.25,0.07901363216562463,0.11152961720553112,-0.13847038279446888,0.019174046911246745,0.11228601699318394,-0.13771398300681606,0.018965141115601623,-0.0701754385964922,-0.3201754385964922,0.10251231148045616,-0.4,NA
