method,true_params,bivpois_eta,bivpois_estimated_ha,bivpois_bias,bivpois_mse,pc_eta,pc_bias,pc_mse,lm_eta,lm_bias,lm_mse,team_strength_correlation,mu
bivnorm,0.25,0.19541431802555967,0.2576882825331088,0.007688282533108826,5.910968830890626e-5,0.26367645852024035,0.013676458520240353,1.8704551765585494e-4,0.3187134502923945,0.0687134502923945,0.00472153825108537,-0.4,NA
