true_params,bivpois_eta,bivpois_estimated_ha,bivpois_eta_bias,bivpois_eta_mse,lm_eta,lm_eta_bias,lm_eta_mse,team_strength_correlation,lambda3
0.6833941786501967,0.6708991983796864,0.9559953579618792,0.2726011793116825,0.07431140296212006,0.18421052631577917,-0.4991836523344175,0.24918431875792862,0,0
