method,true_params,bivpois_eta,bivpois_estimated_ha,bivpois_bias,bivpois_mse,pc_eta,pc_bias,pc_mse,lm_eta,lm_bias,lm_mse,team_strength_correlation,mu
bivnorm,0.25,0.22075126422448318,0.3082531726257718,0.05825317262577179,0.0033934321209679675,0.3101353671913445,0.06013536719134449,0.0036162623872378315,-0.5146198830409432,-0.7646198830409432,0.5846435655415456,-0.4,NA
