method,true_params,bivpois_eta,bivpois_estimated_ha,bivpois_bias,bivpois_mse,pc_eta,pc_bias,pc_mse,lm_eta,lm_bias,lm_mse,team_strength_correlation,mu
bivnorm,0.25,0.1013032573953525,0.12839076782993786,-0.12160923217006214,0.014788805348992077,0.12602965801407887,-0.12397034198592113,0.01536864569210624,-0.4736842105263071,-0.723684210526307,0.5237188365650843,-0.4,NA
