method,true_params,bivpois_eta,bivpois_estimated_ha,bivpois_bias,bivpois_mse,pc_eta,pc_bias,pc_mse,lm_eta,lm_bias,lm_mse,team_strength_correlation,mu
bivnorm,0.25,0.23890361258647244,0.30821297526295566,0.05821297526295566,0.0033887504889654873,0.3097626941611595,0.05976269416115948,0.0035715796134002855,0.5994152046783653,0.3494152046783653,0.1220909852604239,-0.4,NA
