method,true_params,bivpois_eta,bivpois_estimated_ha,bivpois_bias,bivpois_mse,pc_eta,pc_bias,pc_mse,lm_eta,lm_bias,lm_mse,team_strength_correlation,mu
bivnorm,0.25,0.13998800078741608,0.1711950414613872,-0.0788049585386128,0.0062102214902724825,0.1781696802287269,-0.0718303197712731,0.005159594838443348,-1.0847953216374406,-1.3347953216374406,1.7816785506651986,-0.4,NA
