method,true_params,bivpois_eta,bivpois_estimated_ha,bivpois_bias,bivpois_mse,pc_eta,pc_bias,pc_mse,lm_eta,lm_bias,lm_mse,team_strength_correlation,mu
bivnorm,0.25,0.16782866565400856,0.21893352955445322,-0.03106647044554678,9.651255859440315e-4,0.23198913184938663,-0.01801086815061337,3.24391371538779e-4,-0.4766081871345043,-0.7266081871345043,0.5279594576108908,-0.4,NA
