method,true_params,bivpois_eta,bivpois_estimated_ha,bivpois_bias,bivpois_mse,pc_eta,pc_bias,pc_mse,lm_eta,lm_bias,lm_mse,team_strength_correlation,mu
bivnorm,0.25,0.07264133109200234,0.3905600767896722,0.1405600767896722,0.019757135187118545,0.3893109165206244,0.13931091652062438,0.019407531461816376,-0.1520467836257334,-0.40204678362573343,0.1616416162237973,-0.4,NA
