method,true_params,bivpois_eta,bivpois_estimated_ha,bivpois_bias,bivpois_mse,pc_eta,pc_bias,pc_mse,lm_eta,lm_bias,lm_mse,team_strength_correlation,mu
bivnorm,0.25,0.026170326558590626,0.13150220075434405,-0.11849779924565595,0.014041728426063781,0.13667406964680143,-0.11332593035319857,0.012842766490418014,0.0730994152046784,-0.1769005847953216,0.03129381690092677,-0.4,NA
