method,true_params,bivpois_eta,bivpois_estimated_ha,bivpois_bias,bivpois_mse,pc_eta,pc_bias,pc_mse,lm_eta,lm_bias,lm_mse,team_strength_correlation,mu
bivpois,0.25,0.15727576734790966,0.15524291703860715,-0.09475708296139285,0.008978904771352287,0.189596092528023,-0.06040390747197699,0.0036486320378831577,-0.5409356725146347,-0.7909356725146347,0.6255792380561774,-0.8,1
