method,true_params,bivpois_eta,bivpois_estimated_ha,bivpois_bias,bivpois_mse,pc_eta,pc_bias,pc_mse,lm_eta,lm_bias,lm_mse,team_strength_correlation,mu
bivnorm,0.25,0.0517963943922168,0.2655352212823505,0.01553522128235052,2.4134310029159652e-4,0.2657563252065604,0.015756325206560395,2.482617840148905e-4,0.4239766081871435,0.1739766081871435,0.030267860196302846,-0.4,NA
