method,true_params,bivpois_eta,bivpois_estimated_ha,bivpois_bias,bivpois_mse,pc_eta,pc_bias,pc_mse,lm_eta,lm_bias,lm_mse,team_strength_correlation,mu
bivnorm,0.25,0.055607461865910715,0.27677788797829184,0.026777887978291837,7.170552845779465e-4,0.28350966434711056,0.03350966434711056,0.0011228976046560124,0.35087719298246745,0.10087719298246745,0.01017620806402198,-0.4,NA
