method,true_params,bivpois_eta,bivpois_estimated_ha,bivpois_bias,bivpois_mse,pc_eta,pc_bias,pc_mse,lm_eta,lm_bias,lm_mse,team_strength_correlation,mu
bivnorm,0.25,0.07359545673607808,0.36642513653526176,0.11642513653526176,0.013554812417254343,0.36509957854194464,0.11509957854194464,0.013247912980533282,0.3684210526315734,0.11842105263157338,0.01402354570636987,-0.4,NA
