method,true_params,bivpois_eta,bivpois_estimated_ha,bivpois_bias,bivpois_mse,pc_eta,pc_bias,pc_mse,lm_eta,lm_bias,lm_mse,team_strength_correlation,mu
bivnorm,0.25,0.25987725197947664,0.33362841901870977,0.08362841901870977,0.006993712467568897,0.3356107243651997,0.08561072436519968,0.007329196126334194,0.1812865497075922,-0.0687134502924078,0.004721538251087198,-0.4,NA
