method,true_params,bivpois_eta,bivpois_estimated_ha,bivpois_bias,bivpois_mse,pc_eta,pc_bias,pc_mse,lm_eta,lm_bias,lm_mse,team_strength_correlation,mu
bivnorm,0.25,0.06290956484227954,0.3286308111115419,0.07863081111154191,0.006182804456058982,0.3326255974717016,0.08262559747170162,0.006826989357555665,-0.08771929824562115,-0.33771929824562114,0.1140543244075148,-0.4,NA
