method,true_params,bivpois_eta,bivpois_estimated_ha,bivpois_bias,bivpois_mse,pc_eta,pc_bias,pc_mse,lm_eta,lm_bias,lm_mse,team_strength_correlation,mu
bivnorm,0.25,0.042918531912639744,0.05732027566796383,-0.19267972433203617,0.03712547616866945,0.060004617512186505,-0.1899953824878135,0.03609824536669055,0.4356725146198794,0.18567251461987938,0.03447428268526932,-0.4,NA
