method,true_params,bivpois_eta,bivpois_estimated_ha,bivpois_bias,bivpois_mse,pc_eta,pc_bias,pc_mse,lm_eta,lm_bias,lm_mse,team_strength_correlation,mu
bivnorm,0.25,0.17034430244760332,0.21520043787872534,-0.03479956212127466,0.0012110095238324543,0.2147294718723473,-0.03527052812765269,0.0012440101544035395,0.36842105263159075,0.11842105263159075,0.014023545706373987,-0.4,NA
