method,true_params,bivpois_eta,bivpois_estimated_ha,bivpois_bias,bivpois_mse,pc_eta,pc_bias,pc_mse,lm_eta,lm_bias,lm_mse,team_strength_correlation,mu
bivnorm,0.25,0.16759851942116546,0.22366866634991922,-0.02633133365008078,6.933391317918764e-4,0.22209530833124042,-0.027904691668759585,7.786718171285406e-4,0.5877192982456184,0.3377192982456184,0.11405432440751297,-0.4,NA
