method,true_params,bivpois_eta,bivpois_estimated_ha,bivpois_bias,bivpois_mse,pc_eta,pc_bias,pc_mse,lm_eta,lm_bias,lm_mse,team_strength_correlation,mu
bivnorm,0.25,0.23140739879952066,0.2944815128596332,0.0444815128596332,0.0019786049862817135,0.29308027052163316,0.04308027052163316,0.0018559097082170948,0.839181286549717,0.589181286549717,0.34713458842037975,-0.4,NA
