method,true_params,bivpois_eta,bivpois_estimated_ha,bivpois_bias,bivpois_mse,pc_eta,pc_bias,pc_mse,lm_eta,lm_bias,lm_mse,team_strength_correlation,mu
bivnorm,0.25,0.06835578218591278,0.35114363437141627,0.10114363437141627,0.010230034773858738,0.3481612623883819,0.09816126238838191,0.00963563343368076,0.11403508771930719,-0.1359649122806928,0.018486457371496488,-0.4,NA
