method,true_params,bivpois_eta,bivpois_estimated_ha,bivpois_bias,bivpois_mse,pc_eta,pc_bias,pc_mse,lm_eta,lm_bias,lm_mse,team_strength_correlation,mu
bivnorm,0.25,0.1468056328364725,0.20220403229022876,-0.04779596770977124,0.0022844545293134945,0.213665716186699,-0.036334283813301005,0.0013201801802255075,0.7690058479532181,0.5190058479532181,0.26936707020963896,-0.4,NA
