method,true_params,bivpois_eta,bivpois_estimated_ha,bivpois_bias,bivpois_mse,pc_eta,pc_bias,pc_mse,lm_eta,lm_bias,lm_mse,team_strength_correlation,mu
bivnorm,0.25,0.07708409838975956,0.10836775106087138,-0.14163224893912862,0.0200596939395553,0.11016251980731794,-0.13983748019268205,0.019554520866638746,-0.3976608187134656,-0.6476608187134656,0.41946453609659656,-0.4,NA
