method,true_params,bivpois_eta,bivpois_estimated_ha,bivpois_bias,bivpois_mse,pc_eta,pc_bias,pc_mse,lm_eta,lm_bias,lm_mse,team_strength_correlation,mu
bivnorm,0.25,0.2166782944979333,0.29232685107921763,0.04232685107921763,0.0017915623222822666,0.2992859771068217,0.0492859771068217,0.0024291075393741528,-0.21929824561403044,-0.46929824561403044,0.22024084333640684,-0.4,NA
