method,true_params,bivpois_eta,bivpois_estimated_ha,bivpois_bias,bivpois_mse,pc_eta,pc_bias,pc_mse,lm_eta,lm_bias,lm_mse,team_strength_correlation,mu
bivnorm,0.25,0.11484467119871376,0.16176318240125553,-0.08823681759874447,0.007785735979954101,0.16130494259934655,-0.08869505740065345,0.00786681320730521,1.2660818713450228,1.0160818713450228,1.0324223692760035,-0.4,NA
