method,true_params,bivpois_eta,bivpois_estimated_ha,bivpois_bias,bivpois_mse,pc_eta,pc_bias,pc_mse,lm_eta,lm_bias,lm_mse,team_strength_correlation,mu
bivnorm,0.25,0.1353542999950167,0.1796636620429919,-0.07033633795700811,0.00494720043720246,0.18680784932261355,-0.06319215067738645,0.003993247907233513,0.12865497076023644,-0.12134502923976356,0.014724616121199074,-0.4,NA
