method,true_params,bivpois_eta,bivpois_estimated_ha,bivpois_bias,bivpois_mse,pc_eta,pc_bias,pc_mse,lm_eta,lm_bias,lm_mse,team_strength_correlation,mu
bivnorm,0.25,0.23763136994796294,0.3066976952679723,0.0566976952679723,0.003214628648699849,0.3140504950608789,0.0640504950608789,0.004102465917543672,0.6549707602339117,0.40497076023391165,0.16400131664443235,-0.4,NA
