method,true_params,bivpois_eta,bivpois_estimated_ha,bivpois_bias,bivpois_mse,pc_eta,pc_bias,pc_mse,lm_eta,lm_bias,lm_mse,team_strength_correlation,mu
bivnorm,0.25,0.22082475570546511,0.2965744110958799,0.0465744110958799,0.0021691757689280204,0.2988252426300743,0.04882524263007432,0.0023839043178856263,-0.4999999999999936,-0.7499999999999936,0.5624999999999903,-0.4,NA
