method,true_params,bivpois_eta,bivpois_estimated_ha,bivpois_bias,bivpois_mse,pc_eta,pc_bias,pc_mse,lm_eta,lm_bias,lm_mse,team_strength_correlation,mu
bivnorm,0.25,0.22871864399492145,0.3370428769360583,0.08704287693605828,0.007576462425305786,0.34531945096706623,0.09531945096706623,0.009085797732662944,-0.2748538011695945,-0.5248538011695945,0.2754715126021722,-0.4,NA
