method,true_params,bivpois_eta,bivpois_estimated_ha,bivpois_bias,bivpois_mse,pc_eta,pc_bias,pc_mse,lm_eta,lm_bias,lm_mse,team_strength_correlation
bivpois,0.6606432956177741,0.571167691703849,0.7703330481887698,0.10968975257099567,0.012031841819086252,0.721152359708525,0.06050906409075085,0.0036613468371385943,2.198830409356728,1.538187113738954,2.3660195968725737,-0.5
