method,true_params,bivpois_eta,bivpois_estimated_ha,bivpois_bias,bivpois_mse,pc_eta,pc_bias,pc_mse,lm_eta,lm_bias,lm_mse,team_strength_correlation,mu
bivnorm,0.25,0.17774534898423464,0.24700546687793112,-0.0029945331220688765,8.967228619167572e-6,0.25049839198002766,4.983919800276571e-4,2.483945657558885e-7,-0.447368421052632,-0.6973684210526321,0.48632271468144117,-0.4,NA
