method,true_params,bivpois_eta,bivpois_estimated_ha,bivpois_bias,bivpois_mse,pc_eta,pc_bias,pc_mse,lm_eta,lm_bias,lm_mse,team_strength_correlation,mu
bivnorm,0.25,0.06001397620735494,0.3107968357324493,0.06079683573244932,0.003696255235078426,0.3170869805070972,0.06708698050709722,0.004500662953559642,-0.07602339181286842,-0.32602339181286843,0.10629125200916713,0,NA
