method,true_params,bivpois_eta,bivpois_estimated_ha,bivpois_bias,bivpois_mse,pc_eta,pc_bias,pc_mse,lm_eta,lm_bias,lm_mse,team_strength_correlation,mu
bivnorm,0.25,0.283508488251884,0.3791437216928406,0.1291437216928406,0.01667810085267787,0.3850248687686056,0.1350248687686056,0.01823171518597916,0.733918128654962,0.483918128654962,0.23417675524092033,0,NA
