method,true_params,bivpois_eta,bivpois_estimated_ha,bivpois_bias,bivpois_mse,pc_eta,pc_bias,pc_mse,lm_eta,lm_bias,lm_mse,team_strength_correlation,mu
bivnorm,0.25,0.10473349540707172,0.14556046975688663,-0.10443953024311337,0.010907615477402191,0.14546555175929138,-0.10453444824070862,0.01092745086898939,0.2836257309941381,0.033625730994138125,0.0011306897848901414,0,NA
