method,true_params,bivpois_eta,bivpois_estimated_ha,bivpois_bias,bivpois_mse,pc_eta,pc_bias,pc_mse,lm_eta,lm_bias,lm_mse,team_strength_correlation,mu
bivnorm,0.25,0.14686791906281196,0.20209313971940857,-0.047906860280591435,0.0022950672619441092,0.20795743409158243,-0.04204256590841757,0.001767577348163635,0.43859649122807254,0.18859649122807254,0.03556863650354044,0,NA
