method,true_params,bivpois_eta,bivpois_estimated_ha,bivpois_bias,bivpois_mse,pc_eta,pc_bias,pc_mse,lm_eta,lm_bias,lm_mse,team_strength_correlation,mu
bivpois,0.25,0.2831841250936983,0.32876394152422894,0.07876394152422894,0.006203758484432156,0.36950397826840525,0.11950397826840525,0.014281200821975475,1.5321637426900658,1.2821637426900658,1.6439438630689973,-0.8,1
