method,true_params,bivpois_eta,bivpois_estimated_ha,bivpois_bias,bivpois_mse,pc_eta,pc_bias,pc_mse,lm_eta,lm_bias,lm_mse,team_strength_correlation,mu
bivnorm,0.25,0.3840600197209147,0.5210710515385246,0.2710710515385246,0.07347951498220147,0.5344141833927449,0.28441418339274493,0.08089142771496195,1.5730994152046827,1.3230994152046827,1.7505920625149733,0,NA
