method,true_params,bivpois_eta,bivpois_estimated_ha,bivpois_bias,bivpois_mse,pc_eta,pc_bias,pc_mse,lm_eta,lm_bias,lm_mse,team_strength_correlation,mu
bivnorm,0.25,0.25233362108287455,0.3268488898053774,0.07684888980537741,0.00590575186431904,0.3409282054984615,0.09092820549846148,0.00826793855517044,0.34795321637426246,0.09795321637426246,0.00959483259806308,0,NA
