method,true_params,bivpois_eta,bivpois_estimated_ha,bivpois_bias,bivpois_mse,pc_eta,pc_bias,pc_mse,lm_eta,lm_bias,lm_mse,team_strength_correlation,mu
bivnorm,0.25,0.01900255731006875,0.09903783625093876,-0.15096216374906124,0.022789574883798378,0.10593267137051779,-0.1440673286294822,0.020755395178435224,0.6081871345029297,0.3581871345029297,0.12829802332341986,0,NA
