method,true_params,bivpois_eta,bivpois_estimated_ha,bivpois_bias,bivpois_mse,pc_eta,pc_bias,pc_mse,lm_eta,lm_bias,lm_mse,team_strength_correlation,mu
bivnorm,0.25,0.16199701933394925,0.24798993038016515,-0.0020100696198348533,4.040379876583032e-6,0.2581878946240734,0.008187894624073377,6.704161837492971e-5,0.16374269005846867,-0.08625730994153133,0.007440323518349399,0,NA
