method,true_params,bivpois_eta,bivpois_estimated_ha,bivpois_bias,bivpois_mse,pc_eta,pc_bias,pc_mse,lm_eta,lm_bias,lm_mse,team_strength_correlation,mu
bivnorm,0.25,0.18536733806470332,0.26037402568919754,0.010374025689197541,1.0762040900013052e-4,0.26303212167412204,0.013032121674122044,1.6983619532912153e-4,0.14912280701753128,-0.10087719298246872,0.010176208064022236,0,NA
