method,true_params,bivpois_eta,bivpois_estimated_ha,bivpois_bias,bivpois_mse,pc_eta,pc_bias,pc_mse,lm_eta,lm_bias,lm_mse,team_strength_correlation,mu
bivnorm,0.25,0.2513741180931969,0.31160013887878657,0.06160013887878657,0.0037945771098857927,0.3151171535558947,0.0651171535558947,0.00424024368722197,-0.2953216374268785,-0.5453216374268786,0.297375688245932,0,NA
