method,true_params,bivpois_eta,bivpois_estimated_ha,bivpois_bias,bivpois_mse,pc_eta,pc_bias,pc_mse,lm_eta,lm_bias,lm_mse,team_strength_correlation,mu
bivnorm,0.25,0.03990869359829367,0.2019997057607661,-0.04800029423923391,0.002304028247053032,0.20563839628101688,-0.04436160371898312,0.0019679518845200973,-0.06140350877192859,-0.31140350877192857,0.0969721452754686,0,NA
