method,true_params,bivpois_eta,bivpois_estimated_ha,bivpois_bias,bivpois_mse,pc_eta,pc_bias,pc_mse,lm_eta,lm_bias,lm_mse,team_strength_correlation,mu
bivnorm,0.25,0.17209596353572615,0.21201675252082763,-0.037983247479172366,0.0014427270890640539,0.22046160349670563,-0.029538396503294373,8.725168679858332e-4,0.09064327485380608,-0.15935672514619392,0.025394565849319595,0,NA
