method,true_params,bivpois_eta,bivpois_estimated_ha,bivpois_bias,bivpois_mse,pc_eta,pc_bias,pc_mse,lm_eta,lm_bias,lm_mse,team_strength_correlation,mu
bivnorm,0.25,0.3017659584131048,0.4063675689903212,0.15636756899032123,0.02445081663194287,0.41519529682790757,0.16519529682790757,0.027289486094060487,0.9269005847953377,0.6769005847953377,0.4581944016962701,0,NA
