true_params,bivpois_eta,bivpois_estimated_ha,bivpois_eta_bias,bivpois_eta_mse,lm_eta,lm_eta_bias,lm_eta_mse,team_strength_correlation,lambda3
0.05249289902299559,0.0891665525953327,0.0932627269082924,0.04076982788529682,0.0016621788657967258,-0.16374269005847825,-0.21623558908147383,0.046757829985412,0,0
