method,true_params,bivpois_eta,bivpois_estimated_ha,bivpois_bias,bivpois_mse,pc_eta,pc_bias,pc_mse,lm_eta,lm_bias,lm_mse,team_strength_correlation,mu
bivnorm,0.25,0.23150924556852692,0.3269946101040839,0.07699461010408393,0.005928169985079903,0.3366153722466172,0.0866153722466172,0.007502222709420065,0.46491228070176077,0.21491228070176077,0.046187288396432415,0,NA
