method,true_params,bivpois_eta,bivpois_estimated_ha,bivpois_bias,bivpois_mse,pc_eta,pc_bias,pc_mse,lm_eta,lm_bias,lm_mse,team_strength_correlation,mu
bivnorm,0.25,0.21930480017485765,0.2853954563313874,0.03539545633138741,0.001252838328907153,0.291422503104419,0.04142250310441897,0.0017158237634355995,0.5116959064327512,0.2616959064327512,0.06848474744365927,0,NA
