method,true_params,bivpois_eta,bivpois_estimated_ha,bivpois_bias,bivpois_mse,pc_eta,pc_bias,pc_mse,lm_eta,lm_bias,lm_mse,team_strength_correlation,mu
bivnorm,0.25,0.2179161506259223,0.29801064914783826,0.04801064914783826,0.0023050224315968224,0.30235933952573923,0.052359339525739235,0.002741500435571639,0.5555555555555547,0.3055555555555547,0.09336419753086367,0,NA
