method,true_params,bivpois_eta,bivpois_estimated_ha,bivpois_bias,bivpois_mse,pc_eta,pc_bias,pc_mse,lm_eta,lm_bias,lm_mse,team_strength_correlation,mu
bivnorm,0.25,0.03394991361700819,0.17606957129357248,-0.07393042870642752,0.005465708288716163,0.17253510963374033,-0.07746489036625967,0.00600080923945663,0.13742690058479137,-0.11257309941520863,0.012672702711946445,0,NA
