method,true_params,bivpois_eta,bivpois_estimated_ha,bivpois_bias,bivpois_mse,pc_eta,pc_bias,pc_mse,lm_eta,lm_bias,lm_mse,team_strength_correlation,mu
bivnorm,0.25,0.23901191236039407,0.31328493855952244,0.06328493855952244,0.00400498344848253,0.32512937759528426,0.07512937759528426,0.005644423377854801,0.029239766081858822,-0.22076023391814117,0.048735080879592406,0,NA
