method,true_params,bivpois_eta,bivpois_estimated_ha,bivpois_bias,bivpois_mse,pc_eta,pc_bias,pc_mse,lm_eta,lm_bias,lm_mse,team_strength_correlation,mu
bivnorm,0.25,0.06422612435908182,0.32866970121752725,0.07866970121752725,0.006188921889655009,0.3258969368035102,0.07589693680351017,0.005760345016156017,0.029239766081865633,-0.22076023391813437,0.04873508087958941,0,NA
