method,true_params,bivpois_eta,bivpois_estimated_ha,bivpois_bias,bivpois_mse,pc_eta,pc_bias,pc_mse,lm_eta,lm_bias,lm_mse,team_strength_correlation,mu
bivnorm,0.25,0.06261063507625336,0.3222414503849409,0.0722414503849409,0.005218827153719878,0.322908769939048,0.07290876993904799,0.005315688734025028,0.5321637426900696,0.2821637426900696,0.07961637768886781,0,NA
