method,true_params,bivpois_eta,bivpois_estimated_ha,bivpois_bias,bivpois_mse,pc_eta,pc_bias,pc_mse,lm_eta,lm_bias,lm_mse,team_strength_correlation,mu
bivnorm,0.25,0.046339734568031164,0.22842572010312168,-0.021574279896878323,4.6544955306884815e-4,0.22938233759668367,-0.020617662403316334,4.2508800297712387e-4,0.24269005847953773,-0.007309941520462271,5.343524503257826e-5,0,NA
