method,true_params,bivpois_eta,bivpois_estimated_ha,bivpois_bias,bivpois_mse,pc_eta,pc_bias,pc_mse,lm_eta,lm_bias,lm_mse,team_strength_correlation,mu
bivnorm,0.25,0.08731901868856819,0.11582541307302519,-0.13417458692697481,0.01800281977702432,0.12135859892243143,-0.12864140107756855,0.016548610071199857,-0.687134502923982,-0.937134502923982,0.8782210765705789,0,NA
