method,true_params,bivpois_eta,bivpois_estimated_ha,bivpois_bias,bivpois_mse,pc_eta,pc_bias,pc_mse,lm_eta,lm_bias,lm_mse,team_strength_correlation,mu
bivnorm,0.25,0.09050953127638871,0.13351983720407667,-0.11648016279592333,0.0135676283249648,0.13624816796911013,-0.11375183203088987,0.012939479290383783,1.1286549707602356,0.8786549707602356,0.7720345576416704,0,NA
