method,true_params,bivpois_eta,bivpois_estimated_ha,bivpois_bias,bivpois_mse,pc_eta,pc_bias,pc_mse,lm_eta,lm_bias,lm_mse,team_strength_correlation,mu
bivnorm,0.25,0.09926092162172345,0.1353878557360937,-0.11461214426390631,0.013135943612770472,0.14740216999265918,-0.10259783000734082,0.010526314722215204,-0.21637426900586595,-0.466374269005866,0.21750495879075585,0,NA
