method,true_params,bivpois_eta,bivpois_estimated_ha,bivpois_bias,bivpois_mse,pc_eta,pc_bias,pc_mse,lm_eta,lm_bias,lm_mse,team_strength_correlation,mu
bivnorm,0.25,0.050692226777613945,0.25380470161900437,0.003804701619004369,1.4475754409654468e-5,0.2539998116896636,0.003999811689663624,1.599849355276977e-5,0.6578947368421101,0.4078947368421101,0.16637811634349423,0,NA
