method,true_params,bivpois_eta,bivpois_estimated_ha,bivpois_bias,bivpois_mse,pc_eta,pc_bias,pc_mse,lm_eta,lm_bias,lm_mse,team_strength_correlation
bivpois,0.5370716485194862,0.44045708372033704,0.5534170979281705,0.01634544940868432,2.671737163718586e-4,0.5577023816301867,0.020630733110700517,4.2562714868495463e-4,0.3830409356725147,-0.1540307128469715,0.023725460500146192,0
