method,true_params,bivpois_eta,bivpois_estimated_ha,bivpois_bias,bivpois_mse,pc_eta,pc_bias,pc_mse,lm_eta,lm_bias,lm_mse,team_strength_correlation,mu
bivnorm,0.25,0.039280957445173535,0.2033525786883894,-0.04664742131161059,0.002175981915022902,0.20123341988945936,-0.048766580110540636,0.0023781793356777775,0.49707602339180457,0.24707602339180457,0.06104656133510756,0,NA
