method,true_params,bivpois_eta,bivpois_estimated_ha,bivpois_bias,bivpois_mse,pc_eta,pc_bias,pc_mse,lm_eta,lm_bias,lm_mse,team_strength_correlation,mu
bivnorm,0.25,0.19104382928745195,0.25226645118350777,0.002266451183507767,5.1368009672237585e-6,0.2644676453961622,0.014467645396162188,2.0931276330909295e-4,0.3187134502923939,0.0687134502923939,0.004721538251085287,0,NA
