method,true_params,bivpois_eta,bivpois_estimated_ha,bivpois_bias,bivpois_mse,pc_eta,pc_bias,pc_mse,lm_eta,lm_bias,lm_mse,team_strength_correlation,mu
bivnorm,0.25,0.2760380057601137,0.31332442456934506,0.06332442456934506,0.004009982747038673,0.31699601186173876,0.06699601186173876,0.00448846560537824,0.2543859649122756,0.004385964912275608,1.9236688211712784e-5,0,NA
