method,true_params,bivpois_eta,bivpois_estimated_ha,bivpois_bias,bivpois_mse,pc_eta,pc_bias,pc_mse,lm_eta,lm_bias,lm_mse,team_strength_correlation,mu
bivnorm,0.25,0.13245775313648717,0.18189170554595768,-0.06810829445404232,0.004638739773438531,0.1956314699186777,-0.05436853008132231,0.0029559370632036485,0.9590643274853914,0.7090643274853914,0.5027722205123104,0,NA
