method,true_params,bivpois_eta,bivpois_estimated_ha,bivpois_bias,bivpois_mse,pc_eta,pc_bias,pc_mse,lm_eta,lm_bias,lm_mse,team_strength_correlation,mu
bivnorm,0.25,0.02665953835442028,0.1367526962950727,-0.1132473037049273,0.012824951796436041,0.13415763385738635,-0.11584236614261365,0.013419453793519361,0.8479532163742736,0.5979532163742736,0.35754804897233883,0,NA
