method,true_params,bivpois_eta,bivpois_estimated_ha,bivpois_bias,bivpois_mse,pc_eta,pc_bias,pc_mse,lm_eta,lm_bias,lm_mse,team_strength_correlation,mu
bivnorm,0.25,0.2247007344406334,0.3125072629503647,0.06250726295036468,0.003907157921546034,0.3210345704649063,0.0710345704649063,0.005045910201133738,-0.4649122807017574,-0.7149122807017574,0.5110995690981883,0,NA
