method,true_params,bivpois_eta,bivpois_estimated_ha,bivpois_bias,bivpois_mse,pc_eta,pc_bias,pc_mse,lm_eta,lm_bias,lm_mse,team_strength_correlation,mu
bivpois,0.25,0.30991631983810364,0.3340718199036996,0.08407181990369961,0.007068070901920101,0.36982869166116394,0.11982869166116394,0.0143589153452263,0.20175438596491188,-0.04824561403508812,0.0023276392736226916,-0.8,1
