method,true_params,bivpois_eta,bivpois_estimated_ha,bivpois_bias,bivpois_mse,pc_eta,pc_bias,pc_mse,lm_eta,lm_bias,lm_mse,team_strength_correlation,mu
bivnorm,0.25,0.12709508466872677,0.16413478857210606,-0.08586521142789394,0.007372834533556928,0.1691931300311554,-0.08080686996884459,0.006529750234161758,-0.02046783625731563,-0.27046783625731563,0.0731528504497141,0,NA
