method,true_params,bivpois_eta,bivpois_estimated_ha,bivpois_bias,bivpois_mse,pc_eta,pc_bias,pc_mse,lm_eta,lm_bias,lm_mse,team_strength_correlation,mu
bivnorm,0.25,0.08394549053292788,0.10122495658725894,-0.14877504341274106,0.022134013542462985,0.10420457918569884,-0.14579542081430116,0.02125630473041916,0.494152046783628,0.244152046783628,0.05961022194863488,0,NA
