method,true_params,bivpois_eta,bivpois_estimated_ha,bivpois_bias,bivpois_mse,pc_eta,pc_bias,pc_mse,lm_eta,lm_bias,lm_mse,team_strength_correlation,mu
bivnorm,0.25,0.06334076362781482,0.32624474824438376,0.07624474824438376,0.005813261634849461,0.33477567781962125,0.08477567781962125,0.007186915549776223,0.8538011695906415,0.6038011695906415,0.36457585239902657,0,NA
