method,true_params,bivpois_eta,bivpois_estimated_ha,bivpois_bias,bivpois_mse,pc_eta,pc_bias,pc_mse,lm_eta,lm_bias,lm_mse,team_strength_correlation,mu
bivnorm,0.25,0.27898479551502275,0.38024090274441713,0.13024090274441713,0.01696269274768072,0.3855064811407944,0.1355064811407944,0.018362006431160465,1.7368421052631569,1.4868421052631569,2.2106994459833764,0,NA
