method,true_params,bivpois_eta,bivpois_estimated_ha,bivpois_bias,bivpois_mse,pc_eta,pc_bias,pc_mse,lm_eta,lm_bias,lm_mse,team_strength_correlation,mu
bivnorm,0.25,0.09143340550355082,0.11790911803226112,-0.13209088196773888,0.017448001099015124,0.12105741554041607,-0.12894258445958393,0.016626190087116934,0.36842105263157543,0.11842105263157543,0.014023545706370358,0,NA
