method,true_params,bivpois_eta,bivpois_estimated_ha,bivpois_bias,bivpois_mse,pc_eta,pc_bias,pc_mse,lm_eta,lm_bias,lm_mse,team_strength_correlation,mu
bivnorm,0.25,0.22456541363108565,0.2807319703270976,0.030731970327097624,9.444540001856089e-4,0.2932470291874325,0.043247029187432506,0.0018703055335386391,0.9005847953216394,0.6505847953216394,0.4232605759036994,0,NA
