method,true_params,bivpois_eta,bivpois_estimated_ha,bivpois_bias,bivpois_mse,pc_eta,pc_bias,pc_mse,lm_eta,lm_bias,lm_mse,team_strength_correlation,mu
bivnorm,0.25,0.33984695743474247,0.4350869979177503,0.1850869979177503,0.034257196798205304,0.44624481780281744,0.19624481780281744,0.03851202851446101,0.058479532163721586,-0.1915204678362784,0.03668008960022695,0,NA
