method,true_params,bivpois_eta,bivpois_estimated_ha,bivpois_bias,bivpois_mse,pc_eta,pc_bias,pc_mse,lm_eta,lm_bias,lm_mse,team_strength_correlation,mu
bivnorm,0.25,0.26199900516864433,0.34107977190436234,0.09107977190436234,0.00829552485015067,0.3432915366544641,0.0932915366544641,0.00870331081135122,1.5029239766081837,1.2529239766081837,1.5698184911596644,0,NA
