method,true_params,bivpois_eta,bivpois_estimated_ha,bivpois_bias,bivpois_mse,pc_eta,pc_bias,pc_mse,lm_eta,lm_bias,lm_mse,team_strength_correlation,mu
bivnorm,0.25,0.05055614287675201,0.25627846447897173,0.006278464478971735,3.9419116213709815e-5,0.2530821342243104,0.0030821342243104177,9.499551376665581e-6,0.4941520467836283,0.24415204678362828,0.059610221948635016,0,NA
