method,true_params,bivpois_eta,bivpois_estimated_ha,bivpois_bias,bivpois_mse,pc_eta,pc_bias,pc_mse,lm_eta,lm_bias,lm_mse,team_strength_correlation,mu
bivnorm,0.25,0.3276227567435709,0.44494235444418373,0.19494235444418373,0.03800252155624176,0.445367164081425,0.19536716408142502,0.03816832880121845,-0.5526315789473744,-0.8026315789473744,0.6442174515235553,0,NA
