method,true_params,bivpois_eta,bivpois_estimated_ha,bivpois_bias,bivpois_mse,pc_eta,pc_bias,pc_mse,lm_eta,lm_bias,lm_mse,team_strength_correlation,mu
bivpois,0.25,0.13870545937124298,0.17559036185522614,-0.07440963814477386,0.005536794248836185,0.19380671436473088,-0.056193285635269125,0.003157685350486943,-0.7134502923976633,-0.9634502923976633,0.928236465921143,-0.8,1
