true_params,bivpois_eta,bivpois_estimated_ha,bivpois_eta_bias,bivpois_eta_mse,lm_eta,lm_eta_bias,lm_eta_mse,team_strength_correlation,lambda3
0.6792612676870208,0.7344469632525531,1.0843289631902127,0.4050676955031919,0.16407983794026657,1.5643274853801268,0.885066217693106,0.7833422097015805,0,0
