method,true_params,bivpois_eta,bivpois_estimated_ha,bivpois_bias,bivpois_mse,pc_eta,pc_bias,pc_mse,lm_eta,lm_bias,lm_mse,team_strength_correlation,mu
bivnorm,0.25,0.12918704608080345,0.18134283909757332,-0.06865716090242668,0.004713805743181707,0.17884576743256175,-0.07115423256743825,0.00506292481226109,-0.6432748538011812,-0.8932748538011812,0.7979399644335217,0,NA
