method,true_params,bivpois_eta,bivpois_estimated_ha,bivpois_bias,bivpois_mse,pc_eta,pc_bias,pc_mse,lm_eta,lm_bias,lm_mse,team_strength_correlation,mu
bivnorm,0.25,0.15328622125901545,0.20339984552552082,-0.04660015447447918,0.0021715743970453223,0.20315321473312692,-0.04684678526687308,0.002194621289840517,0.04970760233917889,-0.2002923976608211,0.040117044560720495,0,NA
