method,true_params,bivpois_eta,bivpois_estimated_ha,bivpois_bias,bivpois_mse,pc_eta,pc_bias,pc_mse,lm_eta,lm_bias,lm_mse,team_strength_correlation,mu
bivnorm,0.25,0.29837638664753063,0.3991122722220797,0.14911227222207968,0.022234469727231594,0.40297911633078703,0.15297911633078703,0.023402610033348474,-0.16959064327485743,-0.4195906432748574,0.17605630792380864,0,NA
