method,true_params,bivpois_eta,bivpois_estimated_ha,bivpois_bias,bivpois_mse,pc_eta,pc_bias,pc_mse,lm_eta,lm_bias,lm_mse,team_strength_correlation,mu
bivnorm,0.25,0.2075598500484768,0.2900881816169094,0.04008818161690941,0.0016070623053503139,0.29345367023752306,0.04345367023752306,0.0018882214571113972,-0.2719298245614025,-0.5219298245614026,0.2724107417666965,0,NA
