method,true_params,bivpois_eta,bivpois_estimated_ha,bivpois_bias,bivpois_mse,pc_eta,pc_bias,pc_mse,lm_eta,lm_bias,lm_mse,team_strength_correlation,mu
bivpois,0.25,0.2253102782060949,0.27119958955944856,0.02119958955944856,4.4942259748908045e-4,0.3042267297581039,0.054226729758103887,0.0029405382202584295,0.7163742690058507,0.46637426900585066,0.21750495879074155,-0.8,1
