true_params,bivpois_eta,bivpois_estimated_ha,bivpois_eta_bias,bivpois_eta_mse,lm_eta,lm_eta_bias,lm_eta_mse,team_strength_correlation,lambda3
0.19502834619942175,0.17983559061170792,0.19702054552726023,0.0019921993278384786,3.968858161840086e-6,-0.5438596491228084,-0.7388879953222302,0.545955469631304,0,0
