method,true_params,bivpois_eta,bivpois_estimated_ha,bivpois_bias,bivpois_mse,pc_eta,pc_bias,pc_mse,lm_eta,lm_bias,lm_mse,team_strength_correlation,mu
bivnorm,0.25,0.09870585586035174,0.12660716263423977,-0.12339283736576023,0.015225792313172955,0.12737970725148784,-0.12262029274851216,0.015035736193730824,-0.47953216374269186,-0.7295321637426919,0.5322171779350938,0,NA
