method,true_params,bivpois_eta,bivpois_estimated_ha,bivpois_bias,bivpois_mse,pc_eta,pc_bias,pc_mse,lm_eta,lm_bias,lm_mse,team_strength_correlation,mu
bivnorm,0.25,0.04718059659306849,0.23766318214306104,-0.012336817856938964,1.521970748352881e-4,0.23830180423649153,-0.011698195763508473,1.3684778412136758e-4,0.17836257309940892,-0.07163742690059108,0.00513192093293753,0,NA
