method,true_params,bivpois_eta,bivpois_estimated_ha,bivpois_bias,bivpois_mse,pc_eta,pc_bias,pc_mse,lm_eta,lm_bias,lm_mse,team_strength_correlation,mu
bivnorm,0.25,0.02997180695285169,0.147220745534419,-0.102779254465581,0.010563575148500653,0.1532400148432711,-0.0967599851567289,0.009362494727530398,0.16081871345028453,-0.08918128654971547,0.00795330187066246,0,NA
