method,true_params,bivpois_eta,bivpois_estimated_ha,bivpois_bias,bivpois_mse,pc_eta,pc_bias,pc_mse,lm_eta,lm_bias,lm_mse,team_strength_correlation,mu
bivnorm,0.25,0.13507716707454917,0.16956407251564554,-0.08043592748435446,0.006469938430268329,0.17208312227655803,-0.07791687772344197,0.006071039834169807,0.4766081871345114,0.22660818713451142,0.051351270476389745,0,NA
