method,true_params,bivpois_eta,bivpois_estimated_ha,bivpois_bias,bivpois_mse,pc_eta,pc_bias,pc_mse,lm_eta,lm_bias,lm_mse,team_strength_correlation,mu
bivnorm,0.25,0.30706534558986154,0.41004902910532093,0.16004902910532093,0.025615691717555865,0.41992621505149486,0.16992621505149486,0.028874918561726876,0.5350877192982545,0.2850877192982545,0.08127500769468035,0,NA
