method,true_params,bivpois_eta,bivpois_estimated_ha,bivpois_bias,bivpois_mse,pc_eta,pc_bias,pc_mse,lm_eta,lm_bias,lm_mse,team_strength_correlation,mu
bivnorm,0.25,0.10846229648807347,0.15236223223721312,-0.09763776776278688,0.009533133693699904,0.1522343195319401,-0.09776568046805989,0.009558128277382788,0.49415204678362984,0.24415204678362984,0.05961022194863577,0,NA
