method,true_params,bivpois_eta,bivpois_estimated_ha,bivpois_bias,bivpois_mse,pc_eta,pc_bias,pc_mse,lm_eta,lm_bias,lm_mse,team_strength_correlation,mu
bivnorm,0.25,0.08929241594181633,0.09755152562225855,-0.15244847437774145,0.02324053734010089,0.0957257749886149,-0.1542742250113851,0.02380053650286348,-0.3304093567251512,-0.5804093567251511,0.33687502137410374,0,NA
