method,true_params,bivpois_eta,bivpois_estimated_ha,bivpois_bias,bivpois_mse,pc_eta,pc_bias,pc_mse,lm_eta,lm_bias,lm_mse,team_strength_correlation,mu
bivnorm,0.25,0.05044119359132981,0.25802788197337634,0.008027881973376338,6.444688897846078e-5,0.26177260532965774,0.011772605329657737,1.3859423624788575e-4,-0.40350877192982976,-0.6535087719298298,0.4270737149892343,0,NA
