method,true_params,bivpois_eta,bivpois_estimated_ha,bivpois_bias,bivpois_mse,pc_eta,pc_bias,pc_mse,lm_eta,lm_bias,lm_mse,team_strength_correlation,mu
bivnorm,0.25,0.12035770230757746,0.16745487080805943,-0.08254512919194057,0.006813698353314159,0.16858400601158058,-0.08141599398841942,0.0066285640771223476,-0.3508771929824328,-0.6008771929824328,0.3610534010464478,0,NA
