method,true_params,bivpois_eta,bivpois_estimated_ha,bivpois_bias,bivpois_mse,pc_eta,pc_bias,pc_mse,lm_eta,lm_bias,lm_mse,team_strength_correlation,mu
bivnorm,0.25,0.07732321755983847,0.10469863513341471,-0.1453013648665853,0.021112486632092548,0.10461090713590815,-0.14538909286409185,0.021137988323843525,0.16081871345029725,-0.08918128654970275,0.007953301870660193,0,NA
