method,true_params,bivpois_eta,bivpois_estimated_ha,bivpois_bias,bivpois_mse,pc_eta,pc_bias,pc_mse,lm_eta,lm_bias,lm_mse,team_strength_correlation,mu
bivnorm,0.25,0.0692410131328211,0.09072565888334982,-0.15927434111665018,0.025368315738143042,0.09401607940427269,-0.1559839205957273,0.02433098348441416,0.34210526315790196,0.09210526315790196,0.008483379501386373,0,NA
