method,true_params,bivpois_eta,bivpois_estimated_ha,bivpois_bias,bivpois_mse,pc_eta,pc_bias,pc_mse,lm_eta,lm_bias,lm_mse,team_strength_correlation,mu
bivnorm,0.25,0.10159649335544763,0.13106666371016562,-0.11893333628983438,0.014145138481030835,0.1290915043168596,-0.12090849568314041,0.014618864328359984,-0.42105263157894446,-0.6710526315789445,0.45031163434902655,0,NA
