method,true_params,bivpois_eta,bivpois_estimated_ha,bivpois_bias,bivpois_mse,pc_eta,pc_bias,pc_mse,lm_eta,lm_bias,lm_mse,team_strength_correlation,mu
bivnorm,0.25,0.17202233801116165,0.22376138204507567,-0.026238617954924326,6.884650721844772e-4,0.22682007009454225,-0.023179929905457752,5.373091504219346e-4,0.5263157894736766,0.27631578947367663,0.07635041551246119,0,NA
