method,true_params,bivpois_eta,bivpois_estimated_ha,bivpois_bias,bivpois_mse,pc_eta,pc_bias,pc_mse,lm_eta,lm_bias,lm_mse,team_strength_correlation,mu
bivpois,0,0.03502717402748897,0.03271255896205916,0.03271255896205916,0.0010701115138461968,0.0328123773824643,0.0328123773824643,0.0010766521094892547,0.5175438596491193,0.5175438596491193,0.2678516466605073,-0.8,1
