method,true_params,bivpois_eta,bivpois_estimated_ha,bivpois_bias,bivpois_mse,pc_eta,pc_bias,pc_mse,lm_eta,lm_bias,lm_mse,team_strength_correlation,mu
bivnorm,0.5,0.11341904738865059,0.60299876139951,0.10299876139951003,0.010608744849833197,0.5979646459993244,0.09796464599932442,0.00959707186577295,0.8859649122806961,0.38596491228069607,0.1489689135118454,-0.8,NA
