method,true_params,bivpois_eta,bivpois_estimated_ha,bivpois_bias,bivpois_mse,pc_eta,pc_bias,pc_mse,lm_eta,lm_bias,lm_mse,team_strength_correlation,mu
bivnorm,0.5,0.2669344497515559,0.40835805430582983,-0.09164194569417017,0.008398246210613235,0.40791758666116146,-0.09208241333883854,0.00847917084630471,-0.2368421052631561,-0.7368421052631561,0.54293628808864,-0.8,NA
