method,true_params,bivpois_eta,bivpois_estimated_ha,bivpois_bias,bivpois_mse,pc_eta,pc_bias,pc_mse,lm_eta,lm_bias,lm_mse,team_strength_correlation,mu
bivnorm,0.5,0.4989281702063487,0.7068786789196995,0.20687867891969947,0.04279878779156011,0.7167685399782008,0.21676853997820078,0.04698859992428083,0.868421052631574,0.368421052631574,0.135734072022157,-0.8,NA
