true_params,bivpois_eta,bivpois_estimated_ha,bivpois_eta_bias,bivpois_eta_mse,lm_eta,lm_eta_bias,lm_eta_mse,team_strength_correlation,lambda3
0.6770947326102069,0.6993185092347562,1.0123808211138878,0.3352860885036809,0.11241676114409815,-0.03801169590643838,-0.7151064285166453,0.511377204105832,0,0
