method,true_params,bivpois_eta,bivpois_estimated_ha,bivpois_bias,bivpois_mse,pc_eta,pc_bias,pc_mse,lm_eta,lm_bias,lm_mse,team_strength_correlation,mu
bivnorm,0.5,0.3688653048554896,0.5613784418528389,0.061378441852838916,0.003767313124282328,0.568249863936523,0.06824986393652299,0.004658043927353902,1.0906432748538115,0.5906432748538115,0.34885947813003515,-0.8,NA
