method,true_params,bivpois_eta,bivpois_estimated_ha,bivpois_bias,bivpois_mse,pc_eta,pc_bias,pc_mse,lm_eta,lm_bias,lm_mse,team_strength_correlation,mu
bivnorm,0.5,0.11888496901773936,0.6201152173037805,0.1201152173037805,0.01442766542793441,0.6166527607708839,0.11665276077088393,0.013607866595469078,0.26023391812865554,-0.23976608187134446,0.05748777401593626,-0.8,NA
