method,true_params,bivpois_eta,bivpois_estimated_ha,bivpois_bias,bivpois_mse,pc_eta,pc_bias,pc_mse,lm_eta,lm_bias,lm_mse,team_strength_correlation,mu
bivnorm,0.5,0.3214255098616716,0.4639621096472992,-0.036037890352700774,0.0012987295410732836,0.47069492520707484,-0.029305074792925156,8.587874086189374e-4,1.2017543859649125,0.7017543859649125,0.4924592182209913,-0.8,NA
