method,true_params,bivpois_eta,bivpois_estimated_ha,bivpois_bias,bivpois_mse,pc_eta,pc_bias,pc_mse,lm_eta,lm_bias,lm_mse,team_strength_correlation,mu
bivnorm,0.5,0.32215661146978863,0.4605367248737031,-0.03946327512629688,0.0015573500836938022,0.4704288222333249,-0.029571177766675116,8.744545545083007e-4,-0.07602339181287199,-0.576023391812872,0.33180294791560544,-0.8,NA
