method,true_params,bivpois_eta,bivpois_estimated_ha,bivpois_bias,bivpois_mse,pc_eta,pc_bias,pc_mse,lm_eta,lm_bias,lm_mse,team_strength_correlation,mu
bivnorm,0.5,0.4050065685538914,0.5557293847177589,0.0557293847177589,0.0031057643210199793,0.5626174446618651,0.06261744466186514,0.003920944375981743,1.4853801169590741,0.9853801169590741,0.9709739748982786,-0.8,NA
