true_params,bivpois_eta,bivpois_estimated_ha,bivpois_eta_bias,bivpois_eta_mse,lm_eta,lm_eta_bias,lm_eta_mse,team_strength_correlation,lambda3
0.5478663640375762,0.5563317175722376,0.7442623035207168,0.1963959394831406,0.038571365045465426,1.0321637426900625,0.48429737865248634,0.23454395096966973,0,0
