method,true_params,bivpois_eta,bivpois_estimated_ha,bivpois_bias,bivpois_mse,pc_eta,pc_bias,pc_mse,lm_eta,lm_bias,lm_mse,team_strength_correlation,mu
bivnorm,0.5,0.0998178765598966,0.5253825460572079,0.02538254605720791,6.442736443462809e-4,0.5157420727482982,0.015742072748298197,2.4781285441271276e-4,0.9239766081871316,0.42397660818713157,0.1797561642898645,-0.8,NA
