method,true_params,bivpois_eta,bivpois_estimated_ha,bivpois_bias,bivpois_mse,pc_eta,pc_bias,pc_mse,lm_eta,lm_bias,lm_mse,team_strength_correlation,mu
bivnorm,0.5,0.2807454897292346,0.4026195405739079,-0.09738045942609208,0.009482953878036765,0.4089005755200143,-0.0910994244799857,0.008299105140584618,0.9912280701754231,0.49122807017542314,0.24130501692827044,-0.8,NA
