method,true_params,bivpois_eta,bivpois_estimated_ha,bivpois_bias,bivpois_mse,pc_eta,pc_bias,pc_mse,lm_eta,lm_bias,lm_mse,team_strength_correlation,mu
bivnorm,0.5,0.3393311854111272,0.5041287049702701,0.0041287049702700696,1.7046204731532775e-5,0.5107802104913012,0.010780210491301179,1.1621293823676e-4,-0.5701754385964987,-1.0701754385964986,1.145275469375208,-0.8,NA
