method,true_params,bivpois_eta,bivpois_estimated_ha,bivpois_bias,bivpois_mse,pc_eta,pc_bias,pc_mse,lm_eta,lm_bias,lm_mse,team_strength_correlation,mu
bivnorm,0.5,0.0968375216736766,0.5059020051944376,0.005902005194437621,3.4833665315168657e-5,0.5105656446695268,0.010565644669526808,1.1163284728270025e-4,-0.06725146198829501,-0.567251461988295,0.3217742211278581,-0.8,NA
