method,true_params,bivpois_eta,bivpois_estimated_ha,bivpois_bias,bivpois_mse,pc_eta,pc_bias,pc_mse,lm_eta,lm_bias,lm_mse,team_strength_correlation,mu
bivnorm,0.5,0.10835166230675815,0.5584580039104088,0.058458003910408785,0.0034173382211893687,0.553091195307723,0.053091195307722994,0.002818675019202788,0.9385964912280773,0.4385964912280773,0.1923668821175809,-0.8,NA
