method,true_params,bivpois_eta,bivpois_estimated_ha,bivpois_bias,bivpois_mse,pc_eta,pc_bias,pc_mse,lm_eta,lm_bias,lm_mse,team_strength_correlation,mu
bivnorm,0.5,0.30491490803740845,0.4807786159408527,-0.019221384059147306,3.6946160514924215e-4,0.48299279268683193,-0.01700720731316807,2.8924510059307753e-4,0.017543859649109633,-0.48245614035089035,0.232763927362278,-0.8,NA
