method,true_params,bivpois_eta,bivpois_estimated_ha,bivpois_bias,bivpois_mse,pc_eta,pc_bias,pc_mse,lm_eta,lm_bias,lm_mse,team_strength_correlation,mu
bivnorm,0.5,0.0945182083172931,0.4942700272216305,-0.005729972778369508,3.283258804085557e-5,0.5004056897509974,4.056897509974178e-4,1.6458417406434683e-7,0.6111111111111098,0.11111111111110983,0.012345679012345394,-0.8,NA
