method,true_params,bivpois_eta,bivpois_estimated_ha,bivpois_bias,bivpois_mse,pc_eta,pc_bias,pc_mse,lm_eta,lm_bias,lm_mse,team_strength_correlation,mu
bivnorm,0.5,0.3121702026092423,0.4748861568283189,-0.025113843171681083,6.307051188517925e-4,0.47538289003078604,-0.024617109969213957,6.060021032363732e-4,1.0818713450292379,0.5818713450292379,0.3385742621661344,-0.8,NA
