method,true_params,bivpois_eta,bivpois_estimated_ha,bivpois_bias,bivpois_mse,pc_eta,pc_bias,pc_mse,lm_eta,lm_bias,lm_mse,team_strength_correlation
bivpois,0.9765011693816632,0.6883859517509335,0.9905001757466245,0.01399900636496132,1.9597217920622753e-4,1.0402415490487402,0.06374037966707702,0.004062836000103125,1.1198830409356784,0.14338187155401516,0.020558361090332104,0
