method,true_params,bivpois_eta,bivpois_estimated_ha,bivpois_bias,bivpois_mse,pc_eta,pc_bias,pc_mse,lm_eta,lm_bias,lm_mse,team_strength_correlation,mu
bivnorm,0.5,0.08119877624539765,0.4230795942700949,-0.0769204057299051,0.005916748817653218,0.4196968345668256,-0.0803031654331744,0.006448598378587775,-0.07602339181285883,-0.5760233918128588,0.33180294791559023,-0.8,NA
