method,true_params,bivpois_eta,bivpois_estimated_ha,bivpois_bias,bivpois_mse,pc_eta,pc_bias,pc_mse,lm_eta,lm_bias,lm_mse,team_strength_correlation,mu
bivnorm,0.5,0.37710852434701775,0.49876046479906466,-0.0012395352009353378,1.5364475143578081e-6,0.5094665681331605,0.009466568133160491,8.961591221976971e-5,-0.40058479532162267,-0.9005847953216226,0.8110529735644889,-0.8,NA
