method,true_params,bivpois_eta,bivpois_estimated_ha,bivpois_bias,bivpois_mse,pc_eta,pc_bias,pc_mse,lm_eta,lm_bias,lm_mse,team_strength_correlation,mu
bivnorm,0.5,0.09352295558804975,0.49088670579852867,-0.009113294201471334,8.305213120257103e-5,0.48696942966869866,-0.013030570331301339,1.6979576315899068e-4,0.7923976608187121,0.2923976608187121,0.08549639205225461,-0.8,NA
