method,true_params,bivpois_eta,bivpois_estimated_ha,bivpois_bias,bivpois_mse,pc_eta,pc_bias,pc_mse,lm_eta,lm_bias,lm_mse,team_strength_correlation,mu
bivnorm,0.5,0.3268664157978013,0.467139775219362,-0.03286022478063799,0.0010797943726340551,0.47330943870508924,-0.026690561294910764,7.123860622373886e-4,1.0847953216374273,0.5847953216374273,0.34198556820902204,-0.8,NA
