method,true_params,bivpois_eta,bivpois_estimated_ha,bivpois_bias,bivpois_mse,pc_eta,pc_bias,pc_mse,lm_eta,lm_bias,lm_mse,team_strength_correlation,mu
bivnorm,0.5,0.16515879745646894,0.23203845794988442,-0.2679615420501156,0.07180338801787586,0.23210370212664844,-0.26789629787335156,0.07176842641424751,0.8538011695906318,0.3538011695906318,0.125175267603699,-0.8,NA
