method,true_params,bivpois_eta,bivpois_estimated_ha,bivpois_bias,bivpois_mse,pc_eta,pc_bias,pc_mse,lm_eta,lm_bias,lm_mse,team_strength_correlation,mu
bivnorm,0.5,0.38786265634643385,0.5777706401333653,0.07777064013336532,0.006048272466753412,0.5808011687681667,0.08080116876816668,0.006528828874301754,-0.5877192982456306,-1.0877192982456307,1.1831332717759675,-0.8,NA
