method,true_params,bivpois_eta,bivpois_estimated_ha,bivpois_bias,bivpois_mse,pc_eta,pc_bias,pc_mse,lm_eta,lm_bias,lm_mse,team_strength_correlation,mu
bivnorm,0.5,0.11691602525766419,0.6118437165551533,0.11184371655515335,0.012509016932869484,0.6087938029296016,0.10879380292960161,0.011836091555884993,0.4912280701754396,-0.008771929824560376,7.694675284701183e-5,-0.8,NA
