method,true_params,bivpois_eta,bivpois_estimated_ha,bivpois_bias,bivpois_mse,pc_eta,pc_bias,pc_mse,lm_eta,lm_bias,lm_mse,team_strength_correlation,mu
bivnorm,0.5,0.09410707559594156,0.49711146254469885,-0.0028885374553011545,8.343648630677668e-6,0.4976121389841609,-0.002387861015839099,5.701880230964134e-6,1.2807017543859607,0.7807017543859607,0.6094952293013168,-0.8,NA
