method,true_params,bivpois_eta,bivpois_estimated_ha,bivpois_bias,bivpois_mse,pc_eta,pc_bias,pc_mse,lm_eta,lm_bias,lm_mse,team_strength_correlation,mu
bivpois,0.25,0.3268415930388984,0.37500707346935047,0.12500707346935047,0.015626768417371588,0.4454462283206904,0.19544622832069042,0.03819922816478345,-0.21929824561405659,-0.4692982456140566,0.22024084333643137,-0.8,1
