method,true_params,bivpois_eta,bivpois_estimated_ha,bivpois_bias,bivpois_mse,pc_eta,pc_bias,pc_mse,lm_eta,lm_bias,lm_mse,team_strength_correlation,mu
bivnorm,0.5,0.36423530405595217,0.5347869769942053,0.0347869769942053,0.0012101337683953688,0.5443836600538815,0.0443836600538815,0.0019699092797785165,-0.049707602339175386,-0.5497076023391754,0.30217844806948496,-0.8,NA
