method,true_params,bivpois_eta,bivpois_estimated_ha,bivpois_bias,bivpois_mse,pc_eta,pc_bias,pc_mse,lm_eta,lm_bias,lm_mse,team_strength_correlation,mu
bivnorm,0.5,0.2585499271711431,0.3861725378776548,-0.11382746212234518,0.012956691133213927,0.39034214672962214,-0.10965785327037786,0.01202484478386772,-0.09941520467835781,-0.5994152046783578,0.35929858759959765,-0.8,NA
