method,true_params,bivpois_eta,bivpois_estimated_ha,bivpois_bias,bivpois_mse,pc_eta,pc_bias,pc_mse,lm_eta,lm_bias,lm_mse,team_strength_correlation,mu
bivnorm,0.5,0.3417138438032112,0.5186062568610461,0.01860625686104611,3.461927943792255e-4,0.5291342691361864,0.02913426913618644,8.488056380997459e-4,-0.30994152046782775,-0.8099415204678277,0.6560052665777366,-0.8,NA
