method,true_params,bivpois_eta,bivpois_estimated_ha,bivpois_bias,bivpois_mse,pc_eta,pc_bias,pc_mse,lm_eta,lm_bias,lm_mse,team_strength_correlation,mu
bivnorm,0.5,0.17760107315507934,0.25045059803723424,-0.24954940196276576,0.06227490401997404,0.25672201993653776,-0.24327798006346224,0.05918417558375833,-0.05847953216375227,-0.5584795321637522,0.3118993878458436,-0.8,NA
