method,true_params,bivpois_eta,bivpois_estimated_ha,bivpois_bias,bivpois_mse,pc_eta,pc_bias,pc_mse,lm_eta,lm_bias,lm_mse,team_strength_correlation
bivpois,0.03435390582308173,0.1197820432547288,0.12725113281430578,0.09289722699122405,0.008629894782659006,0.1314244835341115,0.09707057771102978,0.009422697057153071,0.2426900584795435,0.20833615265646177,0.043403952503696545,0
