method,true_params,bivpois_eta,bivpois_estimated_ha,bivpois_bias,bivpois_mse,pc_eta,pc_bias,pc_mse,lm_eta,lm_bias,lm_mse,team_strength_correlation,mu
bivpois,0.25,0.3046876692814289,0.32041464179029766,0.07041464179029766,0.004958221778455934,0.3626331757156182,0.1126331757156182,0.012686232271785327,1.2046783625730897,0.9546783625730897,0.9114107759652357,-0.8,1
