method,true_params,bivpois_eta,bivpois_estimated_ha,bivpois_bias,bivpois_mse,pc_eta,pc_bias,pc_mse,lm_eta,lm_bias,lm_mse,team_strength_correlation,mu
bivnorm,0.5,0.09788766565016918,0.5133159439443373,0.013315943944337327,1.7731436312873393e-4,0.5154693307832028,0.015469330783202784,2.3930019488014524e-4,0.20760233918129234,-0.29239766081870766,0.08549639205225201,-0.8,NA
