method,true_params,bivpois_eta,bivpois_estimated_ha,bivpois_bias,bivpois_mse,pc_eta,pc_bias,pc_mse,lm_eta,lm_bias,lm_mse,team_strength_correlation,mu
bivnorm,0.5,0.3242895473879742,0.4834525655276791,-0.016547434472320877,2.738175876157533e-4,0.4895415227279055,-0.01045847727209448,1.0937974685091679e-4,-0.31871345029240405,-0.818713450292404,0.6702917136896928,-0.8,NA
