method,true_params,bivpois_eta,bivpois_estimated_ha,bivpois_bias,bivpois_mse,pc_eta,pc_bias,pc_mse,lm_eta,lm_bias,lm_mse,team_strength_correlation,mu
bivnorm,0.5,0.3235331469335642,0.48025044036989395,-0.01974955963010605,3.900451055831146e-4,0.48828275732663623,-0.01171724267336377,1.3729377586649695e-4,1.514619883040944,1.014619883040944,1.029453507062019,-0.8,NA
