method,true_params,bivpois_eta,bivpois_estimated_ha,bivpois_bias,bivpois_mse,pc_eta,pc_bias,pc_mse,lm_eta,lm_bias,lm_mse,team_strength_correlation,mu
bivnorm,0.5,0.10784354525405503,0.5722515829536077,0.07225158295360767,0.0052202912393020506,0.5768922011363616,0.07689220113636164,0.005912410595594694,0.6403508771929952,0.14035087719299522,0.019698368728843226,-0.8,NA
