method,true_params,bivpois_eta,bivpois_estimated_ha,bivpois_bias,bivpois_mse,pc_eta,pc_bias,pc_mse,lm_eta,lm_bias,lm_mse,team_strength_correlation,mu
bivnorm,0.5,0.28916042630128425,0.4352020114157238,-0.06479798858427621,0.00419877932456799,0.4344967206789996,-0.06550327932100042,0.004290679601805001,0.739766081871353,0.23976608187135295,0.05748777401594033,-0.8,NA
