method,true_params,bivpois_eta,bivpois_estimated_ha,bivpois_bias,bivpois_mse,pc_eta,pc_bias,pc_mse,lm_eta,lm_bias,lm_mse,team_strength_correlation,mu
bivnorm,0.5,0.34162772412523534,0.4888862206068061,-0.011113779393193912,1.2351609240058165e-4,0.4971873824770326,-0.002812617522967409,7.910817330503322e-6,1.0087719298245559,0.5087719298245559,0.2588488765774028,-0.8,NA
