method,true_params,bivpois_eta,bivpois_estimated_ha,bivpois_bias,bivpois_mse,pc_eta,pc_bias,pc_mse,lm_eta,lm_bias,lm_mse,team_strength_correlation,mu
bivnorm,0.5,0.11367383548035462,0.5829226919715396,0.08292269197153956,0.006876172843806832,0.5821250019813561,0.08212500198135608,0.00674451595043774,0.9064327485380111,0.40643274853801115,0.1651875790841622,-0.8,NA
