method,true_params,bivpois_eta,bivpois_estimated_ha,bivpois_bias,bivpois_mse,pc_eta,pc_bias,pc_mse,lm_eta,lm_bias,lm_mse,team_strength_correlation,mu
bivnorm,0.5,0.3069017355944269,0.43488386895559406,-0.06511613104440594,0.004240110522192248,0.44396355283157807,-0.05603644716842193,0.0031400834112593422,0.005847953216379988,-0.49415204678362,0.24418624534044098,-0.8,NA
