method,true_params,bivpois_eta,bivpois_estimated_ha,bivpois_bias,bivpois_mse,pc_eta,pc_bias,pc_mse,lm_eta,lm_bias,lm_mse,team_strength_correlation,mu
bivnorm,0.5,0.1053098272099232,0.5426148615930968,0.0426148615930968,0.0018160264285987965,0.5417558310375082,0.04175583103750824,0.0017435494256329365,0.50877192982456,0.008771929824559987,7.694675284700501e-5,-0.8,NA
