method,true_params,bivpois_eta,bivpois_estimated_ha,bivpois_bias,bivpois_mse,pc_eta,pc_bias,pc_mse,lm_eta,lm_bias,lm_mse,team_strength_correlation,mu
bivpois,0.25,0.08027468325287197,0.1038268036921195,-0.1461731963078805,0.02136660331886217,0.11919841820065828,-0.1308015817993417,0.01710905380120988,-0.0233918128655039,-0.2733918128655039,0.0747430833418867,-0.8,1
