method,true_params,bivpois_eta,bivpois_estimated_ha,bivpois_bias,bivpois_mse,pc_eta,pc_bias,pc_mse,lm_eta,lm_bias,lm_mse,team_strength_correlation,mu
bivnorm,0.5,0.12371202621872845,0.6629578461235202,0.16295784612352016,0.026555259613216874,0.6650172885035333,0.16501728850353325,0.02723070550505833,0.04093567251461534,-0.45906432748538467,0.2107400567696085,-0.8,NA
