method,true_params,bivpois_eta,bivpois_estimated_ha,bivpois_bias,bivpois_mse,pc_eta,pc_bias,pc_mse,lm_eta,lm_bias,lm_mse,team_strength_correlation,mu
bivnorm,0.5,0.3704200685945554,0.503517262146089,0.0035172621460890507,1.2371133004310955e-5,0.5063951894942922,0.006395189494292186,4.089844866790515e-5,1.2163742690058366,0.7163742690058366,0.5131920932936467,-0.8,NA
