method,true_params,bivpois_eta,bivpois_estimated_ha,bivpois_bias,bivpois_mse,pc_eta,pc_bias,pc_mse,lm_eta,lm_bias,lm_mse,team_strength_correlation,mu
bivnorm,0.5,0.0804037250839515,0.4177097411979034,-0.08229025880209662,0.006771686693716039,0.42876203685019443,-0.07123796314980557,0.005074847393733057,0.35672514619882595,-0.14327485380117405,0.0205276837317478,-0.8,NA
