method,true_params,bivpois_eta,bivpois_estimated_ha,bivpois_bias,bivpois_mse,pc_eta,pc_bias,pc_mse,lm_eta,lm_bias,lm_mse,team_strength_correlation,mu
bivnorm,0.5,0.30978080671825836,0.47645918495884887,-0.02354081504115113,5.541699728016873e-4,0.4774900955459015,-0.022509904454098506,5.066957985326438e-4,0.801169590643279,0.301169590643279,0.09070312232824022,-0.8,NA
