method,true_params,bivpois_eta,bivpois_estimated_ha,bivpois_bias,bivpois_mse,pc_eta,pc_bias,pc_mse,lm_eta,lm_bias,lm_mse,team_strength_correlation,mu
bivnorm,0.5,0.28030563892759186,0.4250749315026172,-0.07492506849738279,0.005613765889337503,0.42892850388294335,-0.07107149611705665,0.005051157560316799,0.7426900584795205,0.24269005847952052,0.05889846448479309,-0.8,NA
