method,true_params,bivpois_eta,bivpois_estimated_ha,bivpois_bias,bivpois_mse,pc_eta,pc_bias,pc_mse,lm_eta,lm_bias,lm_mse,team_strength_correlation,mu
bivnorm,0.5,0.26825285652117037,0.38702793402456437,-0.11297206597543563,0.012762687690758182,0.39216604601371935,-0.10783395398628065,0.011628161632315292,0.9532163742689951,0.4532163742689951,0.20540508190553383,-0.8,NA
