method,true_params,bivpois_eta,bivpois_estimated_ha,bivpois_bias,bivpois_mse,pc_eta,pc_bias,pc_mse,lm_eta,lm_bias,lm_mse,team_strength_correlation,mu
bivnorm,0.5,0.3599885221934439,0.5023624817880128,0.0023624817880127935,5.581320198692126e-6,0.508229508917217,0.008229508917216966,6.772481701855355e-5,-0.4502923976608208,-0.9502923976608209,0.9030556410519517,-0.8,NA
