method,true_params,bivpois_eta,bivpois_estimated_ha,bivpois_bias,bivpois_mse,pc_eta,pc_bias,pc_mse,lm_eta,lm_bias,lm_mse,team_strength_correlation,mu
bivnorm,0.5,0.41807524437542704,0.6198348709226023,0.11983487092260225,0.014360396289036743,0.6228321844237872,0.12283218442378718,0.015087745530319267,0.02923976608188259,-0.4707602339181174,0.2216151978386406,-0.8,NA
