method,true_params,bivpois_eta,bivpois_estimated_ha,bivpois_bias,bivpois_mse,pc_eta,pc_bias,pc_mse,lm_eta,lm_bias,lm_mse,team_strength_correlation,mu
bivnorm,0.5,0.4002369813935442,0.588815820272147,0.08881582027214696,0.007888249930614311,0.5923354662066058,0.09233546620660582,0.008525838319591245,0.8450292397660771,0.34502923976607713,0.11904517629355714,-0.8,NA
