method,true_params,bivpois_eta,bivpois_estimated_ha,bivpois_bias,bivpois_mse,pc_eta,pc_bias,pc_mse,lm_eta,lm_bias,lm_mse,team_strength_correlation,mu
bivnorm,0.5,0.27437305240022813,0.36723907786669785,-0.13276092213330215,0.017625462445684716,0.37310613157781275,-0.12689386842218725,0.01610205384314737,0.19883040935672355,-0.3011695906432764,0.0907031223282387,-0.8,NA
