method,true_params,bivpois_eta,bivpois_estimated_ha,bivpois_bias,bivpois_mse,pc_eta,pc_bias,pc_mse,lm_eta,lm_bias,lm_mse,team_strength_correlation,mu
bivnorm,0.5,0.2878032325199813,0.4121934555841249,-0.0878065444158751,0.0077099892422570464,0.41931984161520347,-0.08068015838479653,0.006509287956995854,1.1988304093567295,0.6988304093567295,0.48836394104169406,-0.8,NA
