method,true_params,bivpois_eta,bivpois_estimated_ha,bivpois_bias,bivpois_mse,pc_eta,pc_bias,pc_mse,lm_eta,lm_bias,lm_mse,team_strength_correlation,mu
bivnorm,0.5,0.09397568883725171,0.49449273966136786,-0.005507260338632136,3.032991643747055e-5,0.4946782965893758,-0.005321703410624212,2.8320527190649374e-5,0.3976608187134616,-0.1023391812865384,0.010473308026398972,-0.8,NA
