method,true_params,bivpois_eta,bivpois_estimated_ha,bivpois_bias,bivpois_mse,pc_eta,pc_bias,pc_mse,lm_eta,lm_bias,lm_mse,team_strength_correlation,mu
bivnorm,0.5,0.1033244507673499,0.550640034761229,0.050640034761229025,0.002564413120618484,0.550436292323772,0.050436292323772,0.0025438195833689826,0.8888888888888822,0.3888888888888822,0.15123456790122936,-0.8,NA
