method,true_params,bivpois_eta,bivpois_estimated_ha,bivpois_bias,bivpois_mse,pc_eta,pc_bias,pc_mse,lm_eta,lm_bias,lm_mse,team_strength_correlation,mu
bivnorm,0.5,0.28916010413083787,0.41906311268328045,-0.08093688731671955,0.006550779728519358,0.4154461592487126,-0.08455384075128741,0.007149351985794072,0.5380116959064475,0.038011695906447485,0.0014448890256842364,-0.8,NA
