method,true_params,bivpois_eta,bivpois_estimated_ha,bivpois_bias,bivpois_mse,pc_eta,pc_bias,pc_mse,lm_eta,lm_bias,lm_mse,team_strength_correlation,mu
bivnorm,0.5,0.4713753356903771,0.6554957526423664,0.15549575264236637,0.024178929089815986,0.6695433278295205,0.16954332782952053,0.02874494001150827,-0.8011695906432801,-1.30116959064328,1.693042303614801,-0.8,NA
