method,true_params,bivpois_eta,bivpois_estimated_ha,bivpois_bias,bivpois_mse,pc_eta,pc_bias,pc_mse,lm_eta,lm_bias,lm_mse,team_strength_correlation,mu
bivnorm,0.5,0.2863182290567263,0.41607634878214905,-0.08392365121785095,0.007043179233735495,0.4239528794793327,-0.07604712052066731,0.005783164539484899,-0.029239766081887435,-0.5292397660818874,0.28009473000241086,-0.8,NA
