method,true_params,bivpois_eta,bivpois_estimated_ha,bivpois_bias,bivpois_mse,pc_eta,pc_bias,pc_mse,lm_eta,lm_bias,lm_mse,team_strength_correlation,mu
bivnorm,0.5,0.35999839569746594,0.5034099458219636,0.0034099458219636336,1.162773050872724e-5,0.5074843190962064,0.007484319096206393,5.6015032333839685e-5,1.7690058479532171,1.2690058479532171,1.6103758421394636,-0.8,NA
