method,true_params,bivpois_eta,bivpois_estimated_ha,bivpois_bias,bivpois_mse,pc_eta,pc_bias,pc_mse,lm_eta,lm_bias,lm_mse,team_strength_correlation,mu
bivnorm,0.5,0.08424607452821524,0.45509206132908453,-0.04490793867091547,0.002016722955670705,0.44766599754253045,-0.05233400245746955,0.002738847813218429,0.05555555555554675,-0.44444444444445325,0.19753086419753868,-0.8,NA
