method,true_params,bivpois_eta,bivpois_estimated_ha,bivpois_bias,bivpois_mse,pc_eta,pc_bias,pc_mse,lm_eta,lm_bias,lm_mse,team_strength_correlation,mu
bivpois,0.25,0.32650732712730335,0.34790782837370604,0.09790782837370604,0.009585942856855078,0.3747180445593218,0.12471804455932178,0.015554590638700974,0.3070175438596437,0.05701754385964369,0.0032510003077863923,-0.8,1
