method,true_params,bivpois_eta,bivpois_estimated_ha,bivpois_bias,bivpois_mse,pc_eta,pc_bias,pc_mse,lm_eta,lm_bias,lm_mse,team_strength_correlation,mu
bivnorm,0.5,0.3510551732472668,0.5170825497451519,0.017082549745151887,2.918135057955888e-4,0.5281794039930053,0.028179403993005336,7.940788094010051e-4,1.134502923976621,0.6345029239766209,0.40259396053488156,-0.8,NA
