method,true_params,bivpois_eta,bivpois_estimated_ha,bivpois_bias,bivpois_mse,pc_eta,pc_bias,pc_mse,lm_eta,lm_bias,lm_mse,team_strength_correlation,mu
bivnorm,0.5,0.3330200893178063,0.4951166821971713,-0.0048833178028286905,2.384679276342363e-5,0.4984016909093861,-0.0015983090906139252,2.554591949139113e-6,1.2748538011695933,0.7748538011695933,0.6003984131869677,-0.8,NA
