method,true_params,bivpois_eta,bivpois_estimated_ha,bivpois_bias,bivpois_mse,pc_eta,pc_bias,pc_mse,lm_eta,lm_bias,lm_mse,team_strength_correlation,mu
bivnorm,0.5,0.3060453611690689,0.48161931108762635,-0.018380688912373655,3.378497248934558e-4,0.48427005855440536,-0.015729941445594642,2.4743105788183604e-4,-0.8157894736842102,-1.3157894736842102,1.7313019390581708,-0.8,NA
