method,true_params,bivpois_eta,bivpois_estimated_ha,bivpois_bias,bivpois_mse,pc_eta,pc_bias,pc_mse,lm_eta,lm_bias,lm_mse,team_strength_correlation,mu
bivnorm,0.5,0.3321605426113222,0.44926695721026166,-0.050733042789738336,0.002573841630705421,0.46076067036404733,-0.03923932963595267,0.0015397249902789534,1.6549707602339294,1.1549707602339294,1.333957456995341,-0.8,NA
