method,true_params,bivpois_eta,bivpois_estimated_ha,bivpois_bias,bivpois_mse,pc_eta,pc_bias,pc_mse,lm_eta,lm_bias,lm_mse,team_strength_correlation,mu
bivnorm,0.5,0.34817384161846276,0.4818946041248868,-0.018105395875113173,3.278053597945651e-4,0.49181848310016973,-0.008181516899830266,6.693721878220824e-5,0.6754385964912402,0.17543859649124016,0.030778701138816186,-0.8,NA
