method,true_params,bivpois_eta,bivpois_estimated_ha,bivpois_bias,bivpois_mse,pc_eta,pc_bias,pc_mse,lm_eta,lm_bias,lm_mse,team_strength_correlation,mu
bivnorm,0.5,0.40384349919622503,0.580106666102282,0.08010666610228201,0.0064170779540224975,0.5901681341103955,0.09016813411039548,0.008130292408950265,0.1783625730994248,-0.3216374269005752,0.10345063438322284,-0.8,NA
