method,true_params,bivpois_eta,bivpois_estimated_ha,bivpois_bias,bivpois_mse,pc_eta,pc_bias,pc_mse,lm_eta,lm_bias,lm_mse,team_strength_correlation,mu
bivnorm,0.5,0.32193437977553857,0.45167725194654684,-0.04832274805345316,0.0023350879794375107,0.45838981205325013,-0.041610187946749866,0.001731407740963848,0.2134502923976498,-0.2865497076023502,0.0821107349269924,-0.8,NA
