method,true_params,bivpois_eta,bivpois_estimated_ha,bivpois_bias,bivpois_mse,pc_eta,pc_bias,pc_mse,lm_eta,lm_bias,lm_mse,team_strength_correlation,mu
bivnorm,0.5,0.09172466622707756,0.4801303237535839,-0.019869676246416113,3.948040341373927e-4,0.4795826113971194,-0.020417388602880615,4.168697573610392e-4,0.30116959064329457,-0.19883040935670543,0.039533531684955055,-0.8,NA
