method,true_params,bivpois_eta,bivpois_estimated_ha,bivpois_bias,bivpois_mse,pc_eta,pc_bias,pc_mse,lm_eta,lm_bias,lm_mse,team_strength_correlation,mu
bivnorm,0.5,0.3548065493341976,0.5214674090551648,0.021467409055164755,4.608496515417697e-4,0.520223799944019,0.020223799944019016,4.0900208417570357e-4,0.3625730994152,-0.1374269005848,0.018886153004344503,-0.4,NA
