method,true_params,bivpois_eta,bivpois_estimated_ha,bivpois_bias,bivpois_mse,pc_eta,pc_bias,pc_mse,lm_eta,lm_bias,lm_mse,team_strength_correlation,mu
bivnorm,0.5,0.27882631878451036,0.3934736358454709,-0.1065263641545291,0.011347866259983342,0.4046217714058656,-0.09537822859413442,0.00909700648975496,-0.5029239766081788,-1.0029239766081788,1.0058565028555628,-0.4,NA
