method,true_params,bivpois_eta,bivpois_estimated_ha,bivpois_bias,bivpois_mse,pc_eta,pc_bias,pc_mse,lm_eta,lm_bias,lm_mse,team_strength_correlation,mu
bivnorm,0.5,0.32679236711446313,0.49247594452388843,-0.0075240554761115686,5.6611410807604484e-5,0.5046989472258437,0.0046989472258437415,2.2080105031264595e-5,0.4385964912280615,-0.06140350877193851,0.0037703908895055293,-0.4,NA
