method,true_params,bivpois_eta,bivpois_estimated_ha,bivpois_bias,bivpois_mse,pc_eta,pc_bias,pc_mse,lm_eta,lm_bias,lm_mse,team_strength_correlation,mu
bivnorm,0.5,0.36199473013674,0.533523528225986,0.03352352822598603,0.0011238269447184821,0.5449282046821521,0.044928204682152084,0.0020185435759613526,1.0643274853801206,0.5643274853801206,0.3184655107554502,-0.4,NA
