method,true_params,bivpois_eta,bivpois_estimated_ha,bivpois_bias,bivpois_mse,pc_eta,pc_bias,pc_mse,lm_eta,lm_bias,lm_mse,team_strength_correlation,mu
bivpois,0.25,0.12115241113834399,0.13227825111084268,-0.11772174888915732,0.013858410161521813,0.1494285286315157,-0.1005714713684843,0.010114620853221856,-0.05263157894736755,-0.30263157894736753,0.09158587257617674,-0.8,1
