true_params,bivpois_eta,bivpois_estimated_ha,bivpois_eta_bias,bivpois_eta_mse,lm_eta,lm_eta_bias,lm_eta_mse,team_strength_correlation,lambda3
0.2872824775612623,0.2431603078185485,0.27527304397270425,-0.01200943358855805,1.4422649511798628e-4,0.295321637426893,0.008039159865630696,6.462809134516736e-5,0,0
