method,true_params,bivpois_eta,bivpois_estimated_ha,bivpois_bias,bivpois_mse,pc_eta,pc_bias,pc_mse,lm_eta,lm_bias,lm_mse,team_strength_correlation,mu
bivnorm,0.5,0.47723609288925106,0.6660968340554532,0.16609683405545317,0.02758815828324475,0.6857191755803828,0.18571917558038276,0.03449161217825704,0.35380116959064417,-0.14619883040935583,0.021374098013063586,-0.4,NA
