method,true_params,bivpois_eta,bivpois_estimated_ha,bivpois_bias,bivpois_mse,pc_eta,pc_bias,pc_mse,lm_eta,lm_bias,lm_mse,team_strength_correlation,mu
bivnorm,0.5,0.10497222779297925,0.5589418790947134,0.05894187909471338,0.00347414511121581,0.5575364437578477,0.05753644375784772,0.003310442360299974,0.04385964912280944,-0.45614035087719057,0.20806401969836652,-0.4,NA
