method,true_params,bivpois_eta,bivpois_estimated_ha,bivpois_bias,bivpois_mse,pc_eta,pc_bias,pc_mse,lm_eta,lm_bias,lm_mse,team_strength_correlation,mu
bivnorm,0.5,0.31642394757706865,0.4447208374752041,-0.05527916252479592,0.003055785809442802,0.45204707623460266,-0.04795292376539734,0.002299482897650009,-0.4415204678362663,-0.9415204678362663,0.8864607913546217,-0.4,NA
