method,true_params,bivpois_eta,bivpois_estimated_ha,bivpois_bias,bivpois_mse,pc_eta,pc_bias,pc_mse,lm_eta,lm_bias,lm_mse,team_strength_correlation,mu
bivnorm,0.5,0.35454552519057225,0.47237024223746826,-0.027629757762531737,7.634035140161828e-4,0.4765003287056855,-0.023499671294314517,5.522345509408297e-4,1.1929824561403508,0.6929824561403508,0.48022468451831324,-0.4,NA
