method,true_params,bivpois_eta,bivpois_estimated_ha,bivpois_bias,bivpois_mse,pc_eta,pc_bias,pc_mse,lm_eta,lm_bias,lm_mse,team_strength_correlation,mu
bivnorm,0.5,0.36180517087065917,0.505707615009584,0.005707615009584055,3.257686909762919e-5,0.5118464276750105,0.01184642767501054,1.4033784865925564e-4,0.31871345029240256,-0.18128654970759744,0.0328648131048852,-0.4,NA
