method,true_params,bivpois_eta,bivpois_estimated_ha,bivpois_bias,bivpois_mse,pc_eta,pc_bias,pc_mse,lm_eta,lm_bias,lm_mse,team_strength_correlation,mu
bivnorm,0.5,0.08516780591143107,0.45199938812773954,-0.04800061187226046,0.0023040587401113913,0.44608549583072066,-0.05391450416927934,0.0029067737598192397,0.7807017543859744,0.28070175438597444,0.07879347491536393,-0.4,NA
