method,true_params,bivpois_eta,bivpois_estimated_ha,bivpois_bias,bivpois_mse,pc_eta,pc_bias,pc_mse,lm_eta,lm_bias,lm_mse,team_strength_correlation,mu
bivnorm,0.5,0.3062855908619879,0.4503970787837843,-0.04960292121621568,0.0024604497931820994,0.4529576264778936,-0.047042373522106384,0.0022129849065933758,0.9415204678362437,0.44152046783624366,0.19494032351833546,-0.4,NA
