method,true_params,bivpois_eta,bivpois_estimated_ha,bivpois_bias,bivpois_mse,pc_eta,pc_bias,pc_mse,lm_eta,lm_bias,lm_mse,team_strength_correlation,mu
bivnorm,0.5,0.2967623320138516,0.4341617901760435,-0.0658382098239565,0.004334669872823322,0.4366984147264172,-0.06330158527358282,0.0040070906981486765,0.7368421052631613,0.2368421052631613,0.05609418282548637,-0.4,NA
