method,true_params,bivpois_eta,bivpois_estimated_ha,bivpois_bias,bivpois_mse,pc_eta,pc_bias,pc_mse,lm_eta,lm_bias,lm_mse,team_strength_correlation,mu
bivnorm,0.5,0.4121655738181565,0.6013210971184451,0.10132109711844506,0.010265964721285376,0.6149663733282268,0.11496637332822679,0.013217266996245217,0.6549707602339059,0.15497076023390588,0.024015936527474743,-0.4,NA
