method,true_params,bivpois_eta,bivpois_estimated_ha,bivpois_bias,bivpois_mse,pc_eta,pc_bias,pc_mse,lm_eta,lm_bias,lm_mse,team_strength_correlation,mu
bivnorm,0.5,0.4621355398732949,0.6899907798883749,0.18999077988837487,0.03609649644259291,0.6938509791267986,0.1938509791267986,0.03757820210841851,0.3391812865496981,-0.1608187134503019,0.025862658595810314,-0.4,NA
