method,true_params,bivpois_eta,bivpois_estimated_ha,bivpois_bias,bivpois_mse,pc_eta,pc_bias,pc_mse,lm_eta,lm_bias,lm_mse,team_strength_correlation,mu
bivnorm,0.5,0.37520020125454934,0.5514946005183907,0.05149460051839072,0.002651693882548646,0.5598436713791722,0.059843671379172236,0.003581265004138358,0.9883040935672511,0.48830409356725113,0.23844088779453473,-0.4,NA
