method,true_params,bivpois_eta,bivpois_estimated_ha,bivpois_bias,bivpois_mse,pc_eta,pc_bias,pc_mse,lm_eta,lm_bias,lm_mse,team_strength_correlation,mu
bivnorm,0.5,0.2665815054354099,0.42025126934664403,-0.07974873065335597,0.006359860040821518,0.4233137721709328,-0.0766862278290672,0.005880777538651601,-0.13742690058479792,-0.6374269005847979,0.4063130535891418,-0.4,NA
