method,true_params,bivpois_eta,bivpois_estimated_ha,bivpois_bias,bivpois_mse,pc_eta,pc_bias,pc_mse,lm_eta,lm_bias,lm_mse,team_strength_correlation,mu
bivnorm,0.5,0.35856835730952696,0.537286616922483,0.03728661692248303,0.0013902918015239979,0.5439595249453182,0.043959524945318185,0.0019324398334180518,0.5614035087719177,0.06140350877191769,0.0037703908895029728,-0.4,NA
