method,true_params,bivpois_eta,bivpois_estimated_ha,bivpois_bias,bivpois_mse,pc_eta,pc_bias,pc_mse,lm_eta,lm_bias,lm_mse,team_strength_correlation,mu
bivnorm,0.5,0.07621729327557814,0.4026817762096835,-0.09731822379031652,0.009470836681702127,0.4028473295187978,-0.09715267048120219,0.009438641381629054,0.33040935672514216,-0.16959064327485784,0.028760986286380085,-0.4,NA
