method,true_params,bivpois_eta,bivpois_estimated_ha,bivpois_bias,bivpois_mse,pc_eta,pc_bias,pc_mse,lm_eta,lm_bias,lm_mse,team_strength_correlation,mu
bivnorm,0.5,0.4585867202249341,0.6826051019549724,0.18260510195497237,0.033344623259985856,0.6831899847586522,0.18318998475865222,0.033558570515875234,0.8508771929824417,0.3508771929824417,0.12311480455523763,-0.4,NA
