method,true_params,bivpois_eta,bivpois_estimated_ha,bivpois_bias,bivpois_mse,pc_eta,pc_bias,pc_mse,lm_eta,lm_bias,lm_mse,team_strength_correlation,mu
bivnorm,0.5,0.29079841209888213,0.43149065927765995,-0.06850934072234005,0.004693529766209681,0.44050049958888204,-0.059499500411117956,0.0035401905491726257,-0.31871345029239906,-0.8187134502923991,0.6702917136896845,-0.4,NA
