method,true_params,bivpois_eta,bivpois_estimated_ha,bivpois_bias,bivpois_mse,pc_eta,pc_bias,pc_mse,lm_eta,lm_bias,lm_mse,team_strength_correlation,mu
bivpois,0.25,0.3160284617737193,0.3312722869040001,0.08127228690400012,0.00660518461860611,0.37399583894502675,0.12399583894502675,0.015374968075681013,0.9181286549707484,0.6681286549707484,0.4463958995930213,-0.8,1
