method,true_params,bivpois_eta,bivpois_estimated_ha,bivpois_bias,bivpois_mse,pc_eta,pc_bias,pc_mse,lm_eta,lm_bias,lm_mse,team_strength_correlation,mu
bivnorm,0.5,0.33384315084071003,0.4987489220634638,-0.0012510779365362268,1.565196003287743e-6,0.5062357883040801,0.006235788304080114,3.888505577330235e-5,1.0526315789473712,0.5526315789473712,0.30540166204986463,-0.4,NA
