method,true_params,bivpois_eta,bivpois_estimated_ha,bivpois_bias,bivpois_mse,pc_eta,pc_bias,pc_mse,lm_eta,lm_bias,lm_mse,team_strength_correlation,mu
bivnorm,0.5,0.35284778214393925,0.49301956140560255,-0.006980438594397453,4.87265229701535e-5,0.4980429923216065,-0.0019570076783935186,3.829879053291189e-6,0.8362573099415159,0.3362573099415159,0.1130689784891047,-0.4,NA
