method,true_params,bivpois_eta,bivpois_estimated_ha,bivpois_bias,bivpois_mse,pc_eta,pc_bias,pc_mse,lm_eta,lm_bias,lm_mse,team_strength_correlation,mu
bivnorm,0.5,0.36517093923182387,0.5338799687442513,0.033879968744251254,0.0011478522821114418,0.5358978979370348,0.035897897937034795,0.001288659076297767,1.0672514619883209,0.5672514619883209,0.32177422112788745,-0.4,NA
