method,true_params,bivpois_eta,bivpois_estimated_ha,bivpois_bias,bivpois_mse,pc_eta,pc_bias,pc_mse,lm_eta,lm_bias,lm_mse,team_strength_correlation,mu
bivnorm,0.5,0.10094857957528715,0.5436592757625034,0.04365927576250339,0.0019061323601063161,0.5482449399821941,0.048244939982194146,0.0023275742338855153,0.7309941520467733,0.23099415204677332,0.05335829827980783,-0.4,NA
