method,true_params,bivpois_eta,bivpois_estimated_ha,bivpois_bias,bivpois_mse,pc_eta,pc_bias,pc_mse,lm_eta,lm_bias,lm_mse,team_strength_correlation,mu
bivnorm,0.5,0.37192523151169943,0.49627538380629677,-0.003724616193703234,1.3872765790396367e-5,0.5100052751506626,0.01000527515066263,1.001055308404671e-4,-0.1228070175438737,-0.6228070175438737,0.387888581101895,-0.4,NA
