method,true_params,bivpois_eta,bivpois_estimated_ha,bivpois_bias,bivpois_mse,pc_eta,pc_bias,pc_mse,lm_eta,lm_bias,lm_mse,team_strength_correlation,mu
bivnorm,0.5,0.3504528849314801,0.5392024205691399,0.03920242056913992,0.0015368297784797244,0.5585834321834395,0.05858343218343953,0.0034320185263916588,0.2748538011695774,-0.22514619883042258,0.05069081084778818,-0.4,NA
