method,true_params,bivpois_eta,bivpois_estimated_ha,bivpois_bias,bivpois_mse,pc_eta,pc_bias,pc_mse,lm_eta,lm_bias,lm_mse,team_strength_correlation,mu
bivnorm,0.5,0.3730438099367801,0.5352442629463057,0.03524426294630567,0.001242158070628335,0.5463660229325977,0.04636602293259773,0.0021498080825861784,-0.27192982456140047,-0.7719298245614005,0.5958756540473945,-0.4,NA
