method,true_params,bivpois_eta,bivpois_estimated_ha,bivpois_bias,bivpois_mse,pc_eta,pc_bias,pc_mse,lm_eta,lm_bias,lm_mse,team_strength_correlation,mu
bivnorm,0.5,0.3683386931986452,0.5172923784704664,0.017292378470466385,2.9902635316584935e-4,0.516024928454805,0.016024928454804965,2.5679833198161785e-4,0.8713450292397602,0.3713450292397602,0.13789713074107837,-0.4,NA
