method,true_params,bivpois_eta,bivpois_estimated_ha,bivpois_bias,bivpois_mse,pc_eta,pc_bias,pc_mse,lm_eta,lm_bias,lm_mse,team_strength_correlation,mu
bivnorm,0.5,0.39358192092320415,0.5504531843956388,0.05045318439563884,0.0025455238156603345,0.5547925892150822,0.05479258921508223,0.0030022278328927458,0.16374269005848005,-0.3362573099415199,0.1130689784891074,-0.4,NA
