method,true_params,bivpois_eta,bivpois_estimated_ha,bivpois_bias,bivpois_mse,pc_eta,pc_bias,pc_mse,lm_eta,lm_bias,lm_mse,team_strength_correlation,mu
bivnorm,0.5,0.26936787877869267,0.39647060510565013,-0.10352939489434987,0.010718335607190236,0.4032697767141744,-0.09673022328582559,0.009356736096925675,1.1081871345029282,0.6081871345029282,0.36989159057488286,-0.4,NA
