method,true_params,bivpois_eta,bivpois_estimated_ha,bivpois_bias,bivpois_mse,pc_eta,pc_bias,pc_mse,lm_eta,lm_bias,lm_mse,team_strength_correlation,mu
bivnorm,0.5,0.42335570608800904,0.6065427036303512,0.10654270363035123,0.011351347696864857,0.6199101995923352,0.11991019959233518,0.014378455966273658,0.8157894736842188,0.31578947368421884,0.09972299168975594,-0.4,NA
