method,true_params,bivpois_eta,bivpois_estimated_ha,bivpois_bias,bivpois_mse,pc_eta,pc_bias,pc_mse,lm_eta,lm_bias,lm_mse,team_strength_correlation,mu
bivnorm,0.5,0.30592612463215346,0.46226175733347485,-0.037738242666525146,0.001424174959557539,0.4639203804122296,-0.036079619587770395,0.0013017389495982251,1.2631578947368434,0.7631578947368434,0.5824099722991709,-0.4,NA
