method,true_params,bivpois_eta,bivpois_estimated_ha,bivpois_bias,bivpois_mse,pc_eta,pc_bias,pc_mse,lm_eta,lm_bias,lm_mse,team_strength_correlation,mu
bivpois,0.25,0.22979160314851055,0.2456525803474503,-0.0043474196525497,1.8900057635375353e-5,0.2978977833852025,0.04789778338520251,0.0022941976532157814,-0.1052631578947385,-0.3552631578947385,0.1262119113573419,-0.8,1
