method,true_params,bivpois_eta,bivpois_estimated_ha,bivpois_bias,bivpois_mse,pc_eta,pc_bias,pc_mse,lm_eta,lm_bias,lm_mse,team_strength_correlation,mu
bivnorm,0.5,0.43196172914485564,0.5773725922553281,0.07737259225532811,0.005986518032309259,0.5897762479025704,0.08977624790257044,0.008059774687463783,0.12865497076022775,-0.37134502923977225,0.1378971307410873,-0.4,NA
