method,true_params,bivpois_eta,bivpois_estimated_ha,bivpois_bias,bivpois_mse,pc_eta,pc_bias,pc_mse,lm_eta,lm_bias,lm_mse,team_strength_correlation,mu
bivnorm,0.5,0.07449410591735756,0.38736233913960927,-0.11263766086039073,0.012687242644100398,0.38687011783696396,-0.11312988216303604,0.01279837023822242,0.014619883040924285,-0.48538011695907574,0.23559385793920604,-0.4,NA
