method,true_params,bivpois_eta,bivpois_estimated_ha,bivpois_bias,bivpois_mse,pc_eta,pc_bias,pc_mse,lm_eta,lm_bias,lm_mse,team_strength_correlation,mu
bivnorm,0.5,0.2506286704276666,0.3654823029715515,-0.1345176970284485,0.018095010813837464,0.3743822310577918,-0.12561776894220822,0.015779823874018013,0.9210526315789573,0.42105263157895734,0.17728531855956517,-0.4,NA
