method,true_params,bivpois_eta,bivpois_estimated_ha,bivpois_bias,bivpois_mse,pc_eta,pc_bias,pc_mse,lm_eta,lm_bias,lm_mse,team_strength_correlation,mu
bivnorm,0.5,0.09803608970160443,0.5205505501609506,0.020550550160950642,4.223251119177485e-4,0.5216194291845178,0.021619429184517758,4.6739971826437817e-4,1.0292397660818677,0.5292397660818677,0.2800947300023901,-0.4,NA
