method,true_params,bivpois_eta,bivpois_estimated_ha,bivpois_bias,bivpois_mse,pc_eta,pc_bias,pc_mse,lm_eta,lm_bias,lm_mse,team_strength_correlation,mu
bivnorm,0.5,0.10569393064097841,0.5415365655445727,0.041536565544572746,0.0017252862772385877,0.5323983619017407,0.032398361901740724,0.0010496538539161648,-0.09064327485379065,-0.5906432748537906,0.3488594781300105,-0.4,NA
