method,true_params,bivpois_eta,bivpois_estimated_ha,bivpois_bias,bivpois_mse,pc_eta,pc_bias,pc_mse,lm_eta,lm_bias,lm_mse,team_strength_correlation,mu
bivnorm,0.5,0.3751447332369712,0.5464820404926292,0.04648204049262916,0.002160580088358417,0.545698150114108,0.04569815011410805,0.0020883209238515537,-0.2807017543859733,-0.7807017543859733,0.6094952293013366,-0.4,NA
