method,true_params,bivpois_eta,bivpois_estimated_ha,bivpois_bias,bivpois_mse,pc_eta,pc_bias,pc_mse,lm_eta,lm_bias,lm_mse,team_strength_correlation,mu
bivnorm,0.5,0.42328577051539407,0.5838989597995605,0.08389895979956052,0.007039035455448273,0.5894281480303716,0.08942814803037158,0.007997393660142052,0.12280701754387195,-0.37719298245612803,0.1422745460141489,-0.4,NA
