method,true_params,bivpois_eta,bivpois_estimated_ha,bivpois_bias,bivpois_mse,pc_eta,pc_bias,pc_mse,lm_eta,lm_bias,lm_mse,team_strength_correlation,mu
bivnorm,0.5,0.35055953846840776,0.5144845364771564,0.014484536477156418,2.0980179695807486e-4,0.5252607657517401,0.025260765751740077,6.381062863642844e-4,0.03216374269006459,-0.4678362573099354,0.21887076365376806,-0.4,NA
