method,true_params,bivpois_eta,bivpois_estimated_ha,bivpois_bias,bivpois_mse,pc_eta,pc_bias,pc_mse,lm_eta,lm_bias,lm_mse,team_strength_correlation,mu
bivnorm,0.5,0.3928547768919891,0.5850967599034982,0.08509675990349819,0.007241458546073617,0.5994799264807955,0.09947992648079551,0.00989625577262448,1.2777777777777868,0.7777777777777868,0.6049382716049523,-0.4,NA
