method,true_params,bivpois_eta,bivpois_estimated_ha,bivpois_bias,bivpois_mse,pc_eta,pc_bias,pc_mse,lm_eta,lm_bias,lm_mse,team_strength_correlation,mu
bivnorm,0.5,0.07997738412623341,0.41556974227413956,-0.08443025772586044,0.007128468419655216,0.42271811297256884,-0.07728188702743116,0.005972490062520633,0.36257309941520705,-0.13742690058479295,0.018886153004342567,-0.4,NA
