method,true_params,bivpois_eta,bivpois_estimated_ha,bivpois_bias,bivpois_mse,pc_eta,pc_bias,pc_mse,lm_eta,lm_bias,lm_mse,team_strength_correlation,mu
bivnorm,0.5,0.24808328784544714,0.3449133730014122,-0.15508662699858777,0.024051861873799093,0.35396055709125074,-0.14603944290874926,0.021327518885097835,-0.1725146198830368,-0.6725146198830367,0.4522759139564254,-0.4,NA
