method,true_params,bivpois_eta,bivpois_estimated_ha,bivpois_bias,bivpois_mse,pc_eta,pc_bias,pc_mse,lm_eta,lm_bias,lm_mse,team_strength_correlation,mu
bivnorm,0.5,0.3721283397557964,0.5378571727956669,0.037857172795666916,0.0014331655320809831,0.5475402778049565,0.04754027780495651,0.0022600780137724407,0.33625730994152225,-0.16374269005847775,0.026811668547586705,-0.4,NA
