method,true_params,bivpois_eta,bivpois_estimated_ha,bivpois_bias,bivpois_mse,pc_eta,pc_bias,pc_mse,lm_eta,lm_bias,lm_mse,team_strength_correlation,mu
bivnorm,0.5,0.448350454668502,0.6102758631824818,0.11027586318248184,0.012160766000641454,0.6171269828514524,0.1171269828514524,0.013718730111884424,0.42690058479532483,-0.07309941520467517,0.005343524503265495,-0.4,NA
