method,true_params,bivpois_eta,bivpois_estimated_ha,bivpois_bias,bivpois_mse,pc_eta,pc_bias,pc_mse,lm_eta,lm_bias,lm_mse,team_strength_correlation,mu
bivnorm,0.5,0.3442311003462123,0.4945934477573328,-0.005406552242667173,2.923080715268944e-5,0.5069256891716662,0.006925689171666249,4.796517050253514e-5,0.5497076023391709,0.04970760233917093,0.0024708457303091514,-0.4,NA
