method,true_params,bivpois_eta,bivpois_estimated_ha,bivpois_bias,bivpois_mse,pc_eta,pc_bias,pc_mse,lm_eta,lm_bias,lm_mse,team_strength_correlation,mu
bivnorm,0.5,0.37254444614286997,0.5178766292228367,0.017876629222836726,3.1957387237078e-4,0.5274774842235079,0.02747748422350793,7.550121392531273e-4,-0.19005847953216495,-0.6900584795321649,0.47618070517424327,-0.4,NA
