method,true_params,bivpois_eta,bivpois_estimated_ha,bivpois_bias,bivpois_mse,pc_eta,pc_bias,pc_mse,lm_eta,lm_bias,lm_mse,team_strength_correlation,mu
bivnorm,0.5,0.30776007550376683,0.4663280688836742,-0.033671931116325826,0.0011337989451025913,0.47282771177437194,-0.02717228822562806,7.383332474166053e-4,0.3070175438596428,-0.1929824561403572,0.03724222837796489,-0.4,NA
