method,true_params,bivpois_eta,bivpois_estimated_ha,bivpois_bias,bivpois_mse,pc_eta,pc_bias,pc_mse,lm_eta,lm_bias,lm_mse,team_strength_correlation,mu
bivnorm,0.5,0.25718595091863944,0.38705310239186486,-0.11294689760813514,0.012757001679302564,0.3976976552210518,-0.10230234477894817,0.010465769747270785,0.6725146198830301,0.17251461988303007,0.029761294073386357,-0.4,NA
