method,true_params,bivpois_eta,bivpois_estimated_ha,bivpois_bias,bivpois_mse,pc_eta,pc_bias,pc_mse,lm_eta,lm_bias,lm_mse,team_strength_correlation,mu
bivnorm,0.5,0.3668371742455717,0.5351669229549432,0.03516692295494317,0.001236712470118909,0.5306012813344918,0.030601281334491803,9.364384193127164e-4,1.4064327485380108,0.9064327485380108,0.8216203276221727,-0.4,NA
