method,true_params,bivpois_eta,bivpois_estimated_ha,bivpois_bias,bivpois_mse,pc_eta,pc_bias,pc_mse,lm_eta,lm_bias,lm_mse,team_strength_correlation,mu
bivpois,0.25,0.08171100341965785,0.09022990535579023,-0.15977009464420977,0.02552648314261975,0.10097459719994273,-0.14902540280005727,0.02220857067971932,0.22222222222222363,-0.027777777777776375,7.716049382715269e-4,-0.8,1
