method,true_params,bivpois_eta,bivpois_estimated_ha,bivpois_bias,bivpois_mse,pc_eta,pc_bias,pc_mse,lm_eta,lm_bias,lm_mse,team_strength_correlation,mu
bivnorm,0.5,0.4216245566270298,0.6770441964638121,0.1770441964638121,0.031344647501516894,0.6850776365226627,0.18507763652266274,0.03425373154081486,0.403508771929827,-0.09649122807017302,0.009310557094490145,-0.4,NA
