method,true_params,bivpois_eta,bivpois_estimated_ha,bivpois_bias,bivpois_mse,pc_eta,pc_bias,pc_mse,lm_eta,lm_bias,lm_mse,team_strength_correlation,mu
bivnorm,0.5,0.08937635949843388,0.4679984659674883,-0.032001534032511714,0.0010240981804340054,0.46498454898878483,-0.03501545101121517,0.0012260818095188096,-0.12865497076022664,-0.6286549707602267,0.3952070722615415,-0.4,NA
