method,true_params,bivpois_eta,bivpois_estimated_ha,bivpois_bias,bivpois_mse,pc_eta,pc_bias,pc_mse,lm_eta,lm_bias,lm_mse,team_strength_correlation,mu
bivnorm,0.5,0.2929446291181301,0.44914999291824653,-0.05085000708175347,0.002585723220214378,0.44986004828089593,-0.05013995171910407,0.0025140147583940873,-0.33625730994151926,-0.8362573099415193,0.6993262884306262,-0.4,NA
