method,true_params,bivpois_eta,bivpois_estimated_ha,bivpois_bias,bivpois_mse,pc_eta,pc_bias,pc_mse,lm_eta,lm_bias,lm_mse,team_strength_correlation,mu
bivnorm,0.5,0.09599968687438434,0.4954035179510772,-0.004596482048922823,2.1127647226069752e-5,0.4916381752424314,-0.008361824757568581,6.992011327628686e-5,0.1754385964912239,-0.3245614035087761,0.10534010464758659,-0.4,NA
