method,true_params,bivpois_eta,bivpois_estimated_ha,bivpois_bias,bivpois_mse,pc_eta,pc_bias,pc_mse,lm_eta,lm_bias,lm_mse,team_strength_correlation,mu
bivnorm,0.5,0.3387344191539059,0.462471548922438,-0.037528451077561975,0.0014083846402809625,0.47024764259257285,-0.029752357407427155,8.852027712992855e-4,0.42397660818713623,-0.07602339181286377,0.005779556102732202,-0.4,NA
