method,true_params,bivpois_eta,bivpois_estimated_ha,bivpois_bias,bivpois_mse,pc_eta,pc_bias,pc_mse,lm_eta,lm_bias,lm_mse,team_strength_correlation,mu
bivpois,0.25,0.12236415333888466,0.1304350001603929,-0.11956499983960711,0.01429578918664525,0.1524495873698694,-0.09755041263013059,0.009516083004308742,0.33625730994152303,0.08625730994152303,0.007440323518347967,-0.8,1
