method,true_params,bivpois_eta,bivpois_estimated_ha,bivpois_bias,bivpois_mse,pc_eta,pc_bias,pc_mse,lm_eta,lm_bias,lm_mse,team_strength_correlation,mu
bivnorm,0.5,0.2979534621885004,0.4624352455071732,-0.03756475449282681,0.0014111107801063523,0.4714203082910139,-0.02857969170898611,8.167987781806894e-4,0.36549707602338133,-0.13450292397661867,0.01809103655826006,-0.4,NA
