method,true_params,bivpois_eta,bivpois_estimated_ha,bivpois_bias,bivpois_mse,pc_eta,pc_bias,pc_mse,lm_eta,lm_bias,lm_mse,team_strength_correlation,mu
bivnorm,0.5,0.08545661436350831,0.44365267291666033,-0.05634732708333967,0.0031750212694368644,0.4390163210183711,-0.060983678981628875,0.0037190091021343636,0.4561403508771948,-0.04385964912280521,0.001923668821175588,-0.4,NA
