method,true_params,bivpois_eta,bivpois_estimated_ha,bivpois_bias,bivpois_mse,pc_eta,pc_bias,pc_mse,lm_eta,lm_bias,lm_mse,team_strength_correlation,mu
bivnorm,0.5,0.0931759963610764,0.4705645402448573,-0.029435459755142723,8.66446290996627e-4,0.47270986756629013,-0.02729013243370987,7.447513282494233e-4,1.5877192982456112,1.0877192982456112,1.1831332717759249,-0.4,NA
