method,true_params,bivpois_eta,bivpois_estimated_ha,bivpois_bias,bivpois_mse,pc_eta,pc_bias,pc_mse,lm_eta,lm_bias,lm_mse,team_strength_correlation,mu
bivnorm,0.5,0.27347280908188426,0.4024284923766943,-0.09757150762330569,0.0095201990998848,0.40385305600001525,-0.09614694399998475,0.009244234840536204,0.04970760233917825,-0.45029239766082174,0.2027632433911316,-0.4,NA
