method,true_params,bivpois_eta,bivpois_estimated_ha,bivpois_bias,bivpois_mse,pc_eta,pc_bias,pc_mse,lm_eta,lm_bias,lm_mse,team_strength_correlation,mu
bivnorm,0.5,0.3642485206148475,0.5130183787810916,0.013018378781091577,1.6947818608797544e-4,0.5163995393493916,0.016399539349391645,2.6894489087224497e-4,1.0409356725146184,0.5409356725146184,0.2926114017988425,-0.4,NA
