method,true_params,bivpois_eta,bivpois_estimated_ha,bivpois_bias,bivpois_mse,pc_eta,pc_bias,pc_mse,lm_eta,lm_bias,lm_mse,team_strength_correlation,mu
bivnorm,0.5,0.3178555635080439,0.43780915095371076,-0.06219084904628924,0.0038677017050983355,0.4452679754287273,-0.054732024571272686,0.002995594513670397,0.39473684210525506,-0.10526315789474494,0.011080332409974004,-0.4,NA
