method,true_params,bivpois_eta,bivpois_estimated_ha,bivpois_bias,bivpois_mse,pc_eta,pc_bias,pc_mse,lm_eta,lm_bias,lm_mse,team_strength_correlation,mu
bivnorm,0.5,0.3696246412737722,0.5375535144013328,0.03755351440133281,0.0014102664438911108,0.543716052637244,0.043716052637243985,0.0019110932581822867,-0.3801169590643404,-0.8801169590643404,0.7746058616326619,-0.4,NA
