true_params,bivpois_eta,bivpois_estimated_ha,bivpois_eta_bias,bivpois_eta_mse,lm_eta,lm_eta_bias,lm_eta_mse,team_strength_correlation,lambda3
0.31539423221236573,0.23537425165501133,0.2653822515283617,-0.05001198068400403,0.0025011982119371922,0.4093567251461933,0.09396249293382758,0.008828950078339597,0,0
