method,true_params,bivpois_eta,bivpois_estimated_ha,bivpois_bias,bivpois_mse,pc_eta,pc_bias,pc_mse,lm_eta,lm_bias,lm_mse,team_strength_correlation,mu
bivnorm,0.5,0.35780592119371907,0.4761165624459358,-0.02388343755406419,5.704185893988837e-4,0.481441525373332,-0.018558474626667987,3.4441698046867945e-4,-0.2573099415204794,-0.7573099415204794,0.5735183475257519,0,NA
