method,true_params,bivpois_eta,bivpois_estimated_ha,bivpois_bias,bivpois_mse,pc_eta,pc_bias,pc_mse,lm_eta,lm_bias,lm_mse,team_strength_correlation,mu
bivnorm,0.5,0.2976296937240428,0.4338466898397153,-0.0661533101602847,0.004376260445162827,0.43312079584530644,-0.06687920415469356,0.00447282794836518,0.45614035087718835,-0.04385964912281165,0.0019236688211761528,0,NA
