method,true_params,bivpois_eta,bivpois_estimated_ha,bivpois_bias,bivpois_mse,pc_eta,pc_bias,pc_mse,lm_eta,lm_bias,lm_mse,team_strength_correlation,mu
bivnorm,0.5,0.0988235889442974,0.5160386973662243,0.01603869736622432,2.572398132053309e-4,0.5161739397450678,0.016173939745067756,2.6159632687708243e-4,0.3713450292397731,-0.12865497076022692,0.016552101501314843,0,NA
