method,true_params,bivpois_eta,bivpois_estimated_ha,bivpois_bias,bivpois_mse,pc_eta,pc_bias,pc_mse,lm_eta,lm_bias,lm_mse,team_strength_correlation,mu
bivnorm,0.5,0.0887992042223397,0.47136203697329737,-0.02863796302670263,8.201329263187868e-4,0.4719699952718353,-0.028030004728164692,7.856811650609351e-4,0.36549707602338044,-0.13450292397661956,0.0180910365582603,0,NA
