true_params,bivpois_eta,bivpois_estimated_ha,bivpois_eta_bias,bivpois_eta_mse,lm_eta,lm_eta_bias,lm_eta_mse,team_strength_correlation,lambda3
0.45109348787794384,0.47293853148582304,0.6047027412514094,0.1536092533734656,0.02359580272195355,0.8859649122807123,0.43487142440276844,0.18911315576209276,0,0
