method,true_params,bivpois_eta,bivpois_estimated_ha,bivpois_bias,bivpois_mse,pc_eta,pc_bias,pc_mse,lm_eta,lm_bias,lm_mse,team_strength_correlation,mu
bivnorm,0.5,0.31276833477885224,0.41627586854577525,-0.08372413145422475,0.0070097301877643054,0.4219147883648576,-0.07808521163514243,0.006097300276104983,-0.3567251461988122,-0.8567251461988121,0.733977976129376,0,NA
