method,true_params,bivpois_eta,bivpois_estimated_ha,bivpois_bias,bivpois_mse,pc_eta,pc_bias,pc_mse,lm_eta,lm_bias,lm_mse,team_strength_correlation,mu
bivnorm,0.5,0.36823537114096117,0.5416654371647958,0.04166543716479576,0.0017360086541335438,0.5425402401216113,0.042540240121611284,0.0018096720296043463,0.3918128654970783,-0.10818713450292172,0.011704456071953275,0,NA
