method,true_params,bivpois_eta,bivpois_estimated_ha,bivpois_bias,bivpois_mse,pc_eta,pc_bias,pc_mse,lm_eta,lm_bias,lm_mse,team_strength_correlation,mu
bivnorm,0.5,0.3242735954964073,0.5045172802788545,0.004517280278854452,2.0405821117727355e-5,0.5085187399085046,0.008518739908504602,7.2568929628749e-5,0.49415204678360486,-0.005847953216395141,3.419855682114627e-5,0,NA
