method,true_params,bivpois_eta,bivpois_estimated_ha,bivpois_bias,bivpois_mse,pc_eta,pc_bias,pc_mse,lm_eta,lm_bias,lm_mse,team_strength_correlation,mu
bivnorm,0.5,0.11965641828503792,0.6260828520584667,0.1260828520584667,0.015896885583197202,0.6237952122743395,0.12379521227433954,0.015325254582048788,0.698830409356732,0.19883040935673202,0.03953353168496563,0,NA
