method,true_params,bivpois_eta,bivpois_estimated_ha,bivpois_bias,bivpois_mse,pc_eta,pc_bias,pc_mse,lm_eta,lm_bias,lm_mse,team_strength_correlation,mu
bivnorm,0.5,0.08352428472998549,0.42247617159475936,-0.07752382840524064,0.0060099439706051945,0.43222669468080666,-0.06777330531919334,0.0045932209138886005,0.4122807017543815,-0.08771929824561853,0.007694675284703773,0,NA
