method,true_params,bivpois_eta,bivpois_estimated_ha,bivpois_bias,bivpois_mse,pc_eta,pc_bias,pc_mse,lm_eta,lm_bias,lm_mse,team_strength_correlation,mu
bivnorm,0.5,0.08820893204325779,0.45592969447139975,-0.04407030552860025,0.0019421918293841738,0.4490044378114846,-0.05099556218851542,0.0026005473629227434,-0.055555555555551715,-0.5555555555555517,0.3086419753086377,0,NA
