method,true_params,bivpois_eta,bivpois_estimated_ha,bivpois_bias,bivpois_mse,pc_eta,pc_bias,pc_mse,lm_eta,lm_bias,lm_mse,team_strength_correlation,mu
bivnorm,0.5,0.099822921851699,0.49473630681893255,-0.0052636931810674525,2.7706465904415998e-5,0.486688868590395,-0.013311131409604993,1.771862194037726e-4,1.789473684210518,1.289473684210518,1.6627423822714464,0,NA
