method,true_params,bivpois_eta,bivpois_estimated_ha,bivpois_bias,bivpois_mse,pc_eta,pc_bias,pc_mse,lm_eta,lm_bias,lm_mse,team_strength_correlation,mu
bivnorm,0.5,0.24948672627887897,0.36915611061687725,-0.13084388938312275,0.017120123388902862,0.36963764690283346,-0.13036235309716654,0.016994343105030327,0.1432748538011622,-0.3567251461988378,0.12725282993058218,0,NA
