method,true_params,bivpois_eta,bivpois_estimated_ha,bivpois_bias,bivpois_mse,pc_eta,pc_bias,pc_mse,lm_eta,lm_bias,lm_mse,team_strength_correlation,mu
bivnorm,0.5,0.3018790845439585,0.4354171516750929,-0.06458284832490713,0.004170944297757959,0.4390109073312956,-0.06098909266870439,0.0037196694245518118,-0.09941520467836083,-0.5994152046783608,0.3592985875996012,0,NA
