method,true_params,bivpois_eta,bivpois_estimated_ha,bivpois_bias,bivpois_mse,pc_eta,pc_bias,pc_mse,lm_eta,lm_bias,lm_mse,team_strength_correlation,mu
bivnorm,0.5,0.3281151749534598,0.46876395598811516,-0.031236044011884845,9.756904455124071e-4,0.472548807995225,-0.027451192004775027,7.535679424830244e-4,0.4736842105263271,-0.026315789473672913,6.92520775622674e-4,0,NA
