method,true_params,bivpois_eta,bivpois_estimated_ha,bivpois_bias,bivpois_mse,pc_eta,pc_bias,pc_mse,lm_eta,lm_bias,lm_mse,team_strength_correlation,mu
bivnorm,0.5,0.332275625104635,0.4747029797738891,-0.02529702022611091,6.399392323202645e-4,0.4769470137625728,-0.023052986237427187,5.314401744630073e-4,0.6929824561403547,0.1929824561403547,0.037242228377963926,0,NA
