method,true_params,bivpois_eta,bivpois_estimated_ha,bivpois_bias,bivpois_mse,pc_eta,pc_bias,pc_mse,lm_eta,lm_bias,lm_mse,team_strength_correlation
bivpois,0.7683556594420224,0.6091131880329849,0.8388000056691105,0.07044434622708806,0.004962405915361856,1.0132832136341836,0.24492755419216117,0.05998950680255405,1.2660818713450213,0.4977262119029988,0.2477313820153089,0
