method,true_params,bivpois_eta,bivpois_estimated_ha,bivpois_bias,bivpois_mse,pc_eta,pc_bias,pc_mse,lm_eta,lm_bias,lm_mse,team_strength_correlation,mu
bivnorm,0.5,0.08168331753622554,0.4246458181436301,-0.07535418185636988,0.005678252723242864,0.426658019152629,-0.07334198084737098,0.005379046154616132,0.46783625730994827,-0.03216374269005173,0.0010345063438318564,0,NA
