method,true_params,bivpois_eta,bivpois_estimated_ha,bivpois_bias,bivpois_mse,pc_eta,pc_bias,pc_mse,lm_eta,lm_bias,lm_mse,team_strength_correlation,mu
bivnorm,0.5,0.31399220675525596,0.42765890315424615,-0.07234109684575385,0.005233234292846738,0.43000595606721304,-0.06999404393278696,0.004899166186064912,-0.035087719298241955,-0.535087719298242,0.2863188673437942,0,NA
