method,true_params,bivpois_eta,bivpois_estimated_ha,bivpois_bias,bivpois_mse,pc_eta,pc_bias,pc_mse,lm_eta,lm_bias,lm_mse,team_strength_correlation,mu
bivnorm,0.5,0.37385708745049845,0.54584186736895135,0.04584186736895135,0.0021014768038725264,0.5460994522233525,0.046099452223352544,0.002125159495293164,0.3333333333333336,-0.1666666666666664,0.027777777777777693,0,NA
