method,true_params,bivpois_eta,bivpois_estimated_ha,bivpois_bias,bivpois_mse,pc_eta,pc_bias,pc_mse,lm_eta,lm_bias,lm_mse,team_strength_correlation,mu
bivnorm,0.5,0.19582971418115894,0.2654645330588845,-0.2345354669411155,0.05500688525328708,0.26376339147420924,-0.23623660852579076,0.05580773520776772,-0.3508771929824668,-0.8508771929824668,0.723991997537722,0,NA
