true_params,bivpois_eta,bivpois_estimated_ha,bivpois_eta_bias,bivpois_eta_mse,lm_eta,lm_eta_bias,lm_eta_mse,team_strength_correlation,lambda3
0.16656168635392635,0.10640485259956968,0.11227209161272156,-0.05428959474120479,0.0029473600971642506,-0.36549707602338766,-0.532058762377314,0.2830865266224791,0,0
