method,true_params,bivpois_eta,bivpois_estimated_ha,bivpois_bias,bivpois_mse,pc_eta,pc_bias,pc_mse,lm_eta,lm_bias,lm_mse,team_strength_correlation
bivpois,0.24029771890491247,0.1612156312464624,0.17493829490942692,-0.06535942399548555,0.004271854305021653,0.1998921262234944,-0.04040559268141808,0.0016326119199366663,-0.33333333333332577,-0.5736310522382382,0.3290525840919483,0
