method,true_params,bivpois_eta,bivpois_estimated_ha,bivpois_bias,bivpois_mse,pc_eta,pc_bias,pc_mse,lm_eta,lm_bias,lm_mse,team_strength_correlation,mu
bivnorm,0.5,0.11116983959451984,0.5869591325833756,0.08695913258337562,0.007561890739653099,0.5926460247579723,0.09264602475797235,0.008583285903454824,0.34210526315787126,-0.15789473684212874,0.024930747922445085,0,NA
