method,true_params,bivpois_eta,bivpois_estimated_ha,bivpois_bias,bivpois_mse,pc_eta,pc_bias,pc_mse,lm_eta,lm_bias,lm_mse,team_strength_correlation,mu
bivnorm,0.5,0.3650364126830448,0.5486524227134999,0.0486524227134999,0.0023670582358930807,0.5516998698713244,0.051699869871324355,0.0026728765447118718,0.2192982456140365,-0.2807017543859635,0.07879347491535778,0,NA
