method,true_params,bivpois_eta,bivpois_estimated_ha,bivpois_bias,bivpois_mse,pc_eta,pc_bias,pc_mse,lm_eta,lm_bias,lm_mse,team_strength_correlation,mu
bivnorm,0.5,0.2450581008198675,0.35321241212522847,-0.14678758787477153,0.021546595954093774,0.35172352551950614,-0.14827647448049386,0.021985912884364547,0.05555555555555876,-0.44444444444444126,0.19753086419752802,0,NA
