method,true_params,bivpois_eta,bivpois_estimated_ha,bivpois_bias,bivpois_mse,pc_eta,pc_bias,pc_mse,lm_eta,lm_bias,lm_mse,team_strength_correlation,mu
bivnorm,0.5,0.32362950832063325,0.47020789919184947,-0.029792100808150535,8.875692705630037e-4,0.4764063071034093,-0.02359369289659069,5.56662344498634e-4,0.19590643274854047,-0.30409356725145953,0.09247289764371794,0,NA
