method,true_params,bivpois_eta,bivpois_estimated_ha,bivpois_bias,bivpois_mse,pc_eta,pc_bias,pc_mse,lm_eta,lm_bias,lm_mse,team_strength_correlation,mu
bivnorm,0.5,0.35017720613184977,0.5099368360651653,0.009936836065165267,9.874071098596913e-5,0.5206694080020555,0.020669408002055523,4.2722442715543686e-4,0.30994152046784534,-0.19005847953215466,0.03612222564207445,0,NA
