method,true_params,bivpois_eta,bivpois_estimated_ha,bivpois_bias,bivpois_mse,pc_eta,pc_bias,pc_mse,lm_eta,lm_bias,lm_mse,team_strength_correlation,mu
bivnorm,0.5,0.42126366767163087,0.549116404553611,0.04911640455361099,0.0024124211962739785,0.5584386041434414,0.058438604143441375,0.0034150704542338433,0.21345029239764846,-0.28654970760235154,0.08211073492699317,0,NA
