method,true_params,bivpois_eta,bivpois_estimated_ha,bivpois_bias,bivpois_mse,pc_eta,pc_bias,pc_mse,lm_eta,lm_bias,lm_mse,team_strength_correlation,mu
bivnorm,0.5,0.25221417586401,0.3732692313813224,-0.1267307686186776,0.0160606877146808,0.376969730628036,-0.12303026937196399,0.01513644718173802,0.1900584795321629,-0.3099415204678371,0.09606374610991467,0,NA
