method,true_params,bivpois_eta,bivpois_estimated_ha,bivpois_bias,bivpois_mse,pc_eta,pc_bias,pc_mse,lm_eta,lm_bias,lm_mse,team_strength_correlation,mu
bivnorm,0.5,0.11098795568366539,0.5704595637029515,0.07045956370295148,0.004964550117210277,0.5746557356818679,0.0746557356818679,0.005573478870200923,1.2514619883040998,0.7514619883040998,0.5646951198659511,0,NA
