method,true_params,bivpois_eta,bivpois_estimated_ha,bivpois_bias,bivpois_mse,pc_eta,pc_bias,pc_mse,lm_eta,lm_bias,lm_mse,team_strength_correlation,mu
bivnorm,0.5,0.346289161637113,0.48618956182840045,-0.013810438171599548,1.9072820249157386e-4,0.4987232796756078,-0.0012767203243921887,1.6300147867160958e-6,-0.3888888888889028,-0.8888888888889028,0.7901234567901483,0,NA
