method,true_params,bivpois_eta,bivpois_estimated_ha,bivpois_bias,bivpois_mse,pc_eta,pc_bias,pc_mse,lm_eta,lm_bias,lm_mse,team_strength_correlation,mu
bivnorm,0.5,0.4126187824789813,0.6370529997950976,0.13705299979509755,0.01878352475283501,0.6391559559367052,0.13915595593670516,0.019364380072658227,-0.2631578947368543,-0.7631578947368542,0.5824099722991876,0,NA
