method,true_params,bivpois_eta,bivpois_estimated_ha,bivpois_bias,bivpois_mse,pc_eta,pc_bias,pc_mse,lm_eta,lm_bias,lm_mse,team_strength_correlation,mu
bivnorm,0.5,0.4095218669921556,0.610489331970544,0.110489331970544,0.012207892479297077,0.6231524082065465,0.1231524082065465,0.01516651564707186,1.3684210526315757,0.8684210526315757,0.7541551246537339,0,NA
