method,true_params,bivpois_eta,bivpois_estimated_ha,bivpois_bias,bivpois_mse,pc_eta,pc_bias,pc_mse,lm_eta,lm_bias,lm_mse,team_strength_correlation,mu
bivnorm,0.5,0.3988786265397608,0.619361640388667,0.11936164038866703,0.014247201196273469,0.6225140694341,0.12251406943410004,0.015009697209303485,1.692982456140355,1.192982456140355,1.4232071406586742,0,NA
