method,true_params,bivpois_eta,bivpois_estimated_ha,bivpois_bias,bivpois_mse,pc_eta,pc_bias,pc_mse,lm_eta,lm_bias,lm_mse,team_strength_correlation,mu
bivnorm,0.5,0.34144957853546876,0.477020062904276,-0.02297993709572399,5.280775089234316e-4,0.4788368164614674,-0.02116318353853258,4.4788033748561644e-4,1.078947368421052,0.578947368421052,0.3351800554016613,0,NA
