method,true_params,bivpois_eta,bivpois_estimated_ha,bivpois_bias,bivpois_mse,pc_eta,pc_bias,pc_mse,lm_eta,lm_bias,lm_mse,team_strength_correlation,mu
bivnorm,0.5,0.1065115869438855,0.5755344540854423,0.07553445408544235,0.005705453753985798,0.5799914705242047,0.07999147052420474,0.0063986353566247165,0.41228070175437576,-0.08771929824562424,0.007694675284704777,0,NA
