method,true_params,bivpois_eta,bivpois_estimated_ha,bivpois_bias,bivpois_mse,pc_eta,pc_bias,pc_mse,lm_eta,lm_bias,lm_mse,team_strength_correlation,mu
bivnorm,0.5,0.30510228859419786,0.4405703215623662,-0.059429678437633804,0.003531886679200556,0.4507638589847557,-0.04923614101524432,0.002424197582073024,-0.6081871345029223,-1.1081871345029222,1.2280787250777978,0,NA
