method,true_params,bivpois_eta,bivpois_estimated_ha,bivpois_bias,bivpois_mse,pc_eta,pc_bias,pc_mse,lm_eta,lm_bias,lm_mse,team_strength_correlation,mu
bivnorm,0.5,0.3279861422373389,0.5013361819006836,0.0013361819006836306,1.7853820717145197e-6,0.503508973581462,0.0035089735814619605,1.2312895595397978e-5,0.9385964912280671,0.4385964912280671,0.19236688211757194,0,NA
