method,true_params,bivpois_eta,bivpois_estimated_ha,bivpois_bias,bivpois_mse,pc_eta,pc_bias,pc_mse,lm_eta,lm_bias,lm_mse,team_strength_correlation,mu
bivnorm,0.5,0.10250182050339172,0.5409853329336718,0.04098533293367179,0.0016797975156839216,0.5420432592608881,0.042043259260888144,0.0017676356492782566,0.4005847953216457,-0.0994152046783543,0.009883382921239078,0,NA
