method,true_params,bivpois_eta,bivpois_estimated_ha,bivpois_bias,bivpois_mse,pc_eta,pc_bias,pc_mse,lm_eta,lm_bias,lm_mse,team_strength_correlation,mu
bivnorm,0.5,0.354800445923024,0.520768796222485,0.020768796222484953,4.3134289653110525e-4,0.5213256337385902,0.0213256337385902,4.547826543524966e-4,0.19883040935672555,-0.3011695906432744,0.09070312232823749,0,NA
