method,true_params,bivpois_eta,bivpois_estimated_ha,bivpois_bias,bivpois_mse,pc_eta,pc_bias,pc_mse,lm_eta,lm_bias,lm_mse,team_strength_correlation,mu
bivnorm,0.5,0.09644160844421029,0.5226581353493858,0.022658135349385766,5.133910975110848e-4,0.5126994382383648,0.012699438238364835,1.6127573157004294e-4,0.5409356725146276,0.0409356725146276,0.0016757292842248372,0,NA
