method,true_params,bivpois_eta,bivpois_estimated_ha,bivpois_bias,bivpois_mse,pc_eta,pc_bias,pc_mse,lm_eta,lm_bias,lm_mse,team_strength_correlation,mu
bivnorm,0.5,0.5474101509959767,0.7790459431518324,0.2790459431518324,0.07786663838949567,0.7802104070077985,0.28021040700779853,0.07851787219547611,1.298245614035088,0.798245614035088,0.6371960603262546,0,NA
