method,true_params,bivpois_eta,bivpois_estimated_ha,bivpois_bias,bivpois_mse,pc_eta,pc_bias,pc_mse,lm_eta,lm_bias,lm_mse,team_strength_correlation,mu
bivnorm,0.5,0.3049331232925656,0.43982116582564834,-0.06017883417435166,0.003621492082584115,0.45657761383605383,-0.04342238616394617,0.0018855036201708636,0.6666666666666664,0.1666666666666664,0.027777777777777693,0,NA
