method,true_params,bivpois_eta,bivpois_estimated_ha,bivpois_bias,bivpois_mse,pc_eta,pc_bias,pc_mse,lm_eta,lm_bias,lm_mse,team_strength_correlation,mu
bivnorm,0.5,0.37586485154961097,0.5751598971895726,0.07515989718957261,0.005649010145547125,0.5837698581810447,0.08376985818104465,0.007017389139672334,0.6871345029239883,0.18713450292398826,0.03501932218460817,0,NA
