method,true_params,bivpois_eta,bivpois_estimated_ha,bivpois_bias,bivpois_mse,pc_eta,pc_bias,pc_mse,lm_eta,lm_bias,lm_mse,team_strength_correlation,mu
bivnorm,0.5,0.1229638492221222,0.6385240385432711,0.1385240385432711,0.01918890925433766,0.6355228145122649,0.1355228145122649,0.018366433253325754,0.8479532163742606,0.3479532163742606,0.121071440785193,0,NA
