method,true_params,bivpois_eta,bivpois_estimated_ha,bivpois_bias,bivpois_mse,pc_eta,pc_bias,pc_mse,lm_eta,lm_bias,lm_mse,team_strength_correlation,mu
bivnorm,0.5,0.31857116206300135,0.42383267195912055,-0.07616732804087945,0.00580146186088694,0.43066396964784726,-0.06933603035215274,0.004807485104994647,-0.2017543859649032,-0.7017543859649031,0.49245921822097827,0,NA
