method,true_params,bivpois_eta,bivpois_estimated_ha,bivpois_bias,bivpois_mse,pc_eta,pc_bias,pc_mse,lm_eta,lm_bias,lm_mse,team_strength_correlation,mu
bivnorm,0.5,0.3882998129567565,0.5248338808763093,0.024833880876309333,6.167216393787225e-4,0.5323390445845122,0.0323390445845122,0.0010458138046390679,-0.25730994152046555,-0.7573099415204656,0.573518347525731,0,NA
