method,true_params,bivpois_eta,bivpois_estimated_ha,bivpois_bias,bivpois_mse,pc_eta,pc_bias,pc_mse,lm_eta,lm_bias,lm_mse,team_strength_correlation,mu
bivnorm,0.5,0.31058246693031877,0.4572719714752995,-0.04272802852470048,0.0018256844216076177,0.46396810819990464,-0.03603189180009536,0.0012982972266937793,0.8830409356725092,0.3830409356725092,0.14672035840087133,0,NA
