method,true_params,bivpois_eta,bivpois_estimated_ha,bivpois_bias,bivpois_mse,pc_eta,pc_bias,pc_mse,lm_eta,lm_bias,lm_mse,team_strength_correlation,mu
bivnorm,0.5,0.2566307501869619,0.37417503957062714,-0.12582496042937286,0.015831920667053245,0.378095809448005,-0.12190419055199497,0.014860631674137101,0.8567251461988329,0.3567251461988329,0.1272528299305787,0,NA
