method,true_params,bivpois_eta,bivpois_estimated_ha,bivpois_bias,bivpois_mse,pc_eta,pc_bias,pc_mse,lm_eta,lm_bias,lm_mse,team_strength_correlation,mu
bivnorm,0.5,0.10058954057405202,0.5213819022003747,0.021381902200374725,4.571857417063895e-4,0.5153738537116411,0.015373853711641128,2.3635537794694167e-4,-0.12573099415205438,-0.6257309941520544,0.3915392770425183,0,NA
