method,true_params,bivpois_eta,bivpois_estimated_ha,bivpois_bias,bivpois_mse,pc_eta,pc_bias,pc_mse,lm_eta,lm_bias,lm_mse,team_strength_correlation,mu
bivnorm,0.5,0.32522850416689575,0.4204936169623188,-0.0795063830376812,0.006321264943734482,0.43442492192730725,-0.06557507807269275,0.0043000908642397495,-0.8654970760233898,-1.3654970760233898,1.8645822646284271,0,NA
