method,true_params,bivpois_eta,bivpois_estimated_ha,bivpois_bias,bivpois_mse,pc_eta,pc_bias,pc_mse,lm_eta,lm_bias,lm_mse,team_strength_correlation,mu
bivnorm,0.5,0.39461170582210303,0.6052656994734862,0.10526569947348619,0.01108086748564231,0.6173077352974102,0.11730773529741023,0.013761104760607266,0.3216374269005845,-0.1783625730994155,0.03181320748264434,0,NA
