method,true_params,bivpois_eta,bivpois_estimated_ha,bivpois_bias,bivpois_mse,pc_eta,pc_bias,pc_mse,lm_eta,lm_bias,lm_mse,team_strength_correlation,mu
bivnorm,0.5,0.0843799332482055,0.4533626897440177,-0.04663731025598228,0.00217503870791275,0.44894985477726096,-0.05105014522273904,0.002606117327262746,1.4473684210526307,0.9473684210526307,0.8975069252077547,0,NA
