method,true_params,bivpois_eta,bivpois_estimated_ha,bivpois_bias,bivpois_mse,pc_eta,pc_bias,pc_mse,lm_eta,lm_bias,lm_mse,team_strength_correlation,mu
bivnorm,0.5,0.3342937813471435,0.47672666846035416,-0.023273331539645836,5.416479609542736e-4,0.48409285750823183,-0.015907142491768167,2.5303718225341636e-4,1.1315789473684261,0.6315789473684261,0.3988919667590092,0,NA
