method,true_params,bivpois_eta,bivpois_estimated_ha,bivpois_bias,bivpois_mse,pc_eta,pc_bias,pc_mse,lm_eta,lm_bias,lm_mse,team_strength_correlation,mu
bivnorm,0.5,0.10342871798513124,0.55203118675876,0.05203118675875995,0.0027072443955249567,0.5579256016206593,0.057925601620659295,0.003355375323115327,0.2719298245614,-0.22807017543859998,0.052016004924593774,0,NA
