method,true_params,bivpois_eta,bivpois_estimated_ha,bivpois_bias,bivpois_mse,pc_eta,pc_bias,pc_mse,lm_eta,lm_bias,lm_mse,team_strength_correlation,mu
bivnorm,0.5,0.10195925035459587,0.5386718073044419,0.03867180730444186,0.001495508680191883,0.5379890607811593,0.03798906078115927,0.0014431687390346131,1.789473684210543,1.289473684210543,1.662742382271511,0,NA
