method,true_params,bivpois_eta,bivpois_estimated_ha,bivpois_bias,bivpois_mse,pc_eta,pc_bias,pc_mse,lm_eta,lm_bias,lm_mse,team_strength_correlation,mu
bivnorm,0.5,0.311626664182475,0.46877299211171986,-0.031227007888280145,9.751260216547103e-4,0.47532494837717165,-0.024675051622828348,6.088581725892439e-4,0.24853801169589942,-0.2514619883041006,0.06323313156185163,0,NA
