method,true_params,bivpois_eta,bivpois_estimated_ha,bivpois_bias,bivpois_mse,pc_eta,pc_bias,pc_mse,lm_eta,lm_bias,lm_mse,team_strength_correlation,mu
bivnorm,0.5,0.3887114616512635,0.5114370518186386,0.011437051818638633,1.3080615430222526e-4,0.523586624550999,0.023586624550999025,5.563288577097899e-4,1.5321637426900552,1.0321637426900552,1.0653619917239425,0,NA
