method,true_params,bivpois_eta,bivpois_estimated_ha,bivpois_bias,bivpois_mse,pc_eta,pc_bias,pc_mse,lm_eta,lm_bias,lm_mse,team_strength_correlation,mu
bivnorm,0.5,0.35098900694847074,0.5338500359454617,0.033850035945461654,0.001145824933509046,0.5353528354833378,0.035352835483337786,0.0012498229767119473,0.9035087719298335,0.4035087719298335,0.16281932902432236,0,NA
