method,true_params,bivpois_eta,bivpois_estimated_ha,bivpois_bias,bivpois_mse,pc_eta,pc_bias,pc_mse,lm_eta,lm_bias,lm_mse,team_strength_correlation,mu
bivpois,0.25,0.20965893895361074,0.2203317833072751,-0.029668216692724902,8.802030817264806e-4,0.2396659701457468,-0.01033402985425319,1.0679217302859622e-4,0.23391812865497144,-0.01608187134502856,2.5862658595805066e-4,-0.8,1
