true_params,bivpois_eta,bivpois_estimated_ha,bivpois_eta_bias,bivpois_eta_mse,lm_eta,lm_eta_bias,lm_eta_mse,team_strength_correlation,lambda3
0.06724856652861852,0.17148015000393307,0.18706057935059084,0.11981201282197232,0.014354918416452459,-0.17251461988302336,-0.23976318641164188,0.057486385558263735,0,0
