method,true_params,bivpois_eta,bivpois_estimated_ha,bivpois_bias,bivpois_mse,pc_eta,pc_bias,pc_mse,lm_eta,lm_bias,lm_mse,team_strength_correlation,mu
bivpois,0.25,0.1466360785282271,0.1599659176962187,-0.0900340823037813,0.008106135976284064,0.18690288000328983,-0.06309711999671017,0.003981246551879242,-0.03801169590642029,-0.2880116959064203,0.08295073697889231,-0.8,1
