method,true_params,bivpois_eta,bivpois_estimated_ha,bivpois_bias,bivpois_mse,pc_eta,pc_bias,pc_mse,lm_eta,lm_bias,lm_mse,team_strength_correlation
bivpois,0.9152749727945775,0.629824134637453,0.8772804016333542,-0.03799457116122329,0.0014435874377252604,1.2395134018899359,0.3242384290953584,0.10513055890222575,1.0116959064327544,0.09642093363817694,0.009296996443657722,0
