method,true_params,bivpois_eta,bivpois_estimated_ha,bivpois_bias,bivpois_mse,pc_eta,pc_bias,pc_mse,lm_eta,lm_bias,lm_mse,team_strength_correlation
bivpois,0.010028284275904298,-0.09498266266264006,-0.09061129928974576,-0.10063958356565006,0.010128325780267462,-0.09904569708118252,-0.10907398135708682,0.011897133409086123,0.16666666666666993,0.15663838239076563,0.024535582837995718,0
