method,true_params,bivpois_eta,bivpois_estimated_ha,bivpois_bias,bivpois_mse,pc_eta,pc_bias,pc_mse,lm_eta,lm_bias,lm_mse,team_strength_correlation,mu
bivpois,0.25,0.19671851474853044,0.2051628571801164,-0.0448371428198836,0.0020103693762506397,0.2404773363514893,-0.009522663648510704,9.06811229626672e-5,0.28654970760233284,0.03654970760233284,0.0013358811258160268,-0.8,1
