true_params,bivpois_eta,bivpois_estimated_ha,bivpois_eta_bias,bivpois_eta_mse,lm_eta,lm_eta_bias,lm_eta_mse,team_strength_correlation,lambda3
0.3721152413226343,0.39620881263988317,0.4861796182423348,0.1140643769197005,0.013010682082079505,1.36257309941522,0.9904578580925858,0.9810067686573528,0,0
