true_params,bivpois_eta,bivpois_estimated_ha,bivpois_eta_bias,bivpois_eta_mse,lm_eta,lm_eta_bias,lm_eta_mse,team_strength_correlation,lambda3
0.60081502879658,0.5085918533777619,0.6629478710337164,0.06213284223713644,0.0038604900844648863,2.9064327485380104,2.3056177197414303,5.315873069585672,0,0
