true_params,bivpois_eta,bivpois_estimated_ha,bivpois_eta_bias,bivpois_eta_mse,lm_eta,lm_eta_bias,lm_eta_mse,team_strength_correlation,lambda3
0.5594701432085276,0.6188966812919575,0.8568781827927328,0.29740803958420514,0.08845154200932014,0.2105263157894731,-0.3489438274190545,0.1217617946938589,-0.5,0
