true_params,bivpois_eta,bivpois_estimated_ha,bivpois_eta_bias,bivpois_eta_mse,lm_eta,lm_eta_bias,lm_eta_mse,team_strength_correlation,lambda3
0.2582342676446419,0.3557816427807387,0.42729585388100744,0.16906158623636552,0.028581819940756058,0.046783625730992574,-0.21145064191364935,0.04471137396569436,0,0
