method,true_params,bivpois_eta,bivpois_estimated_ha,bivpois_bias,bivpois_mse,pc_eta,pc_bias,pc_mse,lm_eta,lm_bias,lm_mse,team_strength_correlation
bivpois,0.37255329731851816,0.39908982179820274,0.4904674890651004,0.11791419174658224,0.013903756615249764,0.526932825427675,0.15437952810915678,0.02383303869920593,0.08187134502923646,-0.29068195228928173,0.08449599738670827,0
