method,true_params,bivpois_eta,bivpois_estimated_ha,bivpois_bias,bivpois_mse,pc_eta,pc_bias,pc_mse,lm_eta,lm_bias,lm_mse,team_strength_correlation
bivpois,0.44431183976121247,0.27431943785311336,0.31563499874129586,-0.1286768410199166,0.016557729414864893,0.34179420481989686,-0.1025176349413156,0.010509865473960855,0.3421052631578933,-0.10220657660331917,0.010446184300970149,0
