method,true_params,bivpois_eta,bivpois_estimated_ha,bivpois_bias,bivpois_mse,pc_eta,pc_bias,pc_mse,lm_eta,lm_bias,lm_mse,team_strength_correlation,mu
bivpois,0.25,0.34783423304651834,0.38347484255746456,0.13347484255746456,0.017815533595739952,0.43775651669870136,0.18775651669870136,0.03525250956282972,0.9590643274853704,0.7090643274853704,0.5027722205122807,-0.8,1
