true_params,bivpois_eta,bivpois_estimated_ha,bivpois_eta_bias,bivpois_eta_mse,lm_eta,lm_eta_bias,lm_eta_mse,team_strength_correlation,lambda3
0.12248861127220458,0.08610701259540966,0.08992295754910229,-0.032565653723102286,0.0010605218024130059,1.0643274853801123,0.9418388741079078,0.8870604647808513,0,0
