method,true_params,bivpois_eta,bivpois_estimated_ha,bivpois_bias,bivpois_mse,pc_eta,pc_bias,pc_mse,lm_eta,lm_bias,lm_mse,team_strength_correlation,mu
bivpois,0.25,0.1350737543368915,0.1375860800800056,-0.11241391991999439,0.012636889391778912,0.14714848854744506,-0.10285151145255494,0.01057843340807504,0.336257309941536,0.08625730994153602,0.007440323518350209,-0.8,1
