method,true_params,bivpois_eta,bivpois_estimated_ha,bivpois_bias,bivpois_mse,pc_eta,pc_bias,pc_mse,lm_eta,lm_bias,lm_mse,team_strength_correlation
bivpois,0.8582459876779467,0.5072250577761457,0.6606765137920136,-0.19756947388593304,0.03903369701156438,0.8976358540834014,0.03938986640545472,0.0015515615754395705,2.447368421052631,1.5891224333746843,2.525310108254678,0
