method,true_params,bivpois_eta,bivpois_estimated_ha,bivpois_bias,bivpois_mse,pc_eta,pc_bias,pc_mse,lm_eta,lm_bias,lm_mse,team_strength_correlation
bivpois,0.11533274268731475,0.08271880153873197,0.08623631761737371,-0.029096425069941034,8.466019518506931e-4,0.09882188715800692,-0.016510855529307825,2.7260835030967474e-4,0.38888888888889134,0.2735561462015766,0.07483296512465834,0
