method,true_params,bivpois_eta,bivpois_estimated_ha,bivpois_bias,bivpois_mse,pc_eta,pc_bias,pc_mse,lm_eta,lm_bias,lm_mse,team_strength_correlation,mu
bivpois,0.25,0.29442164995692277,0.320175936972654,0.07017593697265401,0.0049246621299899075,0.3831768361904657,0.13317683619046572,0.01773606969770214,0.4678362573099288,0.21783625730992878,0.047452634998797504,-0.8,1
