true_params,bivpois_eta,bivpois_estimated_ha,bivpois_eta_bias,bivpois_eta_mse,lm_eta,lm_eta_bias,lm_eta_mse,team_strength_correlation,lambda3
0.315332765808578,0.2822712124419272,0.32613833643491796,0.010805570626339966,1.167603565608211e-4,1.2426900584795237,0.9273572926709457,0.859991548269986,0,0
