true_params,bivpois_eta,bivpois_estimated_ha,bivpois_eta_bias,bivpois_eta_mse,lm_eta,lm_eta_bias,lm_eta_mse,team_strength_correlation,lambda3
0.43295966980689526,0.48498682417422,0.6241536091382562,0.19119393933136097,0.03655512243704414,1.1754385964912342,0.7424789266843389,0.5512749565703279,0,0
