method,true_params,bivpois_eta,bivpois_estimated_ha,bivpois_bias,bivpois_mse,pc_eta,pc_bias,pc_mse,lm_eta,lm_bias,lm_mse,team_strength_correlation
bivpois,0.5253330590203404,0.40368912565919596,0.49733839051200057,-0.02799466850833987,7.837014648918361e-4,0.5981365851260402,0.07280352610569973,0.005300353413423302,0.7807017543859632,0.2553686953656228,0.06521317057274026,0
