true_params,bivpois_eta,bivpois_estimated_ha,bivpois_eta_bias,bivpois_eta_mse,lm_eta,lm_eta_bias,lm_eta_mse,team_strength_correlation,lambda3
0.1681639425563105,0.18612670487512947,0.20457487621811543,0.03641093366180492,0.001325756090124359,0.9502923976608183,0.7821284551045078,0.611724920284164,0,0
