method,true_params,bivpois_eta,bivpois_estimated_ha,bivpois_bias,bivpois_mse,pc_eta,pc_bias,pc_mse,lm_eta,lm_bias,lm_mse,team_strength_correlation,mu
bivpois,0.25,0.3049508742098407,0.3121939120135012,0.06219391201350122,0.003868082691543131,0.3521656354614226,0.1021656354614226,0.01043781706923629,0.7748538011695804,0.5248538011695804,0.2754715126021574,-0.8,1
