method,true_params,bivpois_eta,bivpois_estimated_ha,bivpois_bias,bivpois_mse,pc_eta,pc_bias,pc_mse,lm_eta,lm_bias,lm_mse,team_strength_correlation
bivpois,0.396705956896767,0.2581647088740809,0.29455202527176394,-0.10215393162500308,0.010435425746445804,0.33645677988946154,-0.06024917700730548,0.003629963330057627,-0.03801169590641317,-0.4347176528031802,0.1889794376587063,0
