method,true_params,bivpois_eta,bivpois_estimated_ha,bivpois_bias,bivpois_mse,pc_eta,pc_bias,pc_mse,lm_eta,lm_bias,lm_mse,team_strength_correlation,mu
bivpois,0.25,0.14915664661137368,0.19434453189426137,-0.055655468105738626,0.0030975311300688894,0.22111807779373427,-0.02888192220626573,8.341654303287855e-4,0.646198830409355,0.396198830409355,0.15697351321774083,-0.4,1
