method,true_params,bivpois_eta,bivpois_estimated_ha,bivpois_bias,bivpois_mse,pc_eta,pc_bias,pc_mse,lm_eta,lm_bias,lm_mse,team_strength_correlation
bivpois,0.3949079397134483,0.2976563057214143,0.3466988556388688,-0.04820908407457947,0.0023241157873098717,0.46909575946364984,0.07418781975020156,0.005503832599288396,-0.4678362573099458,-0.8627441970233941,0.7443275494975411,0.5
