method,true_params,bivpois_eta,bivpois_estimated_ha,bivpois_bias,bivpois_mse,pc_eta,pc_bias,pc_mse,lm_eta,lm_bias,lm_mse,team_strength_correlation,mu
bivpois,0.25,0.21880743337037142,0.2222882638174647,-0.027711736182535307,7.679403222504366e-4,0.2550436896538959,0.0050436896538959,2.543880532481654e-5,-0.9502923976608278,-1.200292397660828,1.4407018398823792,-0.4,1
