method,true_params,bivpois_eta,bivpois_estimated_ha,bivpois_bias,bivpois_mse,pc_eta,pc_bias,pc_mse,lm_eta,lm_bias,lm_mse,team_strength_correlation,mu
bivpois,0.25,0.15925018940058294,0.1673781212135106,-0.08262187878648941,0.006826374854209349,0.1895987499541004,-0.06040125004589961,0.0036483110071072874,0.8479532163742721,0.5979532163742721,0.3575480489723371,-0.4,1
