method,true_params,bivpois_eta,bivpois_estimated_ha,bivpois_bias,bivpois_mse,pc_eta,pc_bias,pc_mse,lm_eta,lm_bias,lm_mse,team_strength_correlation,mu
bivpois,0.25,0.235646256359977,0.26699318544810824,0.01699318544810824,2.887683516737976e-4,0.2971963471029092,0.04719634710290921,0.0022274951798582866,0.8362573099415129,0.5862573099415129,0.34369763345985915,-0.4,1
