method,true_params,bivpois_eta,bivpois_estimated_ha,bivpois_bias,bivpois_mse,pc_eta,pc_bias,pc_mse,lm_eta,lm_bias,lm_mse,team_strength_correlation,mu
bivpois,0.25,0.24012162145811874,0.2722032125402196,0.02220321254021962,4.929826471061657e-4,0.3007560627672519,0.05075606276725192,0.0025761779076332167,-0.7777777777777871,-1.027777777777787,1.0563271604938462,-0.4,1
