method,true_params,bivpois_eta,bivpois_estimated_ha,bivpois_bias,bivpois_mse,pc_eta,pc_bias,pc_mse,lm_eta,lm_bias,lm_mse,team_strength_correlation,mu
bivpois,0.25,0.20223165733296497,0.25144483086959224,0.0014448308695922396,2.0875362417266674e-6,0.2781849188728015,0.0281849188728015,7.943896518664023e-4,0.8567251461988286,0.6067251461988286,0.3681154030299899,-0.4,1
