method,true_params,bivpois_eta,bivpois_estimated_ha,bivpois_bias,bivpois_mse,pc_eta,pc_bias,pc_mse,lm_eta,lm_bias,lm_mse,team_strength_correlation,mu
bivpois,0.25,0.21573227876233494,0.2274050484913439,-0.02259495150865609,5.105318336785201e-4,0.2586935582519409,0.008693558251940903,7.557795507988977e-5,-0.008771929824543702,-0.2587719298245437,0.06696291166511859,-0.4,1
