method,true_params,bivpois_eta,bivpois_estimated_ha,bivpois_bias,bivpois_mse,pc_eta,pc_bias,pc_mse,lm_eta,lm_bias,lm_mse,team_strength_correlation,mu
bivpois,0.25,0.2456397698282313,0.27383676672812385,0.023836766728123848,5.681914480509921e-4,0.3036597134285462,0.053659713428546196,0.002879364845233701,-0.33625730994152025,-0.5862573099415203,0.34369763345986776,-0.4,1
