method,true_params,bivpois_eta,bivpois_estimated_ha,bivpois_bias,bivpois_mse,pc_eta,pc_bias,pc_mse,lm_eta,lm_bias,lm_mse,team_strength_correlation,mu
bivpois,0.25,0.14101341126916195,0.15756072803027288,-0.09243927196972712,0.008545019002293179,0.1848087123666611,-0.0651912876333389,0.004249903983292725,-0.6520467836257431,-0.9020467836257431,0.8136883998495482,-0.4,1
