method,true_params,bivpois_eta,bivpois_estimated_ha,bivpois_bias,bivpois_mse,pc_eta,pc_bias,pc_mse,lm_eta,lm_bias,lm_mse,team_strength_correlation,mu
bivpois,0.25,0.1225347933271908,0.14401601687481547,-0.10598398312518453,0.0112326046790794,0.14807483968026053,-0.10192516031973947,0.010388738306204594,-0.2777777777777858,-0.5277777777777858,0.27854938271605784,-0.4,1
