method,true_params,bivpois_eta,bivpois_estimated_ha,bivpois_bias,bivpois_mse,pc_eta,pc_bias,pc_mse,lm_eta,lm_bias,lm_mse,team_strength_correlation,mu
bivpois,0.25,0.25145261202817204,0.29334285572868146,0.04334285572868146,0.0018786031427172954,0.3113562048793761,0.0613562048793761,0.003764583877199975,0.4883040935672709,0.2383040935672709,0.0567888410109186,-0.4,1
