method,true_params,bivpois_eta,bivpois_estimated_ha,bivpois_bias,bivpois_mse,pc_eta,pc_bias,pc_mse,lm_eta,lm_bias,lm_mse,team_strength_correlation
bivpois,0.607974958140403,0.46957496305721635,0.5993142810811274,-0.008660677059275645,7.500732712506344e-5,0.6215277276422725,0.013552769501869455,1.8367756117080284e-4,0.1959064327485363,-0.4120685253918667,0.16980046961862752,0.5
