method,true_params,bivpois_eta,bivpois_estimated_ha,bivpois_bias,bivpois_mse,pc_eta,pc_bias,pc_mse,lm_eta,lm_bias,lm_mse,team_strength_correlation,mu
bivpois,0.25,0.22645712319368366,0.23869920575717396,-0.01130079424282604,1.2770795051869017e-4,0.261055783958021,0.011055783958020982,1.222303589264341e-4,1.210526315789483,0.960526315789483,0.9226108033241176,-0.4,1
