method,true_params,bivpois_eta,bivpois_estimated_ha,bivpois_bias,bivpois_mse,pc_eta,pc_bias,pc_mse,lm_eta,lm_bias,lm_mse,team_strength_correlation,mu
bivpois,0.25,0.18754564175963245,0.1719757880491648,-0.0780242119508352,0.006087777650548854,0.19447038892472637,-0.05552961107527363,0.0030835377061711514,0.06432748538011779,-0.1856725146198822,0.03447428268527038,-0.4,1
