method,true_params,bivpois_eta,bivpois_estimated_ha,bivpois_bias,bivpois_mse,pc_eta,pc_bias,pc_mse,lm_eta,lm_bias,lm_mse,team_strength_correlation
bivpois,0.4855692903511226,0.3876851186618578,0.47356571288475013,-0.012003577466372484,1.4408587199120525e-4,0.49917680087045,0.013607510519327404,1.8516434253360595e-4,-0.3274853801169603,-0.813054670468083,0.661057897169963,0.5
