method,true_params,bivpois_eta,bivpois_estimated_ha,bivpois_bias,bivpois_mse,pc_eta,pc_bias,pc_mse,lm_eta,lm_bias,lm_mse,team_strength_correlation
bivpois,0.29343191371299326,0.30080791607887536,0.35094982087510407,0.057517907162110804,0.0033083096443091973,0.34594977622542034,0.05251786251242707,0.0027581258828741928,0.1169590643274904,-0.17647284938550287,0.03114266657023838,0.5
