true_params,bivpois_eta,bivpois_estimated_ha,bivpois_eta_bias,bivpois_eta_mse,lm_eta,lm_eta_bias,lm_eta_mse,team_strength_correlation,lambda3
0.30064049698017375,0.35750148246735813,0.42975268600817906,0.1291121890280053,0.016669957355603376,0.2602339181286475,-0.040406578851526265,0.0016326916144846096,0.5,0
