method,true_params,bivpois_eta,bivpois_estimated_ha,bivpois_bias,bivpois_mse,pc_eta,pc_bias,pc_mse,lm_eta,lm_bias,lm_mse,team_strength_correlation
bivpois,0.2033642614260316,0.20809399203754697,0.231328899222077,0.02796463779604541,7.820209670640116e-4,0.21371570793643424,0.010351446510402651,1.0715244485772721e-4,0.09649122807017514,-0.10687303335585645,0.011421845258682005,-0.5
