method,true_params,bivpois_eta,bivpois_estimated_ha,bivpois_bias,bivpois_mse,pc_eta,pc_bias,pc_mse,lm_eta,lm_bias,lm_mse,team_strength_correlation,mu
bivpois,0,0.09111759802050887,0.08410549315267324,0.08410549315267324,0.007073733978454365,0.10562345649811959,0.10562345649811959,0.011156314562610162,0.6608187134502922,0.6608187134502922,0.43668137204609936,-0.8,1
