true_params,bivpois_eta,bivpois_estimated_ha,bivpois_eta_bias,bivpois_eta_mse,lm_eta,lm_eta_bias,lm_eta_mse,team_strength_correlation,lambda3
0.17294878769530736,0.08964000155352535,0.09378045355627829,-0.07916833413902907,0.006267625130348956,-0.7953216374268882,-0.9682704251221956,0.9375476161663174,0.5,0
