method,true_params,bivpois_eta,bivpois_estimated_ha,bivpois_bias,bivpois_mse,pc_eta,pc_bias,pc_mse,lm_eta,lm_bias,lm_mse,team_strength_correlation,mu
bivpois,0.25,0.2189983209158978,0.24855527400728006,-0.0014447259927199418,2.0872331940406216e-6,0.26578144195999537,0.015781441959995368,2.4905391033670245e-4,0.6520467836257419,0.40204678362574187,0.1616416162238041,-0.4,1
