true_params,bivpois_eta,bivpois_estimated_ha,bivpois_eta_bias,bivpois_eta_mse,lm_eta,lm_eta_bias,lm_eta_mse,team_strength_correlation,lambda3
0.5779914774008573,0.6136247653597956,0.8471146360289101,0.2691231586280528,0.07242727450994008,-0.23684210526315763,-0.814833582664015,0.6639537674370741,0.5,0
