method,true_params,bivpois_eta,bivpois_estimated_ha,bivpois_bias,bivpois_mse,pc_eta,pc_bias,pc_mse,lm_eta,lm_bias,lm_mse,team_strength_correlation,mu
bivpois,0.25,0.26198043984825276,0.30424320740710376,0.054243207407103755,0.0029423255498100755,0.3399230085443867,0.08992300854438667,0.008086147465673838,0.011695906432757778,-0.23830409356724222,0.056788841010904936,-0.4,1
