true_params,bivpois_eta,bivpois_estimated_ha,bivpois_eta_bias,bivpois_eta_mse,lm_eta,lm_eta_bias,lm_eta_mse,team_strength_correlation,lambda3
0.3633800712611911,0.340797034878646,0.40606782917126005,0.04268775791006896,0.001822244675388655,0.6695906432748632,0.3062105720136721,0.09376491441294026,0.5,0
