method,true_params,bivpois_eta,bivpois_estimated_ha,bivpois_bias,bivpois_mse,pc_eta,pc_bias,pc_mse,lm_eta,lm_bias,lm_mse,team_strength_correlation,mu
bivpois,0.25,0.3019308608137259,0.3175457286312743,0.06754572863127428,0.004562425456329747,0.35333427356612107,0.10333427356612107,0.010677972093437947,0.05263157894737227,-0.19736842105262772,0.03895429362880734,-0.4,1
