method,true_params,bivpois_eta,bivpois_estimated_ha,bivpois_bias,bivpois_mse,pc_eta,pc_bias,pc_mse,lm_eta,lm_bias,lm_mse,team_strength_correlation,mu
bivpois,0.25,0.31078867462101883,0.32602256830762344,0.07602256830762344,0.005779430892087272,0.3707485396584835,0.12074853965848348,0.014580209829656358,0.09356725146197893,-0.15643274853802108,0.024471204815159738,-0.4,1
