method,true_params,bivpois_eta,bivpois_estimated_ha,bivpois_bias,bivpois_mse,pc_eta,pc_bias,pc_mse,lm_eta,lm_bias,lm_mse,team_strength_correlation
bivpois,0.8865059667732567,0.5291386458619625,0.6974695563085924,-0.18903641046466424,0.03573476448136502,0.8537083094783614,-0.032797657294895255,0.001075686324033396,3.05263157894736,2.1661256121741035,4.692100167716634,0.5
