method,true_params,bivpois_eta,bivpois_estimated_ha,bivpois_bias,bivpois_mse,pc_eta,pc_bias,pc_mse,lm_eta,lm_bias,lm_mse,team_strength_correlation,mu
bivpois,0.25,0.1562403992176238,0.154582407942652,-0.09541759205734801,0.009104516874022483,0.18281591151877308,-0.06718408848122692,0.004513701745053328,-0.4210526315789587,-0.6710526315789587,0.45031163434904564,-0.4,1
