method,true_params,bivpois_eta,bivpois_estimated_ha,bivpois_bias,bivpois_mse,pc_eta,pc_bias,pc_mse,lm_eta,lm_bias,lm_mse,team_strength_correlation
bivpois,0.6042596003971994,0.4554299279935795,0.5768511697834009,-0.027408430613798496,7.512220687114065e-4,0.7481530368848145,0.1438934364876151,0.02070532106421532,0.6140350877192932,0.009775487322093768,9.556015238441599e-5,0.5
