method,true_params,bivpois_eta,bivpois_estimated_ha,bivpois_bias,bivpois_mse,pc_eta,pc_bias,pc_mse,lm_eta,lm_bias,lm_mse,team_strength_correlation,mu
bivpois,0.25,0.23508133355250813,0.28474016386441603,0.03474016386441603,0.0012068789853264773,0.3331726975882776,0.08317269758827761,0.00691769762411108,-0.08479532163743006,-0.3347953216374301,0.11208790739031026,-0.4,1
