method,true_params,bivpois_eta,bivpois_estimated_ha,bivpois_bias,bivpois_mse,pc_eta,pc_bias,pc_mse,lm_eta,lm_bias,lm_mse,team_strength_correlation
bivpois,0.15429983451031148,0.16022388961487466,0.17377363730299433,0.01947380279268285,3.792289952083023e-4,0.21196353790140707,0.05766370339109558,0.003325102688776248,1.4941520467836304,1.339852212273319,1.795203950733707,-0.5
