method,true_params,bivpois_eta,bivpois_estimated_ha,bivpois_bias,bivpois_mse,pc_eta,pc_bias,pc_mse,lm_eta,lm_bias,lm_mse,team_strength_correlation,mu
bivpois,0,0.026738589086294774,0.026923994697731546,0.026923994697731546,7.249014904834764e-4,0.02850091807179331,0.02850091807179331,8.123023309350746e-4,0.46783625730994505,0.46783625730994505,0.2188707636537771,-0.8,1
