method,true_params,bivpois_eta,bivpois_estimated_ha,bivpois_bias,bivpois_mse,pc_eta,pc_bias,pc_mse,lm_eta,lm_bias,lm_mse,team_strength_correlation,mu
bivpois,0.25,0.24094086256966982,0.25734536069246206,0.007345360692462055,5.395432370236664e-5,0.2879338271820293,0.03793382718202931,0.0014389752446760658,0.07017543859648992,-0.17982456140351008,0.032336872883964765,-0.4,1
