method,true_params,bivpois_eta,bivpois_estimated_ha,bivpois_bias,bivpois_mse,pc_eta,pc_bias,pc_mse,lm_eta,lm_bias,lm_mse,team_strength_correlation,mu
bivpois,0.25,0.20904980049122684,0.2142557751678581,-0.0357442248321419,0.0012776496088507097,0.2374894777246582,-0.012510522275341801,1.565131676018234e-4,0.6783625730994157,0.4283625730994157,0.18349449403235227,-0.4,1
