true_params,bivpois_eta,bivpois_estimated_ha,bivpois_eta_bias,bivpois_eta_mse,lm_eta,lm_eta_bias,lm_eta_mse,team_strength_correlation,lambda3
0.20208918414535115,0.1267501471903355,0.13513336608651505,-0.0669558180588361,0.004483081571927963,-0.1052631578947461,-0.30735234204009726,0.09446546215753293,0.5,0
