method,true_params,bivpois_eta,bivpois_estimated_ha,bivpois_bias,bivpois_mse,pc_eta,pc_bias,pc_mse,lm_eta,lm_bias,lm_mse,team_strength_correlation,mu
bivpois,0.25,0.18460129432825434,0.22460777905568596,-0.025392220944314037,6.447648844848604e-4,0.2511615415066849,0.0011615415066849044,1.3491786717518378e-6,0.44152046783625304,0.19152046783625304,0.036680089600217236,-0.4,1
