true_params,bivpois_eta,bivpois_estimated_ha,bivpois_eta_bias,bivpois_eta_mse,lm_eta,lm_eta_bias,lm_eta_mse,team_strength_correlation,lambda3
0.6908685098767045,0.766513620944013,1.1522496005167953,0.4613810906400908,0.2128725108002397,0.5000000000000139,-0.19086850987669057,0.036430788062548326,0.5,0
