method,true_params,bivpois_eta,bivpois_estimated_ha,bivpois_bias,bivpois_mse,pc_eta,pc_bias,pc_mse,lm_eta,lm_bias,lm_mse,team_strength_correlation,mu
bivpois,0.25,0.19303305299844048,0.19821753079748405,-0.051782469202515946,0.0026814241167095122,0.23963860335180218,-0.010361396648197824,1.073585405012851e-4,-0.0438596491228095,-0.2938596491228095,0.0863534933825807,-0.4,1
