true_params,bivpois_eta,bivpois_estimated_ha,bivpois_eta_bias,bivpois_eta_mse,lm_eta,lm_eta_bias,lm_eta_mse,team_strength_correlation,lambda3
0.6020684679264221,0.5214755369864242,0.6845113756723418,0.08244290774591967,0.006796833037602221,-0.03216374269008623,-0.6342322106165084,0.402250496983503,0.5,0
