method,true_params,bivpois_eta,bivpois_estimated_ha,bivpois_bias,bivpois_mse,pc_eta,pc_bias,pc_mse,lm_eta,lm_bias,lm_mse,team_strength_correlation,mu
bivpois,0,0.016643558910560415,0.015766115536533842,0.015766115536533842,2.485703991113338e-4,0.020819600188963373,0.020819600188963373,4.3345575202828374e-4,0.1461988304093632,0.1461988304093632,0.021374098013065744,-0.8,1
