method,true_params,bivpois_eta,bivpois_estimated_ha,bivpois_bias,bivpois_mse,pc_eta,pc_bias,pc_mse,lm_eta,lm_bias,lm_mse,team_strength_correlation
bivpois,0.2525053801946342,0.3558596117894176,0.4274071430623232,0.174901762867689,0.030590626654225312,0.5078810630306135,0.25537568283597933,0.0652167393839427,2.1052631578947567,1.8527577777001225,3.4327113828282965,0.5
