method,true_params,bivpois_eta,bivpois_estimated_ha,bivpois_bias,bivpois_mse,pc_eta,pc_bias,pc_mse,lm_eta,lm_bias,lm_mse,team_strength_correlation,mu
bivpois,0.25,0.2438061301842566,0.24941036930465366,-5.896306953463437e-4,3.476643568946128e-7,0.2821718948052037,0.032171894805203716,0.0010350308153570938,0.5760233918128458,0.3260233918128458,0.10629125200915236,-0.4,1
