true_params,bivpois_eta,bivpois_estimated_ha,bivpois_eta_bias,bivpois_eta_mse,lm_eta,lm_eta_bias,lm_eta_mse,team_strength_correlation,lambda3
0.4403256678402648,0.3624847242294528,0.4368952711360121,-0.0034303967042526584,1.1767621548547501e-5,0.40058479532163793,-0.039740872518626846,0.0015793369485417505,0.5,0
