method,true_params,bivpois_eta,bivpois_estimated_ha,bivpois_bias,bivpois_mse,pc_eta,pc_bias,pc_mse,lm_eta,lm_bias,lm_mse,team_strength_correlation,mu
bivpois,0.25,0.2750581249038668,0.3199497100030386,0.06994971000303862,0.004892961929509202,0.36222597707155374,0.11222597707155374,0.012594669929664905,0.043859649122809624,-0.20614035087719038,0.042493844259771166,-0.4,1
