method,true_params,bivpois_eta,bivpois_estimated_ha,bivpois_bias,bivpois_mse,pc_eta,pc_bias,pc_mse,lm_eta,lm_bias,lm_mse,team_strength_correlation
bivpois,0.8728136823046952,0.5828450284827053,0.7911269960810987,-0.08168668622359654,0.006672714706192316,1.1201400912606279,0.2473264089559326,0.06117035256703722,0.6432748538011627,-0.22953882850353258,0.05268807379077414,0.5
