true_params,bivpois_eta,bivpois_estimated_ha,bivpois_eta_bias,bivpois_eta_mse,lm_eta,lm_eta_bias,lm_eta_mse,team_strength_correlation,lambda3
0.1591549345064855,0.21016925684418147,0.23388688608403463,0.07473195157754914,0.005584864586589149,0.19590643274854844,0.03675149824206295,0.0013506726230363558,0.5,0
