method,true_params,bivpois_eta,bivpois_estimated_ha,bivpois_bias,bivpois_mse,pc_eta,pc_bias,pc_mse,lm_eta,lm_bias,lm_mse,team_strength_correlation,mu
bivpois,0.25,0.29272645384196155,0.32009209212940004,0.07009209212940004,0.004912901379076303,0.36375754189911114,0.11375754189911114,0.012940778338928026,-0.017543859649117463,-0.2675438596491175,0.07157971683594667,-0.4,1
