true_params,bivpois_eta,bivpois_estimated_ha,bivpois_eta_bias,bivpois_eta_mse,lm_eta,lm_eta_bias,lm_eta_mse,team_strength_correlation,lambda3
0.3409290697035381,0.2642642990658122,0.30247239305018025,-0.038456676653357835,0.0014789159792209176,-0.14035087719298422,-0.4812799468965223,0.23163038728471935,0.5,0
