true_params,bivpois_eta,bivpois_estimated_ha,bivpois_eta_bias,bivpois_eta_mse,lm_eta,lm_eta_bias,lm_eta_mse,team_strength_correlation,lambda3
0.525183920245802,0.47249473696923583,0.6039907409766843,0.0788068207308823,0.00621051499370942,0.26315789473684664,-0.2620260255089553,0.0686576380440197,0.5,0
