true_params,bivpois_eta,bivpois_estimated_ha,bivpois_eta_bias,bivpois_eta_mse,lm_eta,lm_eta_bias,lm_eta_mse,team_strength_correlation,lambda3
0.6250800481024933,0.5696711817594264,0.7676857085563276,0.14260566045383427,0.02033637439347427,1.926900584795323,1.3018205366928295,1.6947367097552066,-0.5,0
