method,true_params,bivpois_eta,bivpois_estimated_ha,bivpois_bias,bivpois_mse,pc_eta,pc_bias,pc_mse,lm_eta,lm_bias,lm_mse,team_strength_correlation
bivpois,0.9017998855561018,0.5818593637478403,0.7893624151508571,-0.11243747040524465,0.012642184751130268,0.9396672724421081,0.03786738688600633,0.0014339389895744838,1.9561403508771873,1.0543404653210855,1.1116338168134832,-0.5
