true_params,bivpois_eta,bivpois_estimated_ha,bivpois_eta_bias,bivpois_eta_mse,lm_eta,lm_eta_bias,lm_eta_mse,team_strength_correlation,lambda3
0.24855441534844352,0.36103352680608986,0.43481156472127314,0.1862571493728296,0.03469172569249256,1.4824561403508814,1.2339017250024378,1.5225134669639915,0.5,0
