method,true_params,bivpois_eta,bivpois_estimated_ha,bivpois_bias,bivpois_mse,pc_eta,pc_bias,pc_mse,lm_eta,lm_bias,lm_mse,team_strength_correlation,mu
bivpois,0.25,0.08507788451271756,0.08822186597459092,-0.16177813402540908,0.026172164648743224,0.10452862993122411,-0.1454713700687759,0.021161919509686745,0.7163742690058472,0.4663742690058472,0.21750495879073833,-0.4,1
