method,true_params,bivpois_eta,bivpois_estimated_ha,bivpois_bias,bivpois_mse,pc_eta,pc_bias,pc_mse,lm_eta,lm_bias,lm_mse,team_strength_correlation
bivpois,0.35858822241425514,0.41854336116945884,0.5197462211809185,0.16115799876666337,0.025971900566475872,0.5024969740987131,0.14390875168445794,0.020709728811378975,1.4444444444444489,1.0858562220301937,1.1790837349216854,0.5
