method,true_params,bivpois_eta,bivpois_estimated_ha,bivpois_bias,bivpois_mse,pc_eta,pc_bias,pc_mse,lm_eta,lm_bias,lm_mse,team_strength_correlation,mu
bivpois,0.25,0.1964414693718691,0.17131545415486438,-0.07868454584513562,0.00619125775485525,0.19842594547449327,-0.05157405452550673,0.0026598831001999413,0.05847953216374132,-0.19152046783625867,0.036680089600219394,-0.4,1
