method,true_params,bivpois_eta,bivpois_estimated_ha,bivpois_bias,bivpois_mse,pc_eta,pc_bias,pc_mse,lm_eta,lm_bias,lm_mse,team_strength_correlation,mu
bivpois,0.25,0.356726861787382,0.38627646621814493,0.13627646621814493,0.018571275244905195,0.4086085321445278,0.1586085321445278,0.02515666646904171,-0.12280701754385343,-0.3728070175438534,0.13898507232994303,-0.4,1
