method,true_params,bivpois_eta,bivpois_estimated_ha,bivpois_bias,bivpois_mse,pc_eta,pc_bias,pc_mse,lm_eta,lm_bias,lm_mse,team_strength_correlation
bivpois,0.6283200511243194,0.38690428894220696,0.4724155580782359,-0.15590449304608356,0.024306210951956318,0.581231291444367,-0.04708875967995241,0.0022173512881963117,1.1900584795321734,0.5617384284078539,0.31555006195012564,0.5
