method,true_params,bivpois_eta,bivpois_estimated_ha,bivpois_bias,bivpois_mse,pc_eta,pc_bias,pc_mse,lm_eta,lm_bias,lm_mse,team_strength_correlation,mu
bivpois,0.25,0.3366939904924001,0.38474740771642,0.13474740771642002,0.01815686388629513,0.4657332127070266,0.2157332127070266,0.04654081906489519,0.8187134502923952,0.5687134502923952,0.32343498854348063,-0.4,1
