method,true_params,bivpois_eta,bivpois_estimated_ha,bivpois_bias,bivpois_mse,pc_eta,pc_bias,pc_mse,lm_eta,lm_bias,lm_mse,team_strength_correlation,mu
bivpois,0.25,0.16469039218284265,0.1621115625677021,-0.0878884374322979,0.007724377434290944,0.1860617411340646,-0.0639382588659354,0.004088100946807368,-0.5906432748538128,-0.8406432748538128,0.7066811155569431,-0.4,1
