true_params,bivpois_eta,bivpois_estimated_ha,bivpois_eta_bias,bivpois_eta_mse,lm_eta,lm_eta_bias,lm_eta_mse,team_strength_correlation,lambda3
0.1215108304023577,0.06579112281369577,0.06800361227654861,-0.053507218125809095,0.0028630223915629134,0.03216374269006171,-0.08934708771229599,0.007982902082668714,0.5,0
