method,true_params,bivpois_eta,bivpois_estimated_ha,bivpois_bias,bivpois_mse,pc_eta,pc_bias,pc_mse,lm_eta,lm_bias,lm_mse,team_strength_correlation,mu
bivpois,0.25,0.36972876477078837,0.405737199408685,0.15573719940868502,0.024254075279660524,0.44216422022863583,0.19216422022863583,0.03692708753607965,1.8947368421052548,1.6447368421052548,2.705159279778366,-0.4,1
