method,true_params,bivpois_eta,bivpois_estimated_ha,bivpois_bias,bivpois_mse,pc_eta,pc_bias,pc_mse,lm_eta,lm_bias,lm_mse,team_strength_correlation,mu
bivpois,0.25,0.1741319735098868,0.20862520289673592,-0.04137479710326408,0.00171187383533627,0.2282131960130341,-0.02178680398696589,4.7466482796647286e-4,0.24561403508770846,-0.00438596491229154,1.9236688211852537e-5,-0.4,1
