true_params,bivpois_eta,bivpois_estimated_ha,bivpois_eta_bias,bivpois_eta_mse,lm_eta,lm_eta_bias,lm_eta_mse,team_strength_correlation,lambda3
0.26088918358038665,0.18949885238149614,0.20864373692672,-0.05224544665366665,0.0027295866960411275,0.30409356725146436,0.043204383671077706,0.001866618768397686,0.5,0
