true_params,bivpois_eta,bivpois_estimated_ha,bivpois_eta_bias,bivpois_eta_mse,lm_eta,lm_eta_bias,lm_eta_mse,team_strength_correlation,lambda3
0.5360469545778531,0.3745972117744606,0.45440547921999364,-0.08164147535785948,0.0066653304986079775,0.5233918128655026,-0.012655141712350493,1.6015261175967335e-4,-0.5,0
