method,true_params,bivpois_eta,bivpois_estimated_ha,bivpois_bias,bivpois_mse,pc_eta,pc_bias,pc_mse,lm_eta,lm_bias,lm_mse,team_strength_correlation,mu
bivpois,0.25,0.27549639656410563,0.2933304888109487,0.0433304888109487,0.0018775312605957503,0.32881957370213355,0.07881957370213355,0.0062125251985860625,0.020467836257310457,-0.22953216374268953,0.05268501419240084,-0.4,1
