method,true_params,bivpois_eta,bivpois_estimated_ha,bivpois_bias,bivpois_mse,pc_eta,pc_bias,pc_mse,lm_eta,lm_bias,lm_mse,team_strength_correlation,mu
bivpois,0.25,0.2979525551429987,0.3551538267911418,0.10515382679114182,0.011057327288821457,0.40307476503043227,0.15307476503043227,0.02343188368912205,0.05263157894737629,-0.1973684210526237,0.03895429362880575,0,1
