method,true_params,bivpois_eta,bivpois_estimated_ha,bivpois_bias,bivpois_mse,pc_eta,pc_bias,pc_mse,lm_eta,lm_bias,lm_mse,team_strength_correlation,mu
bivpois,0.25,0.2621174062813172,0.23986969476986797,-0.01013030523013203,1.0262308405564037e-4,0.27642405458815283,0.026424054588152834,6.982306608776809e-4,-0.2514619883040996,-0.5014619883040996,0.2514641257139009,0,1
