true_params,bivpois_eta,bivpois_estimated_ha,bivpois_eta_bias,bivpois_eta_mse,lm_eta,lm_eta_bias,lm_eta_mse,team_strength_correlation,lambda3
0.16256840227902783,0.13075544616504559,0.13968903190535342,-0.022879370373674407,5.234655886957702e-4,-0.19883040935672833,-0.36139881163575616,0.13060910105173676,0.5,0
