true_params,bivpois_eta,bivpois_estimated_ha,bivpois_eta_bias,bivpois_eta_mse,lm_eta,lm_eta_bias,lm_eta_mse,team_strength_correlation,lambda3
0.2979444371606272,0.21476245599511723,0.23956741018372463,-0.05837702697690256,0.003407877278662009,-0.2660818713450339,-0.5640263085056612,0.31812567668652325,0.5,0
