method,true_params,bivpois_eta,bivpois_estimated_ha,bivpois_bias,bivpois_mse,pc_eta,pc_bias,pc_mse,lm_eta,lm_bias,lm_mse,team_strength_correlation
bivpois,0.42984296195209026,0.2708053218167613,0.31101981858294403,-0.11882314336914623,0.01411893940012468,0.3095824977929091,-0.12026046415918118,0.014462579239781701,-0.1228070175438646,-0.5526499794959548,0.3054219998368793,0.5
