method,true_params,bivpois_eta,bivpois_estimated_ha,bivpois_bias,bivpois_mse,pc_eta,pc_bias,pc_mse,lm_eta,lm_bias,lm_mse,team_strength_correlation,mu
bivpois,0.25,0.11072257375010805,0.13297059267063438,-0.11702940732936562,0.013695882179862576,0.15334528583224563,-0.09665471416775437,0.009342133770850298,0.32748538011693845,0.07748538011693845,0.006003984131866441,0,1
