method,true_params,bivpois_eta,bivpois_estimated_ha,bivpois_bias,bivpois_mse,pc_eta,pc_bias,pc_mse,lm_eta,lm_bias,lm_mse,team_strength_correlation
bivpois,0.8420685441233218,0.592954184589936,0.8093256098222434,-0.03274293430107833,0.001072099746644732,1.1187620722522902,0.2766935281289684,0.07655930850845623,1.9181286549707657,1.076060110847444,1.1579053621570132,0.5
