method,true_params,bivpois_eta,bivpois_estimated_ha,bivpois_bias,bivpois_mse,pc_eta,pc_bias,pc_mse,lm_eta,lm_bias,lm_mse,team_strength_correlation,mu
bivpois,0.25,0.18342892164222163,0.21811801580450751,-0.031881984195492485,0.0010164609162416325,0.24857434686590024,-0.001425653134099758,2.0324868587684626e-6,1.002923976608203,0.752923976608203,0.5668945145515097,0,1
