method,true_params,bivpois_eta,bivpois_estimated_ha,bivpois_bias,bivpois_mse,pc_eta,pc_bias,pc_mse,lm_eta,lm_bias,lm_mse,team_strength_correlation,mu
bivpois,0.25,0.18854581764711814,0.18409816551770886,-0.06590183448229114,0.004343051788131298,0.20033148106029927,-0.04966851893970073,0.00246696177366341,-0.1666666666666703,-0.4166666666666703,0.17361111111111413,0,1
