true_params,bivpois_eta,bivpois_estimated_ha,bivpois_eta_bias,bivpois_eta_mse,lm_eta,lm_eta_bias,lm_eta_mse,team_strength_correlation,lambda3
0.47960245649069755,0.47229532146994063,0.6036709122526698,0.12406845576197223,0.01539298171516046,0.038011695906427605,-0.44159076058426994,0.195002399833394,0.5,0
