method,true_params,bivpois_eta,bivpois_estimated_ha,bivpois_bias,bivpois_mse,pc_eta,pc_bias,pc_mse,lm_eta,lm_bias,lm_mse,team_strength_correlation,mu
bivpois,0,-0.030338296502657514,-0.028574352277331072,-0.028574352277331072,8.164936080690154e-4,-0.032523237592685425,-0.032523237592685425,0.0010577609835102665,-0.02046783625730925,-0.02046783625730925,4.1893232105602314e-4,-0.8,1
