method,true_params,bivpois_eta,bivpois_estimated_ha,bivpois_bias,bivpois_mse,pc_eta,pc_bias,pc_mse,lm_eta,lm_bias,lm_mse,team_strength_correlation,mu
bivpois,0.25,0.2443538966826874,0.27087776627332594,0.020877766273325937,4.35881124563626e-4,0.3122296762157223,0.062229676215722285,0.003872532601913632,-0.5116959064327339,-0.7616959064327339,0.5801806538763841,0,1
