method,true_params,bivpois_eta,bivpois_estimated_ha,bivpois_bias,bivpois_mse,pc_eta,pc_bias,pc_mse,lm_eta,lm_bias,lm_mse,team_strength_correlation
bivpois,0.7356145107187331,0.5789528905624376,0.7841692318520777,0.04855472113334458,0.002357560944336859,0.7302600710639336,-0.0053544396547994255,2.867002401688859e-5,1.0760233918128645,0.3404088810941315,0.11587820632775854,0.5
