method,true_params,bivpois_eta,bivpois_estimated_ha,bivpois_bias,bivpois_mse,pc_eta,pc_bias,pc_mse,lm_eta,lm_bias,lm_mse,team_strength_correlation,mu
bivpois,0.25,0.3894586826816176,0.42600738824118534,0.17600738824118534,0.030978600715483345,0.5002909625039398,0.2502909625039398,0.06264556591114859,0.11111111111109608,-0.13888888888890394,0.019290123456794303,0,1
