method,true_params,bivpois_eta,bivpois_estimated_ha,bivpois_bias,bivpois_mse,pc_eta,pc_bias,pc_mse,lm_eta,lm_bias,lm_mse,team_strength_correlation,mu
bivpois,0.25,0.31117212918972076,0.3479430767044335,0.09794307670443347,0.00959284627433054,0.3900760273851674,0.1400760273851674,0.019621293448010165,-0.26900584795322274,-0.5190058479532227,0.26936707020964373,0,1
