method,true_params,bivpois_eta,bivpois_estimated_ha,bivpois_bias,bivpois_mse,pc_eta,pc_bias,pc_mse,lm_eta,lm_bias,lm_mse,team_strength_correlation,mu
bivpois,0.25,0.2458318607545112,0.25010108021249744,1.010802124974397e-4,1.0217209358527565e-8,0.288707494844432,0.03870749484443198,0.001498270157131728,1.2368421052631557,0.9868421052631557,0.9738573407202173,0,1
