method,true_params,bivpois_eta,bivpois_estimated_ha,bivpois_bias,bivpois_mse,pc_eta,pc_bias,pc_mse,lm_eta,lm_bias,lm_mse,team_strength_correlation
bivpois,0.529941299231723,0.3890641308774174,0.47559917976883526,-0.054342119462887695,0.0029530659477187576,0.5118016159847945,-0.018139683246928495,3.290481082988983e-4,1.266081871345035,0.7361405721133121,0.5419029419113144,0.5
