method,true_params,bivpois_eta,bivpois_estimated_ha,bivpois_bias,bivpois_mse,pc_eta,pc_bias,pc_mse,lm_eta,lm_bias,lm_mse,team_strength_correlation,mu
bivpois,0,-0.037477840310856575,-0.038474028230893076,-0.038474028230893076,0.0014802508483115573,-0.045178689754529364,-0.045178689754529364,0.0020411140079360166,-0.33625730994150627,-0.33625730994150627,0.11306897848909821,-0.8,1
