method,true_params,bivpois_eta,bivpois_estimated_ha,bivpois_bias,bivpois_mse,pc_eta,pc_bias,pc_mse,lm_eta,lm_bias,lm_mse,team_strength_correlation,mu
bivpois,0.25,0.230459409152742,0.3217343186921784,0.07173431869217839,0.005145812478231014,0.3978433612376216,0.1478433612376216,0.02185765946203787,-0.38888888888889084,-0.6388888888888908,0.4081790123456815,0,1
