method,true_params,bivpois_eta,bivpois_estimated_ha,bivpois_bias,bivpois_mse,pc_eta,pc_bias,pc_mse,lm_eta,lm_bias,lm_mse,team_strength_correlation,mu
bivpois,0.25,0.3278189016297358,0.3742753319159642,0.12427533191596418,0.015444358122823066,0.43245083029761716,0.18245083029761716,0.033288305476289894,-0.03508771929823885,-0.28508771929823884,0.08127500769467143,0,1
