method,true_params,bivpois_eta,bivpois_estimated_ha,bivpois_bias,bivpois_mse,pc_eta,pc_bias,pc_mse,lm_eta,lm_bias,lm_mse,team_strength_correlation,mu
bivpois,0.25,0.23668067465703727,0.29078449929353134,0.04078449929353134,0.0016633753826240584,0.3142666794806808,0.06426667948068082,0.004130206091472561,0.8684210526315836,0.6184210526315836,0.38244459833795597,0,1
