method,true_params,bivpois_eta,bivpois_estimated_ha,bivpois_bias,bivpois_mse,pc_eta,pc_bias,pc_mse,lm_eta,lm_bias,lm_mse,team_strength_correlation,mu
bivpois,0.25,0.23208240180471804,0.28535471689022995,0.035354716890229954,0.001249956006388311,0.32568969822462146,0.07568969822462146,0.005728930417334265,-0.02923976608187363,-0.2792397660818736,0.0779748469614595,0,1
