method,true_params,bivpois_eta,bivpois_estimated_ha,bivpois_bias,bivpois_mse,pc_eta,pc_bias,pc_mse,lm_eta,lm_bias,lm_mse,team_strength_correlation,mu
bivpois,0,-0.07064103793857339,-0.07616540296950025,-0.07616540296950025,0.0058011686095063575,-0.08910891559034029,-0.08910891559034029,0.00794039883768639,-0.18128654970758562,-0.18128654970758562,0.03286481310488091,-0.8,1
