method,true_params,bivpois_eta,bivpois_estimated_ha,bivpois_bias,bivpois_mse,pc_eta,pc_bias,pc_mse,lm_eta,lm_bias,lm_mse,team_strength_correlation,mu
bivpois,0.25,0.32271746952526886,0.3318006256244883,0.08180062562448831,0.006691342352557693,0.3709577137624663,0.12095771376246628,0.014630768518642725,-0.0760233918128639,-0.3260233918128639,0.10629125200916416,0,1
