method,true_params,bivpois_eta,bivpois_estimated_ha,bivpois_bias,bivpois_mse,pc_eta,pc_bias,pc_mse,lm_eta,lm_bias,lm_mse,team_strength_correlation,mu
bivpois,0.25,0.23100392516758855,0.23637115210812476,-0.01362884789187524,1.8574549485987217e-4,0.2698905804884993,0.019890580488499288,3.956351921694686e-4,0.03508771929823942,-0.21491228070176058,0.04618728839643233,0,1
