method,true_params,bivpois_eta,bivpois_estimated_ha,bivpois_bias,bivpois_mse,pc_eta,pc_bias,pc_mse,lm_eta,lm_bias,lm_mse,team_strength_correlation,mu
bivpois,0.25,0.1761892002473916,0.23675942349098378,-0.013240576509016222,1.753128662911122e-4,0.2549241097379342,0.004924109737934224,2.4246856711218647e-5,0.657894736842094,0.407894736842094,0.1663781163434811,0,1
