true_params,bivpois_eta,bivpois_estimated_ha,bivpois_eta_bias,bivpois_eta_mse,lm_eta,lm_eta_bias,lm_eta_mse,team_strength_correlation,lambda3
0.18307610419798798,0.1302919702351677,0.1391609358608754,-0.043915168337112565,0.001928542010076934,0.41812865497075974,0.23505255077277176,0.05524970162478645,0.5,0
