true_params,bivpois_eta,bivpois_estimated_ha,bivpois_eta_bias,bivpois_eta_mse,lm_eta,lm_eta_bias,lm_eta_mse,team_strength_correlation,lambda3
0.1645157259138559,0.27061557223660615,0.31077107672287085,0.14625535080901494,0.02139062764026803,0.7485380116959007,0.5840222857820448,0.34108203029008444,0.5,0
