method,true_params,bivpois_eta,bivpois_estimated_ha,bivpois_bias,bivpois_mse,pc_eta,pc_bias,pc_mse,lm_eta,lm_bias,lm_mse,team_strength_correlation,mu
bivpois,0.25,0.2102758260782265,0.19241555874792293,-0.05758444125207707,0.003315967874313915,0.21626468841400512,-0.03373531158599488,0.0011380712478041605,0.8128654970760348,0.5628654970760348,0.3168175677986518,0,1
