method,true_params,bivpois_eta,bivpois_estimated_ha,bivpois_bias,bivpois_mse,pc_eta,pc_bias,pc_mse,lm_eta,lm_bias,lm_mse,team_strength_correlation,mu
bivpois,0.25,0.21797839411826453,0.28012067081990133,0.03012067081990133,9.072548106408555e-4,0.3133607322504735,0.0633607322504735,0.004014582391316193,1.7076023391812887,1.4576023391812887,2.1246045791867645,0,1
