true_params,bivpois_eta,bivpois_estimated_ha,bivpois_eta_bias,bivpois_eta_mse,lm_eta,lm_eta_bias,lm_eta_mse,team_strength_correlation,lambda3
0.4982733387697652,0.470258185807925,0.6004073423431366,0.10213400357337143,0.010431354685925449,-0.15497076023391534,-0.6532440990036805,0.42672785288313037,0.5,0
