true_params,bivpois_eta,bivpois_estimated_ha,bivpois_eta_bias,bivpois_eta_mse,lm_eta,lm_eta_bias,lm_eta_mse,team_strength_correlation,lambda3
0.562875755844955,0.5821462267644906,0.7898757906818541,0.22700003483689912,0.05152901581595341,1.2748538011695825,0.7119780453246275,0.5069127370242773,0.5,0
