method,true_params,bivpois_eta,bivpois_estimated_ha,bivpois_bias,bivpois_mse,pc_eta,pc_bias,pc_mse,lm_eta,lm_bias,lm_mse,team_strength_correlation,mu
bivpois,0.25,0.1724514347514968,0.19990924179064629,-0.050090758209353714,0.0025090840579879365,0.23810766469190425,-0.011892335308095747,1.4142763908018077e-4,0.6228070175438636,0.3728070175438636,0.1389850723299506,0,1
