true_params,bivpois_eta,bivpois_estimated_ha,bivpois_eta_bias,bivpois_eta_mse,lm_eta,lm_eta_bias,lm_eta_mse,team_strength_correlation,lambda3
0.26761050270264425,0.2853989133854208,0.3302925938117578,0.06268209110911355,0.003929044545811212,-0.7573099415204729,-1.0249204442231172,1.050461916986512,0.5,0
