method,true_params,bivpois_eta,bivpois_estimated_ha,bivpois_bias,bivpois_mse,pc_eta,pc_bias,pc_mse,lm_eta,lm_bias,lm_mse,team_strength_correlation
bivpois,0.4625704358331859,0.5063056846292388,0.6591504340254057,0.19657999819221983,0.03864369568925315,0.6558400032880908,0.19326956745490487,0.03735312570420602,0.7690058479532216,0.30643541212003567,0.0939026618011761,0.5
