true_params,bivpois_eta,bivpois_estimated_ha,bivpois_eta_bias,bivpois_eta_mse,lm_eta,lm_eta_bias,lm_eta_mse,team_strength_correlation,lambda3
0.3206293934081579,0.4300533979260609,0.5373396121035201,0.21671021869536222,0.04696331888699172,0.7339181286549776,0.41328873524681975,0.17080757868191587,0.5,0
