true_params,bivpois_eta,bivpois_estimated_ha,bivpois_eta_bias,bivpois_eta_mse,lm_eta,lm_eta_bias,lm_eta_mse,team_strength_correlation,lambda3
0.2936358720040787,0.23066035801685605,0.25943141101702394,-0.03420446098705476,0.0011699451514149512,0.45029239766082857,0.15665652565674987,0.02454126703084393,0.5,0
