method,true_params,bivpois_eta,bivpois_estimated_ha,bivpois_bias,bivpois_mse,pc_eta,pc_bias,pc_mse,lm_eta,lm_bias,lm_mse,team_strength_correlation,mu
bivpois,0.25,0.16906884285404536,0.16865709741994306,-0.08134290258005694,0.0066166678001486345,0.19381331949820815,-0.05618668050179185,0.0031569430658104363,-0.33040935672513927,-0.5804093567251393,0.33687502137409,0,1
