true_params,bivpois_eta,bivpois_estimated_ha,bivpois_eta_bias,bivpois_eta_mse,lm_eta,lm_eta_bias,lm_eta_mse,team_strength_correlation,lambda3
0.18362347902865436,0.27602643734499166,0.31788270488647896,0.1342592258578246,0.018025539727942356,0.1374269005847923,-0.046196578443862074,0.002134123859919902,0.5,0
