method,true_params,bivpois_eta,bivpois_estimated_ha,bivpois_bias,bivpois_mse,pc_eta,pc_bias,pc_mse,lm_eta,lm_bias,lm_mse,team_strength_correlation,mu
bivpois,0.25,0.2521586905587705,0.2288519690822155,-0.0211480309177845,4.472392116995691e-4,0.27918530670812064,0.02918530670812064,8.517821276470717e-4,0.3596491228070189,0.10964912280701888,0.01202293013234871,0,1
