method,true_params,bivpois_eta,bivpois_estimated_ha,bivpois_bias,bivpois_mse,pc_eta,pc_bias,pc_mse,lm_eta,lm_bias,lm_mse,team_strength_correlation
bivpois,0.8413321645930409,0.5315806798412561,0.7016199002217873,-0.13971226437125361,0.01951951681574306,0.7205170430806536,-0.12081512151238738,0.014596293586052928,-0.1900584795321687,-1.0313906441252096,1.0637666607890148,0.5
