true_params,bivpois_eta,bivpois_estimated_ha,bivpois_eta_bias,bivpois_eta_mse,lm_eta,lm_eta_bias,lm_eta_mse,team_strength_correlation,lambda3
0.5831670178020621,0.4970542758878095,0.6438717388968609,0.06070472109479874,0.0036850631631973035,-0.2368421052631583,-0.8200091230652204,0.6724149619101919,0.5,0
