method,true_params,bivpois_eta,bivpois_estimated_ha,bivpois_bias,bivpois_mse,pc_eta,pc_bias,pc_mse,lm_eta,lm_bias,lm_mse,team_strength_correlation,mu
bivpois,0.25,0.1510462901255391,0.16415325718123386,-0.08584674281876614,0.007369663252591376,0.1811237848720963,-0.0688762151279037,0.004743933010345271,-0.47953216374268315,-0.7295321637426831,0.532217177935081,0,1
