method,true_params,bivpois_eta,bivpois_estimated_ha,bivpois_bias,bivpois_mse,pc_eta,pc_bias,pc_mse,lm_eta,lm_bias,lm_mse,team_strength_correlation,mu
bivpois,0,-0.10802628248244756,-0.11006232514604808,-0.11006232514604808,0.012113715416554408,-0.12210793229445398,-0.12210793229445398,0.014910347129226956,-0.47660818713449316,-0.47660818713449316,0.22715536404362804,-0.8,1
