method,true_params,bivpois_eta,bivpois_estimated_ha,bivpois_bias,bivpois_mse,pc_eta,pc_bias,pc_mse,lm_eta,lm_bias,lm_mse,team_strength_correlation,mu
bivpois,0.25,0.1679141599555677,0.21499851085243904,-0.03500148914756096,0.0012251042425468278,0.2505269684849729,5.269684849729117e-4,2.776957841546459e-7,1.1111111111111194,0.8611111111111194,0.7415123456790266,0,1
