method,true_params,bivpois_eta,bivpois_estimated_ha,bivpois_bias,bivpois_mse,pc_eta,pc_bias,pc_mse,lm_eta,lm_bias,lm_mse,team_strength_correlation
bivpois,0.5764117408543825,0.4395154085625395,0.5519549721691512,-0.024456768685231278,5.981335345229093e-4,0.6386182011686714,0.06220646031428889,0.0038696437048331986,0.3508771929824532,-0.22553454787192934,0.050865832283795584,0.5
