method,true_params,bivpois_eta,bivpois_estimated_ha,bivpois_bias,bivpois_mse,pc_eta,pc_bias,pc_mse,lm_eta,lm_bias,lm_mse,team_strength_correlation,mu
bivpois,0.25,0.22655520201589113,0.275301971612965,0.02530197161296499,6.401897675032862e-4,0.30889455122256887,0.05889455122256887,0.003468568163707788,0.21345029239766578,-0.036549707602334225,0.0013358811258161283,0,1
