method,true_params,bivpois_eta,bivpois_estimated_ha,bivpois_bias,bivpois_mse,pc_eta,pc_bias,pc_mse,lm_eta,lm_bias,lm_mse,team_strength_correlation,mu
bivpois,0.25,0.19549704199575207,0.2576401405566502,0.007640140556650188,5.837174772537104e-5,0.2837109276391094,0.03371092763910938,0.0011364266422892685,1.0760233918128645,0.8260233918128645,0.6823146438220291,0,1
