true_params,bivpois_eta,bivpois_estimated_ha,bivpois_eta_bias,bivpois_eta_mse,lm_eta,lm_eta_bias,lm_eta_mse,team_strength_correlation,lambda3
0.4055920035878553,0.4522267773092468,0.5718083586334874,0.16621635504563215,0.027627876684655644,1.1683957075751504e-14,-0.40559200358784364,0.16450487337440137,0.5,0
