method,true_params,bivpois_eta,bivpois_estimated_ha,bivpois_bias,bivpois_mse,pc_eta,pc_bias,pc_mse,lm_eta,lm_bias,lm_mse,team_strength_correlation,mu
bivpois,0.25,0.20930176950839827,0.2518953360391498,0.0018953360391498197,3.5922987013001272e-6,0.2876418700294778,0.037641870029477775,0.0014169103793160972,1.0146198830409432,0.7646198830409432,0.5846435655415456,0,1
