method,true_params,bivpois_eta,bivpois_estimated_ha,bivpois_bias,bivpois_mse,pc_eta,pc_bias,pc_mse,lm_eta,lm_bias,lm_mse,team_strength_correlation,mu
bivpois,0.25,0.3090292474081797,0.30798550102290756,0.05798550102290756,0.0033623183288776135,0.3588123425778004,0.10881234257780042,0.0118401258972686,-0.6169590643274695,-0.8669590643274695,0.7516180192195614,0,1
