true_params,bivpois_eta,bivpois_estimated_ha,bivpois_eta_bias,bivpois_eta_mse,lm_eta,lm_eta_bias,lm_eta_mse,team_strength_correlation,lambda3
0.5163686002958281,0.492659259380488,0.6366627488877048,0.1202941485918767,0.014470682185444513,1.9999999999999956,1.4836313997041675,2.201162130188147,0.5,0
