true_params,bivpois_eta,bivpois_estimated_ha,bivpois_eta_bias,bivpois_eta_mse,lm_eta,lm_eta_bias,lm_eta_mse,team_strength_correlation,lambda3
0.14024599736725812,0.18281414683245076,0.20059125365707087,0.06034525628981274,0.0036415499566831845,0.4152046783625751,0.27495868099531695,0.07560227625468448,-0.5,0
