method,true_params,bivpois_eta,bivpois_estimated_ha,bivpois_bias,bivpois_mse,pc_eta,pc_bias,pc_mse,lm_eta,lm_bias,lm_mse,team_strength_correlation,mu
bivpois,0.25,0.12228021457324353,0.1685143360103989,-0.08148566398960111,0.006639913435826175,0.18464307122496618,-0.06535692877503382,0.004271528138904844,0.5146198830409416,0.26461988304094164,0.07002368250060163,0,1
