true_params,bivpois_eta,bivpois_estimated_ha,bivpois_eta_bias,bivpois_eta_mse,lm_eta,lm_eta_bias,lm_eta_mse,team_strength_correlation,lambda3
0.5279904703424823,0.5956000116840194,0.8141191111341846,0.2861286407917023,0.081869599081307,0.01754385964911687,-0.5104466106933654,0.2605557423683441,0.5,0
