method,true_params,bivpois_eta,bivpois_estimated_ha,bivpois_bias,bivpois_mse,pc_eta,pc_bias,pc_mse,lm_eta,lm_bias,lm_mse,team_strength_correlation,mu
bivpois,0.25,0.24710740468789938,0.37895062189296125,0.12895062189296125,0.016628262886581455,0.4177419647081113,0.1677419647081113,0.02813736672413726,-0.3011695906432816,-0.5511695906432816,0.30378791764988267,0,1
