true_params,bivpois_eta,bivpois_estimated_ha,bivpois_eta_bias,bivpois_eta_mse,lm_eta,lm_eta_bias,lm_eta_mse,team_strength_correlation,lambda3
0.4198800943300714,0.4583165930612675,0.5814095871188227,0.16152949278875134,0.02609177704059127,-0.0672514619882905,-0.4871315563183619,0.2372971531611494,0.5,0
