method,true_params,bivpois_eta,bivpois_estimated_ha,bivpois_bias,bivpois_mse,pc_eta,pc_bias,pc_mse,lm_eta,lm_bias,lm_mse,team_strength_correlation
bivpois,0.6057589298579842,0.49104704482424943,0.6340262232738603,0.028267293415876082,7.990398770592313e-4,0.7654619007305817,0.15970297087259755,0.025505038905533742,0.035087719298258956,-0.5706712105597253,0.3256656305617023,0.5
