method,true_params,bivpois_eta,bivpois_estimated_ha,bivpois_bias,bivpois_mse,pc_eta,pc_bias,pc_mse,lm_eta,lm_bias,lm_mse,team_strength_correlation,mu
bivpois,0.25,0.3338399861024448,0.3907586697900203,0.14075866979002027,0.019813003121055967,0.43550253870284955,0.18550253870284955,0.034411191865202195,0.5116959064327526,0.26169590643275265,0.06848474744366002,0,1
