method,true_params,bivpois_eta,bivpois_estimated_ha,bivpois_bias,bivpois_mse,pc_eta,pc_bias,pc_mse,lm_eta,lm_bias,lm_mse,team_strength_correlation
bivpois,0.188447737833485,0.18874942438400427,0.20773828479923973,0.019290546965754718,3.7212520223798857e-4,0.24109424477238658,0.05264650693890158,0.002771654692867812,-0.7134502923976649,-0.9018980302311499,0.8134200569348282,0.5
