method,true_params,bivpois_eta,bivpois_estimated_ha,bivpois_bias,bivpois_mse,pc_eta,pc_bias,pc_mse,lm_eta,lm_bias,lm_mse,team_strength_correlation,mu
bivpois,0,-0.08840810329206039,-0.09369460873910507,-0.09369460873910507,0.008778679706773984,-0.10155273447755447,-0.10155273447755447,0.01031295787986868,0.11403508771930974,0.11403508771930974,0.013004001231150667,-0.8,1
