method,true_params,bivpois_eta,bivpois_estimated_ha,bivpois_bias,bivpois_mse,pc_eta,pc_bias,pc_mse,lm_eta,lm_bias,lm_mse,team_strength_correlation
bivpois,0.7389702543150634,0.5171695539328907,0.6772734925197361,-0.06169676179532724,0.0038064904160293508,0.7872813323767704,0.04831107806170709,0.0023339602634843562,0.8421052631578824,0.10313500884281901,0.010636830049008355,0.5
