method,true_params,bivpois_eta,bivpois_estimated_ha,bivpois_bias,bivpois_mse,pc_eta,pc_bias,pc_mse,lm_eta,lm_bias,lm_mse,team_strength_correlation,mu
bivpois,0.25,0.20533519416461513,0.21280298484657578,-0.03719701515342422,0.001383617936324071,0.24963250938224554,-3.674906177544568e-4,1.3504935413755227e-7,0.17543859649121654,-0.07456140350878346,0.005559402893199626,0,1
