true_params,bivpois_eta,bivpois_estimated_ha,bivpois_eta_bias,bivpois_eta_mse,lm_eta,lm_eta_bias,lm_eta_mse,team_strength_correlation,lambda3
0.5122151482961519,0.48580308921895354,0.6254798901814607,0.11326474188530877,0.01282890175434562,0.7397660818713377,0.22755093357518585,0.051779427370938644,0.5,0
