method,true_params,bivpois_eta,bivpois_estimated_ha,bivpois_bias,bivpois_mse,pc_eta,pc_bias,pc_mse,lm_eta,lm_bias,lm_mse,team_strength_correlation
bivnorm,0.2263825167901814,0.09620004183705382,0.10097928388515531,-0.12540323290502609,0.015725970823032218,0.15699386183286695,-0.06938865495731444,0.0048147854367852384,1.0438596491228294,0.817477132332648,0.6682688618868097,-0.5
