true_params,bivpois_eta,bivpois_estimated_ha,bivpois_eta_bias,bivpois_eta_mse,lm_eta,lm_eta_bias,lm_eta_mse,team_strength_correlation,lambda3
0.04146226542943626,0.011383982975571772,0.011449027095824293,-0.03001323833361197,9.00794475270195e-4,-0.07309941520468924,-0.1145616806341255,0.013124378669715366,-0.5,0.1
