method,true_params,bivpois_eta,bivpois_estimated_ha,bivpois_bias,bivpois_mse,pc_eta,pc_bias,pc_mse,lm_eta,lm_bias,lm_mse,team_strength_correlation
bivnorm,0.40499923937022686,0.2453755845011606,0.27810125809276753,-0.12689798127745933,0.016103097652294417,0.42891753176221115,0.023918292391984286,5.720847109484534e-4,0.35672514619881257,-0.04827409317141429,0.002330388071522388,-0.5
