method,true_params,bivpois_eta,bivpois_estimated_ha,bivpois_bias,bivpois_mse,pc_eta,pc_bias,pc_mse,lm_eta,lm_bias,lm_mse,team_strength_correlation,mu
bivpois,0.5,0.45912814086969994,0.5913727804215105,0.09137278042151054,0.00834898500195758,0.6964929671702704,0.19649296717027043,0.03860948614737697,0.3362573099415281,-0.16374269005847192,0.026811668547584797,-0.8,1
