method,true_params,bivpois_eta,bivpois_estimated_ha,bivpois_bias,bivpois_mse,pc_eta,pc_bias,pc_mse,lm_eta,lm_bias,lm_mse,team_strength_correlation,mu
bivpois,0.5,0.4878863244390912,0.6796136004467466,0.17961360044674657,0.03226104546544352,0.7621905177517638,0.26219051775176383,0.06874386759893798,0.9327485380116984,0.43274853801169844,0.1872712971512624,-0.8,1
