method,true_params,bivpois_eta,bivpois_estimated_ha,bivpois_bias,bivpois_mse,pc_eta,pc_bias,pc_mse,lm_eta,lm_bias,lm_mse,team_strength_correlation,mu
bivpois,0.5,0.45322886834104686,0.5575886914853133,0.057588691485313315,0.003316457386990598,0.6228627463277931,0.12286274632779315,0.015095254435207648,0.8654970760233872,0.3654970760233872,0.13358811258164568,-0.8,1
