method,true_params,bivpois_eta,bivpois_estimated_ha,bivpois_bias,bivpois_mse,pc_eta,pc_bias,pc_mse,lm_eta,lm_bias,lm_mse,team_strength_correlation,mu
bivpois,0.5,0.46912605397156293,0.5612191085735764,0.061219108573576375,0.0037477792545433323,0.641312382501218,0.14131238250121803,0.01996918944817055,0.28947368421052566,-0.21052631578947434,0.044321329639889474,-0.8,1
