method,true_params,bivpois_eta,bivpois_estimated_ha,bivpois_bias,bivpois_mse,pc_eta,pc_bias,pc_mse,lm_eta,lm_bias,lm_mse,team_strength_correlation,mu
bivpois,0.5,0.31302131685366746,0.4157330551571712,-0.08426694484282882,0.007100917993144354,0.48470840044399044,-0.01529159955600956,2.3383301698135179e-4,1.4590643274853712,0.9590643274853712,0.9198043842549674,-0.8,1
