method,true_params,bivpois_eta,bivpois_estimated_ha,bivpois_bias,bivpois_mse,pc_eta,pc_bias,pc_mse,lm_eta,lm_bias,lm_mse,team_strength_correlation,mu
bivpois,0.5,0.3993752630659211,0.46845597684419815,-0.03154402315580185,9.950253968537633e-4,0.5426801930172136,0.0426801930172136,0.0018215988759866083,1.7280701754386079,1.2280701754386079,1.5081563558018132,-0.8,1
