method,true_params,bivpois_eta,bivpois_estimated_ha,bivpois_bias,bivpois_mse,pc_eta,pc_bias,pc_mse,lm_eta,lm_bias,lm_mse,team_strength_correlation,mu
bivpois,0.5,0.33019005954952474,0.3807711528225026,-0.11922884717749738,0.014215517999275024,0.408389011315879,-0.09161098868412099,0.008392573247682143,0.15789473684211683,-0.34210526315788314,0.11703601108032448,-0.8,1
