true_params,bivpois_eta,bivpois_estimated_ha,bivpois_eta_bias,bivpois_eta_mse,lm_eta,lm_eta_bias,lm_eta_mse,team_strength_correlation,lambda3
0.385340812298287,0.4486027853326136,0.5661224468252868,0.1807816345269998,0.032681999382253725,1.201754385964916,0.816413573666629,0.6665311232671163,-0.5,0
