method,true_params,bivpois_eta,bivpois_estimated_ha,bivpois_bias,bivpois_mse,pc_eta,pc_bias,pc_mse,lm_eta,lm_bias,lm_mse,team_strength_correlation
bivnorm,0.7751081399619579,0.3475016483336077,0.41552664387290017,-0.35958149608905776,0.12929885232964505,0.6147765054243194,-0.16033163453763855,0.02570623303351089,0.9824561403508797,0.20734800038892176,0.0429931932652843,-0.5
