true_params,bivpois_eta,bivpois_estimated_ha,bivpois_eta_bias,bivpois_eta_mse,lm_eta,lm_eta_bias,lm_eta_mse,team_strength_correlation,lambda3
0.4772622212810392,0.35481204597029803,0.425912623069987,-0.05134959821105217,0.0026367812364364923,-0.27485380116958863,-0.7521160224506278,0.5656785112269532,-0.5,0.1
