method,true_params,bivpois_eta,bivpois_estimated_ha,bivpois_bias,bivpois_mse,pc_eta,pc_bias,pc_mse,lm_eta,lm_bias,lm_mse,team_strength_correlation
bivnorm,0.7372007872909307,0.32240096930699147,0.3804381783408608,-0.35676260895006995,0.12727955914486053,0.6000701218414105,-0.13713066544952024,0.018804819406628245,1.1666666666666776,0.4294658793757469,0.18444094154798357,-0.5
