method,true_params,bivpois_eta,bivpois_estimated_ha,bivpois_bias,bivpois_mse,pc_eta,pc_bias,pc_mse,lm_eta,lm_bias,lm_mse,team_strength_correlation,mu
bivpois,0.5,0.5056403449102455,0.5796001664656694,0.07960016646566936,0.0063361865013622735,0.6554226820806529,0.1554226820806529,0.024156210105143707,0.38011695906431964,-0.11988304093568036,0.014371943503986014,-0.8,1
