method,true_params,bivpois_eta,bivpois_estimated_ha,bivpois_bias,bivpois_mse,pc_eta,pc_bias,pc_mse,lm_eta,lm_bias,lm_mse,team_strength_correlation
bivnorm,0.9736941461451352,0.3995312305571185,0.49112553969362405,-0.4825686064515111,0.23287245993255343,0.7829464844582202,-0.19074766168691493,0.036384670439025754,0.9590643274853865,-0.014629818659748661,2.140315940171301e-4,-0.5
