true_params,bivpois_eta,bivpois_estimated_ha,bivpois_eta_bias,bivpois_eta_mse,lm_eta,lm_eta_bias,lm_eta_mse,team_strength_correlation,lambda3
0.21450752284006439,0.14814615918794288,0.15968238221197106,-0.05482514062809332,0.003005796044890209,-0.008771929824556103,-0.2232794526646205,0.0498537139822125,-0.5,0.1
