method,true_params,bivpois_eta,bivpois_estimated_ha,bivpois_bias,bivpois_mse,pc_eta,pc_bias,pc_mse,lm_eta,lm_bias,lm_mse,team_strength_correlation,mu
bivpois,0.5,0.40267967339099053,0.4954670486128402,-0.0045329513871598115,2.054764827835406e-5,0.5545039715283685,0.0545039715283685,0.002970682912365204,0.935672514619886,0.435672514619886,0.18981053999521477,-0.8,1
