method,true_params,bivpois_eta,bivpois_estimated_ha,bivpois_bias,bivpois_mse,pc_eta,pc_bias,pc_mse,lm_eta,lm_bias,lm_mse,team_strength_correlation,mu
bivpois,0.5,0.31886464374364726,0.3802946156409803,-0.11970538435901967,0.014329379044540631,0.42100595423281423,-0.07899404576718577,0.0062400592666682405,0.8070175438596472,0.3070175438596472,0.09425977223761038,-0.8,1
