method,true_params,bivpois_eta,bivpois_estimated_ha,bivpois_bias,bivpois_mse,pc_eta,pc_bias,pc_mse,lm_eta,lm_bias,lm_mse,team_strength_correlation,mu
bivpois,0,-0.09939357123503038,-0.09650165141328415,-0.09650165141328415,0.009312568725491008,-0.11514090177595125,-0.11514090177595125,0.013257427261779253,-0.4327485380117047,-0.4327485380117047,0.18727129715126783,-0.8,1
