true_params,bivpois_eta,bivpois_estimated_ha,bivpois_eta_bias,bivpois_eta_mse,lm_eta,lm_eta_bias,lm_eta_mse,team_strength_correlation,lambda3
0.12381576179992945,0.13356269950697885,0.14289292271145349,0.019077160911524033,3.6393806844418046e-4,0.7543859649122856,0.6305702031123561,0.39761878105315807,-0.5,0
