method,true_params,bivpois_eta,bivpois_estimated_ha,bivpois_bias,bivpois_mse,pc_eta,pc_bias,pc_mse,lm_eta,lm_bias,lm_mse,team_strength_correlation,mu
bivpois,0.5,0.42029734476022024,0.48090740569042023,-0.01909259430957977,3.6452715747019776e-4,0.610506409858495,0.11050640985849502,0.012211666619813686,1.1520467836257258,0.6520467836257258,0.425165008036654,-0.8,1
