method,true_params,bivpois_eta,bivpois_estimated_ha,bivpois_bias,bivpois_mse,pc_eta,pc_bias,pc_mse,lm_eta,lm_bias,lm_mse,team_strength_correlation,mu
bivpois,0.5,0.478354620118014,0.6341329553748403,0.13413295537484027,0.01799164971758889,0.74664264727641,0.24664264727641005,0.06083259545551562,1.0614035087719487,0.5614035087719487,0.3151738996614554,-0.8,1
