method,true_params,bivpois_eta,bivpois_estimated_ha,bivpois_bias,bivpois_mse,pc_eta,pc_bias,pc_mse,lm_eta,lm_bias,lm_mse,team_strength_correlation,mu
bivpois,0.5,0.5489096194393633,0.6714740730715185,0.17147407307151852,0.029403357735736473,0.7987134060116262,0.2987134060116262,0.08922969893106665,1.1666666666666743,0.6666666666666743,0.44444444444445463,-0.8,1
