method,true_params,bivpois_eta,bivpois_estimated_ha,bivpois_bias,bivpois_mse,pc_eta,pc_bias,pc_mse,lm_eta,lm_bias,lm_mse,team_strength_correlation
bivnorm,0.06002798955887556,0.04264006561572269,0.04356221332161159,-0.016465776237263974,2.7112178709564694e-4,0.06263985623688398,0.0026118666780084177,6.821847543690727e-6,-0.4619883040935636,-0.5220162936524392,0.2725010108386296,-0.5
