method,true_params,bivpois_eta,bivpois_estimated_ha,bivpois_bias,bivpois_mse,pc_eta,pc_bias,pc_mse,lm_eta,lm_bias,lm_mse,team_strength_correlation,mu
bivpois,0.5,0.41475589431240245,0.48749407024536573,-0.01250592975463427,1.5639827902784678e-4,0.5759627689339718,0.0759627689339718,0.005770342264115992,0.1959064327485398,-0.3040935672514602,0.09247289764371834,-0.8,1
