method,true_params,bivpois_eta,bivpois_estimated_ha,bivpois_bias,bivpois_mse,pc_eta,pc_bias,pc_mse,lm_eta,lm_bias,lm_mse,team_strength_correlation,mu
bivpois,0,-0.09969205936790315,-0.09981710564131341,-0.09981710564131341,0.00996345457860912,-0.11061347843387927,-0.11061347843387927,0.012235341611242274,0.06432748538011668,0.06432748538011668,0.004138025375329125,-0.8,1
