method,true_params,bivpois_eta,bivpois_estimated_ha,bivpois_bias,bivpois_mse,pc_eta,pc_bias,pc_mse,lm_eta,lm_bias,lm_mse,team_strength_correlation,mu
bivpois,0.5,0.3744130549378313,0.4562922366586839,-0.0437077633413161,0.0019103685763004954,0.5241476749994585,0.02414767499945847,5.831102078794715e-4,0.7514619883040936,0.2514619883040936,0.06323313156184811,-0.8,1
