method,true_params,bivpois_eta,bivpois_estimated_ha,bivpois_bias,bivpois_mse,pc_eta,pc_bias,pc_mse,lm_eta,lm_bias,lm_mse,team_strength_correlation,mu
bivpois,0.5,0.41430242436211123,0.4572804556568695,-0.04271954434313052,0.001824959468884695,0.5270296016193081,0.02702960161930812,7.305993636985041e-4,0.3011695906432786,-0.19883040935672142,0.03953353168496141,-0.8,1
