method,true_params,bivpois_eta,bivpois_estimated_ha,bivpois_bias,bivpois_mse,pc_eta,pc_bias,pc_mse,lm_eta,lm_bias,lm_mse,team_strength_correlation,mu
bivpois,0.5,0.35322465053641494,0.40765006615133115,-0.09234993384866885,0.008528510281853512,0.46792485526933575,-0.03207514473066425,0.0010288149094930586,0.7602339181286587,0.2602339181286587,0.06772169214459343,-0.8,1
