method,true_params,bivpois_eta,bivpois_estimated_ha,bivpois_bias,bivpois_mse,pc_eta,pc_bias,pc_mse,lm_eta,lm_bias,lm_mse,team_strength_correlation,mu
bivpois,0.5,0.3355820068056178,0.40590055346445864,-0.09409944653554136,0.008854705838295208,0.45844584518556664,-0.041554154814433364,0.0017267477823418955,0.99122807017544,0.49122807017544,0.24130501692828701,-0.8,1
