true_params,bivpois_eta,bivpois_estimated_ha,bivpois_eta_bias,bivpois_eta_mse,lm_eta,lm_eta_bias,lm_eta_mse,team_strength_correlation,lambda3
0.18246154247877366,0.040566326329762877,0.0414003796769109,-0.14106116280186276,0.01989825165101363,-0.05847953216373147,-0.24094107464250514,0.058052601449885236,-0.5,0.1
