method,true_params,bivpois_eta,bivpois_estimated_ha,bivpois_bias,bivpois_mse,pc_eta,pc_bias,pc_mse,lm_eta,lm_bias,lm_mse,team_strength_correlation,mu
bivpois,0.5,0.41608830112588574,0.5166586382166027,0.01665863821660274,2.775102272316573e-4,0.5656892421913554,0.06568924219135541,0.004315076539674548,-0.2397660818713412,-0.7397660818713412,0.5472538558872758,-0.8,1
