method,true_params,bivpois_eta,bivpois_estimated_ha,bivpois_bias,bivpois_mse,pc_eta,pc_bias,pc_mse,lm_eta,lm_bias,lm_mse,team_strength_correlation
bivnorm,0.47310685529373586,0.2932732449847563,0.3408091097466983,-0.13229774554703755,0.017502693476828694,0.509000190475146,0.035893335181410135,0.0012883315104450545,0.5497076023391838,0.07660074704544795,0.005867674447920702,-0.5
