method,true_params,bivpois_eta,bivpois_estimated_ha,bivpois_bias,bivpois_mse,pc_eta,pc_bias,pc_mse,lm_eta,lm_bias,lm_mse,team_strength_correlation,mu
bivpois,0.5,0.41275403111991643,0.5326783525391396,0.03267835253913964,0.0010678747246722943,0.6095767065051781,0.10957670650517815,0.012007054608521951,1.1520467836257209,0.6520467836257209,0.42516500803664764,-0.8,1
