method,true_params,bivpois_eta,bivpois_estimated_ha,bivpois_bias,bivpois_mse,pc_eta,pc_bias,pc_mse,lm_eta,lm_bias,lm_mse,team_strength_correlation
bivpois,0.44353669998236,0.4437936458981069,0.5586088271105589,0.11507212712819892,0.013241594441808374,0.548412404614126,0.10487570463176599,0.010998913422009421,1.0555555555555343,0.6120188555731743,0.37456707957709795,-0.5
