method,true_params,bivpois_eta,bivpois_estimated_ha,bivpois_bias,bivpois_mse,pc_eta,pc_bias,pc_mse,lm_eta,lm_bias,lm_mse,team_strength_correlation,mu
bivpois,0.5,0.4796526907594767,0.5636037430296547,0.06360374302965466,0.004045436127382344,0.6414122404362542,0.14141224043625422,0.019997421745200975,0.675438596491225,0.17543859649122495,0.030778701138810847,-0.8,1
