method,true_params,bivpois_eta,bivpois_estimated_ha,bivpois_bias,bivpois_mse,pc_eta,pc_bias,pc_mse,lm_eta,lm_bias,lm_mse,team_strength_correlation
bivnorm,0.9365001411642879,0.396777688179218,0.4870253099980808,-0.4494748311662071,0.2020276238518904,0.7687416510301416,-0.16775849013414634,0.028142911012088476,0.14912280701754238,-0.7873773341467456,0.6199630663280359,-0.5
