method,true_params,bivpois_eta,bivpois_estimated_ha,bivpois_bias,bivpois_mse,pc_eta,pc_bias,pc_mse,lm_eta,lm_bias,lm_mse,team_strength_correlation
bivnorm,0.7913059676066041,0.31464272239289265,0.36976983543378994,-0.42153613217281416,0.17769271072721624,0.5851756608321497,-0.20613030677445443,0.04248970337093069,0.1257309941520507,-0.6655749734545534,0.44299004528902947,-0.5
