method,true_params,bivpois_eta,bivpois_estimated_ha,bivpois_bias,bivpois_mse,pc_eta,pc_bias,pc_mse,lm_eta,lm_bias,lm_mse,team_strength_correlation
bivnorm,0.3995218984782696,0.127440959705872,0.1359178013402602,-0.26360409713800936,0.06948712002794508,0.22016842659766528,-0.1793534718806043,0.032167667875626714,-0.4122807017543925,-0.8118026002326622,0.6590234617445114,-0.5
