true_params,bivpois_eta,bivpois_estimated_ha,bivpois_eta_bias,bivpois_eta_mse,lm_eta,lm_eta_bias,lm_eta_mse,team_strength_correlation,lambda3
0.05322840075664038,0.03852490641671075,0.0392766126920332,-0.01395178806460718,1.9465239019971539e-4,0.6725146198830394,0.619286219126399,0.3835154211998703,-0.5,0.1
