method,true_params,bivpois_eta,bivpois_estimated_ha,bivpois_bias,bivpois_mse,pc_eta,pc_bias,pc_mse,lm_eta,lm_bias,lm_mse,team_strength_correlation,mu
bivpois,0.5,0.4188745678851988,0.5036578365087523,0.003657836508752288,1.3379767924761127e-5,0.5766776231365057,0.07667762313650572,0.005879457889863998,1.0233918128655006,0.5233918128655006,0.2739389897746352,-0.8,1
