method,true_params,bivpois_eta,bivpois_estimated_ha,bivpois_bias,bivpois_mse,pc_eta,pc_bias,pc_mse,lm_eta,lm_bias,lm_mse,team_strength_correlation,mu
bivpois,0.5,0.30505139834188594,0.38196575467823646,-0.11803424532176354,0.013932083068678259,0.4266447177544818,-0.07335528224551818,0.005380997433319636,1.0789473684210613,0.5789473684210613,0.3351800554016721,-0.8,1
