method,true_params,bivpois_eta,bivpois_estimated_ha,bivpois_bias,bivpois_mse,pc_eta,pc_bias,pc_mse,lm_eta,lm_bias,lm_mse,team_strength_correlation,mu
bivpois,0,0.03514200492142209,0.036357767588111045,0.036357767588111045,0.001321887263991098,0.04288992483632474,0.04288992483632474,0.0018395456524655858,-0.3801169590643332,-0.3801169590643332,0.14448890256831595,-0.8,1
