true_params,bivpois_eta,bivpois_estimated_ha,bivpois_eta_bias,bivpois_eta_mse,lm_eta,lm_eta_bias,lm_eta_mse,team_strength_correlation,lambda3
0.6471565761020986,0.626874219798064,0.8717507443378596,0.22459416823576095,0.05044254040551329,1.257309941520483,0.6101533654183843,0.37228712933138036,-0.5,0.1
