method,true_params,bivpois_eta,bivpois_estimated_ha,bivpois_bias,bivpois_mse,pc_eta,pc_bias,pc_mse,lm_eta,lm_bias,lm_mse,team_strength_correlation
bivnorm,0.09139842703007162,-0.053236671646062196,-0.05184441561741704,-0.14324284264748866,0.020518511969733196,-0.09164501243770838,-0.18304343946778,0.033504900732194844,0.04970760233918099,-0.041690824690890624,0.0017381248634065754,-0.5
