true_params,bivpois_eta,bivpois_estimated_ha,bivpois_eta_bias,bivpois_eta_mse,lm_eta,lm_eta_bias,lm_eta_mse,team_strength_correlation,lambda3
0.012506145860240361,0.0568728771532036,0.05852123960879707,0.04601509374855671,0.002117388852688463,-0.2894736842105273,-0.3019798300707677,0.09119181776956972,-0.5,0.1
