true_params,bivpois_eta,bivpois_estimated_ha,bivpois_eta_bias,bivpois_eta_mse,lm_eta,lm_eta_bias,lm_eta_mse,team_strength_correlation,lambda3
0.11422036807313203,0.06422452828109128,0.06633179352972585,-0.047888574543406184,0.0022933155717993706,0.33918128654972335,0.22496091847659133,0.05060741484183157,-0.5,0.1
