method,true_params,bivpois_eta,bivpois_estimated_ha,bivpois_bias,bivpois_mse,pc_eta,pc_bias,pc_mse,lm_eta,lm_bias,lm_mse,team_strength_correlation,mu
bivpois,0.5,0.3551896987183826,0.47826875433231386,-0.02173124566768614,4.7224703826932756e-4,0.5201697302555957,0.020169730255595653,4.068180185834907e-4,0.4766081871344967,-0.023391812865503292,5.471769091347253e-4,-0.8,1
