method,true_params,bivpois_eta,bivpois_estimated_ha,bivpois_bias,bivpois_mse,pc_eta,pc_bias,pc_mse,lm_eta,lm_bias,lm_mse,team_strength_correlation,mu
bivpois,0.5,0.38546536988618135,0.5220592584016333,0.022059258401633253,4.8661088123002727e-4,0.5811674811271913,0.0811674811271913,0.006588159992532956,1.1812865497075964,0.6812865497075964,0.4641513628124812,-0.8,1
