method,true_params,bivpois_eta,bivpois_estimated_ha,bivpois_bias,bivpois_mse,pc_eta,pc_bias,pc_mse,lm_eta,lm_bias,lm_mse,team_strength_correlation,mu
bivpois,0.5,0.36750908130434834,0.415309131214628,-0.08469086878537202,0.007172543255621101,0.4844953386871391,-0.015504661312860879,2.4039452242652484e-4,0.7426900584795341,0.24269005847953407,0.05889846448479966,-0.8,1
