method,true_params,bivpois_eta,bivpois_estimated_ha,bivpois_bias,bivpois_mse,pc_eta,pc_bias,pc_mse,lm_eta,lm_bias,lm_mse,team_strength_correlation,mu
bivpois,0.5,0.31612162620783846,0.38931494732756766,-0.11068505267243234,0.012251180885099121,0.43406866234993186,-0.06593133765006814,0.0043469412843272935,-0.31286549707602956,-0.8128654970760296,0.6607503163366607,-0.8,1
