method,true_params,bivpois_eta,bivpois_estimated_ha,bivpois_bias,bivpois_mse,pc_eta,pc_bias,pc_mse,lm_eta,lm_bias,lm_mse,team_strength_correlation,mu
bivpois,0.5,0.3773529979130898,0.49752860293859724,-0.002471397061402758,6.107803435110188e-6,0.573360843561613,0.07336084356161299,0.005381813368071454,2.0292397660818824,1.5292397660818824,2.3385742621661705,-0.8,1
