method,true_params,bivpois_eta,bivpois_estimated_ha,bivpois_bias,bivpois_mse,pc_eta,pc_bias,pc_mse,lm_eta,lm_bias,lm_mse,team_strength_correlation
bivnorm,0.8596593306865543,0.39625822977487163,0.48625306279584124,-0.3734062678907131,0.13943224090007098,0.7099940800463838,-0.14966525064017056,0.022399687249185073,1.1023391812865324,0.2426798505999781,0.05889350988722769,-0.5
