true_params,bivpois_eta,bivpois_estimated_ha,bivpois_eta_bias,bivpois_eta_mse,lm_eta,lm_eta_bias,lm_eta_mse,team_strength_correlation,lambda3
0.42440128493124124,0.4545360937434419,0.5754423559173183,0.15104107098607705,0.022813405124621166,-0.6695906432748556,-1.0939919282060968,1.1968183389800937,-0.5,0.1
