method,true_params,bivpois_eta,bivpois_estimated_ha,bivpois_bias,bivpois_mse,pc_eta,pc_bias,pc_mse,lm_eta,lm_bias,lm_mse,team_strength_correlation,mu
bivpois,0,-0.07671821682077577,-0.08295490387772375,-0.08295490387772375,0.006881516077362387,-0.09516150169126145,-0.09516150169126145,0.009055711404135955,-0.1754385964912374,-0.1754385964912374,0.03077870113881521,-0.8,1
