method,true_params,bivpois_eta,bivpois_estimated_ha,bivpois_bias,bivpois_mse,pc_eta,pc_bias,pc_mse,lm_eta,lm_bias,lm_mse,team_strength_correlation,mu
bivpois,0.5,0.4378647791972768,0.5187323416876121,0.018732341687612064,3.509006251014488e-4,0.5646881118600484,0.06468811186004841,0.004184551816018137,0.4269005847953198,-0.07309941520468022,0.005343524503266233,-0.8,1
