method,true_params,bivpois_eta,bivpois_estimated_ha,bivpois_bias,bivpois_mse,pc_eta,pc_bias,pc_mse,lm_eta,lm_bias,lm_mse,team_strength_correlation,mu
bivpois,0.5,0.4760625594454598,0.5971874722177335,0.0971874722177335,0.00944540475607272,0.653213889183981,0.15321388918398104,0.023474495838881223,0.6081871345029254,0.10818713450292539,0.011704456071954068,-0.8,1
