method,true_params,bivpois_eta,bivpois_estimated_ha,bivpois_bias,bivpois_mse,pc_eta,pc_bias,pc_mse,lm_eta,lm_bias,lm_mse,team_strength_correlation
bivnorm,0.6244697330985218,0.3064745613971296,0.35862690546734965,-0.2658428276311722,0.07067240900293711,0.5482457935180605,-0.07622393958046136,0.005810088965165825,-0.4415204678362541,-1.065990200934776,1.136335108488964,-0.5
