true_params,bivpois_eta,bivpois_estimated_ha,bivpois_eta_bias,bivpois_eta_mse,lm_eta,lm_eta_bias,lm_eta_mse,team_strength_correlation,lambda3
0.10735018029879315,0.07565201582608688,0.07858717757705524,-0.0287630027217379,8.27310325570702e-4,0.6111111111111142,0.503760930812321,0.25377507541289607,-0.5,0.1
