method,true_params,bivpois_eta,bivpois_estimated_ha,bivpois_bias,bivpois_mse,pc_eta,pc_bias,pc_mse,lm_eta,lm_bias,lm_mse,team_strength_correlation,mu
bivpois,0.5,0.33101234179864825,0.42198387389513603,-0.07801612610486397,0.006086515932410037,0.5159908328468348,0.01599083284683478,2.557067351354101e-4,0.15204678362573676,-0.34795321637426324,0.12107144078519486,-0.8,1
