true_params,bivpois_eta,bivpois_estimated_ha,bivpois_eta_bias,bivpois_eta_mse,lm_eta,lm_eta_bias,lm_eta_mse,team_strength_correlation,lambda3
0.05736081674924815,0.05464814691666859,0.05616893299506298,-0.0011918837541851704,1.4205868834905356e-6,0.09064327485379325,0.0332824581045451,0.0011077220174808,-0.5,0.1
