method,true_params,bivpois_eta,bivpois_estimated_ha,bivpois_bias,bivpois_mse,pc_eta,pc_bias,pc_mse,lm_eta,lm_bias,lm_mse,team_strength_correlation
bivnorm,0.9646331097465008,0.4671474691761543,0.5954366638001636,-0.36919644594633727,0.13630601569940673,0.8886829978288602,-0.07595011191764067,0.005768419500302144,0.959064327485369,-0.005568782261131888,3.101133587189719e-5,-0.5
