method,true_params,bivpois_eta,bivpois_estimated_ha,bivpois_bias,bivpois_mse,pc_eta,pc_bias,pc_mse,lm_eta,lm_bias,lm_mse,team_strength_correlation,mu
bivpois,0.5,0.425558953255242,0.525884619295723,0.025884619295723055,6.700135160845183e-4,0.6099336907303392,0.1099336907303392,0.012085416357593868,1.2105263157894768,0.7105263157894768,0.5048476454293673,-0.8,1
