true_params,bivpois_eta,bivpois_estimated_ha,bivpois_eta_bias,bivpois_eta_mse,lm_eta,lm_eta_bias,lm_eta_mse,team_strength_correlation,lambda3
0.6773502479727276,0.6324685975078099,0.8822513698262227,0.20490112185349507,0.04198446973682084,0.2251461988304042,-0.45220404914232337,0.2044885020607128,-0.5,0
