method,true_params,bivpois_eta,bivpois_estimated_ha,bivpois_bias,bivpois_mse,pc_eta,pc_bias,pc_mse,lm_eta,lm_bias,lm_mse,team_strength_correlation,mu
bivpois,0,-0.08539556810142636,-0.08803801188477667,-0.08803801188477667,0.007750691536624078,-0.10529076486622951,-0.10529076486622951,0.011086145166115632,0.055555555555550966,0.055555555555550966,0.0030864197530859096,-0.8,1
