method,true_params,bivpois_eta,bivpois_estimated_ha,bivpois_bias,bivpois_mse,pc_eta,pc_bias,pc_mse,lm_eta,lm_bias,lm_mse,team_strength_correlation,mu
bivpois,0.5,0.47827225102524495,0.636551946851907,0.13655194685190697,0.018646434189046025,0.7377956989054223,0.2377956989054223,0.05654679441791826,0.739766081871357,0.23976608187135695,0.057487774015942246,-0.8,1
