method,true_params,bivpois_eta,bivpois_estimated_ha,bivpois_bias,bivpois_mse,pc_eta,pc_bias,pc_mse,lm_eta,lm_bias,lm_mse,team_strength_correlation,mu
bivpois,0.5,0.3874492301339145,0.44760948584416216,-0.05239051415583784,0.0027447659735130455,0.5225171449518484,0.022517144951848422,5.070218167825529e-4,-0.07602339181286054,-0.5760233918128606,0.3318029479155923,-0.8,1
