true_params,bivpois_eta,bivpois_estimated_ha,bivpois_eta_bias,bivpois_eta_mse,lm_eta,lm_eta_bias,lm_eta_mse,team_strength_correlation,lambda3
0.0068635228592673625,-0.02831574445700847,-0.02791861096981496,-0.03478213382908232,0.0012097968337041929,0.09064327485380376,0.0837797519945364,0.007019046844266025,-0.5,0.1
