true_params,bivpois_eta,bivpois_estimated_ha,bivpois_eta_bias,bivpois_eta_mse,lm_eta,lm_eta_bias,lm_eta_mse,team_strength_correlation,lambda3
0.5221801215534522,0.4770802302141164,0.6113627188442514,0.08918259729079925,0.007953535659532874,0.5730994152046845,0.05091929365123238,0.0025927744659404338,-0.5,0.1
