method,true_params,bivpois_eta,bivpois_estimated_ha,bivpois_bias,bivpois_mse,pc_eta,pc_bias,pc_mse,lm_eta,lm_bias,lm_mse,team_strength_correlation,mu
bivpois,0.5,0.5035914398825132,0.6122135616534836,0.11221356165348362,0.012591883418960169,0.6899195022474613,0.18991950224746135,0.03606941733392348,0.5146198830409437,0.014619883040943749,2.1374098013087462e-4,-0.8,1
