method,true_params,bivpois_eta,bivpois_estimated_ha,bivpois_bias,bivpois_mse,pc_eta,pc_bias,pc_mse,lm_eta,lm_bias,lm_mse,team_strength_correlation,mu
bivpois,0.5,0.5427805790213064,0.5981191919478667,0.09811919194786667,0.009627375828502304,0.6913316361572295,0.19133163615722948,0.03660779499460244,0.7309941520467997,0.23099415204679974,0.053358298279820034,-0.8,1
