method,true_params,bivpois_eta,bivpois_estimated_ha,bivpois_bias,bivpois_mse,pc_eta,pc_bias,pc_mse,lm_eta,lm_bias,lm_mse,team_strength_correlation,mu
bivpois,0.5,0.398788948642726,0.5367672574748066,0.03676725747480658,0.0013518312222187204,0.5643952398281081,0.06439523982810813,0.004146746912519564,0.5380116959064286,0.03801169590642861,0.0014448890256828016,-0.8,1
