method,true_params,bivpois_eta,bivpois_estimated_ha,bivpois_bias,bivpois_mse,pc_eta,pc_bias,pc_mse,lm_eta,lm_bias,lm_mse,team_strength_correlation,mu
bivpois,0.5,0.25526460178900384,0.34374253713565084,-0.15625746286434916,0.024416394700803458,0.42244811951611455,-0.07755188048388545,0.006014294166586853,-0.18713450292399159,-0.6871345029239916,0.472153825108601,-0.8,1
