method,true_params,bivpois_eta,bivpois_estimated_ha,bivpois_bias,bivpois_mse,pc_eta,pc_bias,pc_mse,lm_eta,lm_bias,lm_mse,team_strength_correlation
bivpois,0.11032682587392628,0.2341782988923105,0.2638698187081485,0.15354299283422224,0.02357545064849002,0.2702724643770528,0.15994563850312654,0.025582607276172835,0.6461988304093516,0.5358720045354253,0.28715880524481485,-0.5
