method,true_params,bivpois_eta,bivpois_estimated_ha,bivpois_bias,bivpois_mse,pc_eta,pc_bias,pc_mse,lm_eta,lm_bias,lm_mse,team_strength_correlation
bivnorm,0.12096843239851296,0.06968074826250338,0.0721658358039694,-0.04880259659454356,0.0023816934343697544,0.10991678718180999,-0.011051645216702974,1.2213886199587373e-4,-0.508771929824555,-0.629740362223068,0.3965729238128408,-0.5
