method,true_params,bivpois_eta,bivpois_estimated_ha,bivpois_bias,bivpois_mse,pc_eta,pc_bias,pc_mse,lm_eta,lm_bias,lm_mse,team_strength_correlation,mu
bivpois,0.5,0.3770830635714814,0.49667541890895506,-0.0033245810910449425,1.105283943093358e-5,0.5838609175015274,0.08386091750152735,0.007032653484197977,0.5730994152046837,0.07309941520468366,0.005343524503266737,-0.8,1
