method,true_params,bivpois_eta,bivpois_estimated_ha,bivpois_bias,bivpois_mse,pc_eta,pc_bias,pc_mse,lm_eta,lm_bias,lm_mse,team_strength_correlation
bivnorm,0.18993880762718618,0.12241603752713946,0.13022421966966014,-0.059714587957526044,0.0035658320149371146,0.18771834246223423,-0.002220465164951946,4.930465548765072e-6,0.17836257309942452,-0.011576234527761659,1.3400920584174118e-4,-0.5
