method,true_params,bivpois_eta,bivpois_estimated_ha,bivpois_bias,bivpois_mse,pc_eta,pc_bias,pc_mse,lm_eta,lm_bias,lm_mse,team_strength_correlation,mu
bivpois,0.5,0.46310293453049656,0.5465302506733823,0.046530250673382345,0.0021650642277277984,0.6132150697995457,0.11321506979954565,0.012817652029715994,0.5438596491228106,0.043859649122810596,0.0019236688211760602,-0.8,1
