true_params,bivpois_eta,bivpois_estimated_ha,bivpois_eta_bias,bivpois_eta_mse,lm_eta,lm_eta_bias,lm_eta_mse,team_strength_correlation,lambda3
0.27502373516245404,0.2514214937857304,0.28585194873269426,0.01082821357024022,1.1725020912273443e-4,0.4356725146198838,0.16064877945742978,0.025808030341161914,-0.5,0.1
