method,true_params,bivpois_eta,bivpois_estimated_ha,bivpois_bias,bivpois_mse,pc_eta,pc_bias,pc_mse,lm_eta,lm_bias,lm_mse,team_strength_correlation,mu
bivpois,0,-0.03261296931775456,-0.03333434291106352,-0.03333434291106352,0.0011111784173123706,-0.03914553808111919,-0.03914553808111919,0.0015323731516603525,-0.4590643274853794,-0.4590643274853794,0.21074005676960367,-0.8,1
