method,true_params,bivpois_eta,bivpois_estimated_ha,bivpois_bias,bivpois_mse,pc_eta,pc_bias,pc_mse,lm_eta,lm_bias,lm_mse,team_strength_correlation
bivpois,0.6535008104983717,0.4011627617686894,0.49356034324089637,-0.15994046725747535,0.025580953066539545,0.562164996936184,-0.09133581356218767,0.008342230839066706,0.5994152046783714,-0.054085605820000326,0.0029252527569164533,-0.5
