true_params,bivpois_eta,bivpois_estimated_ha,bivpois_eta_bias,bivpois_eta_mse,lm_eta,lm_eta_bias,lm_eta_mse,team_strength_correlation,lambda3
0.45297224429058547,0.3372439947154895,0.40108087836665285,-0.05189136592393262,0.0026927138574514755,0.6052631578947467,0.15229091360416125,0.023192522366390106,-0.5,0
