method,true_params,bivpois_eta,bivpois_estimated_ha,bivpois_bias,bivpois_mse,pc_eta,pc_bias,pc_mse,lm_eta,lm_bias,lm_mse,team_strength_correlation
bivnorm,0.4990867441520095,0.21444390957475915,0.23917261330632233,-0.25991413084568715,0.06755535541326899,0.39200160387378896,-0.10708514027822053,0.011467227268406167,-0.04385964912280932,-0.5429463932748189,0.29479078597013425,-0.5
