method,true_params,bivpois_eta,bivpois_estimated_ha,bivpois_bias,bivpois_mse,pc_eta,pc_bias,pc_mse,lm_eta,lm_bias,lm_mse,team_strength_correlation
bivnorm,0.47867464437149465,0.16908954473557763,0.1842261753961345,-0.29444846897536014,0.08669990088193362,0.28541368583477456,-0.1932609585367201,0.037349798094531844,0.2397660818713521,-0.23890856250014256,0.057077301235884524,-0.5
