method,true_params,bivpois_eta,bivpois_estimated_ha,bivpois_bias,bivpois_mse,pc_eta,pc_bias,pc_mse,lm_eta,lm_bias,lm_mse,team_strength_correlation,mu
bivpois,0.5,0.3970844728639032,0.4294988197115811,-0.0705011802884189,0.004970416422060146,0.5252200324361764,0.02522003243617643,6.360500360817913e-4,0.8567251461988282,0.3567251461988282,0.12725282993057538,-0.4,1
