true_params,bivpois_eta,bivpois_estimated_ha,bivpois_eta_bias,bivpois_eta_mse,lm_eta,lm_eta_bias,lm_eta_mse,team_strength_correlation,lambda3
0.6727054602996005,0.6410883021416817,0.8985459470125392,0.22584048671293866,0.051003925438737024,1.239766081871328,0.5670606215717275,0.321557748537314,-0.5,0.1
