method,true_params,bivpois_eta,bivpois_estimated_ha,bivpois_bias,bivpois_mse,pc_eta,pc_bias,pc_mse,lm_eta,lm_bias,lm_mse,team_strength_correlation,mu
bivpois,0.5,0.4654276627577877,0.5971285419050156,0.09712854190501563,0.009433953652594378,0.7068823144874123,0.20688231448741234,0.04280029204766858,1.0467836257309857,0.5467836257309857,0.29897233336752266,-0.4,1
