method,true_params,bivpois_eta,bivpois_estimated_ha,bivpois_bias,bivpois_mse,pc_eta,pc_bias,pc_mse,lm_eta,lm_bias,lm_mse,team_strength_correlation,mu
bivpois,0.5,0.42188885527339537,0.4750067149693039,-0.02499328503069609,6.246642966256172e-4,0.5366653390670693,0.03666533906706926,0.001344347088903155,1.464912280701748,0.9649122807017481,0.931055709449049,-0.4,1
