true_params,bivpois_eta,bivpois_estimated_ha,bivpois_eta_bias,bivpois_eta_mse,lm_eta,lm_eta_bias,lm_eta_mse,team_strength_correlation,lambda3
0.17990041741372592,0.24265003581014194,0.27462247383327165,0.09472205641954573,0.008972267972347604,-0.3596491228070147,-0.5395495402207406,0.2911137063524126,-0.5,0
