true_params,bivpois_eta,bivpois_estimated_ha,bivpois_eta_bias,bivpois_eta_mse,lm_eta,lm_eta_bias,lm_eta_mse,team_strength_correlation,lambda3
0.5062709287698893,0.3382880050146968,0.40254438505878976,-0.10372654371109957,0.01075919587025065,0.5175438596491311,0.01127293087924175,1.2707897060816215e-4,-0.5,0.1
