true_params,bivpois_eta,bivpois_estimated_ha,bivpois_eta_bias,bivpois_eta_mse,lm_eta,lm_eta_bias,lm_eta_mse,team_strength_correlation,lambda3
0.44358905253179676,0.5013225052659933,0.6509031557219864,0.20731410319018967,0.04297913738155261,0.7339181286549693,0.29032907612317255,0.08429097244253492,-0.5,0.1
