true_params,bivpois_eta,bivpois_estimated_ha,bivpois_eta_bias,bivpois_eta_mse,lm_eta,lm_eta_bias,lm_eta_mse,team_strength_correlation,lambda3
0.12267681321962842,0.11679699094137279,0.12389124642574934,0.0012144332061209129,1.4748480121291197e-6,0.8742690058479435,0.7515921926283151,0.5648908240198384,-0.5,0.1
