true_params,bivpois_eta,bivpois_estimated_ha,bivpois_eta_bias,bivpois_eta_mse,lm_eta,lm_eta_bias,lm_eta_mse,team_strength_correlation,lambda3
0.20212284472616124,0.16535424848216934,0.17981099094450737,-0.022311853781653873,4.978188191739022e-4,0.7105263157894783,0.5084034710633171,0.25847408938922906,-0.5,0.1
