method,true_params,bivpois_eta,bivpois_estimated_ha,bivpois_bias,bivpois_mse,pc_eta,pc_bias,pc_mse,lm_eta,lm_bias,lm_mse,team_strength_correlation
bivnorm,0.0749262860044837,0.027219327234665597,0.027593157214934827,-0.04733312878954887,0.0022404250810080205,0.0403477368955158,-0.0345785491089679,0.0011956760584813046,-0.10233918128655375,-0.17726546729103745,0.031423045893909866,-0.5
