method,true_params,bivpois_eta,bivpois_estimated_ha,bivpois_bias,bivpois_mse,pc_eta,pc_bias,pc_mse,lm_eta,lm_bias,lm_mse,team_strength_correlation,mu
bivpois,0.5,0.4630366203791373,0.5075296344729564,0.0075296344729564035,5.669539529633346e-5,0.552489038003612,0.05248903800361204,0.0027550991105446294,0.7163742690058374,0.21637426900583745,0.046817824287810506,-0.4,1
