method,true_params,bivpois_eta,bivpois_estimated_ha,bivpois_bias,bivpois_mse,pc_eta,pc_bias,pc_mse,lm_eta,lm_bias,lm_mse,team_strength_correlation,mu
bivpois,0.5,0.257753080505296,0.3007405203776541,-0.19925947962234591,0.039704340219368084,0.32624672443848807,-0.17375327556151193,0.0301902007683547,-0.029239766081879642,-0.5292397660818796,0.28009473000240265,-0.4,1
