method,true_params,bivpois_eta,bivpois_estimated_ha,bivpois_bias,bivpois_mse,pc_eta,pc_bias,pc_mse,lm_eta,lm_bias,lm_mse,team_strength_correlation,mu
bivpois,0.5,0.31815602533797166,0.3964106564875951,-0.1035893435124049,0.010730752089331023,0.43814019089137396,-0.06185980910862604,0.003826635982955653,-0.37719298245614585,-0.8771929824561459,0.7694675284703082,-0.4,1
