true_params,bivpois_eta,bivpois_estimated_ha,bivpois_eta_bias,bivpois_eta_mse,lm_eta,lm_eta_bias,lm_eta_mse,team_strength_correlation,lambda3
0.29182791881532627,0.2979406898251992,0.3470818898478365,0.05525397103251023,0.0030530013148614794,1.2602339181286555,0.9684059993133292,0.9378101795060477,-0.5,0.1
