method,true_params,bivpois_eta,bivpois_estimated_ha,bivpois_bias,bivpois_mse,pc_eta,pc_bias,pc_mse,lm_eta,lm_bias,lm_mse,team_strength_correlation,mu
bivpois,0,0.06263197576982885,0.06471241315493304,0.06471241315493304,0.00418769641633475,0.06354130555227334,0.06354130555227334,0.004037497511287363,-0.4619883040935733,-0.4619883040935733,0.21343319311925593,-0.8,1
