true_params,bivpois_eta,bivpois_estimated_ha,bivpois_eta_bias,bivpois_eta_mse,lm_eta,lm_eta_bias,lm_eta_mse,team_strength_correlation,lambda3
0.09954661521090218,-0.03472629286718572,-0.034130254479767586,-0.13367686969066978,0.017869505490296308,-0.7309941520467855,-0.8305407672576877,0.6897979660769885,-0.5,0.1
