method,true_params,bivpois_eta,bivpois_estimated_ha,bivpois_bias,bivpois_mse,pc_eta,pc_bias,pc_mse,lm_eta,lm_bias,lm_mse,team_strength_correlation,mu
bivpois,0.5,0.31379040363683064,0.3826358464207884,-0.1173641535792116,0.013774344545364766,0.40982967239199847,-0.09017032760800153,0.008130687980934323,0.5994152046783534,0.09941520467835341,0.0098833829212389,-0.4,1
