method,true_params,bivpois_eta,bivpois_estimated_ha,bivpois_bias,bivpois_mse,pc_eta,pc_bias,pc_mse,lm_eta,lm_bias,lm_mse,team_strength_correlation
bivnorm,0.4919457451906055,0.2406468159211533,0.2720716804957144,-0.21987406469489112,0.04834460432545317,0.41530436253960507,-0.07664138265100046,0.005873901534657074,0.871345029239773,0.37939928404916745,0.14394381673702084,-0.5
