method,true_params,bivpois_eta,bivpois_estimated_ha,bivpois_bias,bivpois_mse,pc_eta,pc_bias,pc_mse,lm_eta,lm_bias,lm_mse,team_strength_correlation
bivnorm,0.5174235666636378,0.2221545974450006,0.24876441873062993,-0.2686591479330078,0.07217773776808978,0.4095219845989888,-0.10790158206464895,0.011642751412054172,-0.9561403508771935,-1.4735639175408313,2.1713906190782817,-0.5
