method,true_params,bivpois_eta,bivpois_estimated_ha,bivpois_bias,bivpois_mse,pc_eta,pc_bias,pc_mse,lm_eta,lm_bias,lm_mse,team_strength_correlation,mu
bivpois,0.5,0.3984323323605112,0.5196108550852931,0.019610855085293144,3.84585637176368e-4,0.5694421891812043,0.06944218918120426,0.004822217638278162,1.0350877192982362,0.5350877192982362,0.286318867343788,-0.4,1
