method,true_params,bivpois_eta,bivpois_estimated_ha,bivpois_bias,bivpois_mse,pc_eta,pc_bias,pc_mse,lm_eta,lm_bias,lm_mse,team_strength_correlation,mu
bivpois,0.5,0.37205929247238195,0.45346688113065947,-0.04653311886934053,0.0021653311517081755,0.5159212517504385,0.01592125175043846,2.534862573008397e-4,0.20467836257310495,-0.29532163742689505,0.08721486953250246,-0.4,1
