true_params,bivpois_eta,bivpois_estimated_ha,bivpois_eta_bias,bivpois_eta_mse,lm_eta,lm_eta_bias,lm_eta_mse,team_strength_correlation,lambda3
0.4638647881966048,0.5004723599648817,0.6495002445852103,0.18563545638860546,0.03446052266860584,0.7777777777777914,0.31391298958118663,0.09854136502779819,-0.5,0.1
