true_params,bivpois_eta,bivpois_estimated_ha,bivpois_eta_bias,bivpois_eta_mse,lm_eta,lm_eta_bias,lm_eta_mse,team_strength_correlation,lambda3
0.5019046065031751,0.5540559773322434,0.7402973289448007,0.23839272244162557,0.05683109011312993,0.6403508771929749,0.13844627068979976,0.019167369867913307,-0.5,0.1
