true_params,bivpois_eta,bivpois_estimated_ha,bivpois_eta_bias,bivpois_eta_mse,lm_eta,lm_eta_bias,lm_eta_mse,team_strength_correlation,lambda3
0.12905288867603473,0.09295785583604531,0.09741548463538074,-0.03163740404065399,0.0010009253344315894,-0.3508771929824588,-0.4799300816584935,0.23033288328072823,-0.5,0.1
