true_params,bivpois_eta,bivpois_estimated_ha,bivpois_eta_bias,bivpois_eta_mse,lm_eta,lm_eta_bias,lm_eta_mse,team_strength_correlation,lambda3
0.4591591175297337,0.5142967401700504,0.6724619128417253,0.2133027953119916,0.04549808248790938,-0.2339181286549596,-0.6930772461846932,0.4803560691789579,-0.5,0.1
