true_params,bivpois_eta,bivpois_estimated_ha,bivpois_eta_bias,bivpois_eta_mse,lm_eta,lm_eta_bias,lm_eta_mse,team_strength_correlation,lambda3
0.5695293099943558,0.481755569171877,0.6189140244401663,0.049384714445810496,0.002438850020894244,0.2865497076023537,-0.2829796023920021,0.0800774553699356,-0.5,0.1
