method,true_params,bivpois_eta,bivpois_estimated_ha,bivpois_bias,bivpois_mse,pc_eta,pc_bias,pc_mse,lm_eta,lm_bias,lm_mse,team_strength_correlation,mu
bivpois,0.5,0.474673566644206,0.5713711980280031,0.07137119802800307,0.005093847907952429,0.6519462675849125,0.15194626758491248,0.023087668232985824,0.05555555555554951,-0.44444444444445047,0.1975308641975362,-0.4,1
