method,true_params,bivpois_eta,bivpois_estimated_ha,bivpois_bias,bivpois_mse,pc_eta,pc_bias,pc_mse,lm_eta,lm_bias,lm_mse,team_strength_correlation
bivnorm,0.6611540587618947,0.3375193790791068,0.40146676726416364,-0.25968729149773107,0.06743748936542754,0.5742138920448999,-0.08694016671699478,0.007558592588778847,1.1929824561403528,0.5318283973784581,0.2828414442581391,-0.5
