method,true_params,bivpois_eta,bivpois_estimated_ha,bivpois_bias,bivpois_mse,pc_eta,pc_bias,pc_mse,lm_eta,lm_bias,lm_mse,team_strength_correlation,mu
bivpois,0.5,0.3962662514861441,0.4999082737915468,-9.172620845321333e-5,8.413697317202345e-9,0.5467808822202375,0.04678088222023746,0.0021884509413037296,0.8362573099415149,0.3362573099415149,0.11306897848910404,-0.4,1
