method,true_params,bivpois_eta,bivpois_estimated_ha,bivpois_bias,bivpois_mse,pc_eta,pc_bias,pc_mse,lm_eta,lm_bias,lm_mse,team_strength_correlation,mu
bivpois,0.5,0.42310807178795146,0.5354955034563493,0.03549550345634933,0.0012599307656197072,0.6129870538856445,0.11298705388564445,0.012766074345757522,-0.7953216374269114,-1.2953216374269114,1.677858144386335,-0.4,1
