method,true_params,bivpois_eta,bivpois_estimated_ha,bivpois_bias,bivpois_mse,pc_eta,pc_bias,pc_mse,lm_eta,lm_bias,lm_mse,team_strength_correlation,mu
bivpois,0.5,0.3936900378003265,0.43881152858785333,-0.06118847141214667,0.0037440290337550906,0.4851284415537033,-0.014871558446296673,2.211632506216179e-4,0.12865497076023227,-0.37134502923976775,0.13789713074108398,-0.4,1
