method,true_params,bivpois_eta,bivpois_estimated_ha,bivpois_bias,bivpois_mse,pc_eta,pc_bias,pc_mse,lm_eta,lm_bias,lm_mse,team_strength_correlation,mu
bivpois,0.5,0.474351048471397,0.528164976221306,0.028164976221305982,7.932658855467314e-4,0.5845905892573456,0.08459058925734564,0.007155567790904959,0.4619883040935561,-0.038011695906443876,0.001444889025683962,-0.4,1
