method,true_params,bivpois_eta,bivpois_estimated_ha,bivpois_bias,bivpois_mse,pc_eta,pc_bias,pc_mse,lm_eta,lm_bias,lm_mse,team_strength_correlation,mu
bivpois,0.5,0.35895067801440855,0.42812988155703735,-0.07187011844296265,0.00516531392500548,0.46662081419837614,-0.033379185801623856,0.0011141700447793276,-0.017543859649117793,-0.5175438596491178,0.2678516466605057,-0.4,1
