method,true_params,bivpois_eta,bivpois_estimated_ha,bivpois_bias,bivpois_mse,pc_eta,pc_bias,pc_mse,lm_eta,lm_bias,lm_mse,team_strength_correlation,mu
bivpois,0,0.0412457810838412,0.03988496690509569,0.03988496690509569,0.0015908105850205782,0.046845224619319135,0.046845224619319135,0.0021944750696344635,0.5584795321637361,0.5584795321637361,0.3118993878458256,-0.8,1
