method,true_params,bivpois_eta,bivpois_estimated_ha,bivpois_bias,bivpois_mse,pc_eta,pc_bias,pc_mse,lm_eta,lm_bias,lm_mse,team_strength_correlation
bivnorm,0.9555602129548788,0.44089429967559485,0.5540964251640865,-0.4014637877907923,0.1611731729073303,0.7968578011284613,-0.15870241182641753,0.025186455519521832,0.9444444444444426,-0.011115768510436164,1.235603095776042e-4,-0.5
