true_params,bivpois_eta,bivpois_estimated_ha,bivpois_eta_bias,bivpois_eta_mse,lm_eta,lm_eta_bias,lm_eta_mse,team_strength_correlation,lambda3
0.2946248098042545,0.3315611210867213,0.3931412939859915,0.09851648418173703,0.009705497655530443,0.21345029239765684,-0.08117451740659765,0.006589302276194024,-0.5,0.1
