method,true_params,bivpois_eta,bivpois_estimated_ha,bivpois_bias,bivpois_mse,pc_eta,pc_bias,pc_mse,lm_eta,lm_bias,lm_mse,team_strength_correlation
bivnorm,0.9372931309044361,0.3738965344609724,0.4533867672319587,-0.4839063636724774,0.23416536880271996,0.6990079880205958,-0.23828514288384028,0.05677980931917218,-0.44736842105263075,-1.3846615519570669,1.917287613468153,-0.5
