true_params,bivpois_eta,bivpois_estimated_ha,bivpois_eta_bias,bivpois_eta_mse,lm_eta,lm_eta_bias,lm_eta_mse,team_strength_correlation,lambda3
0.5317729303622221,0.5527010850011095,0.7379410100795651,0.20616807971734308,0.04250527709433673,-0.01754385964911305,-0.5493167900113352,0.30174893578835726,-0.5,0
