method,true_params,bivpois_eta,bivpois_estimated_ha,bivpois_bias,bivpois_mse,pc_eta,pc_bias,pc_mse,lm_eta,lm_bias,lm_mse,team_strength_correlation,mu
bivpois,0.5,0.24371601537228693,0.2880109989056041,-0.2119890010943959,0.04493933658499978,0.31975087938016844,-0.18024912061983156,0.032489745484222586,0.25438596491227466,-0.24561403508772534,0.06032625423207437,-0.4,1
