method,true_params,bivpois_eta,bivpois_estimated_ha,bivpois_bias,bivpois_mse,pc_eta,pc_bias,pc_mse,lm_eta,lm_bias,lm_mse,team_strength_correlation
bivnorm,0.1748451511375606,0.08905608067540552,0.09314195874673414,-0.08170319239082646,0.006675411646852403,0.1452983707832547,-0.029546780354305913,8.730122293055978e-4,0.4532163742690052,0.2783712231314446,0.07749053786769651,-0.5
