method,true_params,bivpois_eta,bivpois_estimated_ha,bivpois_bias,bivpois_mse,pc_eta,pc_bias,pc_mse,lm_eta,lm_bias,lm_mse,team_strength_correlation,mu
bivpois,0.5,0.3345755989158945,0.4372822167187205,-0.06271778328127953,0.003933520339717546,0.48235029798579276,-0.017649702014207236,3.1151198119031096e-4,0.13450292397660835,-0.36549707602339165,0.13358811258164893,-0.4,1
