method,true_params,bivpois_eta,bivpois_estimated_ha,bivpois_bias,bivpois_mse,pc_eta,pc_bias,pc_mse,lm_eta,lm_bias,lm_mse,team_strength_correlation,mu
bivpois,0.5,0.39707266106386,0.47024177316147997,-0.02975822683852003,8.855520645728138e-4,0.566331366439386,0.06633136643938597,0.0043998501737161,0.31871345029239917,-0.18128654970760083,0.032864813104886426,-0.4,1
