method,true_params,bivpois_eta,bivpois_estimated_ha,bivpois_bias,bivpois_mse,pc_eta,pc_bias,pc_mse,lm_eta,lm_bias,lm_mse,team_strength_correlation,mu
bivpois,0.5,0.3520811129306468,0.3815854946975087,-0.11841450530249131,0.014021995066033743,0.4473341190519963,-0.052665880948003674,0.0027736950160292964,1.666666666666664,1.166666666666664,1.3611111111111052,-0.4,1
