true_params,bivpois_eta,bivpois_estimated_ha,bivpois_eta_bias,bivpois_eta_mse,lm_eta,lm_eta_bias,lm_eta_mse,team_strength_correlation,lambda3
0.05999071318965119,0.11825515864297369,0.12553126376096246,0.06554055057131128,0.004295563769190611,0.2894736842105189,0.2294829710208677,0.052662433988564405,-0.5,0
