method,true_params,bivpois_eta,bivpois_estimated_ha,bivpois_bias,bivpois_mse,pc_eta,pc_bias,pc_mse,lm_eta,lm_bias,lm_mse,team_strength_correlation,mu
bivpois,0.5,0.47774710934348386,0.54068823373874,0.040688233738739976,0.001655532364778338,0.626070134412908,0.12607013441290804,0.0158936787908887,1.3070175438596394,0.8070175438596394,0.651277316097245,-0.4,1
