true_params,bivpois_eta,bivpois_estimated_ha,bivpois_eta_bias,bivpois_eta_mse,lm_eta,lm_eta_bias,lm_eta_mse,team_strength_correlation,lambda3
0.26493664780827025,0.29321507359517635,0.34073111528616784,0.07579446747789759,0.005744801300258075,-0.6461988304093579,-0.9111354782176282,0.830167859666866,-0.5,0.1
