method,true_params,bivpois_eta,bivpois_estimated_ha,bivpois_bias,bivpois_mse,pc_eta,pc_bias,pc_mse,lm_eta,lm_bias,lm_mse,team_strength_correlation,mu
bivpois,0.5,0.321067774350247,0.43717620574264404,-0.06282379425735596,0.003946829124890592,0.47736200417618363,-0.02263799582381637,5.124788549191274e-4,-0.09356725146197775,-0.5935672514619778,0.3523220820081267,-0.4,1
