true_params,bivpois_eta,bivpois_estimated_ha,bivpois_eta_bias,bivpois_eta_mse,lm_eta,lm_eta_bias,lm_eta_mse,team_strength_correlation,lambda3
0.13944335683806486,0.12427157661727876,0.13232334178917582,-0.007120015048889039,5.0694614296406385e-5,1.0438596491228143,0.9044162922847494,0.8179688297500932,-0.5,0.1
