method,true_params,bivpois_eta,bivpois_estimated_ha,bivpois_bias,bivpois_mse,pc_eta,pc_bias,pc_mse,lm_eta,lm_bias,lm_mse,team_strength_correlation,mu
bivpois,0.5,0.37648368796539267,0.45446484239308094,-0.04553515760691906,0.0020734505782869592,0.4913443895621569,-0.008655610437843075,7.4919592051698e-5,1.2894736842105377,0.7894736842105377,0.6232686980609597,-0.4,1
