true_params,bivpois_eta,bivpois_estimated_ha,bivpois_eta_bias,bivpois_eta_mse,lm_eta,lm_eta_bias,lm_eta_mse,team_strength_correlation,lambda3
0.30956332318191276,0.2908819222197953,0.3376066330029581,0.02804330982104536,7.86427225719139e-4,-0.4766081871345038,-0.7861715103164166,0.6180656436331956,-0.5,0
