method,true_params,bivpois_eta,bivpois_estimated_ha,bivpois_bias,bivpois_mse,pc_eta,pc_bias,pc_mse,lm_eta,lm_bias,lm_mse,team_strength_correlation
bivpois,0.4466054711956531,0.34036996274900605,0.4054674649975658,-0.041138006198087274,0.001692335553953867,0.5119356823800135,0.06533021118436044,0.004268036493393134,-0.45906432748538145,-0.9056697986810345,0.8202377842429455,-0.5
