method,true_params,bivpois_eta,bivpois_estimated_ha,bivpois_bias,bivpois_mse,pc_eta,pc_bias,pc_mse,lm_eta,lm_bias,lm_mse,team_strength_correlation,mu
bivpois,0.5,0.38678755140796384,0.47360487890506575,-0.02639512109493425,6.967024176162429e-4,0.5226222675160896,0.022622267516089645,5.117669875695247e-4,1.0292397660818726,0.5292397660818726,0.28009473000239526,-0.4,1
