true_params,bivpois_eta,bivpois_estimated_ha,bivpois_eta_bias,bivpois_eta_mse,lm_eta,lm_eta_bias,lm_eta_mse,team_strength_correlation,lambda3
0.6083474232823136,0.46622832562407646,0.593970902203736,-0.014376521078577564,2.0668435832278502e-4,0.9532163742690025,0.3448689509866889,0.11893459335465924,-0.5,0.1
