method,true_params,bivpois_eta,bivpois_estimated_ha,bivpois_bias,bivpois_mse,pc_eta,pc_bias,pc_mse,lm_eta,lm_bias,lm_mse,team_strength_correlation,mu
bivpois,0.5,0.4494823517399924,0.5615492408531804,0.061549240853180365,0.003788309049602807,0.6325931936922577,0.13259319369225775,0.01758095501351258,1.4678362573099346,0.9678362573099346,0.936707020963702,-0.4,1
