method,true_params,bivpois_eta,bivpois_estimated_ha,bivpois_bias,bivpois_mse,pc_eta,pc_bias,pc_mse,lm_eta,lm_bias,lm_mse,team_strength_correlation,mu
bivpois,0.5,0.3685478212748714,0.43572663377147614,-0.06427336622852386,0.004131065606345952,0.49022002180519564,-0.009779978194804362,9.564797349084878e-5,0.28654970760234055,-0.21345029239765945,0.045561027324646314,-0.4,1
