method,true_params,bivpois_eta,bivpois_estimated_ha,bivpois_bias,bivpois_mse,pc_eta,pc_bias,pc_mse,lm_eta,lm_bias,lm_mse,team_strength_correlation,mu
bivpois,0.5,0.37864344432725305,0.45466538525086153,-0.04533461474913847,0.002055227294452803,0.5176675292636425,0.017667529263642456,3.1214159028166257e-4,-0.23976608187135096,-0.739766081871351,0.5472538558872904,-0.4,1
