method,true_params,bivpois_eta,bivpois_estimated_ha,bivpois_bias,bivpois_mse,pc_eta,pc_bias,pc_mse,lm_eta,lm_bias,lm_mse,team_strength_correlation
bivnorm,0.659333580173552,0.24141888385521312,0.27305418548154314,-0.3862793946920089,0.1492117707636248,0.4247513178576934,-0.23458226231585866,0.05502883779322632,-0.30116959064328186,-0.9605031708168339,0.922566341149192,-0.5
