true_params,bivpois_eta,bivpois_estimated_ha,bivpois_eta_bias,bivpois_eta_mse,lm_eta,lm_eta_bias,lm_eta_mse,team_strength_correlation,lambda3
0.3263601508652717,0.36748650184324444,0.4441003057056945,0.11774015484042277,0.01386274406184673,-0.3333333333333288,-0.6596934841986005,0.43519549309408917,-0.5,0
