method,true_params,bivpois_eta,bivpois_estimated_ha,bivpois_bias,bivpois_mse,pc_eta,pc_bias,pc_mse,lm_eta,lm_bias,lm_mse,team_strength_correlation,mu
bivpois,0,0.06988245904887845,0.07083204846516034,0.07083204846516034,0.005017179089770823,0.08369427495514635,0.08369427495514635,0.007004731660267638,0.6842105263157963,0.6842105263157963,0.46814404432133894,-0.8,1
