method,true_params,bivpois_eta,bivpois_estimated_ha,bivpois_bias,bivpois_mse,pc_eta,pc_bias,pc_mse,lm_eta,lm_bias,lm_mse,team_strength_correlation,mu
bivpois,0.5,0.4181171025136248,0.5615750970390241,0.061575097039024085,0.0037914925753652325,0.6301576763947128,0.13015767639471276,0.01694102072447077,0.8567251461988303,0.35672514619883033,0.12725282993057688,-0.4,1
