true_params,bivpois_eta,bivpois_estimated_ha,bivpois_eta_bias,bivpois_eta_mse,lm_eta,lm_eta_bias,lm_eta_mse,team_strength_correlation,lambda3
0.5468644643671189,0.5508545828666441,0.7347348592879845,0.18787039492086566,0.03529528528772202,0.4181286549707539,-0.12873580939636498,0.016572908620937212,-0.5,0.1
