method,true_params,bivpois_eta,bivpois_estimated_ha,bivpois_bias,bivpois_mse,pc_eta,pc_bias,pc_mse,lm_eta,lm_bias,lm_mse,team_strength_correlation,mu
bivpois,0,-0.0382045469094558,-0.03524319213630667,-0.03524319213630667,0.001242082591956628,-0.04147669069795878,-0.04147669069795878,0.0017203158712541403,-0.9005847953216434,-0.9005847953216434,0.8110529735645263,-0.8,1
