method,true_params,bivpois_eta,bivpois_estimated_ha,bivpois_bias,bivpois_mse,pc_eta,pc_bias,pc_mse,lm_eta,lm_bias,lm_mse,team_strength_correlation,mu
bivpois,0.5,0.46906254893473504,0.6897280051303092,0.18972800513030919,0.035996715930726626,0.776834713750949,0.27683471375094904,0.07663745873756989,0.9707602339181274,0.4707602339181274,0.22161519783865,-0.4,1
