method,true_params,bivpois_eta,bivpois_estimated_ha,bivpois_bias,bivpois_mse,pc_eta,pc_bias,pc_mse,lm_eta,lm_bias,lm_mse,team_strength_correlation,mu
bivpois,0.5,0.45814165590328426,0.513494377829153,0.01349437782915297,1.8209823299593524e-4,0.540950919139154,0.04095091913915405,0.0016769777783415337,-0.3274853801169626,-0.8274853801169626,0.6847320543073141,-0.4,1
