method,true_params,bivpois_eta,bivpois_estimated_ha,bivpois_bias,bivpois_mse,pc_eta,pc_bias,pc_mse,lm_eta,lm_bias,lm_mse,team_strength_correlation,mu
bivpois,0.5,0.503004923208784,0.6228457952167686,0.12284579521676864,0.015091089402440257,0.6617001224234826,0.16170012242348264,0.026146929591769272,0.5409356725146165,0.040935672514616495,0.0016757292842239284,-0.4,1
