method,true_params,bivpois_eta,bivpois_estimated_ha,bivpois_bias,bivpois_mse,pc_eta,pc_bias,pc_mse,lm_eta,lm_bias,lm_mse,team_strength_correlation
bivnorm,0.9255177008453757,0.3613029916697087,0.4351982481203345,-0.4903194527250412,0.24041316572058388,0.6609037386052259,-0.26461396224014977,0.0700205490124314,0.15497076023392226,-0.7705469406114533,0.5937425876856706,-0.5
