true_params,bivpois_eta,bivpois_estimated_ha,bivpois_eta_bias,bivpois_eta_mse,lm_eta,lm_eta_bias,lm_eta_mse,team_strength_correlation,lambda3
0.3726305521632408,0.39038693515383255,0.4775524002534992,0.1049218480902584,0.01100859420667526,1.7280701754385965,1.3554396232753558,1.8372165723448386,-0.5,0.1
