true_params,bivpois_eta,bivpois_estimated_ha,bivpois_eta_bias,bivpois_eta_mse,lm_eta,lm_eta_bias,lm_eta_mse,team_strength_correlation,lambda3
0.5007703821724477,0.5303876468172116,0.699591021986466,0.19882063981401832,0.03952964681605561,2.4298245614035245,1.929054179231077,3.721250026408884,-0.5,0
