true_params,bivpois_eta,bivpois_estimated_ha,bivpois_eta_bias,bivpois_eta_mse,lm_eta,lm_eta_bias,lm_eta_mse,team_strength_correlation,lambda3
0.32377017419658716,0.2475874931597179,0.2809314302192778,-0.04283874397730936,0.0018351579855534587,0.5000000000000036,0.1762298258034164,0.031056951502702487,-0.5,0.1
