true_params,bivpois_eta,bivpois_estimated_ha,bivpois_eta_bias,bivpois_eta_mse,lm_eta,lm_eta_bias,lm_eta_mse,team_strength_correlation,lambda3
0.35163497920342107,0.2859773396497587,0.33106229257280195,-0.02057268663061912,4.2323543520165466e-4,0.06725146198832442,-0.28438351721509664,0.08087398486362916,0,0.1
