method,true_params,bivpois_eta,bivpois_estimated_ha,bivpois_bias,bivpois_mse,pc_eta,pc_bias,pc_mse,lm_eta,lm_bias,lm_mse,team_strength_correlation,mu
bivpois,0.5,0.41555196468083105,0.47776028342788823,-0.022239716572111767,4.946049932078628e-4,0.5400947232633928,0.040094723263392806,0.0016075868335680523,0.7339181286549699,0.23391812865496986,0.05471769091344303,0,1
