true_params,bivpois_eta,bivpois_estimated_ha,bivpois_eta_bias,bivpois_eta_mse,lm_eta,lm_eta_bias,lm_eta_mse,team_strength_correlation,lambda3
0.0598079896481312,-0.010545937736297206,-0.010490524301543847,-0.07029851394967504,0.004941881063532656,-0.09649122807016768,-0.15629921771829888,0.024429445459352196,0,0.1
