method,true_params,bivpois_eta,bivpois_estimated_ha,bivpois_bias,bivpois_mse,pc_eta,pc_bias,pc_mse,lm_eta,lm_bias,lm_mse,team_strength_correlation,mu
bivpois,0.5,0.3969266261669995,0.361343048534412,-0.13865695146558799,0.019225750189730422,0.4259579277957132,-0.07404207220428682,0.005482228456304823,0.6988304093567227,0.1988304093567227,0.03953353168496192,0,1
