method,true_params,bivpois_eta,bivpois_estimated_ha,bivpois_bias,bivpois_mse,pc_eta,pc_bias,pc_mse,lm_eta,lm_bias,lm_mse,team_strength_correlation
bivnorm,0.6171837591100484,0.29091895483230507,0.3376561689883064,-0.279527590121742,0.0781356736392686,0.5051788431542978,-0.11200491595575057,0.012545101198254749,0.6578947368421164,0.040710977732068,0.0016573837079009366,0
