method,true_params,bivpois_eta,bivpois_estimated_ha,bivpois_bias,bivpois_mse,pc_eta,pc_bias,pc_mse,lm_eta,lm_bias,lm_mse,team_strength_correlation,mu
bivpois,0.5,0.3736129989094902,0.45989920114405525,-0.04010079885594475,0.00160807406888494,0.5553118793697674,0.05531187936976745,0.0030594039994157056,1.219298245614039,0.7192982456140391,0.5173899661434345,0,1
