method,true_params,bivpois_eta,bivpois_estimated_ha,bivpois_bias,bivpois_mse,pc_eta,pc_bias,pc_mse,lm_eta,lm_bias,lm_mse,team_strength_correlation,mu
bivpois,0,-0.032978528469896067,-0.032444494742644325,-0.032444494742644325,0.0010526452391054753,-0.03945302150319227,-0.03945302150319227,0.0015565409057313516,0.7105263157894867,0.7105263157894867,0.5048476454293813,-0.8,1
