method,true_params,bivpois_eta,bivpois_estimated_ha,bivpois_bias,bivpois_mse,pc_eta,pc_bias,pc_mse,lm_eta,lm_bias,lm_mse,team_strength_correlation
bivpois,0.10410074517130852,0.03357350773777392,0.03414345847857447,-0.06995728669273404,0.004894021961409384,0.0434167597781836,-0.06068398539312492,0.003682546083192998,-0.2105263157894721,-0.31462706096078064,0.09899018748881877,-0.5
