true_params,bivpois_eta,bivpois_estimated_ha,bivpois_eta_bias,bivpois_eta_mse,lm_eta,lm_eta_bias,lm_eta_mse,team_strength_correlation,lambda3
0.21835133806870397,0.21982958375336212,0.24586439696099505,0.02751305889229108,7.569684096106773e-4,-0.05263157894737804,-0.270982917016082,0.07343174131454479,0,0.1
