method,true_params,bivpois_eta,bivpois_estimated_ha,bivpois_bias,bivpois_mse,pc_eta,pc_bias,pc_mse,lm_eta,lm_bias,lm_mse,team_strength_correlation,mu
bivpois,0.5,0.40697513875933383,0.4858871668135767,-0.014112833186423313,1.991720605478112e-4,0.5525787253251594,0.05257872532515939,0.0027645223568185575,0.4999999999999889,-1.1102230246251565e-14,1.232595164407831e-28,0,1
