method,true_params,bivpois_eta,bivpois_estimated_ha,bivpois_bias,bivpois_mse,pc_eta,pc_bias,pc_mse,lm_eta,lm_bias,lm_mse,team_strength_correlation
bivnorm,0.4816484395414591,0.22295945370482356,0.2497698991694235,-0.2318785403720356,0.05376765748506574,0.37829105768676696,-0.10335738185469212,0.01068274838385664,0.8538011695906574,0.37215273004919835,0.1384976544830715,0
