method,true_params,bivpois_eta,bivpois_estimated_ha,bivpois_bias,bivpois_mse,pc_eta,pc_bias,pc_mse,lm_eta,lm_bias,lm_mse,team_strength_correlation
bivnorm,0.5106063457205892,0.16787884880913437,0.1827933051497035,-0.32781304057088567,0.10746138956832914,0.30451432309847903,-0.20609202262211013,0.042473921788472355,0.16374269005849096,-0.3468636556620982,0.12031439561927464,0
