method,true_params,bivpois_eta,bivpois_estimated_ha,bivpois_bias,bivpois_mse,pc_eta,pc_bias,pc_mse,lm_eta,lm_bias,lm_mse,team_strength_correlation
bivnorm,0.7611548991408199,0.3621271887572296,0.43638162193608765,-0.32477327720473226,0.10547768158630186,0.7381925948799236,-0.022962304260896294,5.272674169699761e-4,0.4005847953216329,-0.360570103819187,0.1300107997681793,0
