method,true_params,bivpois_eta,bivpois_estimated_ha,bivpois_bias,bivpois_mse,pc_eta,pc_bias,pc_mse,lm_eta,lm_bias,lm_mse,team_strength_correlation,mu
bivpois,0.5,0.4231381027349625,0.6034011854881265,0.10340118548812649,0.01069180516034994,0.6578127488699951,0.15781274886999508,0.024904863705904133,0.4912280701754482,-0.008771929824551827,7.694675284686186e-5,0,1
