true_params,bivpois_eta,bivpois_estimated_ha,bivpois_eta_bias,bivpois_eta_mse,lm_eta,lm_eta_bias,lm_eta_mse,team_strength_correlation,lambda3
0.013133091204041386,-0.010585526435475306,-0.010529696919109544,-0.02366278812315093,5.599275417611328e-4,0.4035087719298297,0.3903756807257883,0.1523931721021226,0,0.1
