method,true_params,bivpois_eta,bivpois_estimated_ha,bivpois_bias,bivpois_mse,pc_eta,pc_bias,pc_mse,lm_eta,lm_bias,lm_mse,team_strength_correlation,mu
bivpois,0.5,0.468763442689721,0.43648109896239706,-0.06351890103760294,0.004034650789024796,0.4658679600563543,-0.03413203994364572,0.001164996150714627,0.5380116959064424,0.03801169590644238,0.0014448890256838483,0,1
