method,true_params,bivpois_eta,bivpois_estimated_ha,bivpois_bias,bivpois_mse,pc_eta,pc_bias,pc_mse,lm_eta,lm_bias,lm_mse,team_strength_correlation,mu
bivpois,0.5,0.3712477517008394,0.5671441286697878,0.0671441286697878,0.004508334014825021,0.6268458741277884,0.12684587412778836,0.016089875783242728,0.6374269005848017,0.13742690058480167,0.01888615300434496,0,1
