true_params,bivpois_eta,bivpois_estimated_ha,bivpois_eta_bias,bivpois_eta_mse,lm_eta,lm_eta_bias,lm_eta_mse,team_strength_correlation,lambda3
0.2367798267889635,0.13458209895224882,0.14405858115771153,-0.09272124563125198,0.008597229391410964,-0.3859649122807024,-0.6227447390696659,0.38781101003894625,0,0.1
