method,true_params,bivpois_eta,bivpois_estimated_ha,bivpois_bias,bivpois_mse,pc_eta,pc_bias,pc_mse,lm_eta,lm_bias,lm_mse,team_strength_correlation,mu
bivpois,0.5,0.35649712302751757,0.37574990707776224,-0.12425009292223776,0.01543808559118472,0.42692100332236915,-0.07307899667763085,0.005340539755409181,1.3099415204678524,0.8099415204678524,0.6560052665777766,0,1
