method,true_params,bivpois_eta,bivpois_estimated_ha,bivpois_bias,bivpois_mse,pc_eta,pc_bias,pc_mse,lm_eta,lm_bias,lm_mse,team_strength_correlation
bivpois,0.3991632363758981,0.4428115077841267,0.5570788094439878,0.15791557306808968,0.024937328217423168,0.5777152286014152,0.1785519922255171,0.03188081392770112,0.8538011695906355,0.45463793321473733,0.20669565031776796,-0.5
