method,true_params,bivpois_eta,bivpois_estimated_ha,bivpois_bias,bivpois_mse,pc_eta,pc_bias,pc_mse,lm_eta,lm_bias,lm_mse,team_strength_correlation,mu
bivpois,0.5,0.4274798967780064,0.5275834285450519,0.027583428545051913,7.608455302999847e-4,0.5718527406883215,0.07185274068832148,0.0051628163444231694,0.2485380116959015,-0.2514619883040985,0.06323313156185056,0,1
