true_params,bivpois_eta,bivpois_estimated_ha,bivpois_eta_bias,bivpois_eta_mse,lm_eta,lm_eta_bias,lm_eta_mse,team_strength_correlation,lambda3
0.045524236797634,0.06696653293004584,0.06925969258685316,0.023735455789219158,5.633718615219772e-4,0.8362573099415197,0.7907330731438857,0.6252587929635738,0,0.1
