true_params,bivpois_eta,bivpois_estimated_ha,bivpois_eta_bias,bivpois_eta_mse,lm_eta,lm_eta_bias,lm_eta_mse,team_strength_correlation,lambda3
0.5140490896184431,0.5080013436603291,0.661966174035622,0.14791708441717888,0.021879463862478823,-0.011695906432749509,-0.5257449960511926,0.27640780087286854,0,0.1
