true_params,bivpois_eta,bivpois_estimated_ha,bivpois_eta_bias,bivpois_eta_mse,lm_eta,lm_eta_bias,lm_eta_mse,team_strength_correlation,lambda3
0.4544040982810773,0.3311408944499843,0.39255598189599916,-0.061848116385078145,0.0038251895003821716,0.3567251461988466,-0.09767895208223071,0.009541177679882723,0,0.1
