true_params,bivpois_eta,bivpois_estimated_ha,bivpois_eta_bias,bivpois_eta_mse,lm_eta,lm_eta_bias,lm_eta_mse,team_strength_correlation,lambda3
0.11155741124609658,0.15112356633900734,0.16314037420019156,0.05158296295409498,0.002660802067123535,-0.3713450292397675,-0.48290244048586406,0.2331947670272035,0,0.1
