method,true_params,bivpois_eta,bivpois_estimated_ha,bivpois_bias,bivpois_mse,pc_eta,pc_bias,pc_mse,lm_eta,lm_bias,lm_mse,team_strength_correlation,mu
bivpois,0.5,0.391873002921498,0.5708990958104161,0.07089909581041609,0.00502668178673456,0.6449893641484282,0.14498936414842822,0.021021915716165525,1.3421052631578876,0.8421052631578876,0.709141274238215,0,1
