true_params,bivpois_eta,bivpois_estimated_ha,bivpois_eta_bias,bivpois_eta_mse,lm_eta,lm_eta_bias,lm_eta_mse,team_strength_correlation,lambda3
0.3242311688358913,0.19835490826279148,0.21939509042650052,-0.1048360784093908,0.010990603336259935,1.2777777777777952,0.9535466089419039,0.9092511354246042,0,0.1
