method,true_params,bivpois_eta,bivpois_estimated_ha,bivpois_bias,bivpois_mse,pc_eta,pc_bias,pc_mse,lm_eta,lm_bias,lm_mse,team_strength_correlation,mu
bivpois,0.5,0.3353524429384153,0.4447222402664994,-0.055277759733500575,0.0030556307211546175,0.49716985126171304,-0.002830148738286964,8.009741880827293e-6,-0.10818713450294115,-0.6081871345029412,0.3698915905748986,0,1
