method,true_params,bivpois_eta,bivpois_estimated_ha,bivpois_bias,bivpois_mse,pc_eta,pc_bias,pc_mse,lm_eta,lm_bias,lm_mse,team_strength_correlation,mu
bivpois,0,-0.1341192020848175,-0.14192750904957319,-0.14192750904957319,0.02014341782501668,-0.16383422417199012,-0.16383422417199012,0.02684165301003791,0.23391812865496933,0.23391812865496933,0.054717690913442786,-0.8,1
