true_params,bivpois_eta,bivpois_estimated_ha,bivpois_eta_bias,bivpois_eta_mse,lm_eta,lm_eta_bias,lm_eta_mse,team_strength_correlation,lambda3
0.04655490140749754,-0.10682945672225803,-0.10132107642873067,-0.14787597783622822,0.02186730482102066,-0.4707602339181248,-0.5173151353256223,0.26761494923696694,-0.5,0
