true_params,bivpois_eta,bivpois_estimated_ha,bivpois_eta_bias,bivpois_eta_mse,lm_eta,lm_eta_bias,lm_eta_mse,team_strength_correlation,lambda3
0.20666940470731313,0.18103101158120194,0.19845234461912065,-0.00821706008819248,6.75200764929658e-5,0.2836257309941403,0.07695632628682716,0.005922276155564606,0,0.1
