method,true_params,bivpois_eta,bivpois_estimated_ha,bivpois_bias,bivpois_mse,pc_eta,pc_bias,pc_mse,lm_eta,lm_bias,lm_mse,team_strength_correlation,mu
bivpois,0.5,0.28901396484870445,0.37093420483359596,-0.12906579516640404,0.016657979481936164,0.43009603474225433,-0.06990396525774567,0.004886564358756114,0.7426900584795295,0.2426900584795295,0.05889846448479746,0,1
