method,true_params,bivpois_eta,bivpois_estimated_ha,bivpois_bias,bivpois_mse,pc_eta,pc_bias,pc_mse,lm_eta,lm_bias,lm_mse,team_strength_correlation
bivnorm,0.40118247270584106,0.18052716856601816,0.19784866486893726,-0.2033338078369038,0.041344637409454925,0.28985511547086945,-0.11132735723497161,0.012393780468922986,-0.21637426900585807,-0.6175567417116992,0.3813763292335703,0
