method,true_params,bivpois_eta,bivpois_estimated_ha,bivpois_bias,bivpois_mse,pc_eta,pc_bias,pc_mse,lm_eta,lm_bias,lm_mse,team_strength_correlation,mu
bivpois,0.5,0.40143515750861325,0.6065094990620508,0.10650949906205076,0.011344273390448991,0.6897928894686377,0.1897928894686377,0.03602134089285453,0.40058479532162594,-0.09941520467837406,0.009883382921243007,0,1
