method,true_params,bivpois_eta,bivpois_estimated_ha,bivpois_bias,bivpois_mse,pc_eta,pc_bias,pc_mse,lm_eta,lm_bias,lm_mse,team_strength_correlation,mu
bivpois,0.5,0.3573690576823279,0.5149885654394808,0.014988565439480794,2.246570939335981e-4,0.5755617559961139,0.07556175599611392,0.005709578969216258,2.307017543859649,1.807017543859649,3.265312403816558,0,1
