method,true_params,bivpois_eta,bivpois_estimated_ha,bivpois_bias,bivpois_mse,pc_eta,pc_bias,pc_mse,lm_eta,lm_bias,lm_mse,team_strength_correlation,mu
bivpois,0.5,0.3734093680116288,0.39634827404005246,-0.10365172595994754,0.010743680294476062,0.45842869996692914,-0.04157130003307086,0.0017281729864395971,0.32748538011697514,-0.17251461988302486,0.029761294073384556,0,1
