method,true_params,bivpois_eta,bivpois_estimated_ha,bivpois_bias,bivpois_mse,pc_eta,pc_bias,pc_mse,lm_eta,lm_bias,lm_mse,team_strength_correlation,mu
bivpois,0.5,0.5206726135335236,0.6831286805292333,0.18312868052923326,0.033536113632377976,0.7627751283807955,0.26277512838079553,0.06905076809554357,0.26315789473684587,-0.23684210526315413,0.05609418282548298,0,1
