true_params,bivpois_eta,bivpois_estimated_ha,bivpois_eta_bias,bivpois_eta_mse,lm_eta,lm_eta_bias,lm_eta_mse,team_strength_correlation,lambda3
0.26232041671930506,0.23262565345710035,0.26190899962574354,-4.114170935615169e-4,1.6926402487460594e-7,0.26900584795321786,0.0066854312339127975,4.469499078337679e-5,0,0.1
