method,true_params,bivpois_eta,bivpois_estimated_ha,bivpois_bias,bivpois_mse,pc_eta,pc_bias,pc_mse,lm_eta,lm_bias,lm_mse,team_strength_correlation,mu
bivpois,0.5,0.38347780068451226,0.5702943121615105,0.0702943121615105,0.004941290322259883,0.6316812596656703,0.13168125966567035,0.0173399541471377,1.35087719298245,0.8508771929824499,0.7239919975376933,0,1
