method,true_params,bivpois_eta,bivpois_estimated_ha,bivpois_bias,bivpois_mse,pc_eta,pc_bias,pc_mse,lm_eta,lm_bias,lm_mse,team_strength_correlation,mu
bivpois,0,-0.08340615369541106,-0.08218403833148114,-0.08218403833148114,0.0067542161564703605,-0.09366593003949923,-0.09366593003949923,0.008773306450164364,0.3274853801169645,0.3274853801169645,0.10724667419035272,-0.8,1
