true_params,bivpois_eta,bivpois_estimated_ha,bivpois_eta_bias,bivpois_eta_mse,lm_eta,lm_eta_bias,lm_eta_mse,team_strength_correlation,lambda3
0.3123041998670547,0.2665541181826965,0.3054582364510179,-0.0068459634160368266,4.686721509371461e-5,0.01461988304094505,-0.2976843168261097,0.08861595248422766,0,0.1
