true_params,bivpois_eta,bivpois_estimated_ha,bivpois_eta_bias,bivpois_eta_mse,lm_eta,lm_eta_bias,lm_eta_mse,team_strength_correlation,lambda3
0.1835167958450006,0.12049389328636638,0.12805385224289156,-0.055462943602109044,0.0030761381130107283,-0.09064327485378543,-0.274160070698786,0.07516374436556335,0,0.1
