method,true_params,bivpois_eta,bivpois_estimated_ha,bivpois_bias,bivpois_mse,pc_eta,pc_bias,pc_mse,lm_eta,lm_bias,lm_mse,team_strength_correlation,mu
bivpois,0.5,0.4179598694436271,0.5462550667700516,0.046255066770051645,0.0021395312019019358,0.6028693582266605,0.10286935822666055,0.010582104861965013,0.88596491228067,0.38596491228067,0.14896891351182528,0,1
