true_params,bivpois_eta,bivpois_estimated_ha,bivpois_eta_bias,bivpois_eta_mse,lm_eta,lm_eta_bias,lm_eta_mse,team_strength_correlation,lambda3
0.32378880248735087,0.3663961772610166,0.44252662571007284,0.11873782322272197,0.014098670663670373,1.5672514619882894,1.2434626595009384,1.5461993855731466,0,0.1
