method,true_params,bivpois_eta,bivpois_estimated_ha,bivpois_bias,bivpois_mse,pc_eta,pc_bias,pc_mse,lm_eta,lm_bias,lm_mse,team_strength_correlation,mu
bivpois,0.5,0.42008919060834204,0.5170644671821957,0.017064467182195675,2.911960402122332e-4,0.5490246480639406,0.04902464806394058,0.002403416117793233,-0.16959064327485637,-0.6695906432748564,0.448351629561236,0,1
