method,true_params,bivpois_eta,bivpois_estimated_ha,bivpois_bias,bivpois_mse,pc_eta,pc_bias,pc_mse,lm_eta,lm_bias,lm_mse,team_strength_correlation,mu
bivpois,0.5,0.27746795922664647,0.2670239767278575,-0.2329760232721425,0.054277827419701885,0.311984376761815,-0.188015623238185,0.035349874581643126,0.20760233918127746,-0.29239766081872254,0.08549639205226071,0,1
