true_params,bivpois_eta,bivpois_estimated_ha,bivpois_eta_bias,bivpois_eta_mse,lm_eta,lm_eta_bias,lm_eta_mse,team_strength_correlation,lambda3
0.21451907048566737,0.21562721491619344,0.24063980077279212,0.02612073028712475,6.822925507327162e-4,0.5409356725146175,0.3264166020289501,0.106547798080126,0,0.1
