method,true_params,bivpois_eta,bivpois_estimated_ha,bivpois_bias,bivpois_mse,pc_eta,pc_bias,pc_mse,lm_eta,lm_bias,lm_mse,team_strength_correlation,mu
bivpois,0.5,0.3718629850534293,0.5271898077416486,0.027189807741648586,7.392856450278134e-4,0.6068289242850877,0.10682892428508772,0.011412419063909005,-0.1198830409356894,-0.6198830409356894,0.38425498443967754,0,1
