method,true_params,bivpois_eta,bivpois_estimated_ha,bivpois_bias,bivpois_mse,pc_eta,pc_bias,pc_mse,lm_eta,lm_bias,lm_mse,team_strength_correlation,mu
bivpois,0.5,0.44968156774341755,0.5645933200015016,0.06459332000150164,0.004172296988816392,0.6202695403108358,0.12026954031083581,0.01446476232657976,1.143274853801162,0.6432748538011619,0.4138025375329062,0,1
