true_params,bivpois_eta,bivpois_estimated_ha,bivpois_eta_bias,bivpois_eta_mse,lm_eta,lm_eta_bias,lm_eta_mse,team_strength_correlation,lambda3
0.5772425268956581,0.5533436435758726,0.7390580978367474,0.16181557094108923,0.02618427899899068,0.6754385964912311,0.09819606959557292,0.0096424680840186,0,0.1
