method,true_params,bivpois_eta,bivpois_estimated_ha,bivpois_bias,bivpois_mse,pc_eta,pc_bias,pc_mse,lm_eta,lm_bias,lm_mse,team_strength_correlation,mu
bivpois,0.5,0.5125940943384691,0.5899258786694669,0.08992587866946689,0.00808666365447568,0.6852971732906654,0.18529717329066542,0.03433504242951089,0.4619883040935698,-0.03801169590643022,0.001444889025682924,0,1
