method,true_params,bivpois_eta,bivpois_estimated_ha,bivpois_bias,bivpois_mse,pc_eta,pc_bias,pc_mse,lm_eta,lm_bias,lm_mse,team_strength_correlation
bivnorm,0.4168836416210979,0.2993891054484247,0.34903443801213374,-0.06784920360896418,0.004603514430370678,0.5366237414413918,0.11974009982029388,0.014337691504973942,0.40643274853800876,-0.010450893083089163,1.0922116623416092e-4,0
