method,true_params,bivpois_eta,bivpois_estimated_ha,bivpois_bias,bivpois_mse,pc_eta,pc_bias,pc_mse,lm_eta,lm_bias,lm_mse,team_strength_correlation,mu
bivpois,0.5,0.4192182462812627,0.476758546393266,-0.02324145360673402,5.401651657539698e-4,0.5690463760859016,0.06904637608590158,0.004767402050595762,0.5350877192982466,0.03508771929824661,0.0012311480455525477,0,1
