method,true_params,bivpois_eta,bivpois_estimated_ha,bivpois_bias,bivpois_mse,pc_eta,pc_bias,pc_mse,lm_eta,lm_bias,lm_mse,team_strength_correlation,mu
bivpois,0.5,0.3656362244720519,0.39585189346323324,-0.10414810653676676,0.010846828095193719,0.4546475089935158,-0.0453524910064842,0.00205684844049323,1.0526315789473752,0.5526315789473752,0.305401662049869,0,1
