method,true_params,bivpois_eta,bivpois_estimated_ha,bivpois_bias,bivpois_mse,pc_eta,pc_bias,pc_mse,lm_eta,lm_bias,lm_mse,team_strength_correlation
bivpois,0.12954987934790552,0.029991726540312357,0.03044600856473756,-0.09910387078316796,0.00982157720420685,0.03249579110242655,-0.09705408824547897,0.009419496045161218,0.347953216374273,0.2184033370263675,0.04770001762425306,-0.5
