method,true_params,bivpois_eta,bivpois_estimated_ha,bivpois_bias,bivpois_mse,pc_eta,pc_bias,pc_mse,lm_eta,lm_bias,lm_mse,team_strength_correlation
bivnorm,0.41516046808101237,0.2356839108784786,0.2657741494880368,-0.14938631859297558,0.022316272182762,0.3996847207058485,-0.015475747375163884,2.3949875681989185e-4,0.7777777777777787,0.3626173096967663,0.13149131329172054,0
