method,true_params,bivpois_eta,bivpois_estimated_ha,bivpois_bias,bivpois_mse,pc_eta,pc_bias,pc_mse,lm_eta,lm_bias,lm_mse,team_strength_correlation,mu
bivpois,0.5,0.29852067368761503,0.34370561813560674,-0.15629438186439326,0.02442793380237278,0.39386513919057725,-0.10613486080942275,0.01126460867903554,-0.6578947368421021,-1.1578947368421022,1.3407202216066412,0,1
