method,true_params,bivpois_eta,bivpois_estimated_ha,bivpois_bias,bivpois_mse,pc_eta,pc_bias,pc_mse,lm_eta,lm_bias,lm_mse,team_strength_correlation
bivnorm,0.858473147964105,0.2884260804143878,0.3343257130735793,-0.5241474348905257,0.2747305335023179,0.5901726158421765,-0.2683005321219285,0.07198517553690999,0.39766081871345804,-0.46081232925064697,0.21234800278940666,0
