true_params,bivpois_eta,bivpois_estimated_ha,bivpois_eta_bias,bivpois_eta_mse,lm_eta,lm_eta_bias,lm_eta_mse,team_strength_correlation,lambda3
0.40498530071663175,0.40083640375682167,0.49307298738724104,0.08808768667060929,0.007759440542979438,-0.5175438596491247,-0.9225291603657565,0.8510600517251476,0,0.1
