method,true_params,bivpois_eta,bivpois_estimated_ha,bivpois_bias,bivpois_mse,pc_eta,pc_bias,pc_mse,lm_eta,lm_bias,lm_mse,team_strength_correlation,mu
bivpois,0.5,0.45539161078311813,0.6355920798401591,0.13559207984015909,0.018385212115380075,0.7008866143136775,0.2008866143136775,0.040355431810412214,0.4970760233918054,-0.0029239766081946006,8.5496392052692e-6,0,1
