method,true_params,bivpois_eta,bivpois_estimated_ha,bivpois_bias,bivpois_mse,pc_eta,pc_bias,pc_mse,lm_eta,lm_bias,lm_mse,team_strength_correlation
bivnorm,0.37160491081885993,0.1641196924344844,0.1783553468724901,-0.19324956394636983,0.03734539396546208,0.28770703791522734,-0.0838978729036326,0.007038853077754089,0.6257309941520349,0.254126083333175,0.0645800662302598,0
