method,true_params,bivpois_eta,bivpois_estimated_ha,bivpois_bias,bivpois_mse,pc_eta,pc_bias,pc_mse,lm_eta,lm_bias,lm_mse,team_strength_correlation,mu
bivpois,0,0.03973051260523499,0.040764884202688645,0.040764884202688645,0.0016617757840586141,0.04897873236633391,0.04897873236633391,0.002398916224212965,-0.44444444444442555,-0.44444444444442555,0.19753086419751406,-0.8,1
