method,true_params,bivpois_eta,bivpois_estimated_ha,bivpois_bias,bivpois_mse,pc_eta,pc_bias,pc_mse,lm_eta,lm_bias,lm_mse,team_strength_correlation,mu
bivpois,0,-0.04826297670870256,-0.06480265801816598,-0.06480265801816598,0.004199384486219372,-0.07091073247333592,-0.07091073247333592,0.005028331979905017,0.6900584795321695,0.6900584795321695,0.47618070517424954,-0.8,1.161834242728283
