method,true_params,bivpois_eta,bivpois_estimated_ha,bivpois_bias,bivpois_mse,pc_eta,pc_bias,pc_mse,lm_eta,lm_bias,lm_mse,team_strength_correlation,mu
bivpois,0,0.04409961666812003,0.05044121525494272,0.05044121525494272,0.002544316196395466,0.06093402213864802,0.06093402213864802,0.0037129550539932474,0.49122807017543313,0.49122807017543313,0.24130501692828024,-0.8,1.161834242728283
