method,true_params,bivpois_eta,bivpois_estimated_ha,bivpois_bias,bivpois_mse,pc_eta,pc_bias,pc_mse,lm_eta,lm_bias,lm_mse,team_strength_correlation,mu
bivpois,0,0.027919429683497216,0.03158838522967167,0.03158838522967167,9.978260814181392e-4,0.03518713556100501,0.03518713556100501,0.0012381345089885433,0.40350877192983403,0.40350877192983403,0.1628193290243228,-0.8,1.161834242728283
