method,true_params,bivpois_eta,bivpois_estimated_ha,bivpois_bias,bivpois_mse,pc_eta,pc_bias,pc_mse,lm_eta,lm_bias,lm_mse,team_strength_correlation,mu
bivpois,0,-0.0075395350537712765,-0.00822700111077368,-0.00822700111077368,6.768354727667136e-5,-0.006614506293753859,-0.006614506293753859,4.375169351010941e-5,-0.1549707602339224,-0.1549707602339224,0.024015936527479863,-0.8,1.161834242728283
