method,true_params,bivpois_eta,bivpois_estimated_ha,bivpois_bias,bivpois_mse,pc_eta,pc_bias,pc_mse,lm_eta,lm_bias,lm_mse,team_strength_correlation,mu
bivpois,0,-0.026732620603904376,-0.03266311552364032,-0.03266311552364032,0.0010668791157106732,-0.03716984036970757,-0.03716984036970757,0.0013815970331095427,-0.07017543859649357,-0.07017543859649357,0.004924592182210239,-0.8,1.161834242728283
