method,true_params,bivpois_eta,bivpois_estimated_ha,bivpois_bias,bivpois_mse,pc_eta,pc_bias,pc_mse,lm_eta,lm_bias,lm_mse,team_strength_correlation,mu
bivpois,0,0.07144924836134753,0.08366216772389001,0.08366216772389001,0.006999358308260304,0.09635972473803181,0.09635972473803181,0.00928519655158926,0.16959064327484638,0.16959064327484638,0.0287609862863762,-0.8,1.161834242728283
