true_params,bivpois_eta,bivpois_estimated_ha,bivpois_eta_bias,bivpois_eta_mse,lm_eta,lm_eta_bias,lm_eta_mse,team_strength_correlation,lambda3
0.48839193081088617,0.47181758053571027,0.6029049559917503,0.11451302518086415,0.013113232936073227,0.7339181286549727,0.24552619784408658,0.06028311382777354,0,0.1
