true_params,bivpois_eta,bivpois_estimated_ha,bivpois_eta_bias,bivpois_eta_mse,lm_eta,lm_eta_bias,lm_eta_mse,team_strength_correlation,lambda3
0.2506883201320596,0.20453085316175326,0.22694931052732836,-0.023739009604731243,5.635405770135222e-4,-0.18713450292397857,-0.43782282305603815,0.1916888243887589,-0.5,0
