method,true_params,bivpois_eta,bivpois_estimated_ha,bivpois_bias,bivpois_mse,pc_eta,pc_bias,pc_mse,lm_eta,lm_bias,lm_mse,team_strength_correlation,mu
bivpois,0,-0.015765474579759357,-0.017433415659208196,-0.017433415659208196,3.039239815467255e-4,-0.01662914622530638,-0.01662914622530638,2.765285041826214e-4,-0.3157894736842101,-0.3157894736842101,0.09972299168975043,-0.8,1.161834242728283
