method,true_params,bivpois_eta,bivpois_estimated_ha,bivpois_bias,bivpois_mse,pc_eta,pc_bias,pc_mse,lm_eta,lm_bias,lm_mse,team_strength_correlation,mu
bivpois,0,0.010469102493315858,0.013128356649922956,0.013128356649922956,1.7235374832757632e-4,0.016458835823773683,0.016458835823773683,2.708932766739359e-4,0.03801169590643327,0.03801169590643327,0.0014448890256831557,-0.8,1.161834242728283
