method,true_params,bivpois_eta,bivpois_estimated_ha,bivpois_bias,bivpois_mse,pc_eta,pc_bias,pc_mse,lm_eta,lm_bias,lm_mse,team_strength_correlation,mu
bivpois,0,0.0203950563505843,0.023647361056709615,0.023647361056709615,5.591976849463865e-4,0.028703724237301144,0.028703724237301144,0.00082390378509102915,-0.7514619883041141,-0.7514619883041141,0.5646951198659725,-0.8,1.161834242728283
