true_params,bivpois_eta,bivpois_estimated_ha,bivpois_eta_bias,bivpois_eta_mse,lm_eta,lm_eta_bias,lm_eta_mse,team_strength_correlation,lambda3
0.12142668879487262,0.1862416015596857,0.20471328582894288,0.08328659703407026,0.0069366572455156015,0.286549707602344,0.16512301880747138,0.027265611340092546,0,0.1
