method,true_params,bivpois_eta,bivpois_estimated_ha,bivpois_bias,bivpois_mse,pc_eta,pc_bias,pc_mse,lm_eta,lm_bias,lm_mse,team_strength_correlation
bivnorm,0.03982454794459045,0.02166248773869885,0.021898822876799118,-0.01792572506779133,3.2133161920604256e-4,0.042156208767764235,0.0023316608231737854,5.436642194323454e-6,0.9561403508771886,0.9163158029325982,0.8396346507040121,0
