method,true_params,bivpois_eta,bivpois_estimated_ha,bivpois_bias,bivpois_mse,pc_eta,pc_bias,pc_mse,lm_eta,lm_bias,lm_mse,team_strength_correlation,mu
bivpois,0,-0.014579140130849585,-0.01773311378624709,-0.01773311378624709,3.144633245559866e-4,-0.020988945328226195,-0.020988945328226195,4.405358259912682e-4,0.5789473684210531,0.5789473684210531,0.33518005540166257,-0.8,1.161834242728283
