method,true_params,bivpois_eta,bivpois_estimated_ha,bivpois_bias,bivpois_mse,pc_eta,pc_bias,pc_mse,lm_eta,lm_bias,lm_mse,team_strength_correlation,mu
bivpois,0,0.0016325364890111757,0.0019274350754594494,0.0019274350754594494,3.7150059701113732e-6,1.4655893796094364e-4,1.4655893796094364e-4,2.147952229623973e-8,-0.38888888888888906,-0.38888888888888906,0.1512345679012347,-0.8,1.161834242728283
