true_params,bivpois_eta,bivpois_estimated_ha,bivpois_eta_bias,bivpois_eta_mse,lm_eta,lm_eta_bias,lm_eta_mse,team_strength_correlation,lambda3
0.1738317662889956,0.044493067772840976,0.045497729057582426,-0.12833403723141318,0.016469625112113744,0.6666666666666704,0.4928349003776748,0.24288623903027265,0,0.1
