method,true_params,bivpois_eta,bivpois_estimated_ha,bivpois_bias,bivpois_mse,pc_eta,pc_bias,pc_mse,lm_eta,lm_bias,lm_mse,team_strength_correlation
bivnorm,0.7300536446273327,0.32169545741066086,0.37946460625761835,-0.35058903836971433,0.12291267382500103,0.6643499420940513,-0.0657037025332814,0.0043169765265819275,0.4298245614035126,-0.3002290832238201,0.09013750241341549,0
