method,true_params,bivpois_eta,bivpois_estimated_ha,bivpois_bias,bivpois_mse,pc_eta,pc_bias,pc_mse,lm_eta,lm_bias,lm_mse,team_strength_correlation,mu
bivpois,0,-0.08011496548504571,-0.09318663879430789,-0.09318663879430789,0.008683749649780807,-0.098415309255005,-0.098415309255005,0.009685573095758272,0.10818713450293413,0.10818713450293413,0.01170445607195596,-0.8,1.161834242728283
