method,true_params,bivpois_eta,bivpois_estimated_ha,bivpois_bias,bivpois_mse,pc_eta,pc_bias,pc_mse,lm_eta,lm_bias,lm_mse,team_strength_correlation,mu
bivpois,0,0.004603586966523762,0.004988985260870216,0.004988985260870216,2.4889973933180254e-5,0.007427419885427032,0.007427419885427032,5.516656615443691e-5,0.3274853801169625,0.3274853801169625,0.10724667419035142,-0.8,1.161834242728283
