method,true_params,bivpois_eta,bivpois_estimated_ha,bivpois_bias,bivpois_mse,pc_eta,pc_bias,pc_mse,lm_eta,lm_bias,lm_mse,team_strength_correlation,mu
bivpois,0,0.11180859180237492,0.130242263722113,0.130242263722113,0.016963047259460434,0.14053601429111373,0.14053601429111373,0.019750371312832124,0.008771929824555507,0.008771929824555507,7.69467528469264e-5,-0.8,1.161834242728283
