method,true_params,bivpois_eta,bivpois_estimated_ha,bivpois_bias,bivpois_mse,pc_eta,pc_bias,pc_mse,lm_eta,lm_bias,lm_mse,team_strength_correlation,mu
bivpois,0,0.1566369696126804,0.1883067573922217,0.1883067573922217,0.03545943487957304,0.21113716059063045,0.21113716059063045,0.04457890058227367,-0.06725146198830503,-0.06725146198830503,0.004522759139564437,-0.8,1.161834242728283
