method,true_params,bivpois_eta,bivpois_estimated_ha,bivpois_bias,bivpois_mse,pc_eta,pc_bias,pc_mse,lm_eta,lm_bias,lm_mse,team_strength_correlation
bivnorm,0.7532234026584774,0.2687807458314061,0.3083682444043321,-0.44485515825414534,0.1978961118253207,0.4931988873044999,-0.2600245153539775,0.0676127485850709,0.39766081871344866,-0.35556258394502877,0.12642475110166562,0
