method,true_params,bivpois_eta,bivpois_estimated_ha,bivpois_bias,bivpois_mse,pc_eta,pc_bias,pc_mse,lm_eta,lm_bias,lm_mse,team_strength_correlation,mu
bivpois,0,0.15002117632770456,0.17464518469084345,0.17464518469084345,0.03050094053569882,0.21020512989750936,0.21020512989750936,0.04418619663522878,0.3187134502924132,0.3187134502924132,0.10157826339729455,-0.8,1.161834242728283
