true_params,bivpois_eta,bivpois_estimated_ha,bivpois_eta_bias,bivpois_eta_mse,lm_eta,lm_eta_bias,lm_eta_mse,team_strength_correlation,lambda3
0.030094851569613487,0.10040634924868136,0.10562009470298395,0.07552524313337046,0.005704062350354722,-0.2865497076023401,-0.3166445591719536,0.10026377685320083,0,0.1
