method,true_params,bivpois_eta,bivpois_estimated_ha,bivpois_bias,bivpois_mse,pc_eta,pc_bias,pc_mse,lm_eta,lm_bias,lm_mse,team_strength_correlation,mu
bivpois,0,0.049757385876275165,0.053450156056894516,0.053450156056894516,0.0028569191825063775,0.06177856564926259,0.06177856564926259,0.0038165911736802475,0.37719298245614546,0.37719298245614546,0.14227454601416206,-0.8,1.161834242728283
