method,true_params,bivpois_eta,bivpois_estimated_ha,bivpois_bias,bivpois_mse,pc_eta,pc_bias,pc_mse,lm_eta,lm_bias,lm_mse,team_strength_correlation
bivnorm,0.5565088570583612,0.21274994075929796,0.23707527046062826,-0.3194335865977329,0.10203781624669132,0.4077585723888763,-0.14875028466948487,0.022126647189252783,0.32163742690058506,-0.23487143015777612,0.055164588704359106,0
