method,true_params,bivpois_eta,bivpois_estimated_ha,bivpois_bias,bivpois_mse,pc_eta,pc_bias,pc_mse,lm_eta,lm_bias,lm_mse,team_strength_correlation,mu
bivpois,0,0.13857834008471115,0.15847971063269273,0.15847971063269273,0.02511581868222202,0.19306144787591042,0.19306144787591042,0.03727272265594288,0.008771929824565962,0.008771929824565962,7.694675284710983e-5,-0.8,1.161834242728283
