method,true_params,bivpois_eta,bivpois_estimated_ha,bivpois_bias,bivpois_mse,pc_eta,pc_bias,pc_mse,lm_eta,lm_bias,lm_mse,team_strength_correlation,mu
bivpois,0,-0.020094705303460362,-0.022207170713940627,-0.022207170713940627,4.931584311181023e-4,-0.025040768400836595,-0.025040768400836595,6.270400821043365e-4,-0.4152046783625587,-0.4152046783625587,0.1723949249341558,-0.8,1.161834242728283
