true_params,bivpois_eta,bivpois_estimated_ha,bivpois_eta_bias,bivpois_eta_mse,lm_eta,lm_eta_bias,lm_eta_mse,team_strength_correlation,lambda3
0.43953097653516865,0.4042417207057013,0.49816604094624384,0.05863506441107519,0.0034380707784909363,0.7777777777777901,0.33824680124262146,0.11441089855086548,0,0.1
