method,true_params,bivpois_eta,bivpois_estimated_ha,bivpois_bias,bivpois_mse,pc_eta,pc_bias,pc_mse,lm_eta,lm_bias,lm_mse,team_strength_correlation
bivnorm,0.6592511190101504,0.3305652633849582,0.3917546140812642,-0.2674965049288862,0.07155438014916965,0.5774513031110897,-0.08179981589906071,0.0066912098811202254,0.5789473684210519,-0.08030375058909855,0.006448692358676147,0
