method,true_params,bivpois_eta,bivpois_estimated_ha,bivpois_bias,bivpois_mse,pc_eta,pc_bias,pc_mse,lm_eta,lm_bias,lm_mse,team_strength_correlation,mu
bivpois,0,-0.08898373062160592,-0.099524581132721,-0.099524581132721,0.009905142249643565,-0.11136438957847736,-0.11136438957847736,0.012402027266186876,0.2923976608187262,0.2923976608187262,0.08549639205226285,-0.8,1.161834242728283
