method,true_params,bivpois_eta,bivpois_estimated_ha,bivpois_bias,bivpois_mse,pc_eta,pc_bias,pc_mse,lm_eta,lm_bias,lm_mse,team_strength_correlation,mu
bivpois,0,-0.0821400199675998,-0.09317738126770103,-0.09317738126770103,0.008682024379906523,-0.11255353249185707,-0.11255353249185707,0.012668297676395525,-0.7105263157894778,-0.7105263157894778,0.5048476454293687,-0.8,1.161834242728283
