method,true_params,bivpois_eta,bivpois_estimated_ha,bivpois_bias,bivpois_mse,pc_eta,pc_bias,pc_mse,lm_eta,lm_bias,lm_mse,team_strength_correlation
bivpois,0.1388916913419962,0.20088079657215782,0.22247903944563308,0.08358734810363688,0.006986844762998569,0.24893628153869202,0.11004459019669582,0.012109811831558723,0.33333333333333937,0.19444164199134317,0.03780755214028967,-0.5
