method,true_params,bivpois_eta,bivpois_estimated_ha,bivpois_bias,bivpois_mse,pc_eta,pc_bias,pc_mse,lm_eta,lm_bias,lm_mse,team_strength_correlation,mu
bivpois,0,0.1082077785976436,0.1332774978141309,0.1332774978141309,0.017762891423595665,0.14698674657137847,0.14698674657137847,0.021605103667638643,0.16959064327484888,0.16959064327484888,0.028760986286377046,-0.8,1.161834242728283
