true_params,bivpois_eta,bivpois_estimated_ha,bivpois_eta_bias,bivpois_eta_mse,lm_eta,lm_eta_bias,lm_eta_mse,team_strength_correlation,lambda3
0.07768002445091193,-0.006004680427507848,-0.005986688364199355,-0.08366671281511129,0.007000118833286308,-0.16081871345028798,-0.2384987379011999,0.05688164798046525,0,0.1
