method,true_params,bivpois_eta,bivpois_estimated_ha,bivpois_bias,bivpois_mse,pc_eta,pc_bias,pc_mse,lm_eta,lm_bias,lm_mse,team_strength_correlation
bivnorm,0.8236770434305072,0.3357290673205431,0.39895994949373437,-0.4247170939367728,0.1803846098820975,0.5951516989355272,-0.22852534449497997,0.05222383307654927,0.17251461988304176,-0.6511624235474655,0.4240125018402088,0
