method,true_params,bivpois_eta,bivpois_estimated_ha,bivpois_bias,bivpois_mse,pc_eta,pc_bias,pc_mse,lm_eta,lm_bias,lm_mse,team_strength_correlation,mu
bivpois,0,-0.004562177299360194,-0.006069109706428044,-0.006069109706428044,3.68340926286591e-5,-0.004015400047387496,-0.004015400047387496,1.612343754055951e-5,-0.43859649122807287,-0.43859649122807287,0.192366882117577,-0.8,1.161834242728283
