true_params,bivpois_eta,bivpois_estimated_ha,bivpois_eta_bias,bivpois_eta_mse,lm_eta,lm_eta_bias,lm_eta_mse,team_strength_correlation,lambda3
0.28598270647495616,0.2752014507377265,0.3167959176590942,0.030813211184138045,9.494539834782899e-4,0.35087719298246106,0.0648944865075049,0.004211294379072736,0,0.1
