method,true_params,bivpois_eta,bivpois_estimated_ha,bivpois_bias,bivpois_mse,pc_eta,pc_bias,pc_mse,lm_eta,lm_bias,lm_mse,team_strength_correlation,mu
bivpois,0,0.11902463753273518,0.12116373495801713,0.12116373495801713,0.014680650668976622,0.13917272051447127,0.13917272051447127,0.019369046135399134,-0.6578947368421001,-0.6578947368421001,0.43282548476453614,-0.8,1.161834242728283
