method,true_params,bivpois_eta,bivpois_estimated_ha,bivpois_bias,bivpois_mse,pc_eta,pc_bias,pc_mse,lm_eta,lm_bias,lm_mse,team_strength_correlation,mu
bivpois,0,-0.07528563831229766,-0.09289549727975821,-0.09289549727975821,0.008629573414853564,-0.10504199205851864,-0.10504199205851864,0.011033820095621892,-0.16374269005847028,-0.16374269005847028,0.026811668547584263,-0.8,1.161834242728283
