method,true_params,bivpois_eta,bivpois_estimated_ha,bivpois_bias,bivpois_mse,pc_eta,pc_bias,pc_mse,lm_eta,lm_bias,lm_mse,team_strength_correlation,mu
bivpois,0,0.09329645316365925,0.0941802916350486,0.0941802916350486,0.008869927332462805,0.10831880192942094,0.10831880192942094,0.011732962851425124,-0.06432748538011517,-0.06432748538011517,0.00413802537532893,-0.8,1
