method,true_params,bivpois_eta,bivpois_estimated_ha,bivpois_bias,bivpois_mse,pc_eta,pc_bias,pc_mse,lm_eta,lm_bias,lm_mse,team_strength_correlation,mu
bivpois,0,0.14277319050743514,0.16544275402207242,0.16544275402207242,0.027371304858407962,0.18940502398146547,0.18940502398146547,0.03587426310941951,-0.15789473684209282,-0.15789473684209282,0.024930747922433744,-0.8,1.161834242728283
