method,true_params,bivpois_eta,bivpois_estimated_ha,bivpois_bias,bivpois_mse,pc_eta,pc_bias,pc_mse,lm_eta,lm_bias,lm_mse,team_strength_correlation,mu
bivpois,0,0.0015609212193992787,0.0017897609417989457,0.0017897609417989457,3.2032442287890493e-6,0.002359571853566075,0.002359571853566075,5.567579332141243e-6,0.04970760233918847,0.04970760233918847,0.0024708457303108953,-0.8,1.161834242728283
