method,true_params,bivpois_eta,bivpois_estimated_ha,bivpois_bias,bivpois_mse,pc_eta,pc_bias,pc_mse,lm_eta,lm_bias,lm_mse,team_strength_correlation,mu
bivpois,0,0.011270532072491804,0.011979544536276698,0.011979544536276698,1.435094872966369e-4,0.01658213027293236,0.01658213027293236,2.7496704438849986e-4,-0.12865497076023608,-0.12865497076023608,0.0165521015013172,-0.8,1.161834242728283
