method,true_params,bivpois_eta,bivpois_estimated_ha,bivpois_bias,bivpois_mse,pc_eta,pc_bias,pc_mse,lm_eta,lm_bias,lm_mse,team_strength_correlation
bivnorm,0.6345661911182106,0.2164047442070439,0.2416048096700132,-0.39296138144819737,0.15441864730967567,0.39407437427698455,-0.240491816841226,0.0578363139675938,-0.16081871345030038,-0.795384904568511,0.6326371464154593,0
