true_params,bivpois_eta,bivpois_estimated_ha,bivpois_eta_bias,bivpois_eta_mse,lm_eta,lm_eta_bias,lm_eta_mse,team_strength_correlation,lambda3
0.48033052817869903,0.46526368954446773,0.5924340417363254,0.11210351355762638,0.012567197751964921,0.7719298245614178,0.29159929638271875,0.08503014965089666,0,0.1
