method,true_params,bivpois_eta,bivpois_estimated_ha,bivpois_bias,bivpois_mse,pc_eta,pc_bias,pc_mse,lm_eta,lm_bias,lm_mse,team_strength_correlation,mu
bivpois,0,-0.09261551366111101,-0.11044842467817229,-0.11044842467817229,0.012198854513889896,-0.1255829216659795,-0.1255829216659795,0.015771070214163546,-0.24853801169592196,-0.24853801169592196,0.06177114325776224,-0.8,1.161834242728283
