method,true_params,bivpois_eta,bivpois_estimated_ha,bivpois_bias,bivpois_mse,pc_eta,pc_bias,pc_mse,lm_eta,lm_bias,lm_mse,team_strength_correlation,mu
bivpois,0,0.06239519438535742,0.06948066695592559,0.06948066695592559,0.00482756308064025,0.0775668146399502,0.0775668146399502,0.006016610733388393,-0.4736842105263004,-0.4736842105263004,0.22437673130192445,-0.8,1.161834242728283
