true_params,bivpois_eta,bivpois_estimated_ha,bivpois_eta_bias,bivpois_eta_mse,lm_eta,lm_eta_bias,lm_eta_mse,team_strength_correlation,lambda3
0.5969944597549668,0.6329028217449403,0.8830688664669555,0.2860744067119887,0.08183856617561633,1.5350877192982635,0.9380932595432967,0.880018963600567,0,0.1
