true_params,bivpois_eta,bivpois_estimated_ha,bivpois_eta_bias,bivpois_eta_mse,lm_eta,lm_eta_bias,lm_eta_mse,team_strength_correlation,lambda3
0.6264828390738137,0.6285324222391775,0.8748570607302191,0.24837422165640533,0.06168975398342516,-0.44444444444444414,-1.070927283518258,1.1468852465837953,0,0.1
