true_params,bivpois_eta,bivpois_estimated_ha,bivpois_eta_bias,bivpois_eta_mse,lm_eta,lm_eta_bias,lm_eta_mse,team_strength_correlation,lambda3
0.5981622752705655,0.5597013194328802,0.7501496865219155,0.15198741125134996,0.02310017317888698,1.1023391812865433,0.5041769060159778,0.2541943525598441,0,0.1
