method,true_params,bivpois_eta,bivpois_estimated_ha,bivpois_bias,bivpois_mse,pc_eta,pc_bias,pc_mse,lm_eta,lm_bias,lm_mse,team_strength_correlation,mu
bivpois,0,0.07573068961510443,0.091142333565299,0.091142333565299,0.008306924967728228,0.11030144185574182,0.11030144185574182,0.012166408075455595,-0.5643274853801074,-0.5643274853801074,0.3184655107554353,-0.8,1.161834242728283
