true_params,bivpois_eta,bivpois_estimated_ha,bivpois_eta_bias,bivpois_eta_mse,lm_eta,lm_eta_bias,lm_eta_mse,team_strength_correlation,lambda3
0.2642630319203782,0.27339236754654095,0.31441587779240665,0.05015284587202845,0.002515307949063441,0.13157894736843925,-0.13268408455193895,0.017605066293386082,-0.5,0
