true_params,bivpois_eta,bivpois_estimated_ha,bivpois_eta_bias,bivpois_eta_mse,lm_eta,lm_eta_bias,lm_eta_mse,team_strength_correlation,lambda3
0.28252467844040613,0.19038317864101534,0.2097130450606326,-0.07281163337977353,0.005301533955430551,0.505847953216373,0.22332327477596686,0.049873285056662,0,0.1
