true_params,bivpois_eta,bivpois_estimated_ha,bivpois_eta_bias,bivpois_eta_mse,lm_eta,lm_eta_bias,lm_eta_mse,team_strength_correlation,lambda3
0.22274503235308535,0.2538465664951057,0.288974017293427,0.06622898494034163,0.0043862784462279985,-0.02046783625731835,-0.2432128686104037,0.05915249945770149,0,0.1
