method,true_params,bivpois_eta,bivpois_estimated_ha,bivpois_bias,bivpois_mse,pc_eta,pc_bias,pc_mse,lm_eta,lm_bias,lm_mse,team_strength_correlation,mu
bivpois,0,0.004524021317370328,0.005095326497457364,0.005095326497457364,2.596235211569113e-5,0.01206916108083433,0.01206916108083433,1.4566464919512612e-4,0.7631578947368458,0.7631578947368458,0.5824099722991747,-0.8,1.161834242728283
