true_params,bivpois_eta,bivpois_estimated_ha,bivpois_eta_bias,bivpois_eta_mse,lm_eta,lm_eta_bias,lm_eta_mse,team_strength_correlation,lambda3
0.40404860191978537,0.38724889092121006,0.4729230428285671,0.06887444090878175,0.004743688610497269,-0.26608187134503375,-0.6701304732648191,0.44907485119813045,0,0.1
