true_params,bivpois_eta,bivpois_estimated_ha,bivpois_eta_bias,bivpois_eta_mse,lm_eta,lm_eta_bias,lm_eta_mse,team_strength_correlation,lambda3
0.26928943076593775,0.22725649050731697,0.2551517611692178,-0.01413766959671997,1.998737016260202e-4,-0.35964912280702155,-0.6289385535729592,0.3955637041704461,0,0.1
