method,true_params,bivpois_eta,bivpois_estimated_ha,bivpois_bias,bivpois_mse,pc_eta,pc_bias,pc_mse,lm_eta,lm_bias,lm_mse,team_strength_correlation,mu
bivpois,0,0.041708799343348424,0.048012800693332025,0.048012800693332025,0.0023052290304176244,0.05757833798052258,0.05757833798052258,0.0033152650045992892,0.32163742690056824,0.32163742690056824,0.10345063438321837,-0.8,1.161834242728283
