method,true_params,bivpois_eta,bivpois_estimated_ha,bivpois_bias,bivpois_mse,pc_eta,pc_bias,pc_mse,lm_eta,lm_bias,lm_mse,team_strength_correlation,mu
bivpois,0,0.034328928210992975,0.038068135227814714,0.038068135227814714,0.0014491829197231876,0.0425767494560902,0.0425767494560902,0.0018127795942466769,-1.2163742690058459,-1.2163742690058459,1.4795663622995059,-0.8,1.161834242728283
