method,true_params,bivpois_eta,bivpois_estimated_ha,bivpois_bias,bivpois_mse,pc_eta,pc_bias,pc_mse,lm_eta,lm_bias,lm_mse,team_strength_correlation
bivnorm,0.8230005465447903,0.3347431270097921,0.39758133821229635,-0.4254192083324939,0.18098150281824585,0.6711341403984737,-0.15186640614631652,0.023063405315797966,0.5906432748538138,-0.23235727169097642,0.05398990170767423,0
