true_params,bivpois_eta,bivpois_estimated_ha,bivpois_eta_bias,bivpois_eta_mse,lm_eta,lm_eta_bias,lm_eta_mse,team_strength_correlation,lambda3
0.5116222431128077,0.3603710010824326,0.43386127997984714,-0.07776096313296055,0.00604676738736565,1.2163742690058468,0.7047520258930391,0.4966754180003428,0,0.1
