true_params,bivpois_eta,bivpois_estimated_ha,bivpois_eta_bias,bivpois_eta_mse,lm_eta,lm_eta_bias,lm_eta_mse,team_strength_correlation,lambda3
0.27128143247448366,0.19952547235730514,0.2208233062823992,-0.05045812619208445,0.0025460224988163188,0.4970760233918088,0.22579459091732512,0.0509831972875222,0,0.1
