true_params,bivpois_eta,bivpois_estimated_ha,bivpois_eta_bias,bivpois_eta_mse,lm_eta,lm_eta_bias,lm_eta_mse,team_strength_correlation,lambda3
0.2974082913997889,0.2519718633834654,0.2865598373347791,-0.010848454065009838,1.1768895560062848e-4,0.05263157894736932,-0.2447767124524196,0.059915638959014514,0,0.1
