method,true_params,bivpois_eta,bivpois_estimated_ha,bivpois_bias,bivpois_mse,pc_eta,pc_bias,pc_mse,lm_eta,lm_bias,lm_mse,team_strength_correlation,mu
bivpois,0,-0.026085134766659124,-0.03212288702944455,-0.03212288702944455,0.0010318798711064568,-0.037001169250950317,-0.037001169250950317,0.0013690865259374711,0.20760233918128115,0.20760233918128115,0.0430987312335397,-0.8,1.161834242728283
