method,true_params,bivpois_eta,bivpois_estimated_ha,bivpois_bias,bivpois_mse,pc_eta,pc_bias,pc_mse,lm_eta,lm_bias,lm_mse,team_strength_correlation,mu
bivpois,0,-0.003392764531010897,-0.0044323192695505664,-0.0044323192695505664,1.9645454107229266e-5,-0.007001623203188036,-0.007001623203188036,4.90227274794211e-5,-0.21637426900584167,-0.21637426900584167,0.04681782428781234,-0.8,1.161834242728283
