method,true_params,bivpois_eta,bivpois_estimated_ha,bivpois_bias,bivpois_mse,pc_eta,pc_bias,pc_mse,lm_eta,lm_bias,lm_mse,team_strength_correlation,mu
bivpois,0,0.0187494692428362,0.020741701062010787,0.020741701062010787,4.302181629458194e-4,0.024219279519112836,0.024219279519112836,5.865735004249185e-4,-0.08479532163741396,-0.08479532163741396,0.007190246571592484,-0.8,1.161834242728283
