method,true_params,bivpois_eta,bivpois_estimated_ha,bivpois_bias,bivpois_mse,pc_eta,pc_bias,pc_mse,lm_eta,lm_bias,lm_mse,team_strength_correlation
bivnorm,0.6498777708038688,0.1639413547123839,0.1781452204013989,-0.47173255040246986,0.22253159910921877,0.32429855809706787,-0.3255792127068009,0.1060018237467803,0.9181286549707526,0.2682508841668838,0.07195853685631491,0
