method,true_params,bivpois_eta,bivpois_estimated_ha,bivpois_bias,bivpois_mse,pc_eta,pc_bias,pc_mse,lm_eta,lm_bias,lm_mse,team_strength_correlation,mu
bivpois,0,0.013858843986917325,0.015817242635951745,0.015817242635951745,2.501851646045697e-4,0.013815002852762638,0.013815002852762638,1.9085430382183982e-4,-0.5175438596491198,-0.5175438596491198,0.26785164666050776,-0.8,1.161834242728283
