method,true_params,bivpois_eta,bivpois_estimated_ha,bivpois_bias,bivpois_mse,pc_eta,pc_bias,pc_mse,lm_eta,lm_bias,lm_mse,team_strength_correlation,mu
bivpois,0,0.07721574517577236,0.09109353084946714,0.09109353084946714,0.008298031362622822,0.09511021280596868,0.09511021280596868,0.0090459525799966491,-0.27485380116959707,-0.27485380116959707,0.0755446120173764,-0.8,1.161834242728283
