method,true_params,bivpois_eta,bivpois_estimated_ha,bivpois_bias,bivpois_mse,pc_eta,pc_bias,pc_mse,lm_eta,lm_bias,lm_mse,team_strength_correlation,mu
bivpois,0,-0.15146618862358727,-0.16867470618543967,-0.16867470618543967,0.0284511565067444,-0.19203708582100443,-0.19203708582100443,0.03687824233062382,0.046783625731005064,0.046783625731005064,0.002188707636538759,-0.8,1.161834242728283
